date,source,market,code,name,shares,share_unit,close,industry,source_file
2024-01-02,akshare_fund_etf_scale_sse,SH,510010,治理ETF,162524400.0,份,,,akshare:20240102
2024-01-02,akshare_fund_etf_scale_sse,SH,510020,超大ETF,40548000.0,份,,,akshare:20240102
2024-01-02,akshare_fund_etf_scale_sse,SH,510030,价值ETF,201729800.0,份,,,akshare:20240102
2024-01-02,akshare_fund_etf_scale_sse,SH,510050,50ETF,33765966800.0,份,,,akshare:20240102
2024-01-02,akshare_fund_etf_scale_sse,SH,510060,央企ETF,57959200.0,份,,,akshare:20240102
2024-01-02,akshare_fund_etf_scale_sse,SH,510090,ESG建信,31581100.0,份,,,akshare:20240102
2024-01-02,akshare_fund_etf_scale_sse,SH,510100,SZ50ETF,5238019900.0,份,,,akshare:20240102
2024-01-02,akshare_fund_etf_scale_sse,SH,510130,中盘ETF,42685100.0,份,,,akshare:20240102
2024-01-02,akshare_fund_etf_scale_sse,SH,510150,消费ETF,2177178600.0,份,,,akshare:20240102
2024-01-02,akshare_fund_etf_scale_sse,SH,510160,产业升级,346057400.0,份,,,akshare:20240102
2024-01-02,akshare_fund_etf_scale_sse,SH,510170,商品ETF,224914800.0,份,,,akshare:20240102
2024-01-02,akshare_fund_etf_scale_sse,SH,510180,180ETF,5923057700.0,份,,,akshare:20240102
2024-01-02,akshare_fund_etf_scale_sse,SH,510190,上证50基,36150800.0,份,,,akshare:20240102
2024-01-02,akshare_fund_etf_scale_sse,SH,510200,上证券商,64885500.0,份,,,akshare:20240102
2024-01-02,akshare_fund_etf_scale_sse,SH,510210,综指ETF,9500192600.0,份,,,akshare:20240102
2024-01-02,akshare_fund_etf_scale_sse,SH,510230,金融ETF,3436808000.0,份,,,akshare:20240102
2024-01-02,akshare_fund_etf_scale_sse,SH,510270,国企ETF,15832100.0,份,,,akshare:20240102
2024-01-02,akshare_fund_etf_scale_sse,SH,510290,380ETF,92448900.0,份,,,akshare:20240102
2024-01-02,akshare_fund_etf_scale_sse,SH,510300,300ETF,37462087700.0,份,,,akshare:20240102
2024-01-02,akshare_fund_etf_scale_sse,SH,510310,HS300ETF,28244307400.000004,份,,,akshare:20240102
2024-01-02,akshare_fund_etf_scale_sse,SH,510330,华夏300,10722849800.0,份,,,akshare:20240102
2024-01-02,akshare_fund_etf_scale_sse,SH,510350,工银300,634614700.0,份,,,akshare:20240102
2024-01-02,akshare_fund_etf_scale_sse,SH,510360,广发300,1919381200.0,份,,,akshare:20240102
2024-01-02,akshare_fund_etf_scale_sse,SH,510370,兴业300,69258100.0,份,,,akshare:20240102
2024-01-02,akshare_fund_etf_scale_sse,SH,510380,国寿300,1359802400.0,份,,,akshare:20240102
2024-01-02,akshare_fund_etf_scale_sse,SH,510390,平安300,163550000.0,份,,,akshare:20240102
2024-01-02,akshare_fund_etf_scale_sse,SH,510410,资源ETF,323258400.0,份,,,akshare:20240102
2024-01-02,akshare_fund_etf_scale_sse,SH,510500,500ETF,8300968600.0,份,,,akshare:20240102
2024-01-02,akshare_fund_etf_scale_sse,SH,510510,广发500,1757038299.9999998,份,,,akshare:20240102
2024-01-02,akshare_fund_etf_scale_sse,SH,510530,工银500,42479399.99999999,份,,,akshare:20240102
2024-01-02,akshare_fund_etf_scale_sse,SH,510550,方正500,13743300.0,份,,,akshare:20240102
2024-01-02,akshare_fund_etf_scale_sse,SH,510560,国寿500,140318700.0,份,,,akshare:20240102
2024-01-02,akshare_fund_etf_scale_sse,SH,510570,兴业500,28060600.0,份,,,akshare:20240102
2024-01-02,akshare_fund_etf_scale_sse,SH,510580,ZZ500ETF,3550965200.0,份,,,akshare:20240102
2024-01-02,akshare_fund_etf_scale_sse,SH,510590,平安500,220386100.0,份,,,akshare:20240102
2024-01-02,akshare_fund_etf_scale_sse,SH,510600,沪50ETF,16015100.0,份,,,akshare:20240102
2024-01-02,akshare_fund_etf_scale_sse,SH,510630,消费30,305361500.0,份,,,akshare:20240102
2024-01-02,akshare_fund_etf_scale_sse,SH,510650,金融行业,23952500.0,份,,,akshare:20240102
2024-01-02,akshare_fund_etf_scale_sse,SH,510660,医药行业,46879700.0,份,,,akshare:20240102
2024-01-02,akshare_fund_etf_scale_sse,SH,510680,万家50,42424700.0,份,,,akshare:20240102
2024-01-02,akshare_fund_etf_scale_sse,SH,510710,上50ETF,187718900.0,份,,,akshare:20240102
2024-01-02,akshare_fund_etf_scale_sse,SH,510760,上证ETF,875503700.0,份,,,akshare:20240102
2024-01-02,akshare_fund_etf_scale_sse,SH,510770,G60创新,42610700.0,份,,,akshare:20240102
2024-01-02,akshare_fund_etf_scale_sse,SH,510800,上证50,617576000.0,份,,,akshare:20240102
2024-01-02,akshare_fund_etf_scale_sse,SH,510810,上海国企,8848093700.0,份,,,akshare:20240102
2024-01-02,akshare_fund_etf_scale_sse,SH,510850,工银上50,72498900.0,份,,,akshare:20240102
2024-01-02,akshare_fund_etf_scale_sse,SH,510880,红利ETF,5602175699.999999,份,,,akshare:20240102
2024-01-02,akshare_fund_etf_scale_sse,SH,510900,H股ETF,13356021900.0,份,,,akshare:20240102
2024-01-02,akshare_fund_etf_scale_sse,SH,510980,上证综合,257798000.0,份,,,akshare:20240102
2024-01-02,akshare_fund_etf_scale_sse,SH,510990,ESG180,56948600.0,份,,,akshare:20240102
2024-01-02,akshare_fund_etf_scale_sse,SH,511010,国债ETF,10806300.000000002,份,,,akshare:20240102
2024-01-02,akshare_fund_etf_scale_sse,SH,511020,活跃国债,10037500.0,份,,,akshare:20240102
2024-01-02,akshare_fund_etf_scale_sse,SH,511030,公司债,588307100.0,份,,,akshare:20240102
2024-01-02,akshare_fund_etf_scale_sse,SH,511060,5年地债,5766300.0,份,,,akshare:20240102
2024-01-02,akshare_fund_etf_scale_sse,SH,511090,30年国债,3878100.0,份,,,akshare:20240102
2024-01-02,akshare_fund_etf_scale_sse,SH,511100,基准国债,16480500.0,份,,,akshare:20240102
2024-01-02,akshare_fund_etf_scale_sse,SH,511180,上证转债,33259699.999999996,份,,,akshare:20240102
2024-01-02,akshare_fund_etf_scale_sse,SH,511220,城投ETF,289481400.0,份,,,akshare:20240102
2024-01-02,akshare_fund_etf_scale_sse,SH,511260,十年国债,4806500.0,份,,,akshare:20240102
2024-01-02,akshare_fund_etf_scale_sse,SH,511270,10年地债,6767500.0,份,,,akshare:20240102
2024-01-02,akshare_fund_etf_scale_sse,SH,511360,短融ETF,220242599.99999997,份,,,akshare:20240102
2024-01-02,akshare_fund_etf_scale_sse,SH,511380,转债ETF,572486700.0,份,,,akshare:20240102
2024-01-02,akshare_fund_etf_scale_sse,SH,511520,政金债,69466500.0,份,,,akshare:20240102
2024-01-02,akshare_fund_etf_scale_sse,SH,511580,政金债基,1798800.0,份,,,akshare:20240102
2024-01-02,akshare_fund_etf_scale_sse,SH,512000,券商ETF,25298117700.0,份,,,akshare:20240102
2024-01-02,akshare_fund_etf_scale_sse,SH,512010,医药ETF,49782694900.0,份,,,akshare:20240102
2024-01-02,akshare_fund_etf_scale_sse,SH,512040,国信价值,436715899.99999994,份,,,akshare:20240102
2024-01-02,akshare_fund_etf_scale_sse,SH,512070,证券保险,9639479700.0,份,,,akshare:20240102
2024-01-02,akshare_fund_etf_scale_sse,SH,512090,MSCI易基,325592300.0,份,,,akshare:20240102
2024-01-02,akshare_fund_etf_scale_sse,SH,512100,1000ETF,3664217600.0,份,,,akshare:20240102
2024-01-02,akshare_fund_etf_scale_sse,SH,512120,医药50,769241900.0,份,,,akshare:20240102
2024-01-02,akshare_fund_etf_scale_sse,SH,512150,A50ETF,50073400.0,份,,,akshare:20240102
2024-01-02,akshare_fund_etf_scale_sse,SH,512160,MSCI基金,297777800.0,份,,,akshare:20240102
2024-01-02,akshare_fund_etf_scale_sse,SH,512170,医疗ETF,67920820500.0,份,,,akshare:20240102
2024-01-02,akshare_fund_etf_scale_sse,SH,512180,建信MSCI,92048000.0,份,,,akshare:20240102
2024-01-02,akshare_fund_etf_scale_sse,SH,512190,之江凤凰,43318400.0,份,,,akshare:20240102
2024-01-02,akshare_fund_etf_scale_sse,SH,512200,地产ETF,7794376000.0,份,,,akshare:20240102
2024-01-02,akshare_fund_etf_scale_sse,SH,512220,TMTETF,302967600.0,份,,,akshare:20240102
2024-01-02,akshare_fund_etf_scale_sse,SH,512260,500低波,54097700.00000001,份,,,akshare:20240102
2024-01-02,akshare_fund_etf_scale_sse,SH,512280,景顺MSCI,42005700.0,份,,,akshare:20240102
2024-01-02,akshare_fund_etf_scale_sse,SH,512290,生物医药,4094820700.0,份,,,akshare:20240102
2024-01-02,akshare_fund_etf_scale_sse,SH,512320,工银MSCI,29040800.0,份,,,akshare:20240102
2024-01-02,akshare_fund_etf_scale_sse,SH,512330,信息ETF,551688000.0,份,,,akshare:20240102
2024-01-02,akshare_fund_etf_scale_sse,SH,512360,MSCI国际,54337700.00000001,份,,,akshare:20240102
2024-01-02,akshare_fund_etf_scale_sse,SH,512380,MSCI中国,132805600.0,份,,,akshare:20240102
2024-01-02,akshare_fund_etf_scale_sse,SH,512390,MSCI低波,171682000.0,份,,,akshare:20240102
2024-01-02,akshare_fund_etf_scale_sse,SH,512400,有色ETF,4169039000.0,份,,,akshare:20240102
2024-01-02,akshare_fund_etf_scale_sse,SH,512480,半导体,32843003600.0,份,,,akshare:20240102
2024-01-02,akshare_fund_etf_scale_sse,SH,512500,中证500,2113608800.0,份,,,akshare:20240102
2024-01-02,akshare_fund_etf_scale_sse,SH,512510,ETF500,386929800.00000006,份,,,akshare:20240102
2024-01-02,akshare_fund_etf_scale_sse,SH,512520,MSCIETF,93056400.0,份,,,akshare:20240102
2024-01-02,akshare_fund_etf_scale_sse,SH,512530,300红利,47502000.0,份,,,akshare:20240102
2024-01-02,akshare_fund_etf_scale_sse,SH,512550,A50基金,214906000.0,份,,,akshare:20240102
2024-01-02,akshare_fund_etf_scale_sse,SH,512560,中证军工,1139127000.0,份,,,akshare:20240102
2024-01-02,akshare_fund_etf_scale_sse,SH,512570,中证证券,428806100.0,份,,,akshare:20240102
2024-01-02,akshare_fund_etf_scale_sse,SH,512580,环保ETF,1625071700.0000002,份,,,akshare:20240102
2024-01-02,akshare_fund_etf_scale_sse,SH,512600,必选消费,554656100.0,份,,,akshare:20240102
2024-01-02,akshare_fund_etf_scale_sse,SH,512640,金融地产,37240900.0,份,,,akshare:20240102
2024-01-02,akshare_fund_etf_scale_sse,SH,512650,长三角,490941600.00000006,份,,,akshare:20240102
2024-01-02,akshare_fund_etf_scale_sse,SH,512660,军工ETF,9542080000.0,份,,,akshare:20240102
2024-01-02,akshare_fund_etf_scale_sse,SH,512670,国防ETF,3978652600.0,份,,,akshare:20240102
2024-01-02,akshare_fund_etf_scale_sse,SH,512680,军工基金,3548130100.0,份,,,akshare:20240102
2024-01-02,akshare_fund_etf_scale_sse,SH,512690,酒ETF,16838650200.0,份,,,akshare:20240102
2024-01-02,akshare_fund_etf_scale_sse,SH,512700,银行基金,1019081000.0,份,,,akshare:20240102
2024-01-02,akshare_fund_etf_scale_sse,SH,512710,军工龙头,9076658400.0,份,,,akshare:20240102
2024-01-02,akshare_fund_etf_scale_sse,SH,512720,计算机,2050453400.0,份,,,akshare:20240102
2024-01-02,akshare_fund_etf_scale_sse,SH,512730,银行FUND,85583900.0,份,,,akshare:20240102
2024-01-02,akshare_fund_etf_scale_sse,SH,512750,基本面50,143754900.0,份,,,akshare:20240102
2024-01-02,akshare_fund_etf_scale_sse,SH,512760,芯片ETF,19160722800.0,份,,,akshare:20240102
2024-01-02,akshare_fund_etf_scale_sse,SH,512770,战略新兴,187767800.0,份,,,akshare:20240102
2024-01-02,akshare_fund_etf_scale_sse,SH,512800,银行ETF,5749640000.0,份,,,akshare:20240102
2024-01-02,akshare_fund_etf_scale_sse,SH,512810,国防军工,387791700.0,份,,,akshare:20240102
2024-01-02,akshare_fund_etf_scale_sse,SH,512820,银行股基,295601900.0,份,,,akshare:20240102
2024-01-02,akshare_fund_etf_scale_sse,SH,512870,杭州湾区,31410600.0,份,,,akshare:20240102
2024-01-02,akshare_fund_etf_scale_sse,SH,512880,证券ETF,36017291500.0,份,,,akshare:20240102
2024-01-02,akshare_fund_etf_scale_sse,SH,512890,红利低波,2797110800.0,份,,,akshare:20240102
2024-01-02,akshare_fund_etf_scale_sse,SH,512900,证券基金,6923406000.0,份,,,akshare:20240102
2024-01-02,akshare_fund_etf_scale_sse,SH,512910,100ETF,791128800.0,份,,,akshare:20240102
2024-01-02,akshare_fund_etf_scale_sse,SH,512930,AIETF,349130300.0,份,,,akshare:20240102
2024-01-02,akshare_fund_etf_scale_sse,SH,512950,央企改革,4306551000.0,份,,,akshare:20240102
2024-01-02,akshare_fund_etf_scale_sse,SH,512960,央调ETF,4336257300.0,份,,,akshare:20240102
2024-01-02,akshare_fund_etf_scale_sse,SH,512970,湾区ETF,62987600.0,份,,,akshare:20240102
2024-01-02,akshare_fund_etf_scale_sse,SH,512980,传媒ETF,5492924399.999999,份,,,akshare:20240102
2024-01-02,akshare_fund_etf_scale_sse,SH,512990,MSCIA股,247015400.0,份,,,akshare:20240102
2024-01-02,akshare_fund_etf_scale_sse,SH,513000,225ETF,300411400.0,份,,,akshare:20240102
2024-01-02,akshare_fund_etf_scale_sse,SH,513010,港股科技,11165307000.0,份,,,akshare:20240102
2024-01-02,akshare_fund_etf_scale_sse,SH,513020,科技HK,464145400.0,份,,,akshare:20240102
2024-01-02,akshare_fund_etf_scale_sse,SH,513030,德国ETF,411779000.0,份,,,akshare:20240102
2024-01-02,akshare_fund_etf_scale_sse,SH,513040,HK互联网,52841300.0,份,,,akshare:20240102
2024-01-02,akshare_fund_etf_scale_sse,SH,513050,中概互联,35915432700.0,份,,,akshare:20240102
2024-01-02,akshare_fund_etf_scale_sse,SH,513060,恒生医疗,29012893300.0,份,,,akshare:20240102
2024-01-02,akshare_fund_etf_scale_sse,SH,513070,HK消费50,94760800.0,份,,,akshare:20240102
2024-01-02,akshare_fund_etf_scale_sse,SH,513080,法国ETF,83916000.0,份,,,akshare:20240102
2024-01-02,akshare_fund_etf_scale_sse,SH,513090,香港证券,2293988000.0,份,,,akshare:20240102
2024-01-02,akshare_fund_etf_scale_sse,SH,513100,纳指ETF,8488110600.000001,份,,,akshare:20240102
2024-01-02,akshare_fund_etf_scale_sse,SH,513110,纳指100,374435000.0,份,,,akshare:20240102
2024-01-02,akshare_fund_etf_scale_sse,SH,513120,HK创新药,8488635400.0,份,,,akshare:20240102
2024-01-02,akshare_fund_etf_scale_sse,SH,513130,恒生科技,30796347000.0,份,,,akshare:20240102
2024-01-02,akshare_fund_etf_scale_sse,SH,513140,港股金融,44368000.0,份,,,akshare:20240102
2024-01-02,akshare_fund_etf_scale_sse,SH,513150,港科技50,183559800.0,份,,,akshare:20240102
2024-01-02,akshare_fund_etf_scale_sse,SH,513160,科技30,154189300.0,份,,,akshare:20240102
2024-01-02,akshare_fund_etf_scale_sse,SH,513180,恒指科技,49373759500.0,份,,,akshare:20240102
2024-01-02,akshare_fund_etf_scale_sse,SH,513190,H股金融,29936000.0,份,,,akshare:20240102
2024-01-02,akshare_fund_etf_scale_sse,SH,513200,港股医药,1662282100.0,份,,,akshare:20240102
2024-01-02,akshare_fund_etf_scale_sse,SH,513220,互联网30,76109400.0,份,,,akshare:20240102
2024-01-02,akshare_fund_etf_scale_sse,SH,513230,H股消费,66422700.00000001,份,,,akshare:20240102
2024-01-02,akshare_fund_etf_scale_sse,SH,513260,恒科技,762243000.0,份,,,akshare:20240102
2024-01-02,akshare_fund_etf_scale_sse,SH,513280,恒生生物,163114500.0,份,,,akshare:20240102
2024-01-02,akshare_fund_etf_scale_sse,SH,513290,纳指生物,718572100.0000001,份,,,akshare:20240102
2024-01-02,akshare_fund_etf_scale_sse,SH,513300,纳斯达克,2424671000.0,份,,,akshare:20240102
2024-01-02,akshare_fund_etf_scale_sse,SH,513310,中韩芯片,157427000.0,份,,,akshare:20240102
2024-01-02,akshare_fund_etf_scale_sse,SH,513320,HK新经济,39010600.0,份,,,akshare:20240102
2024-01-02,akshare_fund_etf_scale_sse,SH,513330,恒生互联,85857480000.0,份,,,akshare:20240102
2024-01-02,akshare_fund_etf_scale_sse,SH,513350,油气ETF,82746000.0,份,,,akshare:20240102
2024-01-02,akshare_fund_etf_scale_sse,SH,513360,教育ETF,610213900.0,份,,,akshare:20240102
2024-01-02,akshare_fund_etf_scale_sse,SH,513380,科技恒生,2518892500.0,份,,,akshare:20240102
2024-01-02,akshare_fund_etf_scale_sse,SH,513390,纳指基金,328379100.00000006,份,,,akshare:20240102
2024-01-02,akshare_fund_etf_scale_sse,SH,513500,标普500,5294638600.0,份,,,akshare:20240102
2024-01-02,akshare_fund_etf_scale_sse,SH,513520,日经ETF,485887200.0,份,,,akshare:20240102
2024-01-02,akshare_fund_etf_scale_sse,SH,513530,港股红利,114938700.00000001,份,,,akshare:20240102
2024-01-02,akshare_fund_etf_scale_sse,SH,513550,港股通50,6012992000.0,份,,,akshare:20240102
2024-01-02,akshare_fund_etf_scale_sse,SH,513560,香港科技,159386000.0,份,,,akshare:20240102
2024-01-02,akshare_fund_etf_scale_sse,SH,513580,HS科技,3359118000.0,份,,,akshare:20240102
2024-01-02,akshare_fund_etf_scale_sse,SH,513590,香港消费,106518900.0,份,,,akshare:20240102
2024-01-02,akshare_fund_etf_scale_sse,SH,513600,恒指ETF,452829500.0,份,,,akshare:20240102
2024-01-02,akshare_fund_etf_scale_sse,SH,513630,香港红利,981359000.0,份,,,akshare:20240102
2024-01-02,akshare_fund_etf_scale_sse,SH,513650,标普ETF,210734000.0,份,,,akshare:20240102
2024-01-02,akshare_fund_etf_scale_sse,SH,513660,恒生通,2336000100.0,份,,,akshare:20240102
2024-01-02,akshare_fund_etf_scale_sse,SH,513690,恒生股息,1100979900.0,份,,,akshare:20240102
2024-01-02,akshare_fund_etf_scale_sse,SH,513700,香港医药,1763846000.0,份,,,akshare:20240102
2024-01-02,akshare_fund_etf_scale_sse,SH,513730,东南亚,658355000.0,份,,,akshare:20240102
2024-01-02,akshare_fund_etf_scale_sse,SH,513750,港股非银,156838000.0,份,,,akshare:20240102
2024-01-02,akshare_fund_etf_scale_sse,SH,513770,港股互联,2318568900.0,份,,,akshare:20240102
2024-01-02,akshare_fund_etf_scale_sse,SH,513800,东证ETF,67044399.99999999,份,,,akshare:20240102
2024-01-02,akshare_fund_etf_scale_sse,SH,513810,港股国企,37992000.0,份,,,akshare:20240102
2024-01-02,akshare_fund_etf_scale_sse,SH,513850,美国50,34892600.0,份,,,akshare:20240102
2024-01-02,akshare_fund_etf_scale_sse,SH,513860,HKC科技,1510470600.0,份,,,akshare:20240102
2024-01-02,akshare_fund_etf_scale_sse,SH,513870,纳指指数,40671000.0,份,,,akshare:20240102
2024-01-02,akshare_fund_etf_scale_sse,SH,513880,日经225,276470000.0,份,,,akshare:20240102
2024-01-02,akshare_fund_etf_scale_sse,SH,513890,HK科技,425128000.0,份,,,akshare:20240102
2024-01-02,akshare_fund_etf_scale_sse,SH,513900,港股100,216978000.0,份,,,akshare:20240102
2024-01-02,akshare_fund_etf_scale_sse,SH,513950,恒生红利,233119000.0,份,,,akshare:20240102
2024-01-02,akshare_fund_etf_scale_sse,SH,513960,港股消费,73932300.0,份,,,akshare:20240102
2024-01-02,akshare_fund_etf_scale_sse,SH,513970,恒生消费,308041000.0,份,,,akshare:20240102
2024-01-02,akshare_fund_etf_scale_sse,SH,513980,科技港股,10952204000.0,份,,,akshare:20240102
2024-01-02,akshare_fund_etf_scale_sse,SH,513990,港股通综,73000000.0,份,,,akshare:20240102
2024-01-02,akshare_fund_etf_scale_sse,SH,515000,科技ETF,2684289699.9999995,份,,,akshare:20240102
2024-01-02,akshare_fund_etf_scale_sse,SH,515010,华夏证券,740271600.0,份,,,akshare:20240102
2024-01-02,akshare_fund_etf_scale_sse,SH,515020,华夏银基,456845300.0,份,,,akshare:20240102
2024-01-02,akshare_fund_etf_scale_sse,SH,515030,新汽车,7010384000.0,份,,,akshare:20240102
2024-01-02,akshare_fund_etf_scale_sse,SH,515050,5GETF,8085068500.0,份,,,akshare:20240102
2024-01-02,akshare_fund_etf_scale_sse,SH,515060,华夏地产,724478100.0,份,,,akshare:20240102
2024-01-02,akshare_fund_etf_scale_sse,SH,515070,AI智能,1783970200.0,份,,,akshare:20240102
2024-01-02,akshare_fund_etf_scale_sse,SH,515080,中证红利,3040148900.0,份,,,akshare:20240102
2024-01-02,akshare_fund_etf_scale_sse,SH,515090,可持续,52801700.0,份,,,akshare:20240102
2024-01-02,akshare_fund_etf_scale_sse,SH,515100,红利100,3978441500.0,份,,,akshare:20240102
2024-01-02,akshare_fund_etf_scale_sse,SH,515110,国企方达,237295000.0,份,,,akshare:20240102
2024-01-02,akshare_fund_etf_scale_sse,SH,515120,创新药,6655993600.0,份,,,akshare:20240102
2024-01-02,akshare_fund_etf_scale_sse,SH,515130,HS300E,73463200.0,份,,,akshare:20240102
2024-01-02,akshare_fund_etf_scale_sse,SH,515150,国企富国,572703200.0,份,,,akshare:20240102
2024-01-02,akshare_fund_etf_scale_sse,SH,515160,MSCI招商,637955100.0,份,,,akshare:20240102
2024-01-02,akshare_fund_etf_scale_sse,SH,515170,食品饮料,4897757900.0,份,,,akshare:20240102
2024-01-02,akshare_fund_etf_scale_sse,SH,515180,100红利,3261637000.0,份,,,akshare:20240102
2024-01-02,akshare_fund_etf_scale_sse,SH,515190,BOCI500,55466100.0,份,,,akshare:20240102
2024-01-02,akshare_fund_etf_scale_sse,SH,515200,创新100,117943200.0,份,,,akshare:20240102
2024-01-02,akshare_fund_etf_scale_sse,SH,515210,钢铁ETF,1030226100.0,份,,,akshare:20240102
2024-01-02,akshare_fund_etf_scale_sse,SH,515220,煤炭ETF,812088500.0,份,,,akshare:20240102
2024-01-02,akshare_fund_etf_scale_sse,SH,515230,软件ETF,1300690900.0,份,,,akshare:20240102
2024-01-02,akshare_fund_etf_scale_sse,SH,515250,智能汽车,1222944500.0,份,,,akshare:20240102
2024-01-02,akshare_fund_etf_scale_sse,SH,515260,电子ETF,722284200.0,份,,,akshare:20240102
2024-01-02,akshare_fund_etf_scale_sse,SH,515280,银行龙头,38118600.0,份,,,akshare:20240102
2024-01-02,akshare_fund_etf_scale_sse,SH,515290,银行,5086452900.0,份,,,akshare:20240102
2024-01-02,akshare_fund_etf_scale_sse,SH,515300,红利300,721175200.0,份,,,akshare:20240102
2024-01-02,akshare_fund_etf_scale_sse,SH,515310,添富300,129111200.00000001,份,,,akshare:20240102
2024-01-02,akshare_fund_etf_scale_sse,SH,515320,电子50,356309000.0,份,,,akshare:20240102
2024-01-02,akshare_fund_etf_scale_sse,SH,515330,天弘300,8387709500.0,份,,,akshare:20240102
2024-01-02,akshare_fund_etf_scale_sse,SH,515350,民生300,26999200.0,份,,,akshare:20240102
2024-01-02,akshare_fund_etf_scale_sse,SH,515360,方正300,32279300.0,份,,,akshare:20240102
2024-01-02,akshare_fund_etf_scale_sse,SH,515380,泰康300,1114299800.0,份,,,akshare:20240102
2024-01-02,akshare_fund_etf_scale_sse,SH,515390,HS300,370683000.0,份,,,akshare:20240102
2024-01-02,akshare_fund_etf_scale_sse,SH,515400,大数据,1633631400.0000002,份,,,akshare:20240102
2024-01-02,akshare_fund_etf_scale_sse,SH,515450,红利50,649335000.0,份,,,akshare:20240102
2024-01-02,akshare_fund_etf_scale_sse,SH,515530,泰康500,25042700.0,份,,,akshare:20240102
2024-01-02,akshare_fund_etf_scale_sse,SH,515550,国联500,25345700.0,份,,,akshare:20240102
2024-01-02,akshare_fund_etf_scale_sse,SH,515560,证券E,473883300.0,份,,,akshare:20240102
2024-01-02,akshare_fund_etf_scale_sse,SH,515580,中证科技,614031400.0,份,,,akshare:20240102
2024-01-02,akshare_fund_etf_scale_sse,SH,515590,500ETFEW,22113700.0,份,,,akshare:20240102
2024-01-02,akshare_fund_etf_scale_sse,SH,515600,央企创新,1513797400.0,份,,,akshare:20240102
2024-01-02,akshare_fund_etf_scale_sse,SH,515630,保险证券,107217700.0,份,,,akshare:20240102
2024-01-02,akshare_fund_etf_scale_sse,SH,515650,消费50,1939184000.0,份,,,akshare:20240102
2024-01-02,akshare_fund_etf_scale_sse,SH,515660,沪深300E,441694200.0,份,,,akshare:20240102
2024-01-02,akshare_fund_etf_scale_sse,SH,515670,中银100,81322500.0,份,,,akshare:20240102
2024-01-02,akshare_fund_etf_scale_sse,SH,515680,创新央企,1522264700.0,份,,,akshare:20240102
2024-01-02,akshare_fund_etf_scale_sse,SH,515700,新能车,2937510200.0,份,,,akshare:20240102
2024-01-02,akshare_fund_etf_scale_sse,SH,515710,食品ETF,1301599800.0,份,,,akshare:20240102
2024-01-02,akshare_fund_etf_scale_sse,SH,515750,科技50,509140500.0,份,,,akshare:20240102
2024-01-02,akshare_fund_etf_scale_sse,SH,515760,浙江国资,199388100.0,份,,,akshare:20240102
2024-01-02,akshare_fund_etf_scale_sse,SH,515770,MSCIAETF,72727300.0,份,,,akshare:20240102
2024-01-02,akshare_fund_etf_scale_sse,SH,515780,浦银MSCI,14785200.0,份,,,akshare:20240102
2024-01-02,akshare_fund_etf_scale_sse,SH,515790,光伏ETF,12916494000.0,份,,,akshare:20240102
2024-01-02,akshare_fund_etf_scale_sse,SH,515800,800ETF,8133687200.0,份,,,akshare:20240102
2024-01-02,akshare_fund_etf_scale_sse,SH,515810,ZZ800ETF,176908800.0,份,,,akshare:20240102
2024-01-02,akshare_fund_etf_scale_sse,SH,515850,证券龙头,191791000.0,份,,,akshare:20240102
2024-01-02,akshare_fund_etf_scale_sse,SH,515860,科技100,168878900.0,份,,,akshare:20240102
2024-01-02,akshare_fund_etf_scale_sse,SH,515880,通信ETF,2078462300.0,份,,,akshare:20240102
2024-01-02,akshare_fund_etf_scale_sse,SH,515890,红利博时,504443900.0,份,,,akshare:20240102
2024-01-02,akshare_fund_etf_scale_sse,SH,515900,央创ETF,3962646500.0,份,,,akshare:20240102
2024-01-02,akshare_fund_etf_scale_sse,SH,515910,质量ETF,470507000.0,份,,,akshare:20240102
2024-01-02,akshare_fund_etf_scale_sse,SH,515920,智能消费,281905700.0,份,,,akshare:20240102
2024-01-02,akshare_fund_etf_scale_sse,SH,515950,医药龙头,923200600.0,份,,,akshare:20240102
2024-01-02,akshare_fund_etf_scale_sse,SH,515960,医药100,341991900.0,份,,,akshare:20240102
2024-01-02,akshare_fund_etf_scale_sse,SH,515980,人工智能,1337064500.0,份,,,akshare:20240102
2024-01-02,akshare_fund_etf_scale_sse,SH,515990,添富国企,99350200.0,份,,,akshare:20240102
2024-01-02,akshare_fund_etf_scale_sse,SH,516000,大数据50,123855000.0,份,,,akshare:20240102
2024-01-02,akshare_fund_etf_scale_sse,SH,516010,游戏ETF,2068693000.0,份,,,akshare:20240102
2024-01-02,akshare_fund_etf_scale_sse,SH,516020,化工ETF,719326200.0,份,,,akshare:20240102
2024-01-02,akshare_fund_etf_scale_sse,SH,516050,科技龙头,753228000.0,份,,,akshare:20240102
2024-01-02,akshare_fund_etf_scale_sse,SH,516060,新药ETF,250237400.00000003,份,,,akshare:20240102
2024-01-02,akshare_fund_etf_scale_sse,SH,516070,碳中和50,810646000.0,份,,,akshare:20240102
2024-01-02,akshare_fund_etf_scale_sse,SH,516080,创新医药,495554800.00000006,份,,,akshare:20240102
2024-01-02,akshare_fund_etf_scale_sse,SH,516090,新能源E,2260844800.0,份,,,akshare:20240102
2024-01-02,akshare_fund_etf_scale_sse,SH,516100,科技金融,62759700.0,份,,,akshare:20240102
2024-01-02,akshare_fund_etf_scale_sse,SH,516110,汽车ETF,1333623100.0,份,,,akshare:20240102
2024-01-02,akshare_fund_etf_scale_sse,SH,516120,化工50,310082000.0,份,,,akshare:20240102
2024-01-02,akshare_fund_etf_scale_sse,SH,516130,消费龙头,101890000.0,份,,,akshare:20240102
2024-01-02,akshare_fund_etf_scale_sse,SH,516150,稀土基金,2016077000.0,份,,,akshare:20240102
2024-01-02,akshare_fund_etf_scale_sse,SH,516160,新能源,10119304000.0,份,,,akshare:20240102
2024-01-02,akshare_fund_etf_scale_sse,SH,516180,光伏产业,106987000.0,份,,,akshare:20240102
2024-01-02,akshare_fund_etf_scale_sse,SH,516190,文娱ETF,21818500.0,份,,,akshare:20240102
2024-01-02,akshare_fund_etf_scale_sse,SH,516200,证券行业,421604000.0,份,,,akshare:20240102
2024-01-02,akshare_fund_etf_scale_sse,SH,516210,银行股,221531000.0,份,,,akshare:20240102
2024-01-02,akshare_fund_etf_scale_sse,SH,516220,化工龙头,291170000.0,份,,,akshare:20240102
2024-01-02,akshare_fund_etf_scale_sse,SH,516260,物联网50,145882600.0,份,,,akshare:20240102
2024-01-02,akshare_fund_etf_scale_sse,SH,516270,新能源50,583409000.0,份,,,akshare:20240102
2024-01-02,akshare_fund_etf_scale_sse,SH,516290,光伏基金,415196900.0,份,,,akshare:20240102
2024-01-02,akshare_fund_etf_scale_sse,SH,516300,中证1000,144102200.0,份,,,akshare:20240102
2024-01-02,akshare_fund_etf_scale_sse,SH,516310,银行指基,142458500.0,份,,,akshare:20240102
2024-01-02,akshare_fund_etf_scale_sse,SH,516320,装备ETF,87589300.0,份,,,akshare:20240102
2024-01-02,akshare_fund_etf_scale_sse,SH,516330,物联网,50471300.0,份,,,akshare:20240102
2024-01-02,akshare_fund_etf_scale_sse,SH,516350,芯片50,557415300.0,份,,,akshare:20240102
2024-01-02,akshare_fund_etf_scale_sse,SH,516360,新材料,156551800.0,份,,,akshare:20240102
2024-01-02,akshare_fund_etf_scale_sse,SH,516380,智能电车,184449300.0,份,,,akshare:20240102
2024-01-02,akshare_fund_etf_scale_sse,SH,516390,电动车,736261000.0,份,,,akshare:20240102
2024-01-02,akshare_fund_etf_scale_sse,SH,516480,新材料基,22146100.0,份,,,akshare:20240102
2024-01-02,akshare_fund_etf_scale_sse,SH,516500,生物ETF,158937200.0,份,,,akshare:20240102
2024-01-02,akshare_fund_etf_scale_sse,SH,516510,云计算,1259890000.0,份,,,akshare:20240102
2024-01-02,akshare_fund_etf_scale_sse,SH,516520,智能驾驶,189765500.0,份,,,akshare:20240102
2024-01-02,akshare_fund_etf_scale_sse,SH,516530,物流快递,93802300.0,份,,,akshare:20240102
2024-01-02,akshare_fund_etf_scale_sse,SH,516550,农业ETF,331414400.0,份,,,akshare:20240102
2024-01-02,akshare_fund_etf_scale_sse,SH,516560,养老ETF,92258000.0,份,,,akshare:20240102
2024-01-02,akshare_fund_etf_scale_sse,SH,516570,石化ETF,42357600.0,份,,,akshare:20240102
2024-01-02,akshare_fund_etf_scale_sse,SH,516580,新能源BS,251124100.0,份,,,akshare:20240102
2024-01-02,akshare_fund_etf_scale_sse,SH,516590,电动汽车,132015000.0,份,,,akshare:20240102
2024-01-02,akshare_fund_etf_scale_sse,SH,516600,消服ETF,167332100.0,份,,,akshare:20240102
2024-01-02,akshare_fund_etf_scale_sse,SH,516610,医服ETF,134974800.0,份,,,akshare:20240102
2024-01-02,akshare_fund_etf_scale_sse,SH,516620,影视ETF,44267500.0,份,,,akshare:20240102
2024-01-02,akshare_fund_etf_scale_sse,SH,516630,云计算50,104156000.0,份,,,akshare:20240102
2024-01-02,akshare_fund_etf_scale_sse,SH,516640,芯片龙头,2401882800.0,份,,,akshare:20240102
2024-01-02,akshare_fund_etf_scale_sse,SH,516650,有色50,60464799.99999999,份,,,akshare:20240102
2024-01-02,akshare_fund_etf_scale_sse,SH,516660,新能汽车,515689000.0,份,,,akshare:20240102
2024-01-02,akshare_fund_etf_scale_sse,SH,516670,畜牧养殖,1019266300.0,份,,,akshare:20240102
2024-01-02,akshare_fund_etf_scale_sse,SH,516690,化工产业,75243000.0,份,,,akshare:20240102
2024-01-02,akshare_fund_etf_scale_sse,SH,516700,数据产业,44622000.0,份,,,akshare:20240102
2024-01-02,akshare_fund_etf_scale_sse,SH,516710,新材料50,184272000.0,份,,,akshare:20240102
2024-01-02,akshare_fund_etf_scale_sse,SH,516720,ESGETF,51337800.0,份,,,akshare:20240102
2024-01-02,akshare_fund_etf_scale_sse,SH,516730,证券公司,76380800.0,份,,,akshare:20240102
2024-01-02,akshare_fund_etf_scale_sse,SH,516750,建材ETF,137667300.0,份,,,akshare:20240102
2024-01-02,akshare_fund_etf_scale_sse,SH,516760,养殖ETF,278215100.0,份,,,akshare:20240102
2024-01-02,akshare_fund_etf_scale_sse,SH,516770,游戏动漫,137848000.0,份,,,akshare:20240102
2024-01-02,akshare_fund_etf_scale_sse,SH,516780,稀土ETF,759549800.0,份,,,akshare:20240102
2024-01-02,akshare_fund_etf_scale_sse,SH,516790,保健ETF,211282200.0,份,,,akshare:20240102
2024-01-02,akshare_fund_etf_scale_sse,SH,516800,智能制造,229154000.0,份,,,akshare:20240102
2024-01-02,akshare_fund_etf_scale_sse,SH,516810,农业,195478900.0,份,,,akshare:20240102
2024-01-02,akshare_fund_etf_scale_sse,SH,516820,医疗创新,2995415200.0,份,,,akshare:20240102
2024-01-02,akshare_fund_etf_scale_sse,SH,516830,300ESG,239676900.0,份,,,akshare:20240102
2024-01-02,akshare_fund_etf_scale_sse,SH,516850,新能源80,120237000.0,份,,,akshare:20240102
2024-01-02,akshare_fund_etf_scale_sse,SH,516860,金融科技,116522000.0,份,,,akshare:20240102
2024-01-02,akshare_fund_etf_scale_sse,SH,516880,光伏50,1191944100.0,份,,,akshare:20240102
2024-01-02,akshare_fund_etf_scale_sse,SH,516890,新材ETF,66311400.0,份,,,akshare:20240102
2024-01-02,akshare_fund_etf_scale_sse,SH,516900,食品50,64229000.0,份,,,akshare:20240102
2024-01-02,akshare_fund_etf_scale_sse,SH,516910,物流ETF,115641800.0,份,,,akshare:20240102
2024-01-02,akshare_fund_etf_scale_sse,SH,516920,芯片基金,687963000.0,份,,,akshare:20240102
2024-01-02,akshare_fund_etf_scale_sse,SH,516930,生科ETF,71639600.0,份,,,akshare:20240102
2024-01-02,akshare_fund_etf_scale_sse,SH,516950,基建ETF,863821000.0,份,,,akshare:20240102
2024-01-02,akshare_fund_etf_scale_sse,SH,516960,机械ETF,87051100.0,份,,,akshare:20240102
2024-01-02,akshare_fund_etf_scale_sse,SH,516970,基建50,4115542500.0,份,,,akshare:20240102
2024-01-02,akshare_fund_etf_scale_sse,SH,516980,证券先锋,31516000.0,份,,,akshare:20240102
2024-01-02,akshare_fund_etf_scale_sse,SH,517000,沪港深,617793000.0,份,,,akshare:20240102
2024-01-02,akshare_fund_etf_scale_sse,SH,517010,HGS500E,54144200.0,份,,,akshare:20240102
2024-01-02,akshare_fund_etf_scale_sse,SH,517030,HGS300,48040300.0,份,,,akshare:20240102
2024-01-02,akshare_fund_etf_scale_sse,SH,517050,互联网50,843605000.0,份,,,akshare:20240102
2024-01-02,akshare_fund_etf_scale_sse,SH,517080,HGS500,705166000.0,份,,,akshare:20240102
2024-01-02,akshare_fund_etf_scale_sse,SH,517090,共赢ETF,364075000.0,份,,,akshare:20240102
2024-01-02,akshare_fund_etf_scale_sse,SH,517100,AH500ETF,440602100.0,份,,,akshare:20240102
2024-01-02,akshare_fund_etf_scale_sse,SH,517110,创新药HK,291098500.0,份,,,akshare:20240102
2024-01-02,akshare_fund_etf_scale_sse,SH,517120,创新药50,688966400.0,份,,,akshare:20240102
2024-01-02,akshare_fund_etf_scale_sse,SH,517160,长江ETF,2134777500.0,份,,,akshare:20240102
2024-01-02,akshare_fund_etf_scale_sse,SH,517170,沪港深E,46131800.0,份,,,akshare:20240102
2024-01-02,akshare_fund_etf_scale_sse,SH,517180,中国国企,384496300.0,份,,,akshare:20240102
2024-01-02,akshare_fund_etf_scale_sse,SH,517200,互联网,245782000.0,份,,,akshare:20240102
2024-01-02,akshare_fund_etf_scale_sse,SH,517270,科技TOP,20091600.0,份,,,akshare:20240102
2024-01-02,akshare_fund_etf_scale_sse,SH,517280,网购ETF,42552500.0,份,,,akshare:20240102
2024-01-02,akshare_fund_etf_scale_sse,SH,517300,AH300ETF,2892434500.0,份,,,akshare:20240102
2024-01-02,akshare_fund_etf_scale_sse,SH,517330,长江保护,2112169000.0,份,,,akshare:20240102
2024-01-02,akshare_fund_etf_scale_sse,SH,517350,中概科技,184042000.0,份,,,akshare:20240102
2024-01-02,akshare_fund_etf_scale_sse,SH,517360,AH科技,82083000.0,份,,,akshare:20240102
2024-01-02,akshare_fund_etf_scale_sse,SH,517380,创新药AH,522326300.0,份,,,akshare:20240102
2024-01-02,akshare_fund_etf_scale_sse,SH,517390,云计算AH,54112600.0,份,,,akshare:20240102
2024-01-02,akshare_fund_etf_scale_sse,SH,517520,黄金股,111404000.0,份,,,akshare:20240102
2024-01-02,akshare_fund_etf_scale_sse,SH,517550,消费主题,39917400.0,份,,,akshare:20240102
2024-01-02,akshare_fund_etf_scale_sse,SH,517660,物联网AH,79480700.0,份,,,akshare:20240102
2024-01-02,akshare_fund_etf_scale_sse,SH,517760,消费TOP,14052600.0,份,,,akshare:20240102
2024-01-02,akshare_fund_etf_scale_sse,SH,517770,游戏传媒,25947800.000000004,份,,,akshare:20240102
2024-01-02,akshare_fund_etf_scale_sse,SH,517800,AI50,147539700.0,份,,,akshare:20240102
2024-01-02,akshare_fund_etf_scale_sse,SH,517850,张江ETF,200185200.0,份,,,akshare:20240102
2024-01-02,akshare_fund_etf_scale_sse,SH,517880,品牌消费,49337100.0,份,,,akshare:20240102
2024-01-02,akshare_fund_etf_scale_sse,SH,517900,银行优选,47993500.0,份,,,akshare:20240102
2024-01-02,akshare_fund_etf_scale_sse,SH,517960,科技AH,88182000.0,份,,,akshare:20240102
2024-01-02,akshare_fund_etf_scale_sse,SH,517990,医药基金,30987900.0,份,,,akshare:20240102
2024-01-02,akshare_fund_etf_scale_sse,SH,518600,上海金,10993599.999999998,份,,,akshare:20240102
2024-01-02,akshare_fund_etf_scale_sse,SH,518660,工银黄金,22652700.0,份,,,akshare:20240102
2024-01-02,akshare_fund_etf_scale_sse,SH,518680,金ETF,65358000.0,份,,,akshare:20240102
2024-01-02,akshare_fund_etf_scale_sse,SH,518800,黄金基金,420419900.0,份,,,akshare:20240102
2024-01-02,akshare_fund_etf_scale_sse,SH,518850,黄金9999,45078700.0,份,,,akshare:20240102
2024-01-02,akshare_fund_etf_scale_sse,SH,518860,上海金E,14859800.0,份,,,akshare:20240102
2024-01-02,akshare_fund_etf_scale_sse,SH,518880,黄金ETF,3004240800.0,份,,,akshare:20240102
2024-01-02,akshare_fund_etf_scale_sse,SH,518890,中银黄金,9854800.0,份,,,akshare:20240102
2024-01-02,akshare_fund_etf_scale_sse,SH,560000,智慧电车,21022900.0,份,,,akshare:20240102
2024-01-02,akshare_fund_etf_scale_sse,SH,560010,1000基金,3424621700.0,份,,,akshare:20240102
2024-01-02,akshare_fund_etf_scale_sse,SH,560020,红利添富,87562000.0,份,,,akshare:20240102
2024-01-02,akshare_fund_etf_scale_sse,SH,560030,800价值,60432000.0,份,,,akshare:20240102
2024-01-02,akshare_fund_etf_scale_sse,SH,560050,MSCIA50,7533934399.999999,份,,,akshare:20240102
2024-01-02,akshare_fund_etf_scale_sse,SH,560060,碳中和基,458090000.0,份,,,akshare:20240102
2024-01-02,akshare_fund_etf_scale_sse,SH,560070,央企分红,972262300.0,份,,,akshare:20240102
2024-01-02,akshare_fund_etf_scale_sse,SH,560080,中药ETF,1734765000.0,份,,,akshare:20240102
2024-01-02,akshare_fund_etf_scale_sse,SH,560090,证券指数,1241865000.0,份,,,akshare:20240102
2024-01-02,akshare_fund_etf_scale_sse,SH,560100,增强ETF,119580300.0,份,,,akshare:20240102
2024-01-02,akshare_fund_etf_scale_sse,SH,560110,ZZ1000,484903500.0,份,,,akshare:20240102
2024-01-02,akshare_fund_etf_scale_sse,SH,560170,央企科技,2956495500.0,份,,,akshare:20240102
2024-01-02,akshare_fund_etf_scale_sse,SH,560180,ESG300,110603000.0,份,,,akshare:20240102
2024-01-02,akshare_fund_etf_scale_sse,SH,560220,2000基金,48717000.0,份,,,akshare:20240102
2024-01-02,akshare_fund_etf_scale_sse,SH,560260,医疗50,1840664700.0,份,,,akshare:20240102
2024-01-02,akshare_fund_etf_scale_sse,SH,560280,工程机械,13252000.0,份,,,akshare:20240102
2024-01-02,akshare_fund_etf_scale_sse,SH,560300,电信50,78803400.0,份,,,akshare:20240102
2024-01-02,akshare_fund_etf_scale_sse,SH,560330,300价值E,84130000.0,份,,,akshare:20240102
2024-01-02,akshare_fund_etf_scale_sse,SH,560500,500质量,873339000.0,份,,,akshare:20240102
2024-01-02,akshare_fund_etf_scale_sse,SH,560550,碳中和,907597400.0,份,,,akshare:20240102
2024-01-02,akshare_fund_etf_scale_sse,SH,560560,碳中和TK,161190100.0,份,,,akshare:20240102
2024-01-02,akshare_fund_etf_scale_sse,SH,560580,电力指基,50003000.0,份,,,akshare:20240102
2024-01-02,akshare_fund_etf_scale_sse,SH,560590,1000鹏华,19710000.0,份,,,akshare:20240102
2024-01-02,akshare_fund_etf_scale_sse,SH,560650,核心50,19919200.0,份,,,akshare:20240102
2024-01-02,akshare_fund_etf_scale_sse,SH,560660,云50ETF,67969000.0,份,,,akshare:20240102
2024-01-02,akshare_fund_etf_scale_sse,SH,560680,龙头消费,51725600.00000001,份,,,akshare:20240102
2024-01-02,akshare_fund_etf_scale_sse,SH,560700,央红利50,1068036900.0,份,,,akshare:20240102
2024-01-02,akshare_fund_etf_scale_sse,SH,560780,半导设备,112496000.0,份,,,akshare:20240102
2024-01-02,akshare_fund_etf_scale_sse,SH,560800,数字ETF,2171951100.0,份,,,akshare:20240102
2024-01-02,akshare_fund_etf_scale_sse,SH,560860,工业有色,304233000.0,份,,,akshare:20240102
2024-01-02,akshare_fund_etf_scale_sse,SH,560880,家电基金,642232000.0,份,,,akshare:20240102
2024-01-02,akshare_fund_etf_scale_sse,SH,560900,创新药企,235969100.0,份,,,akshare:20240102
2024-01-02,akshare_fund_etf_scale_sse,SH,560950,500增,55483000.0,份,,,akshare:20240102
2024-01-02,akshare_fund_etf_scale_sse,SH,560960,碳60ETF,43598900.0,份,,,akshare:20240102
2024-01-02,akshare_fund_etf_scale_sse,SH,560980,光伏30,354022000.0,份,,,akshare:20240102
2024-01-02,akshare_fund_etf_scale_sse,SH,560990,科技先锋,70187100.0,份,,,akshare:20240102
2024-01-02,akshare_fund_etf_scale_sse,SH,561000,300指增,72420000.0,份,,,akshare:20240102
2024-01-02,akshare_fund_etf_scale_sse,SH,561010,软件开发,64356000.0,份,,,akshare:20240102
2024-01-02,akshare_fund_etf_scale_sse,SH,561060,红利国企,72065000.0,份,,,akshare:20240102
2024-01-02,akshare_fund_etf_scale_sse,SH,561100,电子龙头,707746900.0,份,,,akshare:20240102
2024-01-02,akshare_fund_etf_scale_sse,SH,561120,家电ETF,148159900.0,份,,,akshare:20240102
2024-01-02,akshare_fund_etf_scale_sse,SH,561130,国货ETF,299935200.0,份,,,akshare:20240102
2024-01-02,akshare_fund_etf_scale_sse,SH,561160,锂电池,1926835000.0,份,,,akshare:20240102
2024-01-02,akshare_fund_etf_scale_sse,SH,561170,绿电50,210032700.0,份,,,akshare:20240102
2024-01-02,akshare_fund_etf_scale_sse,SH,561180,A100ETF,63609600.0,份,,,akshare:20240102
2024-01-02,akshare_fund_etf_scale_sse,SH,561190,双碳ETF,1346318000.0,份,,,akshare:20240102
2024-01-02,akshare_fund_etf_scale_sse,SH,561260,能源ETF,644295200.0,份,,,akshare:20240102
2024-01-02,akshare_fund_etf_scale_sse,SH,561280,增强1000,30847700.0,份,,,akshare:20240102
2024-01-02,akshare_fund_etf_scale_sse,SH,561300,300增ETF,1654965000.0,份,,,akshare:20240102
2024-01-02,akshare_fund_etf_scale_sse,SH,561310,消电ETF,160916600.0,份,,,akshare:20240102
2024-01-02,akshare_fund_etf_scale_sse,SH,561320,交运ETF,110369000.0,份,,,akshare:20240102
2024-01-02,akshare_fund_etf_scale_sse,SH,561330,矿业ETF,57696100.0,份,,,akshare:20240102
2024-01-02,akshare_fund_etf_scale_sse,SH,561350,国泰500,271700000.0,份,,,akshare:20240102
2024-01-02,akshare_fund_etf_scale_sse,SH,561360,石油ETF,38148000.0,份,,,akshare:20240102
2024-01-02,akshare_fund_etf_scale_sse,SH,561370,2000ETF,24356000.0,份,,,akshare:20240102
2024-01-02,akshare_fund_etf_scale_sse,SH,561500,漂亮50,113100300.0,份,,,akshare:20240102
2024-01-02,akshare_fund_etf_scale_sse,SH,561510,中医药,96206000.0,份,,,akshare:20240102
2024-01-02,akshare_fund_etf_scale_sse,SH,561550,500指增,805489600.0000001,份,,,akshare:20240102
2024-01-02,akshare_fund_etf_scale_sse,SH,561560,电力ETF,154124200.0,份,,,akshare:20240102
2024-01-02,akshare_fund_etf_scale_sse,SH,561580,央企红利,616870700.0,份,,,akshare:20240102
2024-01-02,akshare_fund_etf_scale_sse,SH,561590,1000增强,81499600.0,份,,,akshare:20240102
2024-01-02,akshare_fund_etf_scale_sse,SH,561600,消费电子,149274000.0,份,,,akshare:20240102
2024-01-02,akshare_fund_etf_scale_sse,SH,561700,电力基金,128813600.0,份,,,akshare:20240102
2024-01-02,akshare_fund_etf_scale_sse,SH,561710,疫苗,69596100.0,份,,,akshare:20240102
2024-01-02,akshare_fund_etf_scale_sse,SH,561780,1000指增,60955800.0,份,,,akshare:20240102
2024-01-02,akshare_fund_etf_scale_sse,SH,561790,现代能源,834934000.0,份,,,akshare:20240102
2024-01-02,akshare_fund_etf_scale_sse,SH,561800,稀金属,177577200.0,份,,,akshare:20240102
2024-01-02,akshare_fund_etf_scale_sse,SH,561900,沪深ESG,71334400.0,份,,,akshare:20240102
2024-01-02,akshare_fund_etf_scale_sse,SH,561910,电池ETF,909076600.0,份,,,akshare:20240102
2024-01-02,akshare_fund_etf_scale_sse,SH,561920,疫苗龙头,35692000.0,份,,,akshare:20240102
2024-01-02,akshare_fund_etf_scale_sse,SH,561950,500增强A,136656000.0,份,,,akshare:20240102
2024-01-02,akshare_fund_etf_scale_sse,SH,561960,央企回报,406985199.99999994,份,,,akshare:20240102
2024-01-02,akshare_fund_etf_scale_sse,SH,561980,芯片设备,63110000.0,份,,,akshare:20240102
2024-01-02,akshare_fund_etf_scale_sse,SH,561990,300增强,643649200.0,份,,,akshare:20240102
2024-01-02,akshare_fund_etf_scale_sse,SH,562000,100ETF基,1016368900.0,份,,,akshare:20240102
2024-01-02,akshare_fund_etf_scale_sse,SH,562010,绿色能源,35298700.0,份,,,akshare:20240102
2024-01-02,akshare_fund_etf_scale_sse,SH,562030,信创基金,51986899.99999999,份,,,akshare:20240102
2024-01-02,akshare_fund_etf_scale_sse,SH,562060,标普红利,390896300.0,份,,,akshare:20240102
2024-01-02,akshare_fund_etf_scale_sse,SH,562300,低碳ETF,159495000.0,份,,,akshare:20240102
2024-01-02,akshare_fund_etf_scale_sse,SH,562310,300成长,1358572300.0,份,,,akshare:20240102
2024-01-02,akshare_fund_etf_scale_sse,SH,562320,300价值A,55295500.0,份,,,akshare:20240102
2024-01-02,akshare_fund_etf_scale_sse,SH,562330,500价值,49018900.0,份,,,akshare:20240102
2024-01-02,akshare_fund_etf_scale_sse,SH,562350,电力,29410900.0,份,,,akshare:20240102
2024-01-02,akshare_fund_etf_scale_sse,SH,562360,机器人YH,77474000.0,份,,,akshare:20240102
2024-01-02,akshare_fund_etf_scale_sse,SH,562380,科技引领,520628900.0,份,,,akshare:20240102
2024-01-02,akshare_fund_etf_scale_sse,SH,562390,中药,64429000.0,份,,,akshare:20240102
2024-01-02,akshare_fund_etf_scale_sse,SH,562500,机器人,1091687300.0,份,,,akshare:20240102
2024-01-02,akshare_fund_etf_scale_sse,SH,562510,旅游ETF,1064595000.0,份,,,akshare:20240102
2024-01-02,akshare_fund_etf_scale_sse,SH,562520,1000成长,52568000.0,份,,,akshare:20240102
2024-01-02,akshare_fund_etf_scale_sse,SH,562530,1000价值,50144000.0,份,,,akshare:20240102
2024-01-02,akshare_fund_etf_scale_sse,SH,562550,绿电ETF,71419300.0,份,,,akshare:20240102
2024-01-02,akshare_fund_etf_scale_sse,SH,562590,半导材料,28663000.0,份,,,akshare:20240102
2024-01-02,akshare_fund_etf_scale_sse,SH,562600,医疗器械,98937400.0,份,,,akshare:20240102
2024-01-02,akshare_fund_etf_scale_sse,SH,562660,ZZ2000,88874000.0,份,,,akshare:20240102
2024-01-02,akshare_fund_etf_scale_sse,SH,562800,稀有金属,2211295000.0,份,,,akshare:20240102
2024-01-02,akshare_fund_etf_scale_sse,SH,562850,央企能源,868981500.0,份,,,akshare:20240102
2024-01-02,akshare_fund_etf_scale_sse,SH,562860,生物疫苗,590895000.0,份,,,akshare:20240102
2024-01-02,akshare_fund_etf_scale_sse,SH,562880,电池基金,508399600.0,份,,,akshare:20240102
2024-01-02,akshare_fund_etf_scale_sse,SH,562900,现代农业,87706299.99999999,份,,,akshare:20240102
2024-01-02,akshare_fund_etf_scale_sse,SH,562910,高端制造,197227300.0,份,,,akshare:20240102
2024-01-02,akshare_fund_etf_scale_sse,SH,562920,信息安全,24069000.0,份,,,akshare:20240102
2024-01-02,akshare_fund_etf_scale_sse,SH,562930,软件30,40437000.0,份,,,akshare:20240102
2024-01-02,akshare_fund_etf_scale_sse,SH,562950,消电50,137258300.0,份,,,akshare:20240102
2024-01-02,akshare_fund_etf_scale_sse,SH,562960,绿色电力,28891000.0,份,,,akshare:20240102
2024-01-02,akshare_fund_etf_scale_sse,SH,562990,碳中和E,2243756000.0,份,,,akshare:20240102
2024-01-02,akshare_fund_etf_scale_sse,SH,563000,中国A50,6578451100.0,份,,,akshare:20240102
2024-01-02,akshare_fund_etf_scale_sse,SH,563010,电信ETF,32189300.0,份,,,akshare:20240102
2024-01-02,akshare_fund_etf_scale_sse,SH,563020,低波红利,92910000.0,份,,,akshare:20240102
2024-01-02,akshare_fund_etf_scale_sse,SH,563030,增强500,310169000.0,份,,,akshare:20240102
2024-01-02,akshare_fund_etf_scale_sse,SH,563050,科技央企,413208399.99999994,份,,,akshare:20240102
2024-01-02,akshare_fund_etf_scale_sse,SH,563200,2000指数,225458800.0,份,,,akshare:20240102
2024-01-02,akshare_fund_etf_scale_sse,SH,563300,中证2000,856174000.0,份,,,akshare:20240102
2024-01-02,akshare_fund_etf_scale_sse,SH,563330,A股ETF,287421000.0,份,,,akshare:20240102
2024-01-02,akshare_fund_etf_scale_sse,SH,588000,科创50,104254168200.0,份,,,akshare:20240102
2024-01-02,akshare_fund_etf_scale_sse,SH,588010,科创材料,132925800.0,份,,,akshare:20240102
2024-01-02,akshare_fund_etf_scale_sse,SH,588020,科创50E,185791000.0,份,,,akshare:20240102
2024-01-02,akshare_fund_etf_scale_sse,SH,588030,科创指基,8576838100.000001,份,,,akshare:20240102
2024-01-02,akshare_fund_etf_scale_sse,SH,588050,科创ETF,9821241300.0,份,,,akshare:20240102
2024-01-02,akshare_fund_etf_scale_sse,SH,588060,上证科创,6257140000.0,份,,,akshare:20240102
2024-01-02,akshare_fund_etf_scale_sse,SH,588080,科创板50,35587628100.0,份,,,akshare:20240102
2024-01-02,akshare_fund_etf_scale_sse,SH,588090,科创板,5519072800.0,份,,,akshare:20240102
2024-01-02,akshare_fund_etf_scale_sse,SH,588100,科创信息,623748700.0,份,,,akshare:20240102
2024-01-02,akshare_fund_etf_scale_sse,SH,588110,科创成长,232758000.0,份,,,akshare:20240102
2024-01-02,akshare_fund_etf_scale_sse,SH,588120,科100ETF,3222811000.0,份,,,akshare:20240102
2024-01-02,akshare_fund_etf_scale_sse,SH,588150,科创龙头,427932600.0,份,,,akshare:20240102
2024-01-02,akshare_fund_etf_scale_sse,SH,588160,科创新材,114996000.0,份,,,akshare:20240102
2024-01-02,akshare_fund_etf_scale_sse,SH,588180,科创50基,4427353700.0,份,,,akshare:20240102
2024-01-02,akshare_fund_etf_scale_sse,SH,588190,科创100,3082618300.0,份,,,akshare:20240102
2024-01-02,akshare_fund_etf_scale_sse,SH,588200,科创芯片,6186894800.0,份,,,akshare:20240102
2024-01-02,akshare_fund_etf_scale_sse,SH,588210,科创100E,353254000.0,份,,,akshare:20240102
2024-01-02,akshare_fund_etf_scale_sse,SH,588220,科创鹏华,7813697900.0,份,,,akshare:20240102
2024-01-02,akshare_fund_etf_scale_sse,SH,588260,科创技术,154746000.0,份,,,akshare:20240102
2024-01-02,akshare_fund_etf_scale_sse,SH,588280,科创五零,400121000.0,份,,,akshare:20240102
2024-01-02,akshare_fund_etf_scale_sse,SH,588290,芯片科创,1106397000.0,份,,,akshare:20240102
2024-01-02,akshare_fund_etf_scale_sse,SH,588300,双创ETF,3055210500.0,份,,,akshare:20240102
2024-01-02,akshare_fund_etf_scale_sse,SH,588310,双创基金,81037500.0,份,,,akshare:20240102
2024-01-02,akshare_fund_etf_scale_sse,SH,588320,双创增强,14824600.0,份,,,akshare:20240102
2024-01-02,akshare_fund_etf_scale_sse,SH,588330,双创龙头,1755737800.0,份,,,akshare:20240102
2024-01-02,akshare_fund_etf_scale_sse,SH,588350,双创,1908546000.0,份,,,akshare:20240102
2024-01-02,akshare_fund_etf_scale_sse,SH,588360,创创ETF,1022681799.9999999,份,,,akshare:20240102
2024-01-02,akshare_fund_etf_scale_sse,SH,588370,科创策略,240772000.0,份,,,akshare:20240102
2024-01-02,akshare_fund_etf_scale_sse,SH,588380,创50ETF,4367770000.0,份,,,akshare:20240102
2024-01-02,akshare_fund_etf_scale_sse,SH,588390,科创创业,515935899.99999994,份,,,akshare:20240102
2024-01-02,akshare_fund_etf_scale_sse,SH,588400,双创50,3615600600.0,份,,,akshare:20240102
2024-01-02,akshare_fund_etf_scale_sse,SH,588460,科创增强,771014000.0,份,,,akshare:20240102
2024-01-02,akshare_fund_etf_scale_sse,SH,588800,科创100C,7752377000.0,份,,,akshare:20240102
2024-01-02,akshare_fund_etf_scale_sse,SH,588880,科创指数,573368000.0,份,,,akshare:20240102
2024-01-02,akshare_fund_etf_scale_sse,SH,588900,科创100N,715783000.0,份,,,akshare:20240102
2024-01-03,akshare_fund_etf_scale_sse,SH,510010,治理ETF,162524400.0,份,,,akshare:20240103
2024-01-03,akshare_fund_etf_scale_sse,SH,510020,超大ETF,40548000.0,份,,,akshare:20240103
2024-01-03,akshare_fund_etf_scale_sse,SH,510030,价值ETF,198729800.0,份,,,akshare:20240103
2024-01-03,akshare_fund_etf_scale_sse,SH,510050,50ETF,33826266800.0,份,,,akshare:20240103
2024-01-03,akshare_fund_etf_scale_sse,SH,510060,央企ETF,57959200.0,份,,,akshare:20240103
2024-01-03,akshare_fund_etf_scale_sse,SH,510090,ESG建信,31581100.0,份,,,akshare:20240103
2024-01-03,akshare_fund_etf_scale_sse,SH,510100,SZ50ETF,5202619900.0,份,,,akshare:20240103
2024-01-03,akshare_fund_etf_scale_sse,SH,510130,中盘ETF,42685100.0,份,,,akshare:20240103
2024-01-03,akshare_fund_etf_scale_sse,SH,510150,消费ETF,2141178599.9999998,份,,,akshare:20240103
2024-01-03,akshare_fund_etf_scale_sse,SH,510160,产业升级,346057400.0,份,,,akshare:20240103
2024-01-03,akshare_fund_etf_scale_sse,SH,510170,商品ETF,224914800.0,份,,,akshare:20240103
2024-01-03,akshare_fund_etf_scale_sse,SH,510180,180ETF,5905557700.0,份,,,akshare:20240103
2024-01-03,akshare_fund_etf_scale_sse,SH,510190,上证50基,36150800.0,份,,,akshare:20240103
2024-01-03,akshare_fund_etf_scale_sse,SH,510200,上证券商,64885500.0,份,,,akshare:20240103
2024-01-03,akshare_fund_etf_scale_sse,SH,510210,综指ETF,9467192600.0,份,,,akshare:20240103
2024-01-03,akshare_fund_etf_scale_sse,SH,510230,金融ETF,3436808000.0,份,,,akshare:20240103
2024-01-03,akshare_fund_etf_scale_sse,SH,510270,国企ETF,15832100.0,份,,,akshare:20240103
2024-01-03,akshare_fund_etf_scale_sse,SH,510290,380ETF,94448900.0,份,,,akshare:20240103
2024-01-03,akshare_fund_etf_scale_sse,SH,510300,300ETF,37314487700.0,份,,,akshare:20240103
2024-01-03,akshare_fund_etf_scale_sse,SH,510310,HS300ETF,28374307400.000004,份,,,akshare:20240103
2024-01-03,akshare_fund_etf_scale_sse,SH,510330,华夏300,10719249800.0,份,,,akshare:20240103
2024-01-03,akshare_fund_etf_scale_sse,SH,510350,工银300,634614700.0,份,,,akshare:20240103
2024-01-03,akshare_fund_etf_scale_sse,SH,510360,广发300,1916381200.0,份,,,akshare:20240103
2024-01-03,akshare_fund_etf_scale_sse,SH,510370,兴业300,69258100.0,份,,,akshare:20240103
2024-01-03,akshare_fund_etf_scale_sse,SH,510380,国寿300,1377802400.0,份,,,akshare:20240103
2024-01-03,akshare_fund_etf_scale_sse,SH,510390,平安300,163550000.0,份,,,akshare:20240103
2024-01-03,akshare_fund_etf_scale_sse,SH,510410,资源ETF,320258400.0,份,,,akshare:20240103
2024-01-03,akshare_fund_etf_scale_sse,SH,510500,500ETF,8230968600.0,份,,,akshare:20240103
2024-01-03,akshare_fund_etf_scale_sse,SH,510510,广发500,1757038299.9999998,份,,,akshare:20240103
2024-01-03,akshare_fund_etf_scale_sse,SH,510530,工银500,42479399.99999999,份,,,akshare:20240103
2024-01-03,akshare_fund_etf_scale_sse,SH,510550,方正500,13743300.0,份,,,akshare:20240103
2024-01-03,akshare_fund_etf_scale_sse,SH,510560,国寿500,140318700.0,份,,,akshare:20240103
2024-01-03,akshare_fund_etf_scale_sse,SH,510570,兴业500,28060600.0,份,,,akshare:20240103
2024-01-03,akshare_fund_etf_scale_sse,SH,510580,ZZ500ETF,3547965200.0,份,,,akshare:20240103
2024-01-03,akshare_fund_etf_scale_sse,SH,510590,平安500,220386100.0,份,,,akshare:20240103
2024-01-03,akshare_fund_etf_scale_sse,SH,510600,沪50ETF,15715100.0,份,,,akshare:20240103
2024-01-03,akshare_fund_etf_scale_sse,SH,510630,消费30,305361500.0,份,,,akshare:20240103
2024-01-03,akshare_fund_etf_scale_sse,SH,510650,金融行业,23952500.0,份,,,akshare:20240103
2024-01-03,akshare_fund_etf_scale_sse,SH,510660,医药行业,46879700.0,份,,,akshare:20240103
2024-01-03,akshare_fund_etf_scale_sse,SH,510680,万家50,43324700.0,份,,,akshare:20240103
2024-01-03,akshare_fund_etf_scale_sse,SH,510710,上50ETF,187418900.0,份,,,akshare:20240103
2024-01-03,akshare_fund_etf_scale_sse,SH,510760,上证ETF,875503700.0,份,,,akshare:20240103
2024-01-03,akshare_fund_etf_scale_sse,SH,510770,G60创新,42610700.0,份,,,akshare:20240103
2024-01-03,akshare_fund_etf_scale_sse,SH,510800,上证50,616576000.0,份,,,akshare:20240103
2024-01-03,akshare_fund_etf_scale_sse,SH,510810,上海国企,8848093700.0,份,,,akshare:20240103
2024-01-03,akshare_fund_etf_scale_sse,SH,510850,工银上50,72498900.0,份,,,akshare:20240103
2024-01-03,akshare_fund_etf_scale_sse,SH,510880,红利ETF,5606175699.999999,份,,,akshare:20240103
2024-01-03,akshare_fund_etf_scale_sse,SH,510900,H股ETF,13356021900.0,份,,,akshare:20240103
2024-01-03,akshare_fund_etf_scale_sse,SH,510980,上证综合,257798000.0,份,,,akshare:20240103
2024-01-03,akshare_fund_etf_scale_sse,SH,510990,ESG180,56948600.0,份,,,akshare:20240103
2024-01-03,akshare_fund_etf_scale_sse,SH,511010,国债ETF,10806300.000000002,份,,,akshare:20240103
2024-01-03,akshare_fund_etf_scale_sse,SH,511020,活跃国债,9977500.0,份,,,akshare:20240103
2024-01-03,akshare_fund_etf_scale_sse,SH,511030,公司债,588307100.0,份,,,akshare:20240103
2024-01-03,akshare_fund_etf_scale_sse,SH,511060,5年地债,5766300.0,份,,,akshare:20240103
2024-01-03,akshare_fund_etf_scale_sse,SH,511090,30年国债,3798100.0,份,,,akshare:20240103
2024-01-03,akshare_fund_etf_scale_sse,SH,511100,基准国债,16070500.0,份,,,akshare:20240103
2024-01-03,akshare_fund_etf_scale_sse,SH,511180,上证转债,33159699.999999996,份,,,akshare:20240103
2024-01-03,akshare_fund_etf_scale_sse,SH,511220,城投ETF,304481400.0,份,,,akshare:20240103
2024-01-03,akshare_fund_etf_scale_sse,SH,511260,十年国债,4806500.0,份,,,akshare:20240103
2024-01-03,akshare_fund_etf_scale_sse,SH,511270,10年地债,6767500.0,份,,,akshare:20240103
2024-01-03,akshare_fund_etf_scale_sse,SH,511360,短融ETF,208432599.99999997,份,,,akshare:20240103
2024-01-03,akshare_fund_etf_scale_sse,SH,511380,转债ETF,571486700.0,份,,,akshare:20240103
2024-01-03,akshare_fund_etf_scale_sse,SH,511520,政金债,67146500.0,份,,,akshare:20240103
2024-01-03,akshare_fund_etf_scale_sse,SH,511580,政金债基,1798800.0,份,,,akshare:20240103
2024-01-03,akshare_fund_etf_scale_sse,SH,512000,券商ETF,25298717700.0,份,,,akshare:20240103
2024-01-03,akshare_fund_etf_scale_sse,SH,512010,医药ETF,49686694900.0,份,,,akshare:20240103
2024-01-03,akshare_fund_etf_scale_sse,SH,512040,国信价值,435715899.99999994,份,,,akshare:20240103
2024-01-03,akshare_fund_etf_scale_sse,SH,512070,证券保险,9649479700.0,份,,,akshare:20240103
2024-01-03,akshare_fund_etf_scale_sse,SH,512090,MSCI易基,325592300.0,份,,,akshare:20240103
2024-01-03,akshare_fund_etf_scale_sse,SH,512100,1000ETF,3496217600.0,份,,,akshare:20240103
2024-01-03,akshare_fund_etf_scale_sse,SH,512120,医药50,767241900.0,份,,,akshare:20240103
2024-01-03,akshare_fund_etf_scale_sse,SH,512150,A50ETF,50073400.0,份,,,akshare:20240103
2024-01-03,akshare_fund_etf_scale_sse,SH,512160,MSCI基金,297777800.0,份,,,akshare:20240103
2024-01-03,akshare_fund_etf_scale_sse,SH,512170,医疗ETF,68022820500.0,份,,,akshare:20240103
2024-01-03,akshare_fund_etf_scale_sse,SH,512180,建信MSCI,92048000.0,份,,,akshare:20240103
2024-01-03,akshare_fund_etf_scale_sse,SH,512190,之江凤凰,43318400.0,份,,,akshare:20240103
2024-01-03,akshare_fund_etf_scale_sse,SH,512200,地产ETF,7800876000.0,份,,,akshare:20240103
2024-01-03,akshare_fund_etf_scale_sse,SH,512220,TMTETF,304467600.0,份,,,akshare:20240103
2024-01-03,akshare_fund_etf_scale_sse,SH,512260,500低波,54097700.00000001,份,,,akshare:20240103
2024-01-03,akshare_fund_etf_scale_sse,SH,512280,景顺MSCI,42005700.0,份,,,akshare:20240103
2024-01-03,akshare_fund_etf_scale_sse,SH,512290,生物医药,4092820700.0,份,,,akshare:20240103
2024-01-03,akshare_fund_etf_scale_sse,SH,512320,工银MSCI,29040800.0,份,,,akshare:20240103
2024-01-03,akshare_fund_etf_scale_sse,SH,512330,信息ETF,551688000.0,份,,,akshare:20240103
2024-01-03,akshare_fund_etf_scale_sse,SH,512360,MSCI国际,54337700.00000001,份,,,akshare:20240103
2024-01-03,akshare_fund_etf_scale_sse,SH,512380,MSCI中国,129805600.0,份,,,akshare:20240103
2024-01-03,akshare_fund_etf_scale_sse,SH,512390,MSCI低波,171682000.0,份,,,akshare:20240103
2024-01-03,akshare_fund_etf_scale_sse,SH,512400,有色ETF,4160039000.0,份,,,akshare:20240103
2024-01-03,akshare_fund_etf_scale_sse,SH,512480,半导体,33133003600.0,份,,,akshare:20240103
2024-01-03,akshare_fund_etf_scale_sse,SH,512500,中证500,2101608800.0,份,,,akshare:20240103
2024-01-03,akshare_fund_etf_scale_sse,SH,512510,ETF500,386929800.00000006,份,,,akshare:20240103
2024-01-03,akshare_fund_etf_scale_sse,SH,512520,MSCIETF,93056400.0,份,,,akshare:20240103
2024-01-03,akshare_fund_etf_scale_sse,SH,512530,300红利,47502000.0,份,,,akshare:20240103
2024-01-03,akshare_fund_etf_scale_sse,SH,512550,A50基金,215906000.0,份,,,akshare:20240103
2024-01-03,akshare_fund_etf_scale_sse,SH,512560,中证军工,1139127000.0,份,,,akshare:20240103
2024-01-03,akshare_fund_etf_scale_sse,SH,512570,中证证券,427806100.0,份,,,akshare:20240103
2024-01-03,akshare_fund_etf_scale_sse,SH,512580,环保ETF,1625071700.0000002,份,,,akshare:20240103
2024-01-03,akshare_fund_etf_scale_sse,SH,512600,必选消费,554656100.0,份,,,akshare:20240103
2024-01-03,akshare_fund_etf_scale_sse,SH,512640,金融地产,37240900.0,份,,,akshare:20240103
2024-01-03,akshare_fund_etf_scale_sse,SH,512650,长三角,486941600.00000006,份,,,akshare:20240103
2024-01-03,akshare_fund_etf_scale_sse,SH,512660,军工ETF,9546080000.0,份,,,akshare:20240103
2024-01-03,akshare_fund_etf_scale_sse,SH,512670,国防ETF,3967652600.0,份,,,akshare:20240103
2024-01-03,akshare_fund_etf_scale_sse,SH,512680,军工基金,3512930100.0,份,,,akshare:20240103
2024-01-03,akshare_fund_etf_scale_sse,SH,512690,酒ETF,16803450200.0,份,,,akshare:20240103
2024-01-03,akshare_fund_etf_scale_sse,SH,512700,银行基金,1019581000.0,份,,,akshare:20240103
2024-01-03,akshare_fund_etf_scale_sse,SH,512710,军工龙头,9075658400.0,份,,,akshare:20240103
2024-01-03,akshare_fund_etf_scale_sse,SH,512720,计算机,2027453400.0,份,,,akshare:20240103
2024-01-03,akshare_fund_etf_scale_sse,SH,512730,银行FUND,85583900.0,份,,,akshare:20240103
2024-01-03,akshare_fund_etf_scale_sse,SH,512750,基本面50,143754900.0,份,,,akshare:20240103
2024-01-03,akshare_fund_etf_scale_sse,SH,512760,芯片ETF,19146322800.0,份,,,akshare:20240103
2024-01-03,akshare_fund_etf_scale_sse,SH,512770,战略新兴,187767800.0,份,,,akshare:20240103
2024-01-03,akshare_fund_etf_scale_sse,SH,512800,银行ETF,5742440000.0,份,,,akshare:20240103
2024-01-03,akshare_fund_etf_scale_sse,SH,512810,国防军工,387791700.0,份,,,akshare:20240103
2024-01-03,akshare_fund_etf_scale_sse,SH,512820,银行股基,295301900.0,份,,,akshare:20240103
2024-01-03,akshare_fund_etf_scale_sse,SH,512870,杭州湾区,31410600.0,份,,,akshare:20240103
2024-01-03,akshare_fund_etf_scale_sse,SH,512880,证券ETF,35924291500.0,份,,,akshare:20240103
2024-01-03,akshare_fund_etf_scale_sse,SH,512890,红利低波,3270110800.0,份,,,akshare:20240103
2024-01-03,akshare_fund_etf_scale_sse,SH,512900,证券基金,6924906000.0,份,,,akshare:20240103
2024-01-03,akshare_fund_etf_scale_sse,SH,512910,100ETF,794128800.0,份,,,akshare:20240103
2024-01-03,akshare_fund_etf_scale_sse,SH,512930,AIETF,355130300.0,份,,,akshare:20240103
2024-01-03,akshare_fund_etf_scale_sse,SH,512950,央企改革,4305551000.0,份,,,akshare:20240103
2024-01-03,akshare_fund_etf_scale_sse,SH,512960,央调ETF,4335257300.0,份,,,akshare:20240103
2024-01-03,akshare_fund_etf_scale_sse,SH,512970,湾区ETF,62987600.0,份,,,akshare:20240103
2024-01-03,akshare_fund_etf_scale_sse,SH,512980,传媒ETF,5476424399.999999,份,,,akshare:20240103
2024-01-03,akshare_fund_etf_scale_sse,SH,512990,MSCIA股,247015400.0,份,,,akshare:20240103
2024-01-03,akshare_fund_etf_scale_sse,SH,513000,225ETF,300411400.0,份,,,akshare:20240103
2024-01-03,akshare_fund_etf_scale_sse,SH,513010,港股科技,11168307000.0,份,,,akshare:20240103
2024-01-03,akshare_fund_etf_scale_sse,SH,513020,科技HK,468145400.0,份,,,akshare:20240103
2024-01-03,akshare_fund_etf_scale_sse,SH,513030,德国ETF,412779000.0,份,,,akshare:20240103
2024-01-03,akshare_fund_etf_scale_sse,SH,513040,HK互联网,52841300.0,份,,,akshare:20240103
2024-01-03,akshare_fund_etf_scale_sse,SH,513050,中概互联,36015432700.0,份,,,akshare:20240103
2024-01-03,akshare_fund_etf_scale_sse,SH,513060,恒生医疗,29035393300.0,份,,,akshare:20240103
2024-01-03,akshare_fund_etf_scale_sse,SH,513070,HK消费50,94760800.0,份,,,akshare:20240103
2024-01-03,akshare_fund_etf_scale_sse,SH,513080,法国ETF,83916000.0,份,,,akshare:20240103
2024-01-03,akshare_fund_etf_scale_sse,SH,513090,香港证券,2293988000.0,份,,,akshare:20240103
2024-01-03,akshare_fund_etf_scale_sse,SH,513100,纳指ETF,8348110600.000001,份,,,akshare:20240103
2024-01-03,akshare_fund_etf_scale_sse,SH,513110,纳指100,374435000.0,份,,,akshare:20240103
2024-01-03,akshare_fund_etf_scale_sse,SH,513120,HK创新药,8488635400.0,份,,,akshare:20240103
2024-01-03,akshare_fund_etf_scale_sse,SH,513130,恒生科技,30996347000.0,份,,,akshare:20240103
2024-01-03,akshare_fund_etf_scale_sse,SH,513140,港股金融,44368000.0,份,,,akshare:20240103
2024-01-03,akshare_fund_etf_scale_sse,SH,513150,港科技50,183559800.0,份,,,akshare:20240103
2024-01-03,akshare_fund_etf_scale_sse,SH,513160,科技30,153189300.0,份,,,akshare:20240103
2024-01-03,akshare_fund_etf_scale_sse,SH,513180,恒指科技,49373759500.0,份,,,akshare:20240103
2024-01-03,akshare_fund_etf_scale_sse,SH,513190,H股金融,29936000.0,份,,,akshare:20240103
2024-01-03,akshare_fund_etf_scale_sse,SH,513200,港股医药,1662282100.0,份,,,akshare:20240103
2024-01-03,akshare_fund_etf_scale_sse,SH,513220,互联网30,76109400.0,份,,,akshare:20240103
2024-01-03,akshare_fund_etf_scale_sse,SH,513230,H股消费,66422700.00000001,份,,,akshare:20240103
2024-01-03,akshare_fund_etf_scale_sse,SH,513260,恒科技,765243000.0,份,,,akshare:20240103
2024-01-03,akshare_fund_etf_scale_sse,SH,513280,恒生生物,163114500.0,份,,,akshare:20240103
2024-01-03,akshare_fund_etf_scale_sse,SH,513290,纳指生物,728072100.0000001,份,,,akshare:20240103
2024-01-03,akshare_fund_etf_scale_sse,SH,513300,纳斯达克,2424671000.0,份,,,akshare:20240103
2024-01-03,akshare_fund_etf_scale_sse,SH,513310,中韩芯片,160427000.0,份,,,akshare:20240103
2024-01-03,akshare_fund_etf_scale_sse,SH,513320,HK新经济,39010600.0,份,,,akshare:20240103
2024-01-03,akshare_fund_etf_scale_sse,SH,513330,恒生互联,85877480000.0,份,,,akshare:20240103
2024-01-03,akshare_fund_etf_scale_sse,SH,513350,油气ETF,82746000.0,份,,,akshare:20240103
2024-01-03,akshare_fund_etf_scale_sse,SH,513360,教育ETF,610213900.0,份,,,akshare:20240103
2024-01-03,akshare_fund_etf_scale_sse,SH,513380,科技恒生,2521392500.0,份,,,akshare:20240103
2024-01-03,akshare_fund_etf_scale_sse,SH,513390,纳指基金,337379100.00000006,份,,,akshare:20240103
2024-01-03,akshare_fund_etf_scale_sse,SH,513500,标普500,5305638600.0,份,,,akshare:20240103
2024-01-03,akshare_fund_etf_scale_sse,SH,513520,日经ETF,485887200.0,份,,,akshare:20240103
2024-01-03,akshare_fund_etf_scale_sse,SH,513530,港股红利,115938700.00000001,份,,,akshare:20240103
2024-01-03,akshare_fund_etf_scale_sse,SH,513550,港股通50,6014992000.0,份,,,akshare:20240103
2024-01-03,akshare_fund_etf_scale_sse,SH,513560,香港科技,157386000.0,份,,,akshare:20240103
2024-01-03,akshare_fund_etf_scale_sse,SH,513580,HS科技,3359118000.0,份,,,akshare:20240103
2024-01-03,akshare_fund_etf_scale_sse,SH,513590,香港消费,106518900.0,份,,,akshare:20240103
2024-01-03,akshare_fund_etf_scale_sse,SH,513600,恒指ETF,454829500.0,份,,,akshare:20240103
2024-01-03,akshare_fund_etf_scale_sse,SH,513630,香港红利,981359000.0,份,,,akshare:20240103
2024-01-03,akshare_fund_etf_scale_sse,SH,513650,标普ETF,213734000.0,份,,,akshare:20240103
2024-01-03,akshare_fund_etf_scale_sse,SH,513660,恒生通,2338000100.0,份,,,akshare:20240103
2024-01-03,akshare_fund_etf_scale_sse,SH,513690,恒生股息,1103979900.0,份,,,akshare:20240103
2024-01-03,akshare_fund_etf_scale_sse,SH,513700,香港医药,1764846000.0,份,,,akshare:20240103
2024-01-03,akshare_fund_etf_scale_sse,SH,513730,东南亚,658355000.0,份,,,akshare:20240103
2024-01-03,akshare_fund_etf_scale_sse,SH,513750,港股非银,156838000.0,份,,,akshare:20240103
2024-01-03,akshare_fund_etf_scale_sse,SH,513770,港股互联,2303568900.0,份,,,akshare:20240103
2024-01-03,akshare_fund_etf_scale_sse,SH,513800,东证ETF,67044399.99999999,份,,,akshare:20240103
2024-01-03,akshare_fund_etf_scale_sse,SH,513810,港股国企,37992000.0,份,,,akshare:20240103
2024-01-03,akshare_fund_etf_scale_sse,SH,513850,美国50,34892600.0,份,,,akshare:20240103
2024-01-03,akshare_fund_etf_scale_sse,SH,513860,HKC科技,1509470600.0,份,,,akshare:20240103
2024-01-03,akshare_fund_etf_scale_sse,SH,513870,纳指指数,41671000.0,份,,,akshare:20240103
2024-01-03,akshare_fund_etf_scale_sse,SH,513880,日经225,276470000.0,份,,,akshare:20240103
2024-01-03,akshare_fund_etf_scale_sse,SH,513890,HK科技,416128000.0,份,,,akshare:20240103
2024-01-03,akshare_fund_etf_scale_sse,SH,513900,港股100,216978000.0,份,,,akshare:20240103
2024-01-03,akshare_fund_etf_scale_sse,SH,513950,恒生红利,229119000.0,份,,,akshare:20240103
2024-01-03,akshare_fund_etf_scale_sse,SH,513960,港股消费,72932300.0,份,,,akshare:20240103
2024-01-03,akshare_fund_etf_scale_sse,SH,513970,恒生消费,308041000.0,份,,,akshare:20240103
2024-01-03,akshare_fund_etf_scale_sse,SH,513980,科技港股,10950204000.0,份,,,akshare:20240103
2024-01-03,akshare_fund_etf_scale_sse,SH,513990,港股通综,73000000.0,份,,,akshare:20240103
2024-01-03,akshare_fund_etf_scale_sse,SH,515000,科技ETF,2700289699.9999995,份,,,akshare:20240103
2024-01-03,akshare_fund_etf_scale_sse,SH,515010,华夏证券,739771600.0,份,,,akshare:20240103
2024-01-03,akshare_fund_etf_scale_sse,SH,515020,华夏银基,456845300.0,份,,,akshare:20240103
2024-01-03,akshare_fund_etf_scale_sse,SH,515030,新汽车,6998384000.0,份,,,akshare:20240103
2024-01-03,akshare_fund_etf_scale_sse,SH,515050,5GETF,8111068500.0,份,,,akshare:20240103
2024-01-03,akshare_fund_etf_scale_sse,SH,515060,华夏地产,724478100.0,份,,,akshare:20240103
2024-01-03,akshare_fund_etf_scale_sse,SH,515070,AI智能,1809470200.0,份,,,akshare:20240103
2024-01-03,akshare_fund_etf_scale_sse,SH,515080,中证红利,2962148900.0,份,,,akshare:20240103
2024-01-03,akshare_fund_etf_scale_sse,SH,515090,可持续,52801700.0,份,,,akshare:20240103
2024-01-03,akshare_fund_etf_scale_sse,SH,515100,红利100,4260441500.0,份,,,akshare:20240103
2024-01-03,akshare_fund_etf_scale_sse,SH,515110,国企方达,237295000.0,份,,,akshare:20240103
2024-01-03,akshare_fund_etf_scale_sse,SH,515120,创新药,6665993600.0,份,,,akshare:20240103
2024-01-03,akshare_fund_etf_scale_sse,SH,515130,HS300E,79463200.0,份,,,akshare:20240103
2024-01-03,akshare_fund_etf_scale_sse,SH,515150,国企富国,572703200.0,份,,,akshare:20240103
2024-01-03,akshare_fund_etf_scale_sse,SH,515160,MSCI招商,637955100.0,份,,,akshare:20240103
2024-01-03,akshare_fund_etf_scale_sse,SH,515170,食品饮料,4909757900.0,份,,,akshare:20240103
2024-01-03,akshare_fund_etf_scale_sse,SH,515180,100红利,3246637000.0,份,,,akshare:20240103
2024-01-03,akshare_fund_etf_scale_sse,SH,515190,BOCI500,55466100.0,份,,,akshare:20240103
2024-01-03,akshare_fund_etf_scale_sse,SH,515200,创新100,118943200.0,份,,,akshare:20240103
2024-01-03,akshare_fund_etf_scale_sse,SH,515210,钢铁ETF,1030726100.0,份,,,akshare:20240103
2024-01-03,akshare_fund_etf_scale_sse,SH,515220,煤炭ETF,827588500.0,份,,,akshare:20240103
2024-01-03,akshare_fund_etf_scale_sse,SH,515230,软件ETF,1361690900.0,份,,,akshare:20240103
2024-01-03,akshare_fund_etf_scale_sse,SH,515250,智能汽车,1262944500.0,份,,,akshare:20240103
2024-01-03,akshare_fund_etf_scale_sse,SH,515260,电子ETF,723284200.0,份,,,akshare:20240103
2024-01-03,akshare_fund_etf_scale_sse,SH,515280,银行龙头,38118600.0,份,,,akshare:20240103
2024-01-03,akshare_fund_etf_scale_sse,SH,515290,银行,5087572900.0,份,,,akshare:20240103
2024-01-03,akshare_fund_etf_scale_sse,SH,515300,红利300,718175200.0,份,,,akshare:20240103
2024-01-03,akshare_fund_etf_scale_sse,SH,515310,添富300,129111200.00000001,份,,,akshare:20240103
2024-01-03,akshare_fund_etf_scale_sse,SH,515320,电子50,350309000.0,份,,,akshare:20240103
2024-01-03,akshare_fund_etf_scale_sse,SH,515330,天弘300,8387709500.0,份,,,akshare:20240103
2024-01-03,akshare_fund_etf_scale_sse,SH,515350,民生300,26999200.0,份,,,akshare:20240103
2024-01-03,akshare_fund_etf_scale_sse,SH,515360,方正300,32279300.0,份,,,akshare:20240103
2024-01-03,akshare_fund_etf_scale_sse,SH,515380,泰康300,1114299800.0,份,,,akshare:20240103
2024-01-03,akshare_fund_etf_scale_sse,SH,515390,HS300,370683000.0,份,,,akshare:20240103
2024-01-03,akshare_fund_etf_scale_sse,SH,515400,大数据,1633631400.0000002,份,,,akshare:20240103
2024-01-03,akshare_fund_etf_scale_sse,SH,515450,红利50,650335000.0,份,,,akshare:20240103
2024-01-03,akshare_fund_etf_scale_sse,SH,515530,泰康500,25042700.0,份,,,akshare:20240103
2024-01-03,akshare_fund_etf_scale_sse,SH,515550,国联500,25345700.0,份,,,akshare:20240103
2024-01-03,akshare_fund_etf_scale_sse,SH,515560,证券E,473883300.0,份,,,akshare:20240103
2024-01-03,akshare_fund_etf_scale_sse,SH,515580,中证科技,610031400.0,份,,,akshare:20240103
2024-01-03,akshare_fund_etf_scale_sse,SH,515590,500ETFEW,22113700.0,份,,,akshare:20240103
2024-01-03,akshare_fund_etf_scale_sse,SH,515600,央企创新,1513797400.0,份,,,akshare:20240103
2024-01-03,akshare_fund_etf_scale_sse,SH,515630,保险证券,107217700.0,份,,,akshare:20240103
2024-01-03,akshare_fund_etf_scale_sse,SH,515650,消费50,1939184000.0,份,,,akshare:20240103
2024-01-03,akshare_fund_etf_scale_sse,SH,515660,沪深300E,445294200.0,份,,,akshare:20240103
2024-01-03,akshare_fund_etf_scale_sse,SH,515670,中银100,66322500.0,份,,,akshare:20240103
2024-01-03,akshare_fund_etf_scale_sse,SH,515680,创新央企,1522264700.0,份,,,akshare:20240103
2024-01-03,akshare_fund_etf_scale_sse,SH,515700,新能车,2937510200.0,份,,,akshare:20240103
2024-01-03,akshare_fund_etf_scale_sse,SH,515710,食品ETF,1300099800.0,份,,,akshare:20240103
2024-01-03,akshare_fund_etf_scale_sse,SH,515750,科技50,509140500.0,份,,,akshare:20240103
2024-01-03,akshare_fund_etf_scale_sse,SH,515760,浙江国资,199388100.0,份,,,akshare:20240103
2024-01-03,akshare_fund_etf_scale_sse,SH,515770,MSCIAETF,72727300.0,份,,,akshare:20240103
2024-01-03,akshare_fund_etf_scale_sse,SH,515780,浦银MSCI,14785200.0,份,,,akshare:20240103
2024-01-03,akshare_fund_etf_scale_sse,SH,515790,光伏ETF,12957494000.0,份,,,akshare:20240103
2024-01-03,akshare_fund_etf_scale_sse,SH,515800,800ETF,8043437200.0,份,,,akshare:20240103
2024-01-03,akshare_fund_etf_scale_sse,SH,515810,ZZ800ETF,176908800.0,份,,,akshare:20240103
2024-01-03,akshare_fund_etf_scale_sse,SH,515850,证券龙头,191791000.0,份,,,akshare:20240103
2024-01-03,akshare_fund_etf_scale_sse,SH,515860,科技100,168878900.0,份,,,akshare:20240103
2024-01-03,akshare_fund_etf_scale_sse,SH,515880,通信ETF,2043462300.0,份,,,akshare:20240103
2024-01-03,akshare_fund_etf_scale_sse,SH,515890,红利博时,504443900.0,份,,,akshare:20240103
2024-01-03,akshare_fund_etf_scale_sse,SH,515900,央创ETF,3961646500.0,份,,,akshare:20240103
2024-01-03,akshare_fund_etf_scale_sse,SH,515910,质量ETF,470507000.0,份,,,akshare:20240103
2024-01-03,akshare_fund_etf_scale_sse,SH,515920,智能消费,283405700.0,份,,,akshare:20240103
2024-01-03,akshare_fund_etf_scale_sse,SH,515950,医药龙头,932200600.0,份,,,akshare:20240103
2024-01-03,akshare_fund_etf_scale_sse,SH,515960,医药100,341991900.0,份,,,akshare:20240103
2024-01-03,akshare_fund_etf_scale_sse,SH,515980,人工智能,1355064500.0,份,,,akshare:20240103
2024-01-03,akshare_fund_etf_scale_sse,SH,515990,添富国企,99350200.0,份,,,akshare:20240103
2024-01-03,akshare_fund_etf_scale_sse,SH,516000,大数据50,123855000.0,份,,,akshare:20240103
2024-01-03,akshare_fund_etf_scale_sse,SH,516010,游戏ETF,2059693000.0,份,,,akshare:20240103
2024-01-03,akshare_fund_etf_scale_sse,SH,516020,化工ETF,720326200.0,份,,,akshare:20240103
2024-01-03,akshare_fund_etf_scale_sse,SH,516050,科技龙头,753228000.0,份,,,akshare:20240103
2024-01-03,akshare_fund_etf_scale_sse,SH,516060,新药ETF,250237400.00000003,份,,,akshare:20240103
2024-01-03,akshare_fund_etf_scale_sse,SH,516070,碳中和50,810646000.0,份,,,akshare:20240103
2024-01-03,akshare_fund_etf_scale_sse,SH,516080,创新医药,495554800.00000006,份,,,akshare:20240103
2024-01-03,akshare_fund_etf_scale_sse,SH,516090,新能源E,2268844800.0,份,,,akshare:20240103
2024-01-03,akshare_fund_etf_scale_sse,SH,516100,科技金融,62759700.0,份,,,akshare:20240103
2024-01-03,akshare_fund_etf_scale_sse,SH,516110,汽车ETF,1313623100.0,份,,,akshare:20240103
2024-01-03,akshare_fund_etf_scale_sse,SH,516120,化工50,310082000.0,份,,,akshare:20240103
2024-01-03,akshare_fund_etf_scale_sse,SH,516130,消费龙头,101890000.0,份,,,akshare:20240103
2024-01-03,akshare_fund_etf_scale_sse,SH,516150,稀土基金,2015577000.0,份,,,akshare:20240103
2024-01-03,akshare_fund_etf_scale_sse,SH,516160,新能源,10098304000.0,份,,,akshare:20240103
2024-01-03,akshare_fund_etf_scale_sse,SH,516180,光伏产业,106987000.0,份,,,akshare:20240103
2024-01-03,akshare_fund_etf_scale_sse,SH,516190,文娱ETF,21818500.0,份,,,akshare:20240103
2024-01-03,akshare_fund_etf_scale_sse,SH,516200,证券行业,421604000.0,份,,,akshare:20240103
2024-01-03,akshare_fund_etf_scale_sse,SH,516210,银行股,220031000.0,份,,,akshare:20240103
2024-01-03,akshare_fund_etf_scale_sse,SH,516220,化工龙头,291170000.0,份,,,akshare:20240103
2024-01-03,akshare_fund_etf_scale_sse,SH,516260,物联网50,145882600.0,份,,,akshare:20240103
2024-01-03,akshare_fund_etf_scale_sse,SH,516270,新能源50,584909000.0,份,,,akshare:20240103
2024-01-03,akshare_fund_etf_scale_sse,SH,516290,光伏基金,415196900.0,份,,,akshare:20240103
2024-01-03,akshare_fund_etf_scale_sse,SH,516300,中证1000,141602200.0,份,,,akshare:20240103
2024-01-03,akshare_fund_etf_scale_sse,SH,516310,银行指基,143058500.0,份,,,akshare:20240103
2024-01-03,akshare_fund_etf_scale_sse,SH,516320,装备ETF,87589300.0,份,,,akshare:20240103
2024-01-03,akshare_fund_etf_scale_sse,SH,516330,物联网,50471300.0,份,,,akshare:20240103
2024-01-03,akshare_fund_etf_scale_sse,SH,516350,芯片50,565415300.0,份,,,akshare:20240103
2024-01-03,akshare_fund_etf_scale_sse,SH,516360,新材料,156551800.0,份,,,akshare:20240103
2024-01-03,akshare_fund_etf_scale_sse,SH,516380,智能电车,184449300.0,份,,,akshare:20240103
2024-01-03,akshare_fund_etf_scale_sse,SH,516390,电动车,734761000.0,份,,,akshare:20240103
2024-01-03,akshare_fund_etf_scale_sse,SH,516480,新材料基,22146100.0,份,,,akshare:20240103
2024-01-03,akshare_fund_etf_scale_sse,SH,516500,生物ETF,158937200.0,份,,,akshare:20240103
2024-01-03,akshare_fund_etf_scale_sse,SH,516510,云计算,1280890000.0,份,,,akshare:20240103
2024-01-03,akshare_fund_etf_scale_sse,SH,516520,智能驾驶,191765500.0,份,,,akshare:20240103
2024-01-03,akshare_fund_etf_scale_sse,SH,516530,物流快递,93802300.0,份,,,akshare:20240103
2024-01-03,akshare_fund_etf_scale_sse,SH,516550,农业ETF,331414400.0,份,,,akshare:20240103
2024-01-03,akshare_fund_etf_scale_sse,SH,516560,养老ETF,92258000.0,份,,,akshare:20240103
2024-01-03,akshare_fund_etf_scale_sse,SH,516570,石化ETF,42357600.0,份,,,akshare:20240103
2024-01-03,akshare_fund_etf_scale_sse,SH,516580,新能源BS,251124100.0,份,,,akshare:20240103
2024-01-03,akshare_fund_etf_scale_sse,SH,516590,电动汽车,132015000.0,份,,,akshare:20240103
2024-01-03,akshare_fund_etf_scale_sse,SH,516600,消服ETF,167332100.0,份,,,akshare:20240103
2024-01-03,akshare_fund_etf_scale_sse,SH,516610,医服ETF,134974800.0,份,,,akshare:20240103
2024-01-03,akshare_fund_etf_scale_sse,SH,516620,影视ETF,44267500.0,份,,,akshare:20240103
2024-01-03,akshare_fund_etf_scale_sse,SH,516630,云计算50,104156000.0,份,,,akshare:20240103
2024-01-03,akshare_fund_etf_scale_sse,SH,516640,芯片龙头,2423882800.0,份,,,akshare:20240103
2024-01-03,akshare_fund_etf_scale_sse,SH,516650,有色50,60464799.99999999,份,,,akshare:20240103
2024-01-03,akshare_fund_etf_scale_sse,SH,516660,新能汽车,515689000.0,份,,,akshare:20240103
2024-01-03,akshare_fund_etf_scale_sse,SH,516670,畜牧养殖,1009266300.0,份,,,akshare:20240103
2024-01-03,akshare_fund_etf_scale_sse,SH,516690,化工产业,75243000.0,份,,,akshare:20240103
2024-01-03,akshare_fund_etf_scale_sse,SH,516700,数据产业,44622000.0,份,,,akshare:20240103
2024-01-03,akshare_fund_etf_scale_sse,SH,516710,新材料50,184272000.0,份,,,akshare:20240103
2024-01-03,akshare_fund_etf_scale_sse,SH,516720,ESGETF,51337800.0,份,,,akshare:20240103
2024-01-03,akshare_fund_etf_scale_sse,SH,516730,证券公司,76380800.0,份,,,akshare:20240103
2024-01-03,akshare_fund_etf_scale_sse,SH,516750,建材ETF,136667300.0,份,,,akshare:20240103
2024-01-03,akshare_fund_etf_scale_sse,SH,516760,养殖ETF,278215100.0,份,,,akshare:20240103
2024-01-03,akshare_fund_etf_scale_sse,SH,516770,游戏动漫,136648000.0,份,,,akshare:20240103
2024-01-03,akshare_fund_etf_scale_sse,SH,516780,稀土ETF,757549800.0,份,,,akshare:20240103
2024-01-03,akshare_fund_etf_scale_sse,SH,516790,保健ETF,211282200.0,份,,,akshare:20240103
2024-01-03,akshare_fund_etf_scale_sse,SH,516800,智能制造,229154000.0,份,,,akshare:20240103
2024-01-03,akshare_fund_etf_scale_sse,SH,516810,农业,195478900.0,份,,,akshare:20240103
2024-01-03,akshare_fund_etf_scale_sse,SH,516820,医疗创新,3004415200.0,份,,,akshare:20240103
2024-01-03,akshare_fund_etf_scale_sse,SH,516830,300ESG,239676900.0,份,,,akshare:20240103
2024-01-03,akshare_fund_etf_scale_sse,SH,516850,新能源80,120237000.0,份,,,akshare:20240103
2024-01-03,akshare_fund_etf_scale_sse,SH,516860,金融科技,116522000.0,份,,,akshare:20240103
2024-01-03,akshare_fund_etf_scale_sse,SH,516880,光伏50,1191944100.0,份,,,akshare:20240103
2024-01-03,akshare_fund_etf_scale_sse,SH,516890,新材ETF,66311400.0,份,,,akshare:20240103
2024-01-03,akshare_fund_etf_scale_sse,SH,516900,食品50,49229000.0,份,,,akshare:20240103
2024-01-03,akshare_fund_etf_scale_sse,SH,516910,物流ETF,114141800.0,份,,,akshare:20240103
2024-01-03,akshare_fund_etf_scale_sse,SH,516920,芯片基金,695463000.0,份,,,akshare:20240103
2024-01-03,akshare_fund_etf_scale_sse,SH,516930,生科ETF,71639600.0,份,,,akshare:20240103
2024-01-03,akshare_fund_etf_scale_sse,SH,516950,基建ETF,863821000.0,份,,,akshare:20240103
2024-01-03,akshare_fund_etf_scale_sse,SH,516960,机械ETF,87051100.0,份,,,akshare:20240103
2024-01-03,akshare_fund_etf_scale_sse,SH,516970,基建50,4125042500.0,份,,,akshare:20240103
2024-01-03,akshare_fund_etf_scale_sse,SH,516980,证券先锋,30516000.0,份,,,akshare:20240103
2024-01-03,akshare_fund_etf_scale_sse,SH,517000,沪港深,617793000.0,份,,,akshare:20240103
2024-01-03,akshare_fund_etf_scale_sse,SH,517010,HGS500E,54144200.0,份,,,akshare:20240103
2024-01-03,akshare_fund_etf_scale_sse,SH,517030,HGS300,48040300.0,份,,,akshare:20240103
2024-01-03,akshare_fund_etf_scale_sse,SH,517050,互联网50,843605000.0,份,,,akshare:20240103
2024-01-03,akshare_fund_etf_scale_sse,SH,517080,HGS500,705166000.0,份,,,akshare:20240103
2024-01-03,akshare_fund_etf_scale_sse,SH,517090,共赢ETF,363075000.0,份,,,akshare:20240103
2024-01-03,akshare_fund_etf_scale_sse,SH,517100,AH500ETF,440602100.0,份,,,akshare:20240103
2024-01-03,akshare_fund_etf_scale_sse,SH,517110,创新药HK,291098500.0,份,,,akshare:20240103
2024-01-03,akshare_fund_etf_scale_sse,SH,517120,创新药50,688966400.0,份,,,akshare:20240103
2024-01-03,akshare_fund_etf_scale_sse,SH,517160,长江ETF,2134777500.0,份,,,akshare:20240103
2024-01-03,akshare_fund_etf_scale_sse,SH,517170,沪港深E,46131800.0,份,,,akshare:20240103
2024-01-03,akshare_fund_etf_scale_sse,SH,517180,中国国企,384496300.0,份,,,akshare:20240103
2024-01-03,akshare_fund_etf_scale_sse,SH,517200,互联网,245782000.0,份,,,akshare:20240103
2024-01-03,akshare_fund_etf_scale_sse,SH,517270,科技TOP,20091600.0,份,,,akshare:20240103
2024-01-03,akshare_fund_etf_scale_sse,SH,517280,网购ETF,42552500.0,份,,,akshare:20240103
2024-01-03,akshare_fund_etf_scale_sse,SH,517300,AH300ETF,2892434500.0,份,,,akshare:20240103
2024-01-03,akshare_fund_etf_scale_sse,SH,517330,长江保护,2113169000.0,份,,,akshare:20240103
2024-01-03,akshare_fund_etf_scale_sse,SH,517350,中概科技,184042000.0,份,,,akshare:20240103
2024-01-03,akshare_fund_etf_scale_sse,SH,517360,AH科技,82083000.0,份,,,akshare:20240103
2024-01-03,akshare_fund_etf_scale_sse,SH,517380,创新药AH,522326300.0,份,,,akshare:20240103
2024-01-03,akshare_fund_etf_scale_sse,SH,517390,云计算AH,54112600.0,份,,,akshare:20240103
2024-01-03,akshare_fund_etf_scale_sse,SH,517520,黄金股,109404000.0,份,,,akshare:20240103
2024-01-03,akshare_fund_etf_scale_sse,SH,517550,消费主题,39917400.0,份,,,akshare:20240103
2024-01-03,akshare_fund_etf_scale_sse,SH,517660,物联网AH,42280700.0,份,,,akshare:20240103
2024-01-03,akshare_fund_etf_scale_sse,SH,517760,消费TOP,12552600.0,份,,,akshare:20240103
2024-01-03,akshare_fund_etf_scale_sse,SH,517770,游戏传媒,25947800.000000004,份,,,akshare:20240103
2024-01-03,akshare_fund_etf_scale_sse,SH,517800,AI50,150539700.0,份,,,akshare:20240103
2024-01-03,akshare_fund_etf_scale_sse,SH,517850,张江ETF,198185200.0,份,,,akshare:20240103
2024-01-03,akshare_fund_etf_scale_sse,SH,517880,品牌消费,49337100.0,份,,,akshare:20240103
2024-01-03,akshare_fund_etf_scale_sse,SH,517900,银行优选,47993500.0,份,,,akshare:20240103
2024-01-03,akshare_fund_etf_scale_sse,SH,517960,科技AH,88182000.0,份,,,akshare:20240103
2024-01-03,akshare_fund_etf_scale_sse,SH,517990,医药基金,30987900.0,份,,,akshare:20240103
2024-01-03,akshare_fund_etf_scale_sse,SH,518600,上海金,10993599.999999998,份,,,akshare:20240103
2024-01-03,akshare_fund_etf_scale_sse,SH,518660,工银黄金,22652700.0,份,,,akshare:20240103
2024-01-03,akshare_fund_etf_scale_sse,SH,518680,金ETF,67558000.0,份,,,akshare:20240103
2024-01-03,akshare_fund_etf_scale_sse,SH,518800,黄金基金,421619900.0,份,,,akshare:20240103
2024-01-03,akshare_fund_etf_scale_sse,SH,518850,黄金9999,45078700.0,份,,,akshare:20240103
2024-01-03,akshare_fund_etf_scale_sse,SH,518860,上海金E,15459800.0,份,,,akshare:20240103
2024-01-03,akshare_fund_etf_scale_sse,SH,518880,黄金ETF,2983240800.0,份,,,akshare:20240103
2024-01-03,akshare_fund_etf_scale_sse,SH,518890,中银黄金,9854800.0,份,,,akshare:20240103
2024-01-03,akshare_fund_etf_scale_sse,SH,560000,智慧电车,21022900.0,份,,,akshare:20240103
2024-01-03,akshare_fund_etf_scale_sse,SH,560010,1000基金,3224621700.0,份,,,akshare:20240103
2024-01-03,akshare_fund_etf_scale_sse,SH,560020,红利添富,86562000.0,份,,,akshare:20240103
2024-01-03,akshare_fund_etf_scale_sse,SH,560030,800价值,59432000.0,份,,,akshare:20240103
2024-01-03,akshare_fund_etf_scale_sse,SH,560050,MSCIA50,7525934399.999999,份,,,akshare:20240103
2024-01-03,akshare_fund_etf_scale_sse,SH,560060,碳中和基,458090000.0,份,,,akshare:20240103
2024-01-03,akshare_fund_etf_scale_sse,SH,560070,央企分红,967662300.0,份,,,akshare:20240103
2024-01-03,akshare_fund_etf_scale_sse,SH,560080,中药ETF,1727265000.0,份,,,akshare:20240103
2024-01-03,akshare_fund_etf_scale_sse,SH,560090,证券指数,1242365000.0,份,,,akshare:20240103
2024-01-03,akshare_fund_etf_scale_sse,SH,560100,增强ETF,119580300.0,份,,,akshare:20240103
2024-01-03,akshare_fund_etf_scale_sse,SH,560110,ZZ1000,472903500.0,份,,,akshare:20240103
2024-01-03,akshare_fund_etf_scale_sse,SH,560170,央企科技,2953495500.0,份,,,akshare:20240103
2024-01-03,akshare_fund_etf_scale_sse,SH,560180,ESG300,110603000.0,份,,,akshare:20240103
2024-01-03,akshare_fund_etf_scale_sse,SH,560220,2000基金,48717000.0,份,,,akshare:20240103
2024-01-03,akshare_fund_etf_scale_sse,SH,560260,医疗50,1840664700.0,份,,,akshare:20240103
2024-01-03,akshare_fund_etf_scale_sse,SH,560280,工程机械,12252000.0,份,,,akshare:20240103
2024-01-03,akshare_fund_etf_scale_sse,SH,560300,电信50,77803400.0,份,,,akshare:20240103
2024-01-03,akshare_fund_etf_scale_sse,SH,560330,300价值E,84130000.0,份,,,akshare:20240103
2024-01-03,akshare_fund_etf_scale_sse,SH,560500,500质量,870339000.0,份,,,akshare:20240103
2024-01-03,akshare_fund_etf_scale_sse,SH,560550,碳中和,905597400.0,份,,,akshare:20240103
2024-01-03,akshare_fund_etf_scale_sse,SH,560560,碳中和TK,161190100.0,份,,,akshare:20240103
2024-01-03,akshare_fund_etf_scale_sse,SH,560580,电力指基,50003000.0,份,,,akshare:20240103
2024-01-03,akshare_fund_etf_scale_sse,SH,560590,1000鹏华,19710000.0,份,,,akshare:20240103
2024-01-03,akshare_fund_etf_scale_sse,SH,560650,核心50,18419200.0,份,,,akshare:20240103
2024-01-03,akshare_fund_etf_scale_sse,SH,560660,云50ETF,66969000.0,份,,,akshare:20240103
2024-01-03,akshare_fund_etf_scale_sse,SH,560680,龙头消费,51725600.00000001,份,,,akshare:20240103
2024-01-03,akshare_fund_etf_scale_sse,SH,560700,央红利50,1053036900.0,份,,,akshare:20240103
2024-01-03,akshare_fund_etf_scale_sse,SH,560780,半导设备,109496000.0,份,,,akshare:20240103
2024-01-03,akshare_fund_etf_scale_sse,SH,560800,数字ETF,2207951100.0,份,,,akshare:20240103
2024-01-03,akshare_fund_etf_scale_sse,SH,560860,工业有色,306233000.0,份,,,akshare:20240103
2024-01-03,akshare_fund_etf_scale_sse,SH,560880,家电基金,634732000.0,份,,,akshare:20240103
2024-01-03,akshare_fund_etf_scale_sse,SH,560900,创新药企,235969100.0,份,,,akshare:20240103
2024-01-03,akshare_fund_etf_scale_sse,SH,560950,500增,53483000.0,份,,,akshare:20240103
2024-01-03,akshare_fund_etf_scale_sse,SH,560960,碳60ETF,43598900.0,份,,,akshare:20240103
2024-01-03,akshare_fund_etf_scale_sse,SH,560980,光伏30,360022000.0,份,,,akshare:20240103
2024-01-03,akshare_fund_etf_scale_sse,SH,560990,科技先锋,70187100.0,份,,,akshare:20240103
2024-01-03,akshare_fund_etf_scale_sse,SH,561000,300指增,72420000.0,份,,,akshare:20240103
2024-01-03,akshare_fund_etf_scale_sse,SH,561010,软件开发,64356000.0,份,,,akshare:20240103
2024-01-03,akshare_fund_etf_scale_sse,SH,561060,红利国企,71565000.0,份,,,akshare:20240103
2024-01-03,akshare_fund_etf_scale_sse,SH,561100,电子龙头,709746900.0,份,,,akshare:20240103
2024-01-03,akshare_fund_etf_scale_sse,SH,561120,家电ETF,148159900.0,份,,,akshare:20240103
2024-01-03,akshare_fund_etf_scale_sse,SH,561130,国货ETF,309935200.0,份,,,akshare:20240103
2024-01-03,akshare_fund_etf_scale_sse,SH,561160,锂电池,1940335000.0,份,,,akshare:20240103
2024-01-03,akshare_fund_etf_scale_sse,SH,561170,绿电50,208032700.0,份,,,akshare:20240103
2024-01-03,akshare_fund_etf_scale_sse,SH,561180,A100ETF,63609600.0,份,,,akshare:20240103
2024-01-03,akshare_fund_etf_scale_sse,SH,561190,双碳ETF,1357318000.0,份,,,akshare:20240103
2024-01-03,akshare_fund_etf_scale_sse,SH,561260,能源ETF,606895200.0,份,,,akshare:20240103
2024-01-03,akshare_fund_etf_scale_sse,SH,561280,增强1000,30847700.0,份,,,akshare:20240103
2024-01-03,akshare_fund_etf_scale_sse,SH,561300,300增ETF,1648965000.0,份,,,akshare:20240103
2024-01-03,akshare_fund_etf_scale_sse,SH,561310,消电ETF,160916600.0,份,,,akshare:20240103
2024-01-03,akshare_fund_etf_scale_sse,SH,561320,交运ETF,110369000.0,份,,,akshare:20240103
2024-01-03,akshare_fund_etf_scale_sse,SH,561330,矿业ETF,57696100.0,份,,,akshare:20240103
2024-01-03,akshare_fund_etf_scale_sse,SH,561350,国泰500,265700000.0,份,,,akshare:20240103
2024-01-03,akshare_fund_etf_scale_sse,SH,561360,石油ETF,42148000.0,份,,,akshare:20240103
2024-01-03,akshare_fund_etf_scale_sse,SH,561370,2000ETF,24356000.0,份,,,akshare:20240103
2024-01-03,akshare_fund_etf_scale_sse,SH,561500,漂亮50,113100300.0,份,,,akshare:20240103
2024-01-03,akshare_fund_etf_scale_sse,SH,561510,中医药,96206000.0,份,,,akshare:20240103
2024-01-03,akshare_fund_etf_scale_sse,SH,561550,500指增,799489600.0000001,份,,,akshare:20240103
2024-01-03,akshare_fund_etf_scale_sse,SH,561560,电力ETF,146124200.0,份,,,akshare:20240103
2024-01-03,akshare_fund_etf_scale_sse,SH,561580,央企红利,605870700.0,份,,,akshare:20240103
2024-01-03,akshare_fund_etf_scale_sse,SH,561590,1000增强,81499600.0,份,,,akshare:20240103
2024-01-03,akshare_fund_etf_scale_sse,SH,561600,消费电子,152274000.0,份,,,akshare:20240103
2024-01-03,akshare_fund_etf_scale_sse,SH,561700,电力基金,125313600.0,份,,,akshare:20240103
2024-01-03,akshare_fund_etf_scale_sse,SH,561710,疫苗,69596100.0,份,,,akshare:20240103
2024-01-03,akshare_fund_etf_scale_sse,SH,561780,1000指增,58955800.0,份,,,akshare:20240103
2024-01-03,akshare_fund_etf_scale_sse,SH,561790,现代能源,823934000.0,份,,,akshare:20240103
2024-01-03,akshare_fund_etf_scale_sse,SH,561800,稀金属,175577200.0,份,,,akshare:20240103
2024-01-03,akshare_fund_etf_scale_sse,SH,561900,沪深ESG,74334400.0,份,,,akshare:20240103
2024-01-03,akshare_fund_etf_scale_sse,SH,561910,电池ETF,919076600.0,份,,,akshare:20240103
2024-01-03,akshare_fund_etf_scale_sse,SH,561920,疫苗龙头,34692000.0,份,,,akshare:20240103
2024-01-03,akshare_fund_etf_scale_sse,SH,561950,500增强A,135156000.0,份,,,akshare:20240103
2024-01-03,akshare_fund_etf_scale_sse,SH,561960,央企回报,406185199.99999994,份,,,akshare:20240103
2024-01-03,akshare_fund_etf_scale_sse,SH,561980,芯片设备,63110000.0,份,,,akshare:20240103
2024-01-03,akshare_fund_etf_scale_sse,SH,561990,300增强,634649200.0,份,,,akshare:20240103
2024-01-03,akshare_fund_etf_scale_sse,SH,562000,100ETF基,984368900.0,份,,,akshare:20240103
2024-01-03,akshare_fund_etf_scale_sse,SH,562010,绿色能源,35298700.0,份,,,akshare:20240103
2024-01-03,akshare_fund_etf_scale_sse,SH,562030,信创基金,55986899.99999999,份,,,akshare:20240103
2024-01-03,akshare_fund_etf_scale_sse,SH,562060,标普红利,307896300.0,份,,,akshare:20240103
2024-01-03,akshare_fund_etf_scale_sse,SH,562300,低碳ETF,160495000.0,份,,,akshare:20240103
2024-01-03,akshare_fund_etf_scale_sse,SH,562310,300成长,1340572300.0,份,,,akshare:20240103
2024-01-03,akshare_fund_etf_scale_sse,SH,562320,300价值A,55295500.0,份,,,akshare:20240103
2024-01-03,akshare_fund_etf_scale_sse,SH,562330,500价值,48018900.0,份,,,akshare:20240103
2024-01-03,akshare_fund_etf_scale_sse,SH,562350,电力,29410900.0,份,,,akshare:20240103
2024-01-03,akshare_fund_etf_scale_sse,SH,562360,机器人YH,77474000.0,份,,,akshare:20240103
2024-01-03,akshare_fund_etf_scale_sse,SH,562380,科技引领,522128900.0,份,,,akshare:20240103
2024-01-03,akshare_fund_etf_scale_sse,SH,562390,中药,65429000.0,份,,,akshare:20240103
2024-01-03,akshare_fund_etf_scale_sse,SH,562500,机器人,1111187300.0,份,,,akshare:20240103
2024-01-03,akshare_fund_etf_scale_sse,SH,562510,旅游ETF,1060095000.0,份,,,akshare:20240103
2024-01-03,akshare_fund_etf_scale_sse,SH,562520,1000成长,52568000.0,份,,,akshare:20240103
2024-01-03,akshare_fund_etf_scale_sse,SH,562530,1000价值,50144000.0,份,,,akshare:20240103
2024-01-03,akshare_fund_etf_scale_sse,SH,562550,绿电ETF,70419300.0,份,,,akshare:20240103
2024-01-03,akshare_fund_etf_scale_sse,SH,562590,半导材料,26663000.0,份,,,akshare:20240103
2024-01-03,akshare_fund_etf_scale_sse,SH,562600,医疗器械,98937400.0,份,,,akshare:20240103
2024-01-03,akshare_fund_etf_scale_sse,SH,562660,ZZ2000,88874000.0,份,,,akshare:20240103
2024-01-03,akshare_fund_etf_scale_sse,SH,562800,稀有金属,2209945000.0,份,,,akshare:20240103
2024-01-03,akshare_fund_etf_scale_sse,SH,562850,央企能源,864981500.0,份,,,akshare:20240103
2024-01-03,akshare_fund_etf_scale_sse,SH,562860,生物疫苗,590895000.0,份,,,akshare:20240103
2024-01-03,akshare_fund_etf_scale_sse,SH,562880,电池基金,508399600.0,份,,,akshare:20240103
2024-01-03,akshare_fund_etf_scale_sse,SH,562900,现代农业,87706299.99999999,份,,,akshare:20240103
2024-01-03,akshare_fund_etf_scale_sse,SH,562910,高端制造,197227300.0,份,,,akshare:20240103
2024-01-03,akshare_fund_etf_scale_sse,SH,562920,信息安全,24069000.0,份,,,akshare:20240103
2024-01-03,akshare_fund_etf_scale_sse,SH,562930,软件30,40437000.0,份,,,akshare:20240103
2024-01-03,akshare_fund_etf_scale_sse,SH,562950,消电50,137258300.0,份,,,akshare:20240103
2024-01-03,akshare_fund_etf_scale_sse,SH,562960,绿色电力,26891000.0,份,,,akshare:20240103
2024-01-03,akshare_fund_etf_scale_sse,SH,562990,碳中和E,2246756000.0,份,,,akshare:20240103
2024-01-03,akshare_fund_etf_scale_sse,SH,563000,中国A50,6585951100.0,份,,,akshare:20240103
2024-01-03,akshare_fund_etf_scale_sse,SH,563010,电信ETF,32189300.0,份,,,akshare:20240103
2024-01-03,akshare_fund_etf_scale_sse,SH,563020,低波红利,80910000.0,份,,,akshare:20240103
2024-01-03,akshare_fund_etf_scale_sse,SH,563030,增强500,310169000.0,份,,,akshare:20240103
2024-01-03,akshare_fund_etf_scale_sse,SH,563050,科技央企,410208399.99999994,份,,,akshare:20240103
2024-01-03,akshare_fund_etf_scale_sse,SH,563200,2000指数,195458800.0,份,,,akshare:20240103
2024-01-03,akshare_fund_etf_scale_sse,SH,563300,中证2000,706174000.0,份,,,akshare:20240103
2024-01-03,akshare_fund_etf_scale_sse,SH,563330,A股ETF,267421000.0,份,,,akshare:20240103
2024-01-03,akshare_fund_etf_scale_sse,SH,588000,科创50,105104668200.0,份,,,akshare:20240103
2024-01-03,akshare_fund_etf_scale_sse,SH,588010,科创材料,132925800.0,份,,,akshare:20240103
2024-01-03,akshare_fund_etf_scale_sse,SH,588020,科创50E,185791000.0,份,,,akshare:20240103
2024-01-03,akshare_fund_etf_scale_sse,SH,588030,科创指基,8639838100.0,份,,,akshare:20240103
2024-01-03,akshare_fund_etf_scale_sse,SH,588050,科创ETF,9793241300.0,份,,,akshare:20240103
2024-01-03,akshare_fund_etf_scale_sse,SH,588060,上证科创,6509140000.0,份,,,akshare:20240103
2024-01-03,akshare_fund_etf_scale_sse,SH,588080,科创板50,35800628100.0,份,,,akshare:20240103
2024-01-03,akshare_fund_etf_scale_sse,SH,588090,科创板,5550272800.0,份,,,akshare:20240103
2024-01-03,akshare_fund_etf_scale_sse,SH,588100,科创信息,623748700.0,份,,,akshare:20240103
2024-01-03,akshare_fund_etf_scale_sse,SH,588110,科创成长,232758000.0,份,,,akshare:20240103
2024-01-03,akshare_fund_etf_scale_sse,SH,588120,科100ETF,3120811000.0,份,,,akshare:20240103
2024-01-03,akshare_fund_etf_scale_sse,SH,588150,科创龙头,430432600.0,份,,,akshare:20240103
2024-01-03,akshare_fund_etf_scale_sse,SH,588160,科创新材,114996000.0,份,,,akshare:20240103
2024-01-03,akshare_fund_etf_scale_sse,SH,588180,科创50基,4448353700.0,份,,,akshare:20240103
2024-01-03,akshare_fund_etf_scale_sse,SH,588190,科创100,3121618300.0,份,,,akshare:20240103
2024-01-03,akshare_fund_etf_scale_sse,SH,588200,科创芯片,6186894800.0,份,,,akshare:20240103
2024-01-03,akshare_fund_etf_scale_sse,SH,588210,科创100E,355754000.0,份,,,akshare:20240103
2024-01-03,akshare_fund_etf_scale_sse,SH,588220,科创鹏华,7817197900.0,份,,,akshare:20240103
2024-01-03,akshare_fund_etf_scale_sse,SH,588260,科创技术,154746000.0,份,,,akshare:20240103
2024-01-03,akshare_fund_etf_scale_sse,SH,588280,科创五零,404121000.0,份,,,akshare:20240103
2024-01-03,akshare_fund_etf_scale_sse,SH,588290,芯片科创,1103897000.0,份,,,akshare:20240103
2024-01-03,akshare_fund_etf_scale_sse,SH,588300,双创ETF,3061210500.0,份,,,akshare:20240103
2024-01-03,akshare_fund_etf_scale_sse,SH,588310,双创基金,81037500.0,份,,,akshare:20240103
2024-01-03,akshare_fund_etf_scale_sse,SH,588320,双创增强,14824600.0,份,,,akshare:20240103
2024-01-03,akshare_fund_etf_scale_sse,SH,588330,双创龙头,1759737800.0,份,,,akshare:20240103
2024-01-03,akshare_fund_etf_scale_sse,SH,588350,双创,1908546000.0,份,,,akshare:20240103
2024-01-03,akshare_fund_etf_scale_sse,SH,588360,创创ETF,1025481799.9999999,份,,,akshare:20240103
2024-01-03,akshare_fund_etf_scale_sse,SH,588370,科创策略,248272000.0,份,,,akshare:20240103
2024-01-03,akshare_fund_etf_scale_sse,SH,588380,创50ETF,4388770000.0,份,,,akshare:20240103
2024-01-03,akshare_fund_etf_scale_sse,SH,588390,科创创业,509935899.99999994,份,,,akshare:20240103
2024-01-03,akshare_fund_etf_scale_sse,SH,588400,双创50,3618600600.0,份,,,akshare:20240103
2024-01-03,akshare_fund_etf_scale_sse,SH,588460,科创增强,780014000.0,份,,,akshare:20240103
2024-01-03,akshare_fund_etf_scale_sse,SH,588800,科创100C,7764877000.0,份,,,akshare:20240103
2024-01-03,akshare_fund_etf_scale_sse,SH,588880,科创指数,573368000.0,份,,,akshare:20240103
2024-01-03,akshare_fund_etf_scale_sse,SH,588900,科创100N,712783000.0,份,,,akshare:20240103
2024-01-04,akshare_fund_etf_scale_sse,SH,510010,治理ETF,162524400.0,份,,,akshare:20240104
2024-01-04,akshare_fund_etf_scale_sse,SH,510020,超大ETF,40648000.0,份,,,akshare:20240104
2024-01-04,akshare_fund_etf_scale_sse,SH,510030,价值ETF,198229800.0,份,,,akshare:20240104
2024-01-04,akshare_fund_etf_scale_sse,SH,510050,50ETF,33704766800.0,份,,,akshare:20240104
2024-01-04,akshare_fund_etf_scale_sse,SH,510060,央企ETF,57959200.0,份,,,akshare:20240104
2024-01-04,akshare_fund_etf_scale_sse,SH,510090,ESG建信,31581100.0,份,,,akshare:20240104
2024-01-04,akshare_fund_etf_scale_sse,SH,510100,SZ50ETF,5087419900.0,份,,,akshare:20240104
2024-01-04,akshare_fund_etf_scale_sse,SH,510130,中盘ETF,42685100.0,份,,,akshare:20240104
2024-01-04,akshare_fund_etf_scale_sse,SH,510150,消费ETF,2173178600.0,份,,,akshare:20240104
2024-01-04,akshare_fund_etf_scale_sse,SH,510160,产业升级,346057400.0,份,,,akshare:20240104
2024-01-04,akshare_fund_etf_scale_sse,SH,510170,商品ETF,224914800.0,份,,,akshare:20240104
2024-01-04,akshare_fund_etf_scale_sse,SH,510180,180ETF,5904057700.0,份,,,akshare:20240104
2024-01-04,akshare_fund_etf_scale_sse,SH,510190,上证50基,37650800.0,份,,,akshare:20240104
2024-01-04,akshare_fund_etf_scale_sse,SH,510200,上证券商,64885500.0,份,,,akshare:20240104
2024-01-04,akshare_fund_etf_scale_sse,SH,510210,综指ETF,9509192600.0,份,,,akshare:20240104
2024-01-04,akshare_fund_etf_scale_sse,SH,510230,金融ETF,3399808000.0,份,,,akshare:20240104
2024-01-04,akshare_fund_etf_scale_sse,SH,510270,国企ETF,15832100.0,份,,,akshare:20240104
2024-01-04,akshare_fund_etf_scale_sse,SH,510290,380ETF,94448900.0,份,,,akshare:20240104
2024-01-04,akshare_fund_etf_scale_sse,SH,510300,300ETF,36560287700.0,份,,,akshare:20240104
2024-01-04,akshare_fund_etf_scale_sse,SH,510310,HS300ETF,29216307400.000004,份,,,akshare:20240104
2024-01-04,akshare_fund_etf_scale_sse,SH,510330,华夏300,10847049800.0,份,,,akshare:20240104
2024-01-04,akshare_fund_etf_scale_sse,SH,510350,工银300,631014700.0,份,,,akshare:20240104
2024-01-04,akshare_fund_etf_scale_sse,SH,510360,广发300,1910381200.0,份,,,akshare:20240104
2024-01-04,akshare_fund_etf_scale_sse,SH,510370,兴业300,69258100.0,份,,,akshare:20240104
2024-01-04,akshare_fund_etf_scale_sse,SH,510380,国寿300,1377802400.0,份,,,akshare:20240104
2024-01-04,akshare_fund_etf_scale_sse,SH,510390,平安300,163550000.0,份,,,akshare:20240104
2024-01-04,akshare_fund_etf_scale_sse,SH,510410,资源ETF,362258399.99999994,份,,,akshare:20240104
2024-01-04,akshare_fund_etf_scale_sse,SH,510500,500ETF,8104968600.0,份,,,akshare:20240104
2024-01-04,akshare_fund_etf_scale_sse,SH,510510,广发500,1757038299.9999998,份,,,akshare:20240104
2024-01-04,akshare_fund_etf_scale_sse,SH,510530,工银500,42479399.99999999,份,,,akshare:20240104
2024-01-04,akshare_fund_etf_scale_sse,SH,510550,方正500,13743300.0,份,,,akshare:20240104
2024-01-04,akshare_fund_etf_scale_sse,SH,510560,国寿500,140318700.0,份,,,akshare:20240104
2024-01-04,akshare_fund_etf_scale_sse,SH,510570,兴业500,28060600.0,份,,,akshare:20240104
2024-01-04,akshare_fund_etf_scale_sse,SH,510580,ZZ500ETF,3547965200.0,份,,,akshare:20240104
2024-01-04,akshare_fund_etf_scale_sse,SH,510590,平安500,220386100.0,份,,,akshare:20240104
2024-01-04,akshare_fund_etf_scale_sse,SH,510600,沪50ETF,15715100.0,份,,,akshare:20240104
2024-01-04,akshare_fund_etf_scale_sse,SH,510630,消费30,305361500.0,份,,,akshare:20240104
2024-01-04,akshare_fund_etf_scale_sse,SH,510650,金融行业,23952500.0,份,,,akshare:20240104
2024-01-04,akshare_fund_etf_scale_sse,SH,510660,医药行业,46879700.0,份,,,akshare:20240104
2024-01-04,akshare_fund_etf_scale_sse,SH,510680,万家50,36124700.0,份,,,akshare:20240104
2024-01-04,akshare_fund_etf_scale_sse,SH,510710,上50ETF,188318900.0,份,,,akshare:20240104
2024-01-04,akshare_fund_etf_scale_sse,SH,510760,上证ETF,899503700.0,份,,,akshare:20240104
2024-01-04,akshare_fund_etf_scale_sse,SH,510770,G60创新,42610700.0,份,,,akshare:20240104
2024-01-04,akshare_fund_etf_scale_sse,SH,510800,上证50,619576000.0,份,,,akshare:20240104
2024-01-04,akshare_fund_etf_scale_sse,SH,510810,上海国企,8845093700.0,份,,,akshare:20240104
2024-01-04,akshare_fund_etf_scale_sse,SH,510850,工银上50,70698900.0,份,,,akshare:20240104
2024-01-04,akshare_fund_etf_scale_sse,SH,510880,红利ETF,5700175699.999999,份,,,akshare:20240104
2024-01-04,akshare_fund_etf_scale_sse,SH,510900,H股ETF,13356021900.0,份,,,akshare:20240104
2024-01-04,akshare_fund_etf_scale_sse,SH,510980,上证综合,257798000.0,份,,,akshare:20240104
2024-01-04,akshare_fund_etf_scale_sse,SH,510990,ESG180,56948600.0,份,,,akshare:20240104
2024-01-04,akshare_fund_etf_scale_sse,SH,511010,国债ETF,10906300.000000002,份,,,akshare:20240104
2024-01-04,akshare_fund_etf_scale_sse,SH,511020,活跃国债,9977500.0,份,,,akshare:20240104
2024-01-04,akshare_fund_etf_scale_sse,SH,511030,公司债,588307100.0,份,,,akshare:20240104
2024-01-04,akshare_fund_etf_scale_sse,SH,511060,5年地债,5766300.0,份,,,akshare:20240104
2024-01-04,akshare_fund_etf_scale_sse,SH,511090,30年国债,3718100.0,份,,,akshare:20240104
2024-01-04,akshare_fund_etf_scale_sse,SH,511100,基准国债,15780500.0,份,,,akshare:20240104
2024-01-04,akshare_fund_etf_scale_sse,SH,511180,上证转债,33159699.999999996,份,,,akshare:20240104
2024-01-04,akshare_fund_etf_scale_sse,SH,511220,城投ETF,304781400.0,份,,,akshare:20240104
2024-01-04,akshare_fund_etf_scale_sse,SH,511260,十年国债,5006500.0,份,,,akshare:20240104
2024-01-04,akshare_fund_etf_scale_sse,SH,511270,10年地债,6767500.0,份,,,akshare:20240104
2024-01-04,akshare_fund_etf_scale_sse,SH,511360,短融ETF,208364600.0,份,,,akshare:20240104
2024-01-04,akshare_fund_etf_scale_sse,SH,511380,转债ETF,570486700.0,份,,,akshare:20240104
2024-01-04,akshare_fund_etf_scale_sse,SH,511520,政金债,66346500.0,份,,,akshare:20240104
2024-01-04,akshare_fund_etf_scale_sse,SH,511580,政金债基,1798800.0,份,,,akshare:20240104
2024-01-04,akshare_fund_etf_scale_sse,SH,512000,券商ETF,25216517700.0,份,,,akshare:20240104
2024-01-04,akshare_fund_etf_scale_sse,SH,512010,医药ETF,50045694900.0,份,,,akshare:20240104
2024-01-04,akshare_fund_etf_scale_sse,SH,512040,国信价值,440715899.99999994,份,,,akshare:20240104
2024-01-04,akshare_fund_etf_scale_sse,SH,512070,证券保险,9681479700.0,份,,,akshare:20240104
2024-01-04,akshare_fund_etf_scale_sse,SH,512090,MSCI易基,325592300.0,份,,,akshare:20240104
2024-01-04,akshare_fund_etf_scale_sse,SH,512100,1000ETF,3343217600.0,份,,,akshare:20240104
2024-01-04,akshare_fund_etf_scale_sse,SH,512120,医药50,765241900.0,份,,,akshare:20240104
2024-01-04,akshare_fund_etf_scale_sse,SH,512150,A50ETF,50073400.0,份,,,akshare:20240104
2024-01-04,akshare_fund_etf_scale_sse,SH,512160,MSCI基金,297777800.0,份,,,akshare:20240104
2024-01-04,akshare_fund_etf_scale_sse,SH,512170,医疗ETF,68136820500.0,份,,,akshare:20240104
2024-01-04,akshare_fund_etf_scale_sse,SH,512180,建信MSCI,92048000.0,份,,,akshare:20240104
2024-01-04,akshare_fund_etf_scale_sse,SH,512190,之江凤凰,43318400.0,份,,,akshare:20240104
2024-01-04,akshare_fund_etf_scale_sse,SH,512200,地产ETF,7807376000.0,份,,,akshare:20240104
2024-01-04,akshare_fund_etf_scale_sse,SH,512220,TMTETF,304467600.0,份,,,akshare:20240104
2024-01-04,akshare_fund_etf_scale_sse,SH,512260,500低波,54097700.00000001,份,,,akshare:20240104
2024-01-04,akshare_fund_etf_scale_sse,SH,512280,景顺MSCI,42005700.0,份,,,akshare:20240104
2024-01-04,akshare_fund_etf_scale_sse,SH,512290,生物医药,4083820700.0,份,,,akshare:20240104
2024-01-04,akshare_fund_etf_scale_sse,SH,512320,工银MSCI,29040800.0,份,,,akshare:20240104
2024-01-04,akshare_fund_etf_scale_sse,SH,512330,信息ETF,551688000.0,份,,,akshare:20240104
2024-01-04,akshare_fund_etf_scale_sse,SH,512360,MSCI国际,54337700.00000001,份,,,akshare:20240104
2024-01-04,akshare_fund_etf_scale_sse,SH,512380,MSCI中国,129805600.0,份,,,akshare:20240104
2024-01-04,akshare_fund_etf_scale_sse,SH,512390,MSCI低波,171682000.0,份,,,akshare:20240104
2024-01-04,akshare_fund_etf_scale_sse,SH,512400,有色ETF,4149039000.0,份,,,akshare:20240104
2024-01-04,akshare_fund_etf_scale_sse,SH,512480,半导体,33315003600.0,份,,,akshare:20240104
2024-01-04,akshare_fund_etf_scale_sse,SH,512500,中证500,2017608800.0,份,,,akshare:20240104
2024-01-04,akshare_fund_etf_scale_sse,SH,512510,ETF500,386929800.00000006,份,,,akshare:20240104
2024-01-04,akshare_fund_etf_scale_sse,SH,512520,MSCIETF,90056400.0,份,,,akshare:20240104
2024-01-04,akshare_fund_etf_scale_sse,SH,512530,300红利,47502000.0,份,,,akshare:20240104
2024-01-04,akshare_fund_etf_scale_sse,SH,512550,A50基金,215906000.0,份,,,akshare:20240104
2024-01-04,akshare_fund_etf_scale_sse,SH,512560,中证军工,1141127000.0,份,,,akshare:20240104
2024-01-04,akshare_fund_etf_scale_sse,SH,512570,中证证券,427806100.0,份,,,akshare:20240104
2024-01-04,akshare_fund_etf_scale_sse,SH,512580,环保ETF,1668271700.0000002,份,,,akshare:20240104
2024-01-04,akshare_fund_etf_scale_sse,SH,512600,必选消费,554656100.0,份,,,akshare:20240104
2024-01-04,akshare_fund_etf_scale_sse,SH,512640,金融地产,37240900.0,份,,,akshare:20240104
2024-01-04,akshare_fund_etf_scale_sse,SH,512650,长三角,476941600.00000006,份,,,akshare:20240104
2024-01-04,akshare_fund_etf_scale_sse,SH,512660,军工ETF,9423080000.0,份,,,akshare:20240104
2024-01-04,akshare_fund_etf_scale_sse,SH,512670,国防ETF,3966652600.0,份,,,akshare:20240104
2024-01-04,akshare_fund_etf_scale_sse,SH,512680,军工基金,3509730100.0,份,,,akshare:20240104
2024-01-04,akshare_fund_etf_scale_sse,SH,512690,酒ETF,16752850200.0,份,,,akshare:20240104
2024-01-04,akshare_fund_etf_scale_sse,SH,512700,银行基金,1019581000.0,份,,,akshare:20240104
2024-01-04,akshare_fund_etf_scale_sse,SH,512710,军工龙头,9059658400.0,份,,,akshare:20240104
2024-01-04,akshare_fund_etf_scale_sse,SH,512720,计算机,2023453400.0,份,,,akshare:20240104
2024-01-04,akshare_fund_etf_scale_sse,SH,512730,银行FUND,85583900.0,份,,,akshare:20240104
2024-01-04,akshare_fund_etf_scale_sse,SH,512750,基本面50,143754900.0,份,,,akshare:20240104
2024-01-04,akshare_fund_etf_scale_sse,SH,512760,芯片ETF,19145122800.0,份,,,akshare:20240104
2024-01-04,akshare_fund_etf_scale_sse,SH,512770,战略新兴,187767800.0,份,,,akshare:20240104
2024-01-04,akshare_fund_etf_scale_sse,SH,512800,银行ETF,5735540000.0,份,,,akshare:20240104
2024-01-04,akshare_fund_etf_scale_sse,SH,512810,国防军工,387791700.0,份,,,akshare:20240104
2024-01-04,akshare_fund_etf_scale_sse,SH,512820,银行股基,294701900.0,份,,,akshare:20240104
2024-01-04,akshare_fund_etf_scale_sse,SH,512870,杭州湾区,31410600.0,份,,,akshare:20240104
2024-01-04,akshare_fund_etf_scale_sse,SH,512880,证券ETF,35669291500.0,份,,,akshare:20240104
2024-01-04,akshare_fund_etf_scale_sse,SH,512890,红利低波,3449110800.0,份,,,akshare:20240104
2024-01-04,akshare_fund_etf_scale_sse,SH,512900,证券基金,6924906000.0,份,,,akshare:20240104
2024-01-04,akshare_fund_etf_scale_sse,SH,512910,100ETF,804628800.0,份,,,akshare:20240104
2024-01-04,akshare_fund_etf_scale_sse,SH,512930,AIETF,358130300.0,份,,,akshare:20240104
2024-01-04,akshare_fund_etf_scale_sse,SH,512950,央企改革,4305551000.0,份,,,akshare:20240104
2024-01-04,akshare_fund_etf_scale_sse,SH,512960,央调ETF,4335257300.0,份,,,akshare:20240104
2024-01-04,akshare_fund_etf_scale_sse,SH,512970,湾区ETF,61987600.0,份,,,akshare:20240104
2024-01-04,akshare_fund_etf_scale_sse,SH,512980,传媒ETF,5450924399.999999,份,,,akshare:20240104
2024-01-04,akshare_fund_etf_scale_sse,SH,512990,MSCIA股,247015400.0,份,,,akshare:20240104
2024-01-04,akshare_fund_etf_scale_sse,SH,513000,225ETF,305411400.0,份,,,akshare:20240104
2024-01-04,akshare_fund_etf_scale_sse,SH,513010,港股科技,11168307000.0,份,,,akshare:20240104
2024-01-04,akshare_fund_etf_scale_sse,SH,513020,科技HK,470145400.0,份,,,akshare:20240104
2024-01-04,akshare_fund_etf_scale_sse,SH,513030,德国ETF,412279000.0,份,,,akshare:20240104
2024-01-04,akshare_fund_etf_scale_sse,SH,513040,HK互联网,52841300.0,份,,,akshare:20240104
2024-01-04,akshare_fund_etf_scale_sse,SH,513050,中概互联,36045432700.0,份,,,akshare:20240104
2024-01-04,akshare_fund_etf_scale_sse,SH,513060,恒生医疗,29065393300.0,份,,,akshare:20240104
2024-01-04,akshare_fund_etf_scale_sse,SH,513070,HK消费50,94760800.0,份,,,akshare:20240104
2024-01-04,akshare_fund_etf_scale_sse,SH,513080,法国ETF,83916000.0,份,,,akshare:20240104
2024-01-04,akshare_fund_etf_scale_sse,SH,513090,香港证券,2293988000.0,份,,,akshare:20240104
2024-01-04,akshare_fund_etf_scale_sse,SH,513100,纳指ETF,8332110600.000001,份,,,akshare:20240104
2024-01-04,akshare_fund_etf_scale_sse,SH,513110,纳指100,352435000.0,份,,,akshare:20240104
2024-01-04,akshare_fund_etf_scale_sse,SH,513120,HK创新药,8491135400.0,份,,,akshare:20240104
2024-01-04,akshare_fund_etf_scale_sse,SH,513130,恒生科技,31196347000.0,份,,,akshare:20240104
2024-01-04,akshare_fund_etf_scale_sse,SH,513140,港股金融,44368000.0,份,,,akshare:20240104
2024-01-04,akshare_fund_etf_scale_sse,SH,513150,港科技50,183559800.0,份,,,akshare:20240104
2024-01-04,akshare_fund_etf_scale_sse,SH,513160,科技30,151189300.0,份,,,akshare:20240104
2024-01-04,akshare_fund_etf_scale_sse,SH,513180,恒指科技,49373759500.0,份,,,akshare:20240104
2024-01-04,akshare_fund_etf_scale_sse,SH,513190,H股金融,29936000.0,份,,,akshare:20240104
2024-01-04,akshare_fund_etf_scale_sse,SH,513200,港股医药,1662282100.0,份,,,akshare:20240104
2024-01-04,akshare_fund_etf_scale_sse,SH,513220,互联网30,75109400.0,份,,,akshare:20240104
2024-01-04,akshare_fund_etf_scale_sse,SH,513230,H股消费,66422700.00000001,份,,,akshare:20240104
2024-01-04,akshare_fund_etf_scale_sse,SH,513260,恒科技,769243000.0,份,,,akshare:20240104
2024-01-04,akshare_fund_etf_scale_sse,SH,513280,恒生生物,163114500.0,份,,,akshare:20240104
2024-01-04,akshare_fund_etf_scale_sse,SH,513290,纳指生物,736072100.0000001,份,,,akshare:20240104
2024-01-04,akshare_fund_etf_scale_sse,SH,513300,纳斯达克,2423171000.0,份,,,akshare:20240104
2024-01-04,akshare_fund_etf_scale_sse,SH,513310,中韩芯片,160427000.0,份,,,akshare:20240104
2024-01-04,akshare_fund_etf_scale_sse,SH,513320,HK新经济,39010600.0,份,,,akshare:20240104
2024-01-04,akshare_fund_etf_scale_sse,SH,513330,恒生互联,85897480000.0,份,,,akshare:20240104
2024-01-04,akshare_fund_etf_scale_sse,SH,513350,油气ETF,84746000.0,份,,,akshare:20240104
2024-01-04,akshare_fund_etf_scale_sse,SH,513360,教育ETF,610213900.0,份,,,akshare:20240104
2024-01-04,akshare_fund_etf_scale_sse,SH,513380,科技恒生,2523892500.0,份,,,akshare:20240104
2024-01-04,akshare_fund_etf_scale_sse,SH,513390,纳指基金,337379100.00000006,份,,,akshare:20240104
2024-01-04,akshare_fund_etf_scale_sse,SH,513500,标普500,5300638600.0,份,,,akshare:20240104
2024-01-04,akshare_fund_etf_scale_sse,SH,513520,日经ETF,486387200.0,份,,,akshare:20240104
2024-01-04,akshare_fund_etf_scale_sse,SH,513530,港股红利,118938700.00000001,份,,,akshare:20240104
2024-01-04,akshare_fund_etf_scale_sse,SH,513550,港股通50,6014992000.0,份,,,akshare:20240104
2024-01-04,akshare_fund_etf_scale_sse,SH,513560,香港科技,157386000.0,份,,,akshare:20240104
2024-01-04,akshare_fund_etf_scale_sse,SH,513580,HS科技,3359118000.0,份,,,akshare:20240104
2024-01-04,akshare_fund_etf_scale_sse,SH,513590,香港消费,106518900.0,份,,,akshare:20240104
2024-01-04,akshare_fund_etf_scale_sse,SH,513600,恒指ETF,454829500.0,份,,,akshare:20240104
2024-01-04,akshare_fund_etf_scale_sse,SH,513630,香港红利,979359000.0,份,,,akshare:20240104
2024-01-04,akshare_fund_etf_scale_sse,SH,513650,标普ETF,215734000.0,份,,,akshare:20240104
2024-01-04,akshare_fund_etf_scale_sse,SH,513660,恒生通,2338000100.0,份,,,akshare:20240104
2024-01-04,akshare_fund_etf_scale_sse,SH,513690,恒生股息,1105479900.0,份,,,akshare:20240104
2024-01-04,akshare_fund_etf_scale_sse,SH,513700,香港医药,1765846000.0,份,,,akshare:20240104
2024-01-04,akshare_fund_etf_scale_sse,SH,513730,东南亚,658355000.0,份,,,akshare:20240104
2024-01-04,akshare_fund_etf_scale_sse,SH,513750,港股非银,156838000.0,份,,,akshare:20240104
2024-01-04,akshare_fund_etf_scale_sse,SH,513770,港股互联,2304568900.0,份,,,akshare:20240104
2024-01-04,akshare_fund_etf_scale_sse,SH,513800,东证ETF,82644400.0,份,,,akshare:20240104
2024-01-04,akshare_fund_etf_scale_sse,SH,513810,港股国企,37992000.0,份,,,akshare:20240104
2024-01-04,akshare_fund_etf_scale_sse,SH,513850,美国50,34892600.0,份,,,akshare:20240104
2024-01-04,akshare_fund_etf_scale_sse,SH,513860,HKC科技,1521470600.0,份,,,akshare:20240104
2024-01-04,akshare_fund_etf_scale_sse,SH,513870,纳指指数,41671000.0,份,,,akshare:20240104
2024-01-04,akshare_fund_etf_scale_sse,SH,513880,日经225,262970000.0,份,,,akshare:20240104
2024-01-04,akshare_fund_etf_scale_sse,SH,513890,HK科技,418128000.0,份,,,akshare:20240104
2024-01-04,akshare_fund_etf_scale_sse,SH,513900,港股100,216978000.0,份,,,akshare:20240104
2024-01-04,akshare_fund_etf_scale_sse,SH,513950,恒生红利,218119000.0,份,,,akshare:20240104
2024-01-04,akshare_fund_etf_scale_sse,SH,513960,港股消费,72932300.0,份,,,akshare:20240104
2024-01-04,akshare_fund_etf_scale_sse,SH,513970,恒生消费,310041000.0,份,,,akshare:20240104
2024-01-04,akshare_fund_etf_scale_sse,SH,513980,科技港股,10868204000.0,份,,,akshare:20240104
2024-01-04,akshare_fund_etf_scale_sse,SH,513990,港股通综,73000000.0,份,,,akshare:20240104
2024-01-04,akshare_fund_etf_scale_sse,SH,515000,科技ETF,2690289699.9999995,份,,,akshare:20240104
2024-01-04,akshare_fund_etf_scale_sse,SH,515010,华夏证券,739771600.0,份,,,akshare:20240104
2024-01-04,akshare_fund_etf_scale_sse,SH,515020,华夏银基,460845300.0,份,,,akshare:20240104
2024-01-04,akshare_fund_etf_scale_sse,SH,515030,新汽车,6962384000.0,份,,,akshare:20240104
2024-01-04,akshare_fund_etf_scale_sse,SH,515050,5GETF,8133068500.0,份,,,akshare:20240104
2024-01-04,akshare_fund_etf_scale_sse,SH,515060,华夏地产,708478100.0,份,,,akshare:20240104
2024-01-04,akshare_fund_etf_scale_sse,SH,515070,AI智能,1836470200.0,份,,,akshare:20240104
2024-01-04,akshare_fund_etf_scale_sse,SH,515080,中证红利,2846148900.0,份,,,akshare:20240104
2024-01-04,akshare_fund_etf_scale_sse,SH,515090,可持续,52801700.0,份,,,akshare:20240104
2024-01-04,akshare_fund_etf_scale_sse,SH,515100,红利100,4306941500.0,份,,,akshare:20240104
2024-01-04,akshare_fund_etf_scale_sse,SH,515110,国企方达,235295000.0,份,,,akshare:20240104
2024-01-04,akshare_fund_etf_scale_sse,SH,515120,创新药,6681993600.0,份,,,akshare:20240104
2024-01-04,akshare_fund_etf_scale_sse,SH,515130,HS300E,79463200.0,份,,,akshare:20240104
2024-01-04,akshare_fund_etf_scale_sse,SH,515150,国企富国,571703200.0,份,,,akshare:20240104
2024-01-04,akshare_fund_etf_scale_sse,SH,515160,MSCI招商,637955100.0,份,,,akshare:20240104
2024-01-04,akshare_fund_etf_scale_sse,SH,515170,食品饮料,4927757900.0,份,,,akshare:20240104
2024-01-04,akshare_fund_etf_scale_sse,SH,515180,100红利,3235637000.0,份,,,akshare:20240104
2024-01-04,akshare_fund_etf_scale_sse,SH,515190,BOCI500,55466100.0,份,,,akshare:20240104
2024-01-04,akshare_fund_etf_scale_sse,SH,515200,创新100,118943200.0,份,,,akshare:20240104
2024-01-04,akshare_fund_etf_scale_sse,SH,515210,钢铁ETF,1029226100.0,份,,,akshare:20240104
2024-01-04,akshare_fund_etf_scale_sse,SH,515220,煤炭ETF,812088500.0,份,,,akshare:20240104
2024-01-04,akshare_fund_etf_scale_sse,SH,515230,软件ETF,1352690900.0,份,,,akshare:20240104
2024-01-04,akshare_fund_etf_scale_sse,SH,515250,智能汽车,1273944500.0,份,,,akshare:20240104
2024-01-04,akshare_fund_etf_scale_sse,SH,515260,电子ETF,727284200.0,份,,,akshare:20240104
2024-01-04,akshare_fund_etf_scale_sse,SH,515280,银行龙头,38118600.0,份,,,akshare:20240104
2024-01-04,akshare_fund_etf_scale_sse,SH,515290,银行,5102692900.0,份,,,akshare:20240104
2024-01-04,akshare_fund_etf_scale_sse,SH,515300,红利300,697175200.0,份,,,akshare:20240104
2024-01-04,akshare_fund_etf_scale_sse,SH,515310,添富300,129111200.00000001,份,,,akshare:20240104
2024-01-04,akshare_fund_etf_scale_sse,SH,515320,电子50,349309000.0,份,,,akshare:20240104
2024-01-04,akshare_fund_etf_scale_sse,SH,515330,天弘300,8381709500.0,份,,,akshare:20240104
2024-01-04,akshare_fund_etf_scale_sse,SH,515350,民生300,26999200.0,份,,,akshare:20240104
2024-01-04,akshare_fund_etf_scale_sse,SH,515360,方正300,32279300.0,份,,,akshare:20240104
2024-01-04,akshare_fund_etf_scale_sse,SH,515380,泰康300,1109799800.0,份,,,akshare:20240104
2024-01-04,akshare_fund_etf_scale_sse,SH,515390,HS300,370683000.0,份,,,akshare:20240104
2024-01-04,akshare_fund_etf_scale_sse,SH,515400,大数据,1634631400.0000002,份,,,akshare:20240104
2024-01-04,akshare_fund_etf_scale_sse,SH,515450,红利50,654835000.0,份,,,akshare:20240104
2024-01-04,akshare_fund_etf_scale_sse,SH,515530,泰康500,25042700.0,份,,,akshare:20240104
2024-01-04,akshare_fund_etf_scale_sse,SH,515550,国联500,25345700.0,份,,,akshare:20240104
2024-01-04,akshare_fund_etf_scale_sse,SH,515560,证券E,473883300.0,份,,,akshare:20240104
2024-01-04,akshare_fund_etf_scale_sse,SH,515580,中证科技,606031400.0,份,,,akshare:20240104
2024-01-04,akshare_fund_etf_scale_sse,SH,515590,500ETFEW,22113700.0,份,,,akshare:20240104
2024-01-04,akshare_fund_etf_scale_sse,SH,515600,央企创新,1511797400.0,份,,,akshare:20240104
2024-01-04,akshare_fund_etf_scale_sse,SH,515630,保险证券,107217700.0,份,,,akshare:20240104
2024-01-04,akshare_fund_etf_scale_sse,SH,515650,消费50,1931184000.0,份,,,akshare:20240104
2024-01-04,akshare_fund_etf_scale_sse,SH,515660,沪深300E,447094200.0,份,,,akshare:20240104
2024-01-04,akshare_fund_etf_scale_sse,SH,515670,中银100,66322500.0,份,,,akshare:20240104
2024-01-04,akshare_fund_etf_scale_sse,SH,515680,创新央企,1522264700.0,份,,,akshare:20240104
2024-01-04,akshare_fund_etf_scale_sse,SH,515700,新能车,2939510200.0,份,,,akshare:20240104
2024-01-04,akshare_fund_etf_scale_sse,SH,515710,食品ETF,1304599800.0,份,,,akshare:20240104
2024-01-04,akshare_fund_etf_scale_sse,SH,515750,科技50,509140500.0,份,,,akshare:20240104
2024-01-04,akshare_fund_etf_scale_sse,SH,515760,浙江国资,199388100.0,份,,,akshare:20240104
2024-01-04,akshare_fund_etf_scale_sse,SH,515770,MSCIAETF,72727300.0,份,,,akshare:20240104
2024-01-04,akshare_fund_etf_scale_sse,SH,515780,浦银MSCI,14785200.0,份,,,akshare:20240104
2024-01-04,akshare_fund_etf_scale_sse,SH,515790,光伏ETF,12858494000.0,份,,,akshare:20240104
2024-01-04,akshare_fund_etf_scale_sse,SH,515800,800ETF,8014937200.0,份,,,akshare:20240104
2024-01-04,akshare_fund_etf_scale_sse,SH,515810,ZZ800ETF,176908800.0,份,,,akshare:20240104
2024-01-04,akshare_fund_etf_scale_sse,SH,515850,证券龙头,190791000.0,份,,,akshare:20240104
2024-01-04,akshare_fund_etf_scale_sse,SH,515860,科技100,168878900.0,份,,,akshare:20240104
2024-01-04,akshare_fund_etf_scale_sse,SH,515880,通信ETF,2038462300.0,份,,,akshare:20240104
2024-01-04,akshare_fund_etf_scale_sse,SH,515890,红利博时,504443900.0,份,,,akshare:20240104
2024-01-04,akshare_fund_etf_scale_sse,SH,515900,央创ETF,3922646500.0,份,,,akshare:20240104
2024-01-04,akshare_fund_etf_scale_sse,SH,515910,质量ETF,470507000.0,份,,,akshare:20240104
2024-01-04,akshare_fund_etf_scale_sse,SH,515920,智能消费,283405700.0,份,,,akshare:20240104
2024-01-04,akshare_fund_etf_scale_sse,SH,515950,医药龙头,859200600.0,份,,,akshare:20240104
2024-01-04,akshare_fund_etf_scale_sse,SH,515960,医药100,341991900.0,份,,,akshare:20240104
2024-01-04,akshare_fund_etf_scale_sse,SH,515980,人工智能,1360064500.0,份,,,akshare:20240104
2024-01-04,akshare_fund_etf_scale_sse,SH,515990,添富国企,98350200.0,份,,,akshare:20240104
2024-01-04,akshare_fund_etf_scale_sse,SH,516000,大数据50,124855000.0,份,,,akshare:20240104
2024-01-04,akshare_fund_etf_scale_sse,SH,516010,游戏ETF,2058693000.0,份,,,akshare:20240104
2024-01-04,akshare_fund_etf_scale_sse,SH,516020,化工ETF,710826200.0,份,,,akshare:20240104
2024-01-04,akshare_fund_etf_scale_sse,SH,516050,科技龙头,753228000.0,份,,,akshare:20240104
2024-01-04,akshare_fund_etf_scale_sse,SH,516060,新药ETF,250237400.00000003,份,,,akshare:20240104
2024-01-04,akshare_fund_etf_scale_sse,SH,516070,碳中和50,813646000.0,份,,,akshare:20240104
2024-01-04,akshare_fund_etf_scale_sse,SH,516080,创新医药,495554800.00000006,份,,,akshare:20240104
2024-01-04,akshare_fund_etf_scale_sse,SH,516090,新能源E,2333844800.0,份,,,akshare:20240104
2024-01-04,akshare_fund_etf_scale_sse,SH,516100,科技金融,63759700.0,份,,,akshare:20240104
2024-01-04,akshare_fund_etf_scale_sse,SH,516110,汽车ETF,1289623100.0,份,,,akshare:20240104
2024-01-04,akshare_fund_etf_scale_sse,SH,516120,化工50,310082000.0,份,,,akshare:20240104
2024-01-04,akshare_fund_etf_scale_sse,SH,516130,消费龙头,101890000.0,份,,,akshare:20240104
2024-01-04,akshare_fund_etf_scale_sse,SH,516150,稀土基金,2014577000.0,份,,,akshare:20240104
2024-01-04,akshare_fund_etf_scale_sse,SH,516160,新能源,10123804000.0,份,,,akshare:20240104
2024-01-04,akshare_fund_etf_scale_sse,SH,516180,光伏产业,106987000.0,份,,,akshare:20240104
2024-01-04,akshare_fund_etf_scale_sse,SH,516190,文娱ETF,22418500.0,份,,,akshare:20240104
2024-01-04,akshare_fund_etf_scale_sse,SH,516200,证券行业,421604000.0,份,,,akshare:20240104
2024-01-04,akshare_fund_etf_scale_sse,SH,516210,银行股,220031000.0,份,,,akshare:20240104
2024-01-04,akshare_fund_etf_scale_sse,SH,516220,化工龙头,291170000.0,份,,,akshare:20240104
2024-01-04,akshare_fund_etf_scale_sse,SH,516260,物联网50,145882600.0,份,,,akshare:20240104
2024-01-04,akshare_fund_etf_scale_sse,SH,516270,新能源50,593909000.0,份,,,akshare:20240104
2024-01-04,akshare_fund_etf_scale_sse,SH,516290,光伏基金,415196900.0,份,,,akshare:20240104
2024-01-04,akshare_fund_etf_scale_sse,SH,516300,中证1000,141602200.0,份,,,akshare:20240104
2024-01-04,akshare_fund_etf_scale_sse,SH,516310,银行指基,144558500.0,份,,,akshare:20240104
2024-01-04,akshare_fund_etf_scale_sse,SH,516320,装备ETF,88589300.0,份,,,akshare:20240104
2024-01-04,akshare_fund_etf_scale_sse,SH,516330,物联网,50471300.0,份,,,akshare:20240104
2024-01-04,akshare_fund_etf_scale_sse,SH,516350,芯片50,572415300.0,份,,,akshare:20240104
2024-01-04,akshare_fund_etf_scale_sse,SH,516360,新材料,156551800.0,份,,,akshare:20240104
2024-01-04,akshare_fund_etf_scale_sse,SH,516380,智能电车,184449300.0,份,,,akshare:20240104
2024-01-04,akshare_fund_etf_scale_sse,SH,516390,电动车,731761000.0,份,,,akshare:20240104
2024-01-04,akshare_fund_etf_scale_sse,SH,516480,新材料基,22146100.0,份,,,akshare:20240104
2024-01-04,akshare_fund_etf_scale_sse,SH,516500,生物ETF,158937200.0,份,,,akshare:20240104
2024-01-04,akshare_fund_etf_scale_sse,SH,516510,云计算,1281890000.0,份,,,akshare:20240104
2024-01-04,akshare_fund_etf_scale_sse,SH,516520,智能驾驶,193765500.0,份,,,akshare:20240104
2024-01-04,akshare_fund_etf_scale_sse,SH,516530,物流快递,93802300.0,份,,,akshare:20240104
2024-01-04,akshare_fund_etf_scale_sse,SH,516550,农业ETF,331414400.0,份,,,akshare:20240104
2024-01-04,akshare_fund_etf_scale_sse,SH,516560,养老ETF,93258000.0,份,,,akshare:20240104
2024-01-04,akshare_fund_etf_scale_sse,SH,516570,石化ETF,42357600.0,份,,,akshare:20240104
2024-01-04,akshare_fund_etf_scale_sse,SH,516580,新能源BS,251124100.0,份,,,akshare:20240104
2024-01-04,akshare_fund_etf_scale_sse,SH,516590,电动汽车,132015000.0,份,,,akshare:20240104
2024-01-04,akshare_fund_etf_scale_sse,SH,516600,消服ETF,167332100.0,份,,,akshare:20240104
2024-01-04,akshare_fund_etf_scale_sse,SH,516610,医服ETF,134974800.0,份,,,akshare:20240104
2024-01-04,akshare_fund_etf_scale_sse,SH,516620,影视ETF,44267500.0,份,,,akshare:20240104
2024-01-04,akshare_fund_etf_scale_sse,SH,516630,云计算50,104156000.0,份,,,akshare:20240104
2024-01-04,akshare_fund_etf_scale_sse,SH,516640,芯片龙头,2466782800.0,份,,,akshare:20240104
2024-01-04,akshare_fund_etf_scale_sse,SH,516650,有色50,60464799.99999999,份,,,akshare:20240104
2024-01-04,akshare_fund_etf_scale_sse,SH,516660,新能汽车,515689000.0,份,,,akshare:20240104
2024-01-04,akshare_fund_etf_scale_sse,SH,516670,畜牧养殖,1009266300.0,份,,,akshare:20240104
2024-01-04,akshare_fund_etf_scale_sse,SH,516690,化工产业,75243000.0,份,,,akshare:20240104
2024-01-04,akshare_fund_etf_scale_sse,SH,516700,数据产业,45622000.0,份,,,akshare:20240104
2024-01-04,akshare_fund_etf_scale_sse,SH,516710,新材料50,184272000.0,份,,,akshare:20240104
2024-01-04,akshare_fund_etf_scale_sse,SH,516720,ESGETF,51337800.0,份,,,akshare:20240104
2024-01-04,akshare_fund_etf_scale_sse,SH,516730,证券公司,75380800.0,份,,,akshare:20240104
2024-01-04,akshare_fund_etf_scale_sse,SH,516750,建材ETF,135167300.0,份,,,akshare:20240104
2024-01-04,akshare_fund_etf_scale_sse,SH,516760,养殖ETF,278215100.0,份,,,akshare:20240104
2024-01-04,akshare_fund_etf_scale_sse,SH,516770,游戏动漫,136648000.0,份,,,akshare:20240104
2024-01-04,akshare_fund_etf_scale_sse,SH,516780,稀土ETF,757549800.0,份,,,akshare:20240104
2024-01-04,akshare_fund_etf_scale_sse,SH,516790,保健ETF,211282200.0,份,,,akshare:20240104
2024-01-04,akshare_fund_etf_scale_sse,SH,516800,智能制造,229154000.0,份,,,akshare:20240104
2024-01-04,akshare_fund_etf_scale_sse,SH,516810,农业,195478900.0,份,,,akshare:20240104
2024-01-04,akshare_fund_etf_scale_sse,SH,516820,医疗创新,3035415200.0,份,,,akshare:20240104
2024-01-04,akshare_fund_etf_scale_sse,SH,516830,300ESG,239676900.0,份,,,akshare:20240104
2024-01-04,akshare_fund_etf_scale_sse,SH,516850,新能源80,120237000.0,份,,,akshare:20240104
2024-01-04,akshare_fund_etf_scale_sse,SH,516860,金融科技,115522000.0,份,,,akshare:20240104
2024-01-04,akshare_fund_etf_scale_sse,SH,516880,光伏50,1189944100.0,份,,,akshare:20240104
2024-01-04,akshare_fund_etf_scale_sse,SH,516890,新材ETF,66311400.0,份,,,akshare:20240104
2024-01-04,akshare_fund_etf_scale_sse,SH,516900,食品50,49229000.0,份,,,akshare:20240104
2024-01-04,akshare_fund_etf_scale_sse,SH,516910,物流ETF,114641800.0,份,,,akshare:20240104
2024-01-04,akshare_fund_etf_scale_sse,SH,516920,芯片基金,699963000.0,份,,,akshare:20240104
2024-01-04,akshare_fund_etf_scale_sse,SH,516930,生科ETF,71639600.0,份,,,akshare:20240104
2024-01-04,akshare_fund_etf_scale_sse,SH,516950,基建ETF,861821000.0,份,,,akshare:20240104
2024-01-04,akshare_fund_etf_scale_sse,SH,516960,机械ETF,87051100.0,份,,,akshare:20240104
2024-01-04,akshare_fund_etf_scale_sse,SH,516970,基建50,4127542500.0,份,,,akshare:20240104
2024-01-04,akshare_fund_etf_scale_sse,SH,516980,证券先锋,30516000.0,份,,,akshare:20240104
2024-01-04,akshare_fund_etf_scale_sse,SH,517000,沪港深,617793000.0,份,,,akshare:20240104
2024-01-04,akshare_fund_etf_scale_sse,SH,517010,HGS500E,54144200.0,份,,,akshare:20240104
2024-01-04,akshare_fund_etf_scale_sse,SH,517030,HGS300,48040300.0,份,,,akshare:20240104
2024-01-04,akshare_fund_etf_scale_sse,SH,517050,互联网50,843605000.0,份,,,akshare:20240104
2024-01-04,akshare_fund_etf_scale_sse,SH,517080,HGS500,705166000.0,份,,,akshare:20240104
2024-01-04,akshare_fund_etf_scale_sse,SH,517090,共赢ETF,358075000.0,份,,,akshare:20240104
2024-01-04,akshare_fund_etf_scale_sse,SH,517100,AH500ETF,440602100.0,份,,,akshare:20240104
2024-01-04,akshare_fund_etf_scale_sse,SH,517110,创新药HK,291098500.0,份,,,akshare:20240104
2024-01-04,akshare_fund_etf_scale_sse,SH,517120,创新药50,686966400.0,份,,,akshare:20240104
2024-01-04,akshare_fund_etf_scale_sse,SH,517160,长江ETF,2134777500.0,份,,,akshare:20240104
2024-01-04,akshare_fund_etf_scale_sse,SH,517170,沪港深E,46131800.0,份,,,akshare:20240104
2024-01-04,akshare_fund_etf_scale_sse,SH,517180,中国国企,358496300.0,份,,,akshare:20240104
2024-01-04,akshare_fund_etf_scale_sse,SH,517200,互联网,246782000.0,份,,,akshare:20240104
2024-01-04,akshare_fund_etf_scale_sse,SH,517270,科技TOP,20091600.0,份,,,akshare:20240104
2024-01-04,akshare_fund_etf_scale_sse,SH,517280,网购ETF,42552500.0,份,,,akshare:20240104
2024-01-04,akshare_fund_etf_scale_sse,SH,517300,AH300ETF,2892434500.0,份,,,akshare:20240104
2024-01-04,akshare_fund_etf_scale_sse,SH,517330,长江保护,2113169000.0,份,,,akshare:20240104
2024-01-04,akshare_fund_etf_scale_sse,SH,517350,中概科技,185542000.0,份,,,akshare:20240104
2024-01-04,akshare_fund_etf_scale_sse,SH,517360,AH科技,82083000.0,份,,,akshare:20240104
2024-01-04,akshare_fund_etf_scale_sse,SH,517380,创新药AH,522326300.0,份,,,akshare:20240104
2024-01-04,akshare_fund_etf_scale_sse,SH,517390,云计算AH,54112600.0,份,,,akshare:20240104
2024-01-04,akshare_fund_etf_scale_sse,SH,517520,黄金股,106404000.0,份,,,akshare:20240104
2024-01-04,akshare_fund_etf_scale_sse,SH,517550,消费主题,39917400.0,份,,,akshare:20240104
2024-01-04,akshare_fund_etf_scale_sse,SH,517660,物联网AH,42280700.0,份,,,akshare:20240104
2024-01-04,akshare_fund_etf_scale_sse,SH,517760,消费TOP,11052600.0,份,,,akshare:20240104
2024-01-04,akshare_fund_etf_scale_sse,SH,517770,游戏传媒,25947800.000000004,份,,,akshare:20240104
2024-01-04,akshare_fund_etf_scale_sse,SH,517800,AI50,155539700.0,份,,,akshare:20240104
2024-01-04,akshare_fund_etf_scale_sse,SH,517850,张江ETF,198185200.0,份,,,akshare:20240104
2024-01-04,akshare_fund_etf_scale_sse,SH,517880,品牌消费,49337100.0,份,,,akshare:20240104
2024-01-04,akshare_fund_etf_scale_sse,SH,517900,银行优选,47993500.0,份,,,akshare:20240104
2024-01-04,akshare_fund_etf_scale_sse,SH,517960,科技AH,88182000.0,份,,,akshare:20240104
2024-01-04,akshare_fund_etf_scale_sse,SH,517990,医药基金,30987900.0,份,,,akshare:20240104
2024-01-04,akshare_fund_etf_scale_sse,SH,518600,上海金,10993599.999999998,份,,,akshare:20240104
2024-01-04,akshare_fund_etf_scale_sse,SH,518660,工银黄金,22652700.0,份,,,akshare:20240104
2024-01-04,akshare_fund_etf_scale_sse,SH,518680,金ETF,67558000.0,份,,,akshare:20240104
2024-01-04,akshare_fund_etf_scale_sse,SH,518800,黄金基金,422519900.0,份,,,akshare:20240104
2024-01-04,akshare_fund_etf_scale_sse,SH,518850,黄金9999,45678700.0,份,,,akshare:20240104
2024-01-04,akshare_fund_etf_scale_sse,SH,518860,上海金E,15459800.0,份,,,akshare:20240104
2024-01-04,akshare_fund_etf_scale_sse,SH,518880,黄金ETF,2979040800.0,份,,,akshare:20240104
2024-01-04,akshare_fund_etf_scale_sse,SH,518890,中银黄金,9854800.0,份,,,akshare:20240104
2024-01-04,akshare_fund_etf_scale_sse,SH,560000,智慧电车,23022900.0,份,,,akshare:20240104
2024-01-04,akshare_fund_etf_scale_sse,SH,560010,1000基金,3024621700.0,份,,,akshare:20240104
2024-01-04,akshare_fund_etf_scale_sse,SH,560020,红利添富,84562000.0,份,,,akshare:20240104
2024-01-04,akshare_fund_etf_scale_sse,SH,560030,800价值,58432000.0,份,,,akshare:20240104
2024-01-04,akshare_fund_etf_scale_sse,SH,560050,MSCIA50,7523934399.999999,份,,,akshare:20240104
2024-01-04,akshare_fund_etf_scale_sse,SH,560060,碳中和基,458090000.0,份,,,akshare:20240104
2024-01-04,akshare_fund_etf_scale_sse,SH,560070,央企分红,964662300.0,份,,,akshare:20240104
2024-01-04,akshare_fund_etf_scale_sse,SH,560080,中药ETF,1726265000.0,份,,,akshare:20240104
2024-01-04,akshare_fund_etf_scale_sse,SH,560090,证券指数,1242365000.0,份,,,akshare:20240104
2024-01-04,akshare_fund_etf_scale_sse,SH,560100,增强ETF,116580300.0,份,,,akshare:20240104
2024-01-04,akshare_fund_etf_scale_sse,SH,560110,ZZ1000,427903500.0,份,,,akshare:20240104
2024-01-04,akshare_fund_etf_scale_sse,SH,560170,央企科技,2910995500.0,份,,,akshare:20240104
2024-01-04,akshare_fund_etf_scale_sse,SH,560180,ESG300,110603000.0,份,,,akshare:20240104
2024-01-04,akshare_fund_etf_scale_sse,SH,560220,2000基金,48717000.0,份,,,akshare:20240104
2024-01-04,akshare_fund_etf_scale_sse,SH,560260,医疗50,1839664700.0,份,,,akshare:20240104
2024-01-04,akshare_fund_etf_scale_sse,SH,560280,工程机械,11752000.0,份,,,akshare:20240104
2024-01-04,akshare_fund_etf_scale_sse,SH,560300,电信50,77803400.0,份,,,akshare:20240104
2024-01-04,akshare_fund_etf_scale_sse,SH,560330,300价值E,74130000.0,份,,,akshare:20240104
2024-01-04,akshare_fund_etf_scale_sse,SH,560500,500质量,870339000.0,份,,,akshare:20240104
2024-01-04,akshare_fund_etf_scale_sse,SH,560550,碳中和,905597400.0,份,,,akshare:20240104
2024-01-04,akshare_fund_etf_scale_sse,SH,560560,碳中和TK,161190100.0,份,,,akshare:20240104
2024-01-04,akshare_fund_etf_scale_sse,SH,560580,电力指基,50003000.0,份,,,akshare:20240104
2024-01-04,akshare_fund_etf_scale_sse,SH,560590,1000鹏华,19710000.0,份,,,akshare:20240104
2024-01-04,akshare_fund_etf_scale_sse,SH,560650,核心50,18419200.0,份,,,akshare:20240104
2024-01-04,akshare_fund_etf_scale_sse,SH,560660,云50ETF,67969000.0,份,,,akshare:20240104
2024-01-04,akshare_fund_etf_scale_sse,SH,560680,龙头消费,51725600.00000001,份,,,akshare:20240104
2024-01-04,akshare_fund_etf_scale_sse,SH,560700,央红利50,1042036900.0,份,,,akshare:20240104
2024-01-04,akshare_fund_etf_scale_sse,SH,560780,半导设备,106496000.0,份,,,akshare:20240104
2024-01-04,akshare_fund_etf_scale_sse,SH,560800,数字ETF,2219951100.0,份,,,akshare:20240104
2024-01-04,akshare_fund_etf_scale_sse,SH,560860,工业有色,305233000.0,份,,,akshare:20240104
2024-01-04,akshare_fund_etf_scale_sse,SH,560880,家电基金,634732000.0,份,,,akshare:20240104
2024-01-04,akshare_fund_etf_scale_sse,SH,560900,创新药企,235969100.0,份,,,akshare:20240104
2024-01-04,akshare_fund_etf_scale_sse,SH,560950,500增,53483000.0,份,,,akshare:20240104
2024-01-04,akshare_fund_etf_scale_sse,SH,560960,碳60ETF,43598900.0,份,,,akshare:20240104
2024-01-04,akshare_fund_etf_scale_sse,SH,560980,光伏30,358522000.0,份,,,akshare:20240104
2024-01-04,akshare_fund_etf_scale_sse,SH,560990,科技先锋,70187100.0,份,,,akshare:20240104
2024-01-04,akshare_fund_etf_scale_sse,SH,561000,300指增,72420000.0,份,,,akshare:20240104
2024-01-04,akshare_fund_etf_scale_sse,SH,561010,软件开发,64356000.0,份,,,akshare:20240104
2024-01-04,akshare_fund_etf_scale_sse,SH,561060,红利国企,69565000.0,份,,,akshare:20240104
2024-01-04,akshare_fund_etf_scale_sse,SH,561100,电子龙头,705746900.0,份,,,akshare:20240104
2024-01-04,akshare_fund_etf_scale_sse,SH,561120,家电ETF,143659900.0,份,,,akshare:20240104
2024-01-04,akshare_fund_etf_scale_sse,SH,561130,国货ETF,303935200.0,份,,,akshare:20240104
2024-01-04,akshare_fund_etf_scale_sse,SH,561160,锂电池,1931335000.0,份,,,akshare:20240104
2024-01-04,akshare_fund_etf_scale_sse,SH,561170,绿电50,208032700.0,份,,,akshare:20240104
2024-01-04,akshare_fund_etf_scale_sse,SH,561180,A100ETF,67609600.0,份,,,akshare:20240104
2024-01-04,akshare_fund_etf_scale_sse,SH,561190,双碳ETF,1535318000.0,份,,,akshare:20240104
2024-01-04,akshare_fund_etf_scale_sse,SH,561260,能源ETF,604095200.0,份,,,akshare:20240104
2024-01-04,akshare_fund_etf_scale_sse,SH,561280,增强1000,30847700.0,份,,,akshare:20240104
2024-01-04,akshare_fund_etf_scale_sse,SH,561300,300增ETF,1642965000.0,份,,,akshare:20240104
2024-01-04,akshare_fund_etf_scale_sse,SH,561310,消电ETF,162916600.0,份,,,akshare:20240104
2024-01-04,akshare_fund_etf_scale_sse,SH,561320,交运ETF,110369000.0,份,,,akshare:20240104
2024-01-04,akshare_fund_etf_scale_sse,SH,561330,矿业ETF,56696100.0,份,,,akshare:20240104
2024-01-04,akshare_fund_etf_scale_sse,SH,561350,国泰500,265700000.0,份,,,akshare:20240104
2024-01-04,akshare_fund_etf_scale_sse,SH,561360,石油ETF,43148000.0,份,,,akshare:20240104
2024-01-04,akshare_fund_etf_scale_sse,SH,561370,2000ETF,24356000.0,份,,,akshare:20240104
2024-01-04,akshare_fund_etf_scale_sse,SH,561500,漂亮50,113100300.0,份,,,akshare:20240104
2024-01-04,akshare_fund_etf_scale_sse,SH,561510,中医药,96206000.0,份,,,akshare:20240104
2024-01-04,akshare_fund_etf_scale_sse,SH,561550,500指增,796489600.0000001,份,,,akshare:20240104
2024-01-04,akshare_fund_etf_scale_sse,SH,561560,电力ETF,141624200.0,份,,,akshare:20240104
2024-01-04,akshare_fund_etf_scale_sse,SH,561580,央企红利,606870700.0,份,,,akshare:20240104
2024-01-04,akshare_fund_etf_scale_sse,SH,561590,1000增强,81499600.0,份,,,akshare:20240104
2024-01-04,akshare_fund_etf_scale_sse,SH,561600,消费电子,154274000.0,份,,,akshare:20240104
2024-01-04,akshare_fund_etf_scale_sse,SH,561700,电力基金,124313600.0,份,,,akshare:20240104
2024-01-04,akshare_fund_etf_scale_sse,SH,561710,疫苗,69596100.0,份,,,akshare:20240104
2024-01-04,akshare_fund_etf_scale_sse,SH,561780,1000指增,56955800.0,份,,,akshare:20240104
2024-01-04,akshare_fund_etf_scale_sse,SH,561790,现代能源,823934000.0,份,,,akshare:20240104
2024-01-04,akshare_fund_etf_scale_sse,SH,561800,稀金属,175577200.0,份,,,akshare:20240104
2024-01-04,akshare_fund_etf_scale_sse,SH,561900,沪深ESG,74334400.0,份,,,akshare:20240104
2024-01-04,akshare_fund_etf_scale_sse,SH,561910,电池ETF,920076600.0,份,,,akshare:20240104
2024-01-04,akshare_fund_etf_scale_sse,SH,561920,疫苗龙头,34692000.0,份,,,akshare:20240104
2024-01-04,akshare_fund_etf_scale_sse,SH,561950,500增强A,133656000.0,份,,,akshare:20240104
2024-01-04,akshare_fund_etf_scale_sse,SH,561960,央企回报,406185199.99999994,份,,,akshare:20240104
2024-01-04,akshare_fund_etf_scale_sse,SH,561980,芯片设备,63110000.0,份,,,akshare:20240104
2024-01-04,akshare_fund_etf_scale_sse,SH,561990,300增强,628649200.0,份,,,akshare:20240104
2024-01-04,akshare_fund_etf_scale_sse,SH,562000,100ETF基,972368900.0,份,,,akshare:20240104
2024-01-04,akshare_fund_etf_scale_sse,SH,562010,绿色能源,35298700.0,份,,,akshare:20240104
2024-01-04,akshare_fund_etf_scale_sse,SH,562030,信创基金,54986899.99999999,份,,,akshare:20240104
2024-01-04,akshare_fund_etf_scale_sse,SH,562060,标普红利,285396300.0,份,,,akshare:20240104
2024-01-04,akshare_fund_etf_scale_sse,SH,562300,低碳ETF,160495000.0,份,,,akshare:20240104
2024-01-04,akshare_fund_etf_scale_sse,SH,562310,300成长,1318572300.0,份,,,akshare:20240104
2024-01-04,akshare_fund_etf_scale_sse,SH,562320,300价值A,55295500.0,份,,,akshare:20240104
2024-01-04,akshare_fund_etf_scale_sse,SH,562330,500价值,48018900.0,份,,,akshare:20240104
2024-01-04,akshare_fund_etf_scale_sse,SH,562350,电力,29410900.0,份,,,akshare:20240104
2024-01-04,akshare_fund_etf_scale_sse,SH,562360,机器人YH,77474000.0,份,,,akshare:20240104
2024-01-04,akshare_fund_etf_scale_sse,SH,562380,科技引领,521128900.0,份,,,akshare:20240104
2024-01-04,akshare_fund_etf_scale_sse,SH,562390,中药,65429000.0,份,,,akshare:20240104
2024-01-04,akshare_fund_etf_scale_sse,SH,562500,机器人,1118687300.0,份,,,akshare:20240104
2024-01-04,akshare_fund_etf_scale_sse,SH,562510,旅游ETF,1070095000.0,份,,,akshare:20240104
2024-01-04,akshare_fund_etf_scale_sse,SH,562520,1000成长,52568000.0,份,,,akshare:20240104
2024-01-04,akshare_fund_etf_scale_sse,SH,562530,1000价值,50144000.0,份,,,akshare:20240104
2024-01-04,akshare_fund_etf_scale_sse,SH,562550,绿电ETF,69919300.0,份,,,akshare:20240104
2024-01-04,akshare_fund_etf_scale_sse,SH,562590,半导材料,27663000.0,份,,,akshare:20240104
2024-01-04,akshare_fund_etf_scale_sse,SH,562600,医疗器械,97937400.0,份,,,akshare:20240104
2024-01-04,akshare_fund_etf_scale_sse,SH,562660,ZZ2000,88874000.0,份,,,akshare:20240104
2024-01-04,akshare_fund_etf_scale_sse,SH,562800,稀有金属,2197795000.0,份,,,akshare:20240104
2024-01-04,akshare_fund_etf_scale_sse,SH,562850,央企能源,822981500.0,份,,,akshare:20240104
2024-01-04,akshare_fund_etf_scale_sse,SH,562860,生物疫苗,588895000.0,份,,,akshare:20240104
2024-01-04,akshare_fund_etf_scale_sse,SH,562880,电池基金,506899600.0,份,,,akshare:20240104
2024-01-04,akshare_fund_etf_scale_sse,SH,562900,现代农业,87706299.99999999,份,,,akshare:20240104
2024-01-04,akshare_fund_etf_scale_sse,SH,562910,高端制造,197227300.0,份,,,akshare:20240104
2024-01-04,akshare_fund_etf_scale_sse,SH,562920,信息安全,24069000.0,份,,,akshare:20240104
2024-01-04,akshare_fund_etf_scale_sse,SH,562930,软件30,39437000.0,份,,,akshare:20240104
2024-01-04,akshare_fund_etf_scale_sse,SH,562950,消电50,139258300.0,份,,,akshare:20240104
2024-01-04,akshare_fund_etf_scale_sse,SH,562960,绿色电力,26891000.0,份,,,akshare:20240104
2024-01-04,akshare_fund_etf_scale_sse,SH,562990,碳中和E,2246756000.0,份,,,akshare:20240104
2024-01-04,akshare_fund_etf_scale_sse,SH,563000,中国A50,6578451100.0,份,,,akshare:20240104
2024-01-04,akshare_fund_etf_scale_sse,SH,563010,电信ETF,32189300.0,份,,,akshare:20240104
2024-01-04,akshare_fund_etf_scale_sse,SH,563020,低波红利,73910000.0,份,,,akshare:20240104
2024-01-04,akshare_fund_etf_scale_sse,SH,563030,增强500,310169000.0,份,,,akshare:20240104
2024-01-04,akshare_fund_etf_scale_sse,SH,563050,科技央企,411208399.99999994,份,,,akshare:20240104
2024-01-04,akshare_fund_etf_scale_sse,SH,563200,2000指数,115458799.99999999,份,,,akshare:20240104
2024-01-04,akshare_fund_etf_scale_sse,SH,563300,中证2000,583674000.0,份,,,akshare:20240104
2024-01-04,akshare_fund_etf_scale_sse,SH,563330,A股ETF,267421000.0,份,,,akshare:20240104
2024-01-04,akshare_fund_etf_scale_sse,SH,588000,科创50,105887668200.0,份,,,akshare:20240104
2024-01-04,akshare_fund_etf_scale_sse,SH,588010,科创材料,132925800.0,份,,,akshare:20240104
2024-01-04,akshare_fund_etf_scale_sse,SH,588020,科创50E,185791000.0,份,,,akshare:20240104
2024-01-04,akshare_fund_etf_scale_sse,SH,588030,科创指基,8594838100.0,份,,,akshare:20240104
2024-01-04,akshare_fund_etf_scale_sse,SH,588050,科创ETF,9833241300.0,份,,,akshare:20240104
2024-01-04,akshare_fund_etf_scale_sse,SH,588060,上证科创,6877140000.0,份,,,akshare:20240104
2024-01-04,akshare_fund_etf_scale_sse,SH,588080,科创板50,35974628100.0,份,,,akshare:20240104
2024-01-04,akshare_fund_etf_scale_sse,SH,588090,科创板,5573672800.0,份,,,akshare:20240104
2024-01-04,akshare_fund_etf_scale_sse,SH,588100,科创信息,623748700.0,份,,,akshare:20240104
2024-01-04,akshare_fund_etf_scale_sse,SH,588110,科创成长,232758000.0,份,,,akshare:20240104
2024-01-04,akshare_fund_etf_scale_sse,SH,588120,科100ETF,3138811000.0,份,,,akshare:20240104
2024-01-04,akshare_fund_etf_scale_sse,SH,588150,科创龙头,435432600.0,份,,,akshare:20240104
2024-01-04,akshare_fund_etf_scale_sse,SH,588160,科创新材,114996000.0,份,,,akshare:20240104
2024-01-04,akshare_fund_etf_scale_sse,SH,588180,科创50基,4507853700.0,份,,,akshare:20240104
2024-01-04,akshare_fund_etf_scale_sse,SH,588190,科创100,3154618300.0,份,,,akshare:20240104
2024-01-04,akshare_fund_etf_scale_sse,SH,588200,科创芯片,6225894800.0,份,,,akshare:20240104
2024-01-04,akshare_fund_etf_scale_sse,SH,588210,科创100E,355754000.0,份,,,akshare:20240104
2024-01-04,akshare_fund_etf_scale_sse,SH,588220,科创鹏华,7831197900.0,份,,,akshare:20240104
2024-01-04,akshare_fund_etf_scale_sse,SH,588260,科创技术,154746000.0,份,,,akshare:20240104
2024-01-04,akshare_fund_etf_scale_sse,SH,588280,科创五零,428121000.0,份,,,akshare:20240104
2024-01-04,akshare_fund_etf_scale_sse,SH,588290,芯片科创,1103897000.0,份,,,akshare:20240104
2024-01-04,akshare_fund_etf_scale_sse,SH,588300,双创ETF,3091210500.0,份,,,akshare:20240104
2024-01-04,akshare_fund_etf_scale_sse,SH,588310,双创基金,82237500.0,份,,,akshare:20240104
2024-01-04,akshare_fund_etf_scale_sse,SH,588320,双创增强,14824600.0,份,,,akshare:20240104
2024-01-04,akshare_fund_etf_scale_sse,SH,588330,双创龙头,1771737800.0,份,,,akshare:20240104
2024-01-04,akshare_fund_etf_scale_sse,SH,588350,双创,1908546000.0,份,,,akshare:20240104
2024-01-04,akshare_fund_etf_scale_sse,SH,588360,创创ETF,1036681799.9999999,份,,,akshare:20240104
2024-01-04,akshare_fund_etf_scale_sse,SH,588370,科创策略,250772000.0,份,,,akshare:20240104
2024-01-04,akshare_fund_etf_scale_sse,SH,588380,创50ETF,4412770000.0,份,,,akshare:20240104
2024-01-04,akshare_fund_etf_scale_sse,SH,588390,科创创业,512935899.99999994,份,,,akshare:20240104
2024-01-04,akshare_fund_etf_scale_sse,SH,588400,双创50,3657600600.0,份,,,akshare:20240104
2024-01-04,akshare_fund_etf_scale_sse,SH,588460,科创增强,781514000.0,份,,,akshare:20240104
2024-01-04,akshare_fund_etf_scale_sse,SH,588800,科创100C,7657377000.0,份,,,akshare:20240104
2024-01-04,akshare_fund_etf_scale_sse,SH,588880,科创指数,573368000.0,份,,,akshare:20240104
2024-01-04,akshare_fund_etf_scale_sse,SH,588900,科创100N,709783000.0,份,,,akshare:20240104
2024-01-05,akshare_fund_etf_scale_sse,SH,510010,治理ETF,162524400.0,份,,,akshare:20240105
2024-01-05,akshare_fund_etf_scale_sse,SH,510020,超大ETF,40648000.0,份,,,akshare:20240105
2024-01-05,akshare_fund_etf_scale_sse,SH,510030,价值ETF,193729800.0,份,,,akshare:20240105
2024-01-05,akshare_fund_etf_scale_sse,SH,510050,50ETF,33549966800.0,份,,,akshare:20240105
2024-01-05,akshare_fund_etf_scale_sse,SH,510060,央企ETF,57959200.0,份,,,akshare:20240105
2024-01-05,akshare_fund_etf_scale_sse,SH,510090,ESG建信,31581100.0,份,,,akshare:20240105
2024-01-05,akshare_fund_etf_scale_sse,SH,510100,SZ50ETF,4867819900.0,份,,,akshare:20240105
2024-01-05,akshare_fund_etf_scale_sse,SH,510130,中盘ETF,42685100.0,份,,,akshare:20240105
2024-01-05,akshare_fund_etf_scale_sse,SH,510150,消费ETF,2157178600.0,份,,,akshare:20240105
2024-01-05,akshare_fund_etf_scale_sse,SH,510160,产业升级,346057400.0,份,,,akshare:20240105
2024-01-05,akshare_fund_etf_scale_sse,SH,510170,商品ETF,224914800.0,份,,,akshare:20240105
2024-01-05,akshare_fund_etf_scale_sse,SH,510180,180ETF,5904057700.0,份,,,akshare:20240105
2024-01-05,akshare_fund_etf_scale_sse,SH,510190,上证50基,38650800.0,份,,,akshare:20240105
2024-01-05,akshare_fund_etf_scale_sse,SH,510200,上证券商,64885500.0,份,,,akshare:20240105
2024-01-05,akshare_fund_etf_scale_sse,SH,510210,综指ETF,9521192600.0,份,,,akshare:20240105
2024-01-05,akshare_fund_etf_scale_sse,SH,510230,金融ETF,3386808000.0,份,,,akshare:20240105
2024-01-05,akshare_fund_etf_scale_sse,SH,510270,国企ETF,15832100.0,份,,,akshare:20240105
2024-01-05,akshare_fund_etf_scale_sse,SH,510290,380ETF,94448900.0,份,,,akshare:20240105
2024-01-05,akshare_fund_etf_scale_sse,SH,510300,300ETF,35968987700.0,份,,,akshare:20240105
2024-01-05,akshare_fund_etf_scale_sse,SH,510310,HS300ETF,29288307400.000004,份,,,akshare:20240105
2024-01-05,akshare_fund_etf_scale_sse,SH,510330,华夏300,10883949800.0,份,,,akshare:20240105
2024-01-05,akshare_fund_etf_scale_sse,SH,510350,工银300,629214700.0,份,,,akshare:20240105
2024-01-05,akshare_fund_etf_scale_sse,SH,510360,广发300,1907381200.0,份,,,akshare:20240105
2024-01-05,akshare_fund_etf_scale_sse,SH,510370,兴业300,69258100.0,份,,,akshare:20240105
2024-01-05,akshare_fund_etf_scale_sse,SH,510380,国寿300,1365802400.0,份,,,akshare:20240105
2024-01-05,akshare_fund_etf_scale_sse,SH,510390,平安300,163550000.0,份,,,akshare:20240105
2024-01-05,akshare_fund_etf_scale_sse,SH,510410,资源ETF,361258399.99999994,份,,,akshare:20240105
2024-01-05,akshare_fund_etf_scale_sse,SH,510500,500ETF,8108568600.0,份,,,akshare:20240105
2024-01-05,akshare_fund_etf_scale_sse,SH,510510,广发500,1761038299.9999998,份,,,akshare:20240105
2024-01-05,akshare_fund_etf_scale_sse,SH,510530,工银500,42479399.99999999,份,,,akshare:20240105
2024-01-05,akshare_fund_etf_scale_sse,SH,510550,方正500,13743300.0,份,,,akshare:20240105
2024-01-05,akshare_fund_etf_scale_sse,SH,510560,国寿500,140318700.0,份,,,akshare:20240105
2024-01-05,akshare_fund_etf_scale_sse,SH,510570,兴业500,28060600.0,份,,,akshare:20240105
2024-01-05,akshare_fund_etf_scale_sse,SH,510580,ZZ500ETF,3544965200.0,份,,,akshare:20240105
2024-01-05,akshare_fund_etf_scale_sse,SH,510590,平安500,219986100.0,份,,,akshare:20240105
2024-01-05,akshare_fund_etf_scale_sse,SH,510600,沪50ETF,15715100.0,份,,,akshare:20240105
2024-01-05,akshare_fund_etf_scale_sse,SH,510630,消费30,306361500.0,份,,,akshare:20240105
2024-01-05,akshare_fund_etf_scale_sse,SH,510650,金融行业,23952500.0,份,,,akshare:20240105
2024-01-05,akshare_fund_etf_scale_sse,SH,510660,医药行业,47379700.0,份,,,akshare:20240105
2024-01-05,akshare_fund_etf_scale_sse,SH,510680,万家50,34624700.0,份,,,akshare:20240105
2024-01-05,akshare_fund_etf_scale_sse,SH,510710,上50ETF,188918900.0,份,,,akshare:20240105
2024-01-05,akshare_fund_etf_scale_sse,SH,510760,上证ETF,911503700.0,份,,,akshare:20240105
2024-01-05,akshare_fund_etf_scale_sse,SH,510770,G60创新,42610700.0,份,,,akshare:20240105
2024-01-05,akshare_fund_etf_scale_sse,SH,510800,上证50,620576000.0,份,,,akshare:20240105
2024-01-05,akshare_fund_etf_scale_sse,SH,510810,上海国企,8845093700.0,份,,,akshare:20240105
2024-01-05,akshare_fund_etf_scale_sse,SH,510850,工银上50,70098900.0,份,,,akshare:20240105
2024-01-05,akshare_fund_etf_scale_sse,SH,510880,红利ETF,5832175699.999999,份,,,akshare:20240105
2024-01-05,akshare_fund_etf_scale_sse,SH,510900,H股ETF,13357021900.0,份,,,akshare:20240105
2024-01-05,akshare_fund_etf_scale_sse,SH,510980,上证综合,257798000.0,份,,,akshare:20240105
2024-01-05,akshare_fund_etf_scale_sse,SH,510990,ESG180,56948600.0,份,,,akshare:20240105
2024-01-05,akshare_fund_etf_scale_sse,SH,511010,国债ETF,11006300.000000002,份,,,akshare:20240105
2024-01-05,akshare_fund_etf_scale_sse,SH,511020,活跃国债,9977500.0,份,,,akshare:20240105
2024-01-05,akshare_fund_etf_scale_sse,SH,511030,公司债,588307100.0,份,,,akshare:20240105
2024-01-05,akshare_fund_etf_scale_sse,SH,511060,5年地债,5766300.0,份,,,akshare:20240105
2024-01-05,akshare_fund_etf_scale_sse,SH,511090,30年国债,3978100.0,份,,,akshare:20240105
2024-01-05,akshare_fund_etf_scale_sse,SH,511100,基准国债,15320500.0,份,,,akshare:20240105
2024-01-05,akshare_fund_etf_scale_sse,SH,511180,上证转债,31759699.999999996,份,,,akshare:20240105
2024-01-05,akshare_fund_etf_scale_sse,SH,511220,城投ETF,324381400.0,份,,,akshare:20240105
2024-01-05,akshare_fund_etf_scale_sse,SH,511260,十年国债,5106500.0,份,,,akshare:20240105
2024-01-05,akshare_fund_etf_scale_sse,SH,511270,10年地债,6767500.0,份,,,akshare:20240105
2024-01-05,akshare_fund_etf_scale_sse,SH,511360,短融ETF,208364600.0,份,,,akshare:20240105
2024-01-05,akshare_fund_etf_scale_sse,SH,511380,转债ETF,569486700.0,份,,,akshare:20240105
2024-01-05,akshare_fund_etf_scale_sse,SH,511520,政金债,66556500.0,份,,,akshare:20240105
2024-01-05,akshare_fund_etf_scale_sse,SH,511580,政金债基,1798800.0,份,,,akshare:20240105
2024-01-05,akshare_fund_etf_scale_sse,SH,512000,券商ETF,25184117700.0,份,,,akshare:20240105
2024-01-05,akshare_fund_etf_scale_sse,SH,512010,医药ETF,50530694900.0,份,,,akshare:20240105
2024-01-05,akshare_fund_etf_scale_sse,SH,512040,国信价值,446715899.99999994,份,,,akshare:20240105
2024-01-05,akshare_fund_etf_scale_sse,SH,512070,证券保险,9804479700.0,份,,,akshare:20240105
2024-01-05,akshare_fund_etf_scale_sse,SH,512090,MSCI易基,325592300.0,份,,,akshare:20240105
2024-01-05,akshare_fund_etf_scale_sse,SH,512100,1000ETF,3283217600.0,份,,,akshare:20240105
2024-01-05,akshare_fund_etf_scale_sse,SH,512120,医药50,765241900.0,份,,,akshare:20240105
2024-01-05,akshare_fund_etf_scale_sse,SH,512150,A50ETF,50073400.0,份,,,akshare:20240105
2024-01-05,akshare_fund_etf_scale_sse,SH,512160,MSCI基金,297777800.0,份,,,akshare:20240105
2024-01-05,akshare_fund_etf_scale_sse,SH,512170,医疗ETF,68507820500.0,份,,,akshare:20240105
2024-01-05,akshare_fund_etf_scale_sse,SH,512180,建信MSCI,92048000.0,份,,,akshare:20240105
2024-01-05,akshare_fund_etf_scale_sse,SH,512190,之江凤凰,43318400.0,份,,,akshare:20240105
2024-01-05,akshare_fund_etf_scale_sse,SH,512200,地产ETF,7781876000.0,份,,,akshare:20240105
2024-01-05,akshare_fund_etf_scale_sse,SH,512220,TMTETF,304467600.0,份,,,akshare:20240105
2024-01-05,akshare_fund_etf_scale_sse,SH,512260,500低波,65297700.00000001,份,,,akshare:20240105
2024-01-05,akshare_fund_etf_scale_sse,SH,512280,景顺MSCI,42005700.0,份,,,akshare:20240105
2024-01-05,akshare_fund_etf_scale_sse,SH,512290,生物医药,4083820700.0,份,,,akshare:20240105
2024-01-05,akshare_fund_etf_scale_sse,SH,512320,工银MSCI,29040800.0,份,,,akshare:20240105
2024-01-05,akshare_fund_etf_scale_sse,SH,512330,信息ETF,551688000.0,份,,,akshare:20240105
2024-01-05,akshare_fund_etf_scale_sse,SH,512360,MSCI国际,54337700.00000001,份,,,akshare:20240105
2024-01-05,akshare_fund_etf_scale_sse,SH,512380,MSCI中国,129805600.0,份,,,akshare:20240105
2024-01-05,akshare_fund_etf_scale_sse,SH,512390,MSCI低波,171682000.0,份,,,akshare:20240105
2024-01-05,akshare_fund_etf_scale_sse,SH,512400,有色ETF,4138539000.0,份,,,akshare:20240105
2024-01-05,akshare_fund_etf_scale_sse,SH,512480,半导体,33587003600.0,份,,,akshare:20240105
2024-01-05,akshare_fund_etf_scale_sse,SH,512500,中证500,2027208800.0,份,,,akshare:20240105
2024-01-05,akshare_fund_etf_scale_sse,SH,512510,ETF500,388429800.00000006,份,,,akshare:20240105
2024-01-05,akshare_fund_etf_scale_sse,SH,512520,MSCIETF,90056400.0,份,,,akshare:20240105
2024-01-05,akshare_fund_etf_scale_sse,SH,512530,300红利,47502000.0,份,,,akshare:20240105
2024-01-05,akshare_fund_etf_scale_sse,SH,512550,A50基金,214906000.0,份,,,akshare:20240105
2024-01-05,akshare_fund_etf_scale_sse,SH,512560,中证军工,1155127000.0,份,,,akshare:20240105
2024-01-05,akshare_fund_etf_scale_sse,SH,512570,中证证券,427806100.0,份,,,akshare:20240105
2024-01-05,akshare_fund_etf_scale_sse,SH,512580,环保ETF,1668271700.0000002,份,,,akshare:20240105
2024-01-05,akshare_fund_etf_scale_sse,SH,512600,必选消费,554656100.0,份,,,akshare:20240105
2024-01-05,akshare_fund_etf_scale_sse,SH,512640,金融地产,37240900.0,份,,,akshare:20240105
2024-01-05,akshare_fund_etf_scale_sse,SH,512650,长三角,474941600.00000006,份,,,akshare:20240105
2024-01-05,akshare_fund_etf_scale_sse,SH,512660,军工ETF,9521080000.0,份,,,akshare:20240105
2024-01-05,akshare_fund_etf_scale_sse,SH,512670,国防ETF,3960652600.0,份,,,akshare:20240105
2024-01-05,akshare_fund_etf_scale_sse,SH,512680,军工基金,3512130100.0,份,,,akshare:20240105
2024-01-05,akshare_fund_etf_scale_sse,SH,512690,酒ETF,16708850200.0,份,,,akshare:20240105
2024-01-05,akshare_fund_etf_scale_sse,SH,512700,银行基金,1017081000.0,份,,,akshare:20240105
2024-01-05,akshare_fund_etf_scale_sse,SH,512710,军工龙头,9119658400.0,份,,,akshare:20240105
2024-01-05,akshare_fund_etf_scale_sse,SH,512720,计算机,2018453400.0,份,,,akshare:20240105
2024-01-05,akshare_fund_etf_scale_sse,SH,512730,银行FUND,85583900.0,份,,,akshare:20240105
2024-01-05,akshare_fund_etf_scale_sse,SH,512750,基本面50,143754900.0,份,,,akshare:20240105
2024-01-05,akshare_fund_etf_scale_sse,SH,512760,芯片ETF,19155922800.0,份,,,akshare:20240105
2024-01-05,akshare_fund_etf_scale_sse,SH,512770,战略新兴,187767800.0,份,,,akshare:20240105
2024-01-05,akshare_fund_etf_scale_sse,SH,512800,银行ETF,5726840000.0,份,,,akshare:20240105
2024-01-05,akshare_fund_etf_scale_sse,SH,512810,国防军工,387791700.0,份,,,akshare:20240105
2024-01-05,akshare_fund_etf_scale_sse,SH,512820,银行股基,311801900.0,份,,,akshare:20240105
2024-01-05,akshare_fund_etf_scale_sse,SH,512870,杭州湾区,32410600.0,份,,,akshare:20240105
2024-01-05,akshare_fund_etf_scale_sse,SH,512880,证券ETF,35596291500.0,份,,,akshare:20240105
2024-01-05,akshare_fund_etf_scale_sse,SH,512890,红利低波,4066110800.0,份,,,akshare:20240105
2024-01-05,akshare_fund_etf_scale_sse,SH,512900,证券基金,6923906000.0,份,,,akshare:20240105
2024-01-05,akshare_fund_etf_scale_sse,SH,512910,100ETF,804628800.0,份,,,akshare:20240105
2024-01-05,akshare_fund_etf_scale_sse,SH,512930,AIETF,362130300.0,份,,,akshare:20240105
2024-01-05,akshare_fund_etf_scale_sse,SH,512950,央企改革,4304551000.0,份,,,akshare:20240105
2024-01-05,akshare_fund_etf_scale_sse,SH,512960,央调ETF,4335257300.0,份,,,akshare:20240105
2024-01-05,akshare_fund_etf_scale_sse,SH,512970,湾区ETF,62987600.0,份,,,akshare:20240105
2024-01-05,akshare_fund_etf_scale_sse,SH,512980,传媒ETF,5440424399.999999,份,,,akshare:20240105
2024-01-05,akshare_fund_etf_scale_sse,SH,512990,MSCIA股,247015400.0,份,,,akshare:20240105
2024-01-05,akshare_fund_etf_scale_sse,SH,513000,225ETF,310411400.0,份,,,akshare:20240105
2024-01-05,akshare_fund_etf_scale_sse,SH,513010,港股科技,11168307000.0,份,,,akshare:20240105
2024-01-05,akshare_fund_etf_scale_sse,SH,513020,科技HK,471145400.0,份,,,akshare:20240105
2024-01-05,akshare_fund_etf_scale_sse,SH,513030,德国ETF,409779000.0,份,,,akshare:20240105
2024-01-05,akshare_fund_etf_scale_sse,SH,513040,HK互联网,52841300.0,份,,,akshare:20240105
2024-01-05,akshare_fund_etf_scale_sse,SH,513050,中概互联,36075432700.0,份,,,akshare:20240105
2024-01-05,akshare_fund_etf_scale_sse,SH,513060,恒生医疗,29112893300.0,份,,,akshare:20240105
2024-01-05,akshare_fund_etf_scale_sse,SH,513070,HK消费50,94760800.0,份,,,akshare:20240105
2024-01-05,akshare_fund_etf_scale_sse,SH,513080,法国ETF,83416000.0,份,,,akshare:20240105
2024-01-05,akshare_fund_etf_scale_sse,SH,513090,香港证券,2293988000.0,份,,,akshare:20240105
2024-01-05,akshare_fund_etf_scale_sse,SH,513100,纳指ETF,8347110600.000001,份,,,akshare:20240105
2024-01-05,akshare_fund_etf_scale_sse,SH,513110,纳指100,352435000.0,份,,,akshare:20240105
2024-01-05,akshare_fund_etf_scale_sse,SH,513120,HK创新药,8494135400.0,份,,,akshare:20240105
2024-01-05,akshare_fund_etf_scale_sse,SH,513130,恒生科技,31396347000.0,份,,,akshare:20240105
2024-01-05,akshare_fund_etf_scale_sse,SH,513140,港股金融,44368000.0,份,,,akshare:20240105
2024-01-05,akshare_fund_etf_scale_sse,SH,513150,港科技50,183559800.0,份,,,akshare:20240105
2024-01-05,akshare_fund_etf_scale_sse,SH,513160,科技30,149189300.0,份,,,akshare:20240105
2024-01-05,akshare_fund_etf_scale_sse,SH,513180,恒指科技,49373759500.0,份,,,akshare:20240105
2024-01-05,akshare_fund_etf_scale_sse,SH,513190,H股金融,30936000.0,份,,,akshare:20240105
2024-01-05,akshare_fund_etf_scale_sse,SH,513200,港股医药,1662282100.0,份,,,akshare:20240105
2024-01-05,akshare_fund_etf_scale_sse,SH,513220,互联网30,76109400.0,份,,,akshare:20240105
2024-01-05,akshare_fund_etf_scale_sse,SH,513230,H股消费,66422700.00000001,份,,,akshare:20240105
2024-01-05,akshare_fund_etf_scale_sse,SH,513260,恒科技,776243000.0,份,,,akshare:20240105
2024-01-05,akshare_fund_etf_scale_sse,SH,513280,恒生生物,168114500.0,份,,,akshare:20240105
2024-01-05,akshare_fund_etf_scale_sse,SH,513290,纳指生物,746572100.0000001,份,,,akshare:20240105
2024-01-05,akshare_fund_etf_scale_sse,SH,513300,纳斯达克,2421671000.0,份,,,akshare:20240105
2024-01-05,akshare_fund_etf_scale_sse,SH,513310,中韩芯片,160427000.0,份,,,akshare:20240105
2024-01-05,akshare_fund_etf_scale_sse,SH,513320,HK新经济,39010600.0,份,,,akshare:20240105
2024-01-05,akshare_fund_etf_scale_sse,SH,513330,恒生互联,85917480000.0,份,,,akshare:20240105
2024-01-05,akshare_fund_etf_scale_sse,SH,513350,油气ETF,86746000.0,份,,,akshare:20240105
2024-01-05,akshare_fund_etf_scale_sse,SH,513360,教育ETF,610213900.0,份,,,akshare:20240105
2024-01-05,akshare_fund_etf_scale_sse,SH,513380,科技恒生,2528392500.0,份,,,akshare:20240105
2024-01-05,akshare_fund_etf_scale_sse,SH,513390,纳指基金,337379100.00000006,份,,,akshare:20240105
2024-01-05,akshare_fund_etf_scale_sse,SH,513500,标普500,5432638600.0,份,,,akshare:20240105
2024-01-05,akshare_fund_etf_scale_sse,SH,513520,日经ETF,486887200.0,份,,,akshare:20240105
2024-01-05,akshare_fund_etf_scale_sse,SH,513530,港股红利,121938700.00000001,份,,,akshare:20240105
2024-01-05,akshare_fund_etf_scale_sse,SH,513550,港股通50,6015992000.0,份,,,akshare:20240105
2024-01-05,akshare_fund_etf_scale_sse,SH,513560,香港科技,157386000.0,份,,,akshare:20240105
2024-01-05,akshare_fund_etf_scale_sse,SH,513580,HS科技,3382118000.0,份,,,akshare:20240105
2024-01-05,akshare_fund_etf_scale_sse,SH,513590,香港消费,106818900.0,份,,,akshare:20240105
2024-01-05,akshare_fund_etf_scale_sse,SH,513600,恒指ETF,454829500.0,份,,,akshare:20240105
2024-01-05,akshare_fund_etf_scale_sse,SH,513630,香港红利,989359000.0,份,,,akshare:20240105
2024-01-05,akshare_fund_etf_scale_sse,SH,513650,标普ETF,222734000.0,份,,,akshare:20240105
2024-01-05,akshare_fund_etf_scale_sse,SH,513660,恒生通,2339000100.0,份,,,akshare:20240105
2024-01-05,akshare_fund_etf_scale_sse,SH,513690,恒生股息,1105479900.0,份,,,akshare:20240105
2024-01-05,akshare_fund_etf_scale_sse,SH,513700,香港医药,1769846000.0,份,,,akshare:20240105
2024-01-05,akshare_fund_etf_scale_sse,SH,513730,东南亚,658355000.0,份,,,akshare:20240105
2024-01-05,akshare_fund_etf_scale_sse,SH,513750,港股非银,156838000.0,份,,,akshare:20240105
2024-01-05,akshare_fund_etf_scale_sse,SH,513770,港股互联,2304568900.0,份,,,akshare:20240105
2024-01-05,akshare_fund_etf_scale_sse,SH,513800,东证ETF,82644400.0,份,,,akshare:20240105
2024-01-05,akshare_fund_etf_scale_sse,SH,513810,港股国企,37992000.0,份,,,akshare:20240105
2024-01-05,akshare_fund_etf_scale_sse,SH,513850,美国50,35892600.0,份,,,akshare:20240105
2024-01-05,akshare_fund_etf_scale_sse,SH,513860,HKC科技,1545470600.0,份,,,akshare:20240105
2024-01-05,akshare_fund_etf_scale_sse,SH,513870,纳指指数,36671000.0,份,,,akshare:20240105
2024-01-05,akshare_fund_etf_scale_sse,SH,513880,日经225,263470000.0,份,,,akshare:20240105
2024-01-05,akshare_fund_etf_scale_sse,SH,513890,HK科技,429128000.0,份,,,akshare:20240105
2024-01-05,akshare_fund_etf_scale_sse,SH,513900,港股100,216978000.0,份,,,akshare:20240105
2024-01-05,akshare_fund_etf_scale_sse,SH,513920,N央企40,309231000.0,份,,,akshare:20240105
2024-01-05,akshare_fund_etf_scale_sse,SH,513950,恒生红利,204119000.0,份,,,akshare:20240105
2024-01-05,akshare_fund_etf_scale_sse,SH,513960,港股消费,72932300.0,份,,,akshare:20240105
2024-01-05,akshare_fund_etf_scale_sse,SH,513970,恒生消费,310041000.0,份,,,akshare:20240105
2024-01-05,akshare_fund_etf_scale_sse,SH,513980,科技港股,10877204000.0,份,,,akshare:20240105
2024-01-05,akshare_fund_etf_scale_sse,SH,513990,港股通综,76000000.0,份,,,akshare:20240105
2024-01-05,akshare_fund_etf_scale_sse,SH,515000,科技ETF,2700289699.9999995,份,,,akshare:20240105
2024-01-05,akshare_fund_etf_scale_sse,SH,515010,华夏证券,739771600.0,份,,,akshare:20240105
2024-01-05,akshare_fund_etf_scale_sse,SH,515020,华夏银基,460845300.0,份,,,akshare:20240105
2024-01-05,akshare_fund_etf_scale_sse,SH,515030,新汽车,6954384000.0,份,,,akshare:20240105
2024-01-05,akshare_fund_etf_scale_sse,SH,515050,5GETF,8167068500.0,份,,,akshare:20240105
2024-01-05,akshare_fund_etf_scale_sse,SH,515060,华夏地产,708478100.0,份,,,akshare:20240105
2024-01-05,akshare_fund_etf_scale_sse,SH,515070,AI智能,1854470200.0,份,,,akshare:20240105
2024-01-05,akshare_fund_etf_scale_sse,SH,515080,中证红利,2908148900.0,份,,,akshare:20240105
2024-01-05,akshare_fund_etf_scale_sse,SH,515090,可持续,52801700.0,份,,,akshare:20240105
2024-01-05,akshare_fund_etf_scale_sse,SH,515100,红利100,4564941500.0,份,,,akshare:20240105
2024-01-05,akshare_fund_etf_scale_sse,SH,515110,国企方达,235295000.0,份,,,akshare:20240105
2024-01-05,akshare_fund_etf_scale_sse,SH,515120,创新药,6699993600.0,份,,,akshare:20240105
2024-01-05,akshare_fund_etf_scale_sse,SH,515130,HS300E,76463200.0,份,,,akshare:20240105
2024-01-05,akshare_fund_etf_scale_sse,SH,515150,国企富国,571703200.0,份,,,akshare:20240105
2024-01-05,akshare_fund_etf_scale_sse,SH,515160,MSCI招商,637955100.0,份,,,akshare:20240105
2024-01-05,akshare_fund_etf_scale_sse,SH,515170,食品饮料,4938257900.0,份,,,akshare:20240105
2024-01-05,akshare_fund_etf_scale_sse,SH,515180,100红利,3503637000.0,份,,,akshare:20240105
2024-01-05,akshare_fund_etf_scale_sse,SH,515190,BOCI500,55466100.0,份,,,akshare:20240105
2024-01-05,akshare_fund_etf_scale_sse,SH,515200,创新100,118943200.0,份,,,akshare:20240105
2024-01-05,akshare_fund_etf_scale_sse,SH,515210,钢铁ETF,1029726100.0,份,,,akshare:20240105
2024-01-05,akshare_fund_etf_scale_sse,SH,515220,煤炭ETF,810588500.0,份,,,akshare:20240105
2024-01-05,akshare_fund_etf_scale_sse,SH,515230,软件ETF,1345690900.0,份,,,akshare:20240105
2024-01-05,akshare_fund_etf_scale_sse,SH,515250,智能汽车,1260944500.0,份,,,akshare:20240105
2024-01-05,akshare_fund_etf_scale_sse,SH,515260,电子ETF,729284200.0,份,,,akshare:20240105
2024-01-05,akshare_fund_etf_scale_sse,SH,515280,银行龙头,38118600.0,份,,,akshare:20240105
2024-01-05,akshare_fund_etf_scale_sse,SH,515290,银行,5103172900.0,份,,,akshare:20240105
2024-01-05,akshare_fund_etf_scale_sse,SH,515300,红利300,696675200.0,份,,,akshare:20240105
2024-01-05,akshare_fund_etf_scale_sse,SH,515310,添富300,129111200.00000001,份,,,akshare:20240105
2024-01-05,akshare_fund_etf_scale_sse,SH,515320,电子50,351309000.0,份,,,akshare:20240105
2024-01-05,akshare_fund_etf_scale_sse,SH,515330,天弘300,8381709500.0,份,,,akshare:20240105
2024-01-05,akshare_fund_etf_scale_sse,SH,515350,民生300,26999200.0,份,,,akshare:20240105
2024-01-05,akshare_fund_etf_scale_sse,SH,515360,方正300,32279300.0,份,,,akshare:20240105
2024-01-05,akshare_fund_etf_scale_sse,SH,515380,泰康300,1106199800.0,份,,,akshare:20240105
2024-01-05,akshare_fund_etf_scale_sse,SH,515390,HS300,370683000.0,份,,,akshare:20240105
2024-01-05,akshare_fund_etf_scale_sse,SH,515400,大数据,1648631400.0000002,份,,,akshare:20240105
2024-01-05,akshare_fund_etf_scale_sse,SH,515450,红利50,655335000.0,份,,,akshare:20240105
2024-01-05,akshare_fund_etf_scale_sse,SH,515530,泰康500,26642700.0,份,,,akshare:20240105
2024-01-05,akshare_fund_etf_scale_sse,SH,515550,国联500,25345700.0,份,,,akshare:20240105
2024-01-05,akshare_fund_etf_scale_sse,SH,515560,证券E,473883300.0,份,,,akshare:20240105
2024-01-05,akshare_fund_etf_scale_sse,SH,515580,中证科技,606031400.0,份,,,akshare:20240105
2024-01-05,akshare_fund_etf_scale_sse,SH,515590,500ETFEW,22113700.0,份,,,akshare:20240105
2024-01-05,akshare_fund_etf_scale_sse,SH,515600,央企创新,1509797400.0,份,,,akshare:20240105
2024-01-05,akshare_fund_etf_scale_sse,SH,515630,保险证券,107217700.0,份,,,akshare:20240105
2024-01-05,akshare_fund_etf_scale_sse,SH,515650,消费50,1929184000.0,份,,,akshare:20240105
2024-01-05,akshare_fund_etf_scale_sse,SH,515660,沪深300E,447094200.0,份,,,akshare:20240105
2024-01-05,akshare_fund_etf_scale_sse,SH,515670,中银100,64822500.0,份,,,akshare:20240105
2024-01-05,akshare_fund_etf_scale_sse,SH,515680,创新央企,1522264700.0,份,,,akshare:20240105
2024-01-05,akshare_fund_etf_scale_sse,SH,515700,新能车,2938510200.0,份,,,akshare:20240105
2024-01-05,akshare_fund_etf_scale_sse,SH,515710,食品ETF,1307599800.0,份,,,akshare:20240105
2024-01-05,akshare_fund_etf_scale_sse,SH,515750,科技50,512140500.0,份,,,akshare:20240105
2024-01-05,akshare_fund_etf_scale_sse,SH,515760,浙江国资,199388100.0,份,,,akshare:20240105
2024-01-05,akshare_fund_etf_scale_sse,SH,515770,MSCIAETF,72727300.0,份,,,akshare:20240105
2024-01-05,akshare_fund_etf_scale_sse,SH,515780,浦银MSCI,14785200.0,份,,,akshare:20240105
2024-01-05,akshare_fund_etf_scale_sse,SH,515790,光伏ETF,12768494000.0,份,,,akshare:20240105
2024-01-05,akshare_fund_etf_scale_sse,SH,515800,800ETF,7995937200.0,份,,,akshare:20240105
2024-01-05,akshare_fund_etf_scale_sse,SH,515810,ZZ800ETF,176908800.0,份,,,akshare:20240105
2024-01-05,akshare_fund_etf_scale_sse,SH,515850,证券龙头,189791000.0,份,,,akshare:20240105
2024-01-05,akshare_fund_etf_scale_sse,SH,515860,科技100,168878900.0,份,,,akshare:20240105
2024-01-05,akshare_fund_etf_scale_sse,SH,515880,通信ETF,2029462300.0,份,,,akshare:20240105
2024-01-05,akshare_fund_etf_scale_sse,SH,515890,红利博时,502443900.0,份,,,akshare:20240105
2024-01-05,akshare_fund_etf_scale_sse,SH,515900,央创ETF,3921646500.0,份,,,akshare:20240105
2024-01-05,akshare_fund_etf_scale_sse,SH,515910,质量ETF,470507000.0,份,,,akshare:20240105
2024-01-05,akshare_fund_etf_scale_sse,SH,515920,智能消费,283405700.0,份,,,akshare:20240105
2024-01-05,akshare_fund_etf_scale_sse,SH,515950,医药龙头,859200600.0,份,,,akshare:20240105
2024-01-05,akshare_fund_etf_scale_sse,SH,515960,医药100,341991900.0,份,,,akshare:20240105
2024-01-05,akshare_fund_etf_scale_sse,SH,515980,人工智能,1376064500.0,份,,,akshare:20240105
2024-01-05,akshare_fund_etf_scale_sse,SH,515990,添富国企,98350200.0,份,,,akshare:20240105
2024-01-05,akshare_fund_etf_scale_sse,SH,516000,大数据50,126855000.0,份,,,akshare:20240105
2024-01-05,akshare_fund_etf_scale_sse,SH,516010,游戏ETF,2047693000.0,份,,,akshare:20240105
2024-01-05,akshare_fund_etf_scale_sse,SH,516020,化工ETF,706826200.0,份,,,akshare:20240105
2024-01-05,akshare_fund_etf_scale_sse,SH,516050,科技龙头,758228000.0,份,,,akshare:20240105
2024-01-05,akshare_fund_etf_scale_sse,SH,516060,新药ETF,250237400.00000003,份,,,akshare:20240105
2024-01-05,akshare_fund_etf_scale_sse,SH,516070,碳中和50,818646000.0,份,,,akshare:20240105
2024-01-05,akshare_fund_etf_scale_sse,SH,516080,创新医药,497554800.00000006,份,,,akshare:20240105
2024-01-05,akshare_fund_etf_scale_sse,SH,516090,新能源E,2338844800.0,份,,,akshare:20240105
2024-01-05,akshare_fund_etf_scale_sse,SH,516100,科技金融,63759700.0,份,,,akshare:20240105
2024-01-05,akshare_fund_etf_scale_sse,SH,516110,汽车ETF,1273623100.0,份,,,akshare:20240105
2024-01-05,akshare_fund_etf_scale_sse,SH,516120,化工50,310082000.0,份,,,akshare:20240105
2024-01-05,akshare_fund_etf_scale_sse,SH,516130,消费龙头,101890000.0,份,,,akshare:20240105
2024-01-05,akshare_fund_etf_scale_sse,SH,516150,稀土基金,2014577000.0,份,,,akshare:20240105
2024-01-05,akshare_fund_etf_scale_sse,SH,516160,新能源,10161304000.0,份,,,akshare:20240105
2024-01-05,akshare_fund_etf_scale_sse,SH,516180,光伏产业,106987000.0,份,,,akshare:20240105
2024-01-05,akshare_fund_etf_scale_sse,SH,516190,文娱ETF,21818500.0,份,,,akshare:20240105
2024-01-05,akshare_fund_etf_scale_sse,SH,516200,证券行业,421604000.0,份,,,akshare:20240105
2024-01-05,akshare_fund_etf_scale_sse,SH,516210,银行股,219131000.0,份,,,akshare:20240105
2024-01-05,akshare_fund_etf_scale_sse,SH,516220,化工龙头,291170000.0,份,,,akshare:20240105
2024-01-05,akshare_fund_etf_scale_sse,SH,516260,物联网50,145882600.0,份,,,akshare:20240105
2024-01-05,akshare_fund_etf_scale_sse,SH,516270,新能源50,593909000.0,份,,,akshare:20240105
2024-01-05,akshare_fund_etf_scale_sse,SH,516290,光伏基金,415196900.0,份,,,akshare:20240105
2024-01-05,akshare_fund_etf_scale_sse,SH,516300,中证1000,139102200.0,份,,,akshare:20240105
2024-01-05,akshare_fund_etf_scale_sse,SH,516310,银行指基,144558500.0,份,,,akshare:20240105
2024-01-05,akshare_fund_etf_scale_sse,SH,516320,装备ETF,89589300.0,份,,,akshare:20240105
2024-01-05,akshare_fund_etf_scale_sse,SH,516330,物联网,50471300.0,份,,,akshare:20240105
2024-01-05,akshare_fund_etf_scale_sse,SH,516350,芯片50,573415300.0,份,,,akshare:20240105
2024-01-05,akshare_fund_etf_scale_sse,SH,516360,新材料,156551800.0,份,,,akshare:20240105
2024-01-05,akshare_fund_etf_scale_sse,SH,516380,智能电车,184449300.0,份,,,akshare:20240105
2024-01-05,akshare_fund_etf_scale_sse,SH,516390,电动车,731761000.0,份,,,akshare:20240105
2024-01-05,akshare_fund_etf_scale_sse,SH,516480,新材料基,22146100.0,份,,,akshare:20240105
2024-01-05,akshare_fund_etf_scale_sse,SH,516500,生物ETF,158937200.0,份,,,akshare:20240105
2024-01-05,akshare_fund_etf_scale_sse,SH,516510,云计算,1286890000.0,份,,,akshare:20240105
2024-01-05,akshare_fund_etf_scale_sse,SH,516520,智能驾驶,195765500.0,份,,,akshare:20240105
2024-01-05,akshare_fund_etf_scale_sse,SH,516530,物流快递,93802300.0,份,,,akshare:20240105
2024-01-05,akshare_fund_etf_scale_sse,SH,516550,农业ETF,331414400.0,份,,,akshare:20240105
2024-01-05,akshare_fund_etf_scale_sse,SH,516560,养老ETF,93258000.0,份,,,akshare:20240105
2024-01-05,akshare_fund_etf_scale_sse,SH,516570,石化ETF,42357600.0,份,,,akshare:20240105
2024-01-05,akshare_fund_etf_scale_sse,SH,516580,新能源BS,251124100.0,份,,,akshare:20240105
2024-01-05,akshare_fund_etf_scale_sse,SH,516590,电动汽车,132015000.0,份,,,akshare:20240105
2024-01-05,akshare_fund_etf_scale_sse,SH,516600,消服ETF,167332100.0,份,,,akshare:20240105
2024-01-05,akshare_fund_etf_scale_sse,SH,516610,医服ETF,131974800.0,份,,,akshare:20240105
2024-01-05,akshare_fund_etf_scale_sse,SH,516620,影视ETF,44267500.0,份,,,akshare:20240105
2024-01-05,akshare_fund_etf_scale_sse,SH,516630,云计算50,104156000.0,份,,,akshare:20240105
2024-01-05,akshare_fund_etf_scale_sse,SH,516640,芯片龙头,2496482800.0,份,,,akshare:20240105
2024-01-05,akshare_fund_etf_scale_sse,SH,516650,有色50,60464799.99999999,份,,,akshare:20240105
2024-01-05,akshare_fund_etf_scale_sse,SH,516660,新能汽车,515689000.0,份,,,akshare:20240105
2024-01-05,akshare_fund_etf_scale_sse,SH,516670,畜牧养殖,1009266300.0,份,,,akshare:20240105
2024-01-05,akshare_fund_etf_scale_sse,SH,516690,化工产业,75243000.0,份,,,akshare:20240105
2024-01-05,akshare_fund_etf_scale_sse,SH,516700,数据产业,45622000.0,份,,,akshare:20240105
2024-01-05,akshare_fund_etf_scale_sse,SH,516710,新材料50,186272000.0,份,,,akshare:20240105
2024-01-05,akshare_fund_etf_scale_sse,SH,516720,ESGETF,51337800.0,份,,,akshare:20240105
2024-01-05,akshare_fund_etf_scale_sse,SH,516730,证券公司,75380800.0,份,,,akshare:20240105
2024-01-05,akshare_fund_etf_scale_sse,SH,516750,建材ETF,135167300.0,份,,,akshare:20240105
2024-01-05,akshare_fund_etf_scale_sse,SH,516760,养殖ETF,278215100.0,份,,,akshare:20240105
2024-01-05,akshare_fund_etf_scale_sse,SH,516770,游戏动漫,136648000.0,份,,,akshare:20240105
2024-01-05,akshare_fund_etf_scale_sse,SH,516780,稀土ETF,757549800.0,份,,,akshare:20240105
2024-01-05,akshare_fund_etf_scale_sse,SH,516790,保健ETF,211282200.0,份,,,akshare:20240105
2024-01-05,akshare_fund_etf_scale_sse,SH,516800,智能制造,229154000.0,份,,,akshare:20240105
2024-01-05,akshare_fund_etf_scale_sse,SH,516810,农业,195478900.0,份,,,akshare:20240105
2024-01-05,akshare_fund_etf_scale_sse,SH,516820,医疗创新,3095415200.0,份,,,akshare:20240105
2024-01-05,akshare_fund_etf_scale_sse,SH,516830,300ESG,239676900.0,份,,,akshare:20240105
2024-01-05,akshare_fund_etf_scale_sse,SH,516850,新能源80,120237000.0,份,,,akshare:20240105
2024-01-05,akshare_fund_etf_scale_sse,SH,516860,金融科技,119522000.0,份,,,akshare:20240105
2024-01-05,akshare_fund_etf_scale_sse,SH,516880,光伏50,1189944100.0,份,,,akshare:20240105
2024-01-05,akshare_fund_etf_scale_sse,SH,516890,新材ETF,66311400.0,份,,,akshare:20240105
2024-01-05,akshare_fund_etf_scale_sse,SH,516900,食品50,49229000.0,份,,,akshare:20240105
2024-01-05,akshare_fund_etf_scale_sse,SH,516910,物流ETF,114641800.0,份,,,akshare:20240105
2024-01-05,akshare_fund_etf_scale_sse,SH,516920,芯片基金,704463000.0,份,,,akshare:20240105
2024-01-05,akshare_fund_etf_scale_sse,SH,516930,生科ETF,71639600.0,份,,,akshare:20240105
2024-01-05,akshare_fund_etf_scale_sse,SH,516950,基建ETF,862821000.0,份,,,akshare:20240105
2024-01-05,akshare_fund_etf_scale_sse,SH,516960,机械ETF,88051100.0,份,,,akshare:20240105
2024-01-05,akshare_fund_etf_scale_sse,SH,516970,基建50,4139042500.0,份,,,akshare:20240105
2024-01-05,akshare_fund_etf_scale_sse,SH,516980,证券先锋,30516000.0,份,,,akshare:20240105
2024-01-05,akshare_fund_etf_scale_sse,SH,517000,沪港深,617793000.0,份,,,akshare:20240105
2024-01-05,akshare_fund_etf_scale_sse,SH,517010,HGS500E,54144200.0,份,,,akshare:20240105
2024-01-05,akshare_fund_etf_scale_sse,SH,517030,HGS300,48040300.0,份,,,akshare:20240105
2024-01-05,akshare_fund_etf_scale_sse,SH,517050,互联网50,845605000.0,份,,,akshare:20240105
2024-01-05,akshare_fund_etf_scale_sse,SH,517080,HGS500,705166000.0,份,,,akshare:20240105
2024-01-05,akshare_fund_etf_scale_sse,SH,517090,共赢ETF,367075000.0,份,,,akshare:20240105
2024-01-05,akshare_fund_etf_scale_sse,SH,517100,AH500ETF,440602100.0,份,,,akshare:20240105
2024-01-05,akshare_fund_etf_scale_sse,SH,517110,创新药HK,292098500.0,份,,,akshare:20240105
2024-01-05,akshare_fund_etf_scale_sse,SH,517120,创新药50,690966400.0,份,,,akshare:20240105
2024-01-05,akshare_fund_etf_scale_sse,SH,517160,长江ETF,2134777500.0,份,,,akshare:20240105
2024-01-05,akshare_fund_etf_scale_sse,SH,517170,沪港深E,46131800.0,份,,,akshare:20240105
2024-01-05,akshare_fund_etf_scale_sse,SH,517180,中国国企,338496300.0,份,,,akshare:20240105
2024-01-05,akshare_fund_etf_scale_sse,SH,517200,互联网,248782000.0,份,,,akshare:20240105
2024-01-05,akshare_fund_etf_scale_sse,SH,517270,科技TOP,20091600.0,份,,,akshare:20240105
2024-01-05,akshare_fund_etf_scale_sse,SH,517280,网购ETF,42552500.0,份,,,akshare:20240105
2024-01-05,akshare_fund_etf_scale_sse,SH,517300,AH300ETF,2874434500.0,份,,,akshare:20240105
2024-01-05,akshare_fund_etf_scale_sse,SH,517330,长江保护,2113169000.0,份,,,akshare:20240105
2024-01-05,akshare_fund_etf_scale_sse,SH,517350,中概科技,185542000.0,份,,,akshare:20240105
2024-01-05,akshare_fund_etf_scale_sse,SH,517360,AH科技,82083000.0,份,,,akshare:20240105
2024-01-05,akshare_fund_etf_scale_sse,SH,517380,创新药AH,526326300.0,份,,,akshare:20240105
2024-01-05,akshare_fund_etf_scale_sse,SH,517390,云计算AH,54112600.0,份,,,akshare:20240105
2024-01-05,akshare_fund_etf_scale_sse,SH,517520,黄金股,108404000.0,份,,,akshare:20240105
2024-01-05,akshare_fund_etf_scale_sse,SH,517550,消费主题,39917400.0,份,,,akshare:20240105
2024-01-05,akshare_fund_etf_scale_sse,SH,517660,物联网AH,42280700.0,份,,,akshare:20240105
2024-01-05,akshare_fund_etf_scale_sse,SH,517760,消费TOP,9552600.0,份,,,akshare:20240105
2024-01-05,akshare_fund_etf_scale_sse,SH,517770,游戏传媒,25947800.000000004,份,,,akshare:20240105
2024-01-05,akshare_fund_etf_scale_sse,SH,517800,AI50,158539700.0,份,,,akshare:20240105
2024-01-05,akshare_fund_etf_scale_sse,SH,517850,张江ETF,198185200.0,份,,,akshare:20240105
2024-01-05,akshare_fund_etf_scale_sse,SH,517880,品牌消费,49337100.0,份,,,akshare:20240105
2024-01-05,akshare_fund_etf_scale_sse,SH,517900,银行优选,47993500.0,份,,,akshare:20240105
2024-01-05,akshare_fund_etf_scale_sse,SH,517960,科技AH,88182000.0,份,,,akshare:20240105
2024-01-05,akshare_fund_etf_scale_sse,SH,517990,医药基金,30987900.0,份,,,akshare:20240105
2024-01-05,akshare_fund_etf_scale_sse,SH,518600,上海金,10993599.999999998,份,,,akshare:20240105
2024-01-05,akshare_fund_etf_scale_sse,SH,518660,工银黄金,22352700.0,份,,,akshare:20240105
2024-01-05,akshare_fund_etf_scale_sse,SH,518680,金ETF,68558000.0,份,,,akshare:20240105
2024-01-05,akshare_fund_etf_scale_sse,SH,518800,黄金基金,423419900.0,份,,,akshare:20240105
2024-01-05,akshare_fund_etf_scale_sse,SH,518850,黄金9999,45678700.0,份,,,akshare:20240105
2024-01-05,akshare_fund_etf_scale_sse,SH,518860,上海金E,15459800.0,份,,,akshare:20240105
2024-01-05,akshare_fund_etf_scale_sse,SH,518880,黄金ETF,2996440800.0,份,,,akshare:20240105
2024-01-05,akshare_fund_etf_scale_sse,SH,518890,中银黄金,9854800.0,份,,,akshare:20240105
2024-01-05,akshare_fund_etf_scale_sse,SH,560000,智慧电车,23022900.0,份,,,akshare:20240105
2024-01-05,akshare_fund_etf_scale_sse,SH,560010,1000基金,2824621700.0,份,,,akshare:20240105
2024-01-05,akshare_fund_etf_scale_sse,SH,560020,红利添富,82562000.0,份,,,akshare:20240105
2024-01-05,akshare_fund_etf_scale_sse,SH,560030,800价值,58432000.0,份,,,akshare:20240105
2024-01-05,akshare_fund_etf_scale_sse,SH,560050,MSCIA50,7521934399.999999,份,,,akshare:20240105
2024-01-05,akshare_fund_etf_scale_sse,SH,560060,碳中和基,458090000.0,份,,,akshare:20240105
2024-01-05,akshare_fund_etf_scale_sse,SH,560070,央企分红,963462300.0,份,,,akshare:20240105
2024-01-05,akshare_fund_etf_scale_sse,SH,560080,中药ETF,1721265000.0,份,,,akshare:20240105
2024-01-05,akshare_fund_etf_scale_sse,SH,560090,证券指数,1242365000.0,份,,,akshare:20240105
2024-01-05,akshare_fund_etf_scale_sse,SH,560100,增强ETF,119580300.0,份,,,akshare:20240105
2024-01-05,akshare_fund_etf_scale_sse,SH,560110,ZZ1000,415903500.0,份,,,akshare:20240105
2024-01-05,akshare_fund_etf_scale_sse,SH,560170,央企科技,2971495500.0,份,,,akshare:20240105
2024-01-05,akshare_fund_etf_scale_sse,SH,560180,ESG300,110603000.0,份,,,akshare:20240105
2024-01-05,akshare_fund_etf_scale_sse,SH,560220,2000基金,48717000.0,份,,,akshare:20240105
2024-01-05,akshare_fund_etf_scale_sse,SH,560260,医疗50,1845664700.0,份,,,akshare:20240105
2024-01-05,akshare_fund_etf_scale_sse,SH,560280,工程机械,11752000.0,份,,,akshare:20240105
2024-01-05,akshare_fund_etf_scale_sse,SH,560300,电信50,77803400.0,份,,,akshare:20240105
2024-01-05,akshare_fund_etf_scale_sse,SH,560330,300价值E,72130000.0,份,,,akshare:20240105
2024-01-05,akshare_fund_etf_scale_sse,SH,560500,500质量,860339000.0,份,,,akshare:20240105
2024-01-05,akshare_fund_etf_scale_sse,SH,560550,碳中和,905597400.0,份,,,akshare:20240105
2024-01-05,akshare_fund_etf_scale_sse,SH,560560,碳中和TK,161190100.0,份,,,akshare:20240105
2024-01-05,akshare_fund_etf_scale_sse,SH,560580,电力指基,50003000.0,份,,,akshare:20240105
2024-01-05,akshare_fund_etf_scale_sse,SH,560590,1000鹏华,19710000.0,份,,,akshare:20240105
2024-01-05,akshare_fund_etf_scale_sse,SH,560650,核心50,18419200.0,份,,,akshare:20240105
2024-01-05,akshare_fund_etf_scale_sse,SH,560660,云50ETF,67969000.0,份,,,akshare:20240105
2024-01-05,akshare_fund_etf_scale_sse,SH,560680,龙头消费,51725600.00000001,份,,,akshare:20240105
2024-01-05,akshare_fund_etf_scale_sse,SH,560700,央红利50,1037536900.0,份,,,akshare:20240105
2024-01-05,akshare_fund_etf_scale_sse,SH,560780,半导设备,108496000.0,份,,,akshare:20240105
2024-01-05,akshare_fund_etf_scale_sse,SH,560800,数字ETF,2229951100.0,份,,,akshare:20240105
2024-01-05,akshare_fund_etf_scale_sse,SH,560860,工业有色,304233000.0,份,,,akshare:20240105
2024-01-05,akshare_fund_etf_scale_sse,SH,560880,家电基金,631732000.0,份,,,akshare:20240105
2024-01-05,akshare_fund_etf_scale_sse,SH,560900,创新药企,235969100.0,份,,,akshare:20240105
2024-01-05,akshare_fund_etf_scale_sse,SH,560950,500增,53483000.0,份,,,akshare:20240105
2024-01-05,akshare_fund_etf_scale_sse,SH,560960,碳60ETF,43598900.0,份,,,akshare:20240105
2024-01-05,akshare_fund_etf_scale_sse,SH,560980,光伏30,357022000.0,份,,,akshare:20240105
2024-01-05,akshare_fund_etf_scale_sse,SH,560990,科技先锋,70187100.0,份,,,akshare:20240105
2024-01-05,akshare_fund_etf_scale_sse,SH,561000,300指增,72420000.0,份,,,akshare:20240105
2024-01-05,akshare_fund_etf_scale_sse,SH,561010,软件开发,64356000.0,份,,,akshare:20240105
2024-01-05,akshare_fund_etf_scale_sse,SH,561060,红利国企,67065000.0,份,,,akshare:20240105
2024-01-05,akshare_fund_etf_scale_sse,SH,561100,电子龙头,706746900.0,份,,,akshare:20240105
2024-01-05,akshare_fund_etf_scale_sse,SH,561120,家电ETF,142159900.0,份,,,akshare:20240105
2024-01-05,akshare_fund_etf_scale_sse,SH,561130,国货ETF,295935200.0,份,,,akshare:20240105
2024-01-05,akshare_fund_etf_scale_sse,SH,561160,锂电池,1941835000.0,份,,,akshare:20240105
2024-01-05,akshare_fund_etf_scale_sse,SH,561170,绿电50,207032700.0,份,,,akshare:20240105
2024-01-05,akshare_fund_etf_scale_sse,SH,561180,A100ETF,67609600.0,份,,,akshare:20240105
2024-01-05,akshare_fund_etf_scale_sse,SH,561190,双碳ETF,1530318000.0,份,,,akshare:20240105
2024-01-05,akshare_fund_etf_scale_sse,SH,561200,N工银100,135470500.0,份,,,akshare:20240105
2024-01-05,akshare_fund_etf_scale_sse,SH,561260,能源ETF,603695200.0,份,,,akshare:20240105
2024-01-05,akshare_fund_etf_scale_sse,SH,561280,增强1000,27847700.0,份,,,akshare:20240105
2024-01-05,akshare_fund_etf_scale_sse,SH,561300,300增ETF,1624965000.0,份,,,akshare:20240105
2024-01-05,akshare_fund_etf_scale_sse,SH,561310,消电ETF,163916600.0,份,,,akshare:20240105
2024-01-05,akshare_fund_etf_scale_sse,SH,561320,交运ETF,110369000.0,份,,,akshare:20240105
2024-01-05,akshare_fund_etf_scale_sse,SH,561330,矿业ETF,56696100.0,份,,,akshare:20240105
2024-01-05,akshare_fund_etf_scale_sse,SH,561350,国泰500,265700000.0,份,,,akshare:20240105
2024-01-05,akshare_fund_etf_scale_sse,SH,561360,石油ETF,43148000.0,份,,,akshare:20240105
2024-01-05,akshare_fund_etf_scale_sse,SH,561370,2000ETF,24356000.0,份,,,akshare:20240105
2024-01-05,akshare_fund_etf_scale_sse,SH,561500,漂亮50,113100300.0,份,,,akshare:20240105
2024-01-05,akshare_fund_etf_scale_sse,SH,561510,中医药,96206000.0,份,,,akshare:20240105
2024-01-05,akshare_fund_etf_scale_sse,SH,561550,500指增,796489600.0000001,份,,,akshare:20240105
2024-01-05,akshare_fund_etf_scale_sse,SH,561560,电力ETF,141624200.0,份,,,akshare:20240105
2024-01-05,akshare_fund_etf_scale_sse,SH,561580,央企红利,604870700.0,份,,,akshare:20240105
2024-01-05,akshare_fund_etf_scale_sse,SH,561590,1000增强,81499600.0,份,,,akshare:20240105
2024-01-05,akshare_fund_etf_scale_sse,SH,561600,消费电子,156274000.0,份,,,akshare:20240105
2024-01-05,akshare_fund_etf_scale_sse,SH,561700,电力基金,123813600.0,份,,,akshare:20240105
2024-01-05,akshare_fund_etf_scale_sse,SH,561710,疫苗,69596100.0,份,,,akshare:20240105
2024-01-05,akshare_fund_etf_scale_sse,SH,561780,1000指增,54955800.0,份,,,akshare:20240105
2024-01-05,akshare_fund_etf_scale_sse,SH,561790,现代能源,820934000.0,份,,,akshare:20240105
2024-01-05,akshare_fund_etf_scale_sse,SH,561800,稀金属,177577200.0,份,,,akshare:20240105
2024-01-05,akshare_fund_etf_scale_sse,SH,561900,沪深ESG,74334400.0,份,,,akshare:20240105
2024-01-05,akshare_fund_etf_scale_sse,SH,561910,电池ETF,930076600.0,份,,,akshare:20240105
2024-01-05,akshare_fund_etf_scale_sse,SH,561920,疫苗龙头,34692000.0,份,,,akshare:20240105
2024-01-05,akshare_fund_etf_scale_sse,SH,561950,500增强A,133656000.0,份,,,akshare:20240105
2024-01-05,akshare_fund_etf_scale_sse,SH,561960,央企回报,406985199.99999994,份,,,akshare:20240105
2024-01-05,akshare_fund_etf_scale_sse,SH,561980,芯片设备,65110000.0,份,,,akshare:20240105
2024-01-05,akshare_fund_etf_scale_sse,SH,561990,300增强,628649200.0,份,,,akshare:20240105
2024-01-05,akshare_fund_etf_scale_sse,SH,562000,100ETF基,974368900.0,份,,,akshare:20240105
2024-01-05,akshare_fund_etf_scale_sse,SH,562010,绿色能源,35298700.0,份,,,akshare:20240105
2024-01-05,akshare_fund_etf_scale_sse,SH,562030,信创基金,54986899.99999999,份,,,akshare:20240105
2024-01-05,akshare_fund_etf_scale_sse,SH,562060,标普红利,258896300.0,份,,,akshare:20240105
2024-01-05,akshare_fund_etf_scale_sse,SH,562300,低碳ETF,160495000.0,份,,,akshare:20240105
2024-01-05,akshare_fund_etf_scale_sse,SH,562310,300成长,1316572300.0,份,,,akshare:20240105
2024-01-05,akshare_fund_etf_scale_sse,SH,562320,300价值A,55295500.0,份,,,akshare:20240105
2024-01-05,akshare_fund_etf_scale_sse,SH,562330,500价值,47018900.0,份,,,akshare:20240105
2024-01-05,akshare_fund_etf_scale_sse,SH,562350,电力,29410900.0,份,,,akshare:20240105
2024-01-05,akshare_fund_etf_scale_sse,SH,562360,机器人YH,78474000.0,份,,,akshare:20240105
2024-01-05,akshare_fund_etf_scale_sse,SH,562380,科技引领,521628900.0,份,,,akshare:20240105
2024-01-05,akshare_fund_etf_scale_sse,SH,562390,中药,65429000.0,份,,,akshare:20240105
2024-01-05,akshare_fund_etf_scale_sse,SH,562500,机器人,1121687300.0,份,,,akshare:20240105
2024-01-05,akshare_fund_etf_scale_sse,SH,562510,旅游ETF,1075595000.0,份,,,akshare:20240105
2024-01-05,akshare_fund_etf_scale_sse,SH,562520,1000成长,52568000.0,份,,,akshare:20240105
2024-01-05,akshare_fund_etf_scale_sse,SH,562530,1000价值,50144000.0,份,,,akshare:20240105
2024-01-05,akshare_fund_etf_scale_sse,SH,562550,绿电ETF,69419300.0,份,,,akshare:20240105
2024-01-05,akshare_fund_etf_scale_sse,SH,562590,半导材料,27663000.0,份,,,akshare:20240105
2024-01-05,akshare_fund_etf_scale_sse,SH,562600,医疗器械,97937400.0,份,,,akshare:20240105
2024-01-05,akshare_fund_etf_scale_sse,SH,562660,ZZ2000,88874000.0,份,,,akshare:20240105
2024-01-05,akshare_fund_etf_scale_sse,SH,562800,稀有金属,2194195000.0,份,,,akshare:20240105
2024-01-05,akshare_fund_etf_scale_sse,SH,562850,央企能源,779981500.0,份,,,akshare:20240105
2024-01-05,akshare_fund_etf_scale_sse,SH,562860,生物疫苗,588895000.0,份,,,akshare:20240105
2024-01-05,akshare_fund_etf_scale_sse,SH,562880,电池基金,509899600.0,份,,,akshare:20240105
2024-01-05,akshare_fund_etf_scale_sse,SH,562900,现代农业,87706299.99999999,份,,,akshare:20240105
2024-01-05,akshare_fund_etf_scale_sse,SH,562910,高端制造,198227300.0,份,,,akshare:20240105
2024-01-05,akshare_fund_etf_scale_sse,SH,562920,信息安全,24069000.0,份,,,akshare:20240105
2024-01-05,akshare_fund_etf_scale_sse,SH,562930,软件30,39437000.0,份,,,akshare:20240105
2024-01-05,akshare_fund_etf_scale_sse,SH,562950,消电50,139258300.0,份,,,akshare:20240105
2024-01-05,akshare_fund_etf_scale_sse,SH,562960,绿色电力,26891000.0,份,,,akshare:20240105
2024-01-05,akshare_fund_etf_scale_sse,SH,562990,碳中和E,2245756000.0,份,,,akshare:20240105
2024-01-05,akshare_fund_etf_scale_sse,SH,563000,中国A50,6575951100.0,份,,,akshare:20240105
2024-01-05,akshare_fund_etf_scale_sse,SH,563010,电信ETF,32189300.0,份,,,akshare:20240105
2024-01-05,akshare_fund_etf_scale_sse,SH,563020,低波红利,70910000.0,份,,,akshare:20240105
2024-01-05,akshare_fund_etf_scale_sse,SH,563030,增强500,308669000.0,份,,,akshare:20240105
2024-01-05,akshare_fund_etf_scale_sse,SH,563050,科技央企,413208399.99999994,份,,,akshare:20240105
2024-01-05,akshare_fund_etf_scale_sse,SH,563200,2000指数,87458799.99999999,份,,,akshare:20240105
2024-01-05,akshare_fund_etf_scale_sse,SH,563300,中证2000,566174000.0,份,,,akshare:20240105
2024-01-05,akshare_fund_etf_scale_sse,SH,563330,A股ETF,267421000.0,份,,,akshare:20240105
2024-01-05,akshare_fund_etf_scale_sse,SH,588000,科创50,106729168200.0,份,,,akshare:20240105
2024-01-05,akshare_fund_etf_scale_sse,SH,588010,科创材料,132925800.0,份,,,akshare:20240105
2024-01-05,akshare_fund_etf_scale_sse,SH,588020,科创50E,193791000.0,份,,,akshare:20240105
2024-01-05,akshare_fund_etf_scale_sse,SH,588030,科创指基,8693838100.0,份,,,akshare:20240105
2024-01-05,akshare_fund_etf_scale_sse,SH,588050,科创ETF,9839241300.0,份,,,akshare:20240105
2024-01-05,akshare_fund_etf_scale_sse,SH,588060,上证科创,7197140000.0,份,,,akshare:20240105
2024-01-05,akshare_fund_etf_scale_sse,SH,588080,科创板50,36229628100.0,份,,,akshare:20240105
2024-01-05,akshare_fund_etf_scale_sse,SH,588090,科创板,5620472800.0,份,,,akshare:20240105
2024-01-05,akshare_fund_etf_scale_sse,SH,588100,科创信息,599248700.0,份,,,akshare:20240105
2024-01-05,akshare_fund_etf_scale_sse,SH,588110,科创成长,232758000.0,份,,,akshare:20240105
2024-01-05,akshare_fund_etf_scale_sse,SH,588120,科100ETF,3210811000.0,份,,,akshare:20240105
2024-01-05,akshare_fund_etf_scale_sse,SH,588150,科创龙头,437932600.0,份,,,akshare:20240105
2024-01-05,akshare_fund_etf_scale_sse,SH,588160,科创新材,117996000.0,份,,,akshare:20240105
2024-01-05,akshare_fund_etf_scale_sse,SH,588180,科创50基,4542853700.0,份,,,akshare:20240105
2024-01-05,akshare_fund_etf_scale_sse,SH,588190,科创100,3217618300.0,份,,,akshare:20240105
2024-01-05,akshare_fund_etf_scale_sse,SH,588200,科创芯片,6240894800.0,份,,,akshare:20240105
2024-01-05,akshare_fund_etf_scale_sse,SH,588210,科创100E,343254000.0,份,,,akshare:20240105
2024-01-05,akshare_fund_etf_scale_sse,SH,588220,科创鹏华,7848697900.0,份,,,akshare:20240105
2024-01-05,akshare_fund_etf_scale_sse,SH,588260,科创技术,154746000.0,份,,,akshare:20240105
2024-01-05,akshare_fund_etf_scale_sse,SH,588280,科创五零,428121000.0,份,,,akshare:20240105
2024-01-05,akshare_fund_etf_scale_sse,SH,588290,芯片科创,1108897000.0,份,,,akshare:20240105
2024-01-05,akshare_fund_etf_scale_sse,SH,588300,双创ETF,3097210500.0,份,,,akshare:20240105
2024-01-05,akshare_fund_etf_scale_sse,SH,588310,双创基金,82237500.0,份,,,akshare:20240105
2024-01-05,akshare_fund_etf_scale_sse,SH,588320,双创增强,14824600.0,份,,,akshare:20240105
2024-01-05,akshare_fund_etf_scale_sse,SH,588330,双创龙头,1781737800.0,份,,,akshare:20240105
2024-01-05,akshare_fund_etf_scale_sse,SH,588350,双创,1908546000.0,份,,,akshare:20240105
2024-01-05,akshare_fund_etf_scale_sse,SH,588360,创创ETF,1045081799.9999999,份,,,akshare:20240105
2024-01-05,akshare_fund_etf_scale_sse,SH,588370,科创策略,250772000.0,份,,,akshare:20240105
2024-01-05,akshare_fund_etf_scale_sse,SH,588380,创50ETF,4436770000.0,份,,,akshare:20240105
2024-01-05,akshare_fund_etf_scale_sse,SH,588390,科创创业,518935899.99999994,份,,,akshare:20240105
2024-01-05,akshare_fund_etf_scale_sse,SH,588400,双创50,3696600600.0,份,,,akshare:20240105
2024-01-05,akshare_fund_etf_scale_sse,SH,588460,科创增强,789014000.0,份,,,akshare:20240105
2024-01-05,akshare_fund_etf_scale_sse,SH,588700,N科生物,302836200.0,份,,,akshare:20240105
2024-01-05,akshare_fund_etf_scale_sse,SH,588800,科创100C,7509877000.0,份,,,akshare:20240105
2024-01-05,akshare_fund_etf_scale_sse,SH,588880,科创指数,582368000.0,份,,,akshare:20240105
2024-01-05,akshare_fund_etf_scale_sse,SH,588900,科创100N,709783000.0,份,,,akshare:20240105
