date,source,market,code,name,shares,share_unit,close,industry,source_file
2024-01-05,akshare_fund_scale_daily_szse,SZ,159001,货币ETF,16214101.0,份,,,akshare:szse_daily
2024-01-05,akshare_fund_scale_daily_szse,SZ,159003,招商快线ETF,1816257.0,份,,,akshare:szse_daily
2024-01-05,akshare_fund_scale_daily_szse,SZ,159005,汇添富快钱ETF,593191.0,份,,,akshare:szse_daily
2024-01-05,akshare_fund_scale_daily_szse,SZ,159150,深证50ETF易方达,1204997623.0,份,,,akshare:szse_daily
2024-01-05,akshare_fund_scale_daily_szse,SZ,159350,深证50ETF富国,1167009642.0,份,,,akshare:szse_daily
2024-01-05,akshare_fund_scale_daily_szse,SZ,159501,纳斯达克指数ETF,730986575.0,份,,,akshare:szse_daily
2024-01-05,akshare_fund_scale_daily_szse,SZ,159503,财富管理ETF,35777361.0,份,,,akshare:szse_daily
2024-01-05,akshare_fund_scale_daily_szse,SZ,159505,国证2000指数ETF,76104786.0,份,,,akshare:szse_daily
2024-01-05,akshare_fund_scale_daily_szse,SZ,159506,恒生医疗ETF,420536979.0,份,,,akshare:szse_daily
2024-01-05,akshare_fund_scale_daily_szse,SZ,159507,电信ETF,98943634.0,份,,,akshare:szse_daily
2024-01-05,akshare_fund_scale_daily_szse,SZ,159508,生物医药ETF基金,127031598.0,份,,,akshare:szse_daily
2024-01-05,akshare_fund_scale_daily_szse,SZ,159509,纳指科技ETF,2013564118.0,份,,,akshare:szse_daily
2024-01-05,akshare_fund_scale_daily_szse,SZ,159510,沪深300价值ETF,193128342.0,份,,,akshare:szse_daily
2024-01-05,akshare_fund_scale_daily_szse,SZ,159511,通信ETF基金,64944573.0,份,,,akshare:szse_daily
2024-01-05,akshare_fund_scale_daily_szse,SZ,159512,汽车ETF,71264855.0,份,,,akshare:szse_daily
2024-01-05,akshare_fund_scale_daily_szse,SZ,159513,纳斯达克100指数ETF,2829549100.0,份,,,akshare:szse_daily
2024-01-05,akshare_fund_scale_daily_szse,SZ,159515,国企红利ETF,70886631.0,份,,,akshare:szse_daily
2024-01-05,akshare_fund_scale_daily_szse,SZ,159516,半导体设备ETF,980589993.0,份,,,akshare:szse_daily
2024-01-05,akshare_fund_scale_daily_szse,SZ,159517,800增强ETF,32742624.0,份,,,akshare:szse_daily
2024-01-05,akshare_fund_scale_daily_szse,SZ,159518,标普油气ETF,63325369.0,份,,,akshare:szse_daily
2024-01-05,akshare_fund_scale_daily_szse,SZ,159519,港股国企ETF,38157854.0,份,,,akshare:szse_daily
2024-01-05,akshare_fund_scale_daily_szse,SZ,159520,消费龙头ETF,24177649.0,份,,,akshare:szse_daily
2024-01-05,akshare_fund_scale_daily_szse,SZ,159521,2000指数ETF,108274435.0,份,,,akshare:szse_daily
2024-01-05,akshare_fund_scale_daily_szse,SZ,159522,2000ETF基金,55896935.0,份,,,akshare:szse_daily
2024-01-05,akshare_fund_scale_daily_szse,SZ,159523,沪深300成长ETF,52517348.0,份,,,akshare:szse_daily
2024-01-05,akshare_fund_scale_daily_szse,SZ,159531,中证2000ETF,72608406.0,份,,,akshare:szse_daily
2024-01-05,akshare_fund_scale_daily_szse,SZ,159532,中证2000指数ETF,75564791.0,份,,,akshare:szse_daily
2024-01-05,akshare_fund_scale_daily_szse,SZ,159535,中证2000ETF指数,46981088.0,份,,,akshare:szse_daily
2024-01-05,akshare_fund_scale_daily_szse,SZ,159536,中证2000ETF添富,149261589.0,份,,,akshare:szse_daily
2024-01-05,akshare_fund_scale_daily_szse,SZ,159537,信创ETF,37642602.0,份,,,akshare:szse_daily
2024-01-05,akshare_fund_scale_daily_szse,SZ,159538,信创指数ETF,32304483.0,份,,,akshare:szse_daily
2024-01-05,akshare_fund_scale_daily_szse,SZ,159539,信创50ETF,28565182.0,份,,,akshare:szse_daily
2024-01-05,akshare_fund_scale_daily_szse,SZ,159540,信创ETF指数,19505191.0,份,,,akshare:szse_daily
2024-01-05,akshare_fund_scale_daily_szse,SZ,159541,创业板综ETF万家,123093326.0,份,,,akshare:szse_daily
2024-01-05,akshare_fund_scale_daily_szse,SZ,159543,国证2000ETF基金,18196551.0,份,,,akshare:szse_daily
2024-01-05,akshare_fund_scale_daily_szse,SZ,159546,集成电路ETF,53309274.0,份,,,akshare:szse_daily
2024-01-05,akshare_fund_scale_daily_szse,SZ,159549,红利低波动ETF,249523884.0,份,,,akshare:szse_daily
2024-01-05,akshare_fund_scale_daily_szse,SZ,159551,机器人产业ETF,72920923.0,份,,,akshare:szse_daily
2024-01-05,akshare_fund_scale_daily_szse,SZ,159555,2000增强ETF,52462705.0,份,,,akshare:szse_daily
2024-01-05,akshare_fund_scale_daily_szse,SZ,159559,机器人ETF基金,71576622.0,份,,,akshare:szse_daily
2024-01-05,akshare_fund_scale_daily_szse,SZ,159560,芯片50ETF,262416460.0,份,,,akshare:szse_daily
2024-01-05,akshare_fund_scale_daily_szse,SZ,159571,创业板200ETF富国,125981814.0,份,,,akshare:szse_daily
2024-01-05,akshare_fund_scale_daily_szse,SZ,159572,创业板200ETF易方达,117749107.0,份,,,akshare:szse_daily
2024-01-05,akshare_fund_scale_daily_szse,SZ,159573,创业板200ETF华夏,537456297.0,份,,,akshare:szse_daily
2024-01-05,akshare_fund_scale_daily_szse,SZ,159575,创业板200ETF银华,173410425.0,份,,,akshare:szse_daily
2024-01-05,akshare_fund_scale_daily_szse,SZ,159576,深证100ETF广发,184509612.0,份,,,akshare:szse_daily
2024-01-05,akshare_fund_scale_daily_szse,SZ,159601,A50ETF,5506588073.0,份,,,akshare:szse_daily
2024-01-05,akshare_fund_scale_daily_szse,SZ,159602,中国A50ETF,1892542944.0,份,,,akshare:szse_daily
2024-01-05,akshare_fund_scale_daily_szse,SZ,159603,双创龙头ETF,2503071922.0,份,,,akshare:szse_daily
2024-01-05,akshare_fund_scale_daily_szse,SZ,159605,中概互联ETF,9851486155.0,份,,,akshare:szse_daily
2024-01-05,akshare_fund_scale_daily_szse,SZ,159606,中证500成长ETF,577222838.0,份,,,akshare:szse_daily
2024-01-05,akshare_fund_scale_daily_szse,SZ,159607,中概互联网ETF,2997829139.0,份,,,akshare:szse_daily
2024-01-05,akshare_fund_scale_daily_szse,SZ,159608,稀有金属ETF,456010066.0,份,,,akshare:szse_daily
2024-01-05,akshare_fund_scale_daily_szse,SZ,159609,光伏龙头ETF,523903414.0,份,,,akshare:szse_daily
2024-01-05,akshare_fund_scale_daily_szse,SZ,159610,500ETF增强,584568207.0,份,,,akshare:szse_daily
2024-01-05,akshare_fund_scale_daily_szse,SZ,159611,电力ETF,2185562900.0,份,,,akshare:szse_daily
2024-01-05,akshare_fund_scale_daily_szse,SZ,159612,标普500ETF,151898651.0,份,,,akshare:szse_daily
2024-01-05,akshare_fund_scale_daily_szse,SZ,159613,信息安全ETF,105590217.0,份,,,akshare:szse_daily
2024-01-05,akshare_fund_scale_daily_szse,SZ,159615,恒生生物科技ETF,431054898.0,份,,,akshare:szse_daily
2024-01-05,akshare_fund_scale_daily_szse,SZ,159616,农牧ETF,114561112.0,份,,,akshare:szse_daily
2024-01-05,akshare_fund_scale_daily_szse,SZ,159617,500价值ETF,57418382.0,份,,,akshare:szse_daily
2024-01-05,akshare_fund_scale_daily_szse,SZ,159618,光伏ETF指数基金,272131407.0,份,,,akshare:szse_daily
2024-01-05,akshare_fund_scale_daily_szse,SZ,159619,基建ETF,291981007.0,份,,,akshare:szse_daily
2024-01-05,akshare_fund_scale_daily_szse,SZ,159620,500成长ETF,26140934.0,份,,,akshare:szse_daily
2024-01-05,akshare_fund_scale_daily_szse,SZ,159621,MSCIESGETF,59434717.0,份,,,akshare:szse_daily
2024-01-05,akshare_fund_scale_daily_szse,SZ,159622,创新药ETF沪港深,177603238.0,份,,,akshare:szse_daily
2024-01-05,akshare_fund_scale_daily_szse,SZ,159623,成渝经济圈ETF,3974271695.0,份,,,akshare:szse_daily
2024-01-05,akshare_fund_scale_daily_szse,SZ,159625,绿色电力ETF,248913777.0,份,,,akshare:szse_daily
2024-01-05,akshare_fund_scale_daily_szse,SZ,159627,A100ETF,35116776.0,份,,,akshare:szse_daily
2024-01-05,akshare_fund_scale_daily_szse,SZ,159628,国证2000ETF,2270283250.0,份,,,akshare:szse_daily
2024-01-05,akshare_fund_scale_daily_szse,SZ,159629,1000ETF,1980252663.0,份,,,akshare:szse_daily
2024-01-05,akshare_fund_scale_daily_szse,SZ,159630,中证100ETF基金,35113744.0,份,,,akshare:szse_daily
2024-01-05,akshare_fund_scale_daily_szse,SZ,159631,中证100ETF招商,223332605.0,份,,,akshare:szse_daily
2024-01-05,akshare_fund_scale_daily_szse,SZ,159632,纳斯达克ETF,4510720640.0,份,,,akshare:szse_daily
2024-01-05,akshare_fund_scale_daily_szse,SZ,159633,中证1000指数ETF,1203162658.0,份,,,akshare:szse_daily
2024-01-05,akshare_fund_scale_daily_szse,SZ,159635,基建50ETF,127846980.0,份,,,akshare:szse_daily
2024-01-05,akshare_fund_scale_daily_szse,SZ,159636,港股通科技30ETF,2642250603.0,份,,,akshare:szse_daily
2024-01-05,akshare_fund_scale_daily_szse,SZ,159637,新能源车龙头ETF,1854768094.0,份,,,akshare:szse_daily
2024-01-05,akshare_fund_scale_daily_szse,SZ,159638,高端装备ETF,1440341932.0,份,,,akshare:szse_daily
2024-01-05,akshare_fund_scale_daily_szse,SZ,159639,碳中和ETF南方,1465290171.0,份,,,akshare:szse_daily
2024-01-05,akshare_fund_scale_daily_szse,SZ,159640,碳中和龙头ETF,465845198.0,份,,,akshare:szse_daily
2024-01-05,akshare_fund_scale_daily_szse,SZ,159641,双碳ETF,522719131.0,份,,,akshare:szse_daily
2024-01-05,akshare_fund_scale_daily_szse,SZ,159642,碳中和100ETF,193439923.0,份,,,akshare:szse_daily
2024-01-05,akshare_fund_scale_daily_szse,SZ,159643,疫苗ETF,107390617.0,份,,,akshare:szse_daily
2024-01-05,akshare_fund_scale_daily_szse,SZ,159645,疫苗指数ETF,20540740.0,份,,,akshare:szse_daily
2024-01-05,akshare_fund_scale_daily_szse,SZ,159646,疫苗ETF基金,22707502.0,份,,,akshare:szse_daily
2024-01-05,akshare_fund_scale_daily_szse,SZ,159647,中药ETF,680461752.0,份,,,akshare:szse_daily
2024-01-05,akshare_fund_scale_daily_szse,SZ,159649,国开债ETF,59741877.0,份,,,akshare:szse_daily
2024-01-05,akshare_fund_scale_daily_szse,SZ,159650,国开ETF,86810196.0,份,,,akshare:szse_daily
2024-01-05,akshare_fund_scale_daily_szse,SZ,159651,国开0-3ETF,38186448.0,份,,,akshare:szse_daily
2024-01-05,akshare_fund_scale_daily_szse,SZ,159652,有色50ETF,267320287.0,份,,,akshare:szse_daily
2024-01-05,akshare_fund_scale_daily_szse,SZ,159653,ESG300ETF,10972068.0,份,,,akshare:szse_daily
2024-01-05,akshare_fund_scale_daily_szse,SZ,159655,标普ETF,107643045.0,份,,,akshare:szse_daily
2024-01-05,akshare_fund_scale_daily_szse,SZ,159656,300成长ETF,180238451.0,份,,,akshare:szse_daily
2024-01-05,akshare_fund_scale_daily_szse,SZ,159657,生物疫苗ETF,246514819.0,份,,,akshare:szse_daily
2024-01-05,akshare_fund_scale_daily_szse,SZ,159658,数字经济ETF,333894877.0,份,,,akshare:szse_daily
2024-01-05,akshare_fund_scale_daily_szse,SZ,159659,纳斯达克100ETF,99744064.0,份,,,akshare:szse_daily
2024-01-05,akshare_fund_scale_daily_szse,SZ,159660,纳指100ETF,165151363.0,份,,,akshare:szse_daily
2024-01-05,akshare_fund_scale_daily_szse,SZ,159661,中证100指数ETF,93208213.0,份,,,akshare:szse_daily
2024-01-05,akshare_fund_scale_daily_szse,SZ,159662,交运ETF,90613946.0,份,,,akshare:szse_daily
2024-01-05,akshare_fund_scale_daily_szse,SZ,159663,机床ETF,106517585.0,份,,,akshare:szse_daily
2024-01-05,akshare_fund_scale_daily_szse,SZ,159665,半导体龙头ETF,493576860.0,份,,,akshare:szse_daily
2024-01-05,akshare_fund_scale_daily_szse,SZ,159666,交通运输ETF,89832905.0,份,,,akshare:szse_daily
2024-01-05,akshare_fund_scale_daily_szse,SZ,159667,工业母机ETF,467016906.0,份,,,akshare:szse_daily
2024-01-05,akshare_fund_scale_daily_szse,SZ,159669,绿电ETF,53254781.0,份,,,akshare:szse_daily
2024-01-05,akshare_fund_scale_daily_szse,SZ,159670,消费ETF基金,45706921.0,份,,,akshare:szse_daily
2024-01-05,akshare_fund_scale_daily_szse,SZ,159671,稀有金属ETF基金,1082051737.0,份,,,akshare:szse_daily
2024-01-05,akshare_fund_scale_daily_szse,SZ,159672,主要消费ETF,110887409.0,份,,,akshare:szse_daily
2024-01-05,akshare_fund_scale_daily_szse,SZ,159673,鹏华沪深300ETF,1145528385.0,份,,,akshare:szse_daily
2024-01-05,akshare_fund_scale_daily_szse,SZ,159675,创业板增强ETF,252846691.0,份,,,akshare:szse_daily
2024-01-05,akshare_fund_scale_daily_szse,SZ,159676,创业板ETF增强,626564183.0,份,,,akshare:szse_daily
2024-01-05,akshare_fund_scale_daily_szse,SZ,159677,1000增强ETF,86904091.0,份,,,akshare:szse_daily
2024-01-05,akshare_fund_scale_daily_szse,SZ,159678,中证500增强ETF,151643694.0,份,,,akshare:szse_daily
2024-01-05,akshare_fund_scale_daily_szse,SZ,159679,中证1000增强ETF,363289156.0,份,,,akshare:szse_daily
2024-01-05,akshare_fund_scale_daily_szse,SZ,159680,1000ETF增强,264438087.0,份,,,akshare:szse_daily
2024-01-05,akshare_fund_scale_daily_szse,SZ,159681,创50ETF,1099772337.0,份,,,akshare:szse_daily
2024-01-05,akshare_fund_scale_daily_szse,SZ,159682,创业50ETF,2372307670.0,份,,,akshare:szse_daily
2024-01-05,akshare_fund_scale_daily_szse,SZ,159683,运输ETF,30615396.0,份,,,akshare:szse_daily
2024-01-05,akshare_fund_scale_daily_szse,SZ,159685,1000增强ETF天弘,55440067.0,份,,,akshare:szse_daily
2024-01-05,akshare_fund_scale_daily_szse,SZ,159686,中证100ETF易方达,17815386.0,份,,,akshare:szse_daily
2024-01-05,akshare_fund_scale_daily_szse,SZ,159687,亚太低碳ETF,48028658.0,份,,,akshare:szse_daily
2024-01-05,akshare_fund_scale_daily_szse,SZ,159688,恒生互联网ETF,605778480.0,份,,,akshare:szse_daily
2024-01-05,akshare_fund_scale_daily_szse,SZ,159689,消费ETF南方,58147787.0,份,,,akshare:szse_daily
2024-01-05,akshare_fund_scale_daily_szse,SZ,159690,矿业ETF,7163978.0,份,,,akshare:szse_daily
2024-01-05,akshare_fund_scale_daily_szse,SZ,159691,港股红利ETF,207301386.0,份,,,akshare:szse_daily
2024-01-05,akshare_fund_scale_daily_szse,SZ,159692,证券ETF东财,118455969.0,份,,,akshare:szse_daily
2024-01-05,akshare_fund_scale_daily_szse,SZ,159693,有色矿业ETF,35895798.0,份,,,akshare:szse_daily
2024-01-05,akshare_fund_scale_daily_szse,SZ,159695,通信ETF,68812086.0,份,,,akshare:szse_daily
2024-01-05,akshare_fund_scale_daily_szse,SZ,159696,纳指ETF易方达,695824034.0,份,,,akshare:szse_daily
2024-01-05,akshare_fund_scale_daily_szse,SZ,159697,油气ETF,56022006.0,份,,,akshare:szse_daily
2024-01-05,akshare_fund_scale_daily_szse,SZ,159698,粮食ETF,315944378.0,份,,,akshare:szse_daily
2024-01-05,akshare_fund_scale_daily_szse,SZ,159699,恒生消费ETF,272664255.0,份,,,akshare:szse_daily
2024-01-05,akshare_fund_scale_daily_szse,SZ,159701,物联网ETF招商,36705601.0,份,,,akshare:szse_daily
2024-01-05,akshare_fund_scale_daily_szse,SZ,159703,新材料ETF,108781591.0,份,,,akshare:szse_daily
2024-01-05,akshare_fund_scale_daily_szse,SZ,159706,深证100ETF华安,85386800.0,份,,,akshare:szse_daily
2024-01-05,akshare_fund_scale_daily_szse,SZ,159707,地产ETF,424048214.0,份,,,akshare:szse_daily
2024-01-05,akshare_fund_scale_daily_szse,SZ,159708,红利ETF,308028306.0,份,,,akshare:szse_daily
2024-01-05,akshare_fund_scale_daily_szse,SZ,159709,物联网ETF工银,120484060.0,份,,,akshare:szse_daily
2024-01-05,akshare_fund_scale_daily_szse,SZ,159710,智能电车ETF,79344933.0,份,,,akshare:szse_daily
2024-01-05,akshare_fund_scale_daily_szse,SZ,159711,港股通ETF,44465157.0,份,,,akshare:szse_daily
2024-01-05,akshare_fund_scale_daily_szse,SZ,159712,港股通50ETF,71778813.0,份,,,akshare:szse_daily
2024-01-05,akshare_fund_scale_daily_szse,SZ,159713,稀土ETF,446255051.0,份,,,akshare:szse_daily
2024-01-05,akshare_fund_scale_daily_szse,SZ,159715,稀土ETF易方达,347030274.0,份,,,akshare:szse_daily
2024-01-05,akshare_fund_scale_daily_szse,SZ,159716,深创100ETF,169666732.0,份,,,akshare:szse_daily
2024-01-05,akshare_fund_scale_daily_szse,SZ,159717,ESGETF,57873183.0,份,,,akshare:szse_daily
2024-01-05,akshare_fund_scale_daily_szse,SZ,159718,港股医药ETF,270832634.0,份,,,akshare:szse_daily
2024-01-05,akshare_fund_scale_daily_szse,SZ,159719,国企共赢ETF,72195986.0,份,,,akshare:szse_daily
2024-01-05,akshare_fund_scale_daily_szse,SZ,159720,智能电车ETF泰康,117812357.0,份,,,akshare:szse_daily
2024-01-05,akshare_fund_scale_daily_szse,SZ,159721,深创龙头ETF,93431696.0,份,,,akshare:szse_daily
2024-01-05,akshare_fund_scale_daily_szse,SZ,159723,科技龙头ETF,75025575.0,份,,,akshare:szse_daily
2024-01-05,akshare_fund_scale_daily_szse,SZ,159725,线上消费ETF,54424924.0,份,,,akshare:szse_daily
2024-01-05,akshare_fund_scale_daily_szse,SZ,159726,恒生红利ETF,89411380.0,份,,,akshare:szse_daily
2024-01-05,akshare_fund_scale_daily_szse,SZ,159728,在线消费ETF,40910129.0,份,,,akshare:szse_daily
2024-01-05,akshare_fund_scale_daily_szse,SZ,159729,互联网ETF,167560633.0,份,,,akshare:szse_daily
2024-01-05,akshare_fund_scale_daily_szse,SZ,159730,龙头家电ETF,38571340.0,份,,,akshare:szse_daily
2024-01-05,akshare_fund_scale_daily_szse,SZ,159731,石化ETF,60375802.0,份,,,akshare:szse_daily
2024-01-05,akshare_fund_scale_daily_szse,SZ,159732,消费电子ETF,1062447904.0,份,,,akshare:szse_daily
2024-01-05,akshare_fund_scale_daily_szse,SZ,159733,消费电子50ETF,48156925.0,份,,,akshare:szse_daily
2024-01-05,akshare_fund_scale_daily_szse,SZ,159735,港股消费ETF,307561371.0,份,,,akshare:szse_daily
2024-01-05,akshare_fund_scale_daily_szse,SZ,159736,饮食ETF,7015394457.0,份,,,akshare:szse_daily
2024-01-05,akshare_fund_scale_daily_szse,SZ,159738,云计算ETF沪港深,46992667.0,份,,,akshare:szse_daily
2024-01-05,akshare_fund_scale_daily_szse,SZ,159739,大数据ETF,265380615.0,份,,,akshare:szse_daily
2024-01-05,akshare_fund_scale_daily_szse,SZ,159740,恒生科技ETF,5886120448.0,份,,,akshare:szse_daily
2024-01-05,akshare_fund_scale_daily_szse,SZ,159741,恒生科技ETF基金,1205796712.0,份,,,akshare:szse_daily
2024-01-05,akshare_fund_scale_daily_szse,SZ,159742,恒生科技指数ETF,2106928292.0,份,,,akshare:szse_daily
2024-01-05,akshare_fund_scale_daily_szse,SZ,159743,湖北ETF,171941100.0,份,,,akshare:szse_daily
2024-01-05,akshare_fund_scale_daily_szse,SZ,159745,建材ETF,1192688265.0,份,,,akshare:szse_daily
2024-01-05,akshare_fund_scale_daily_szse,SZ,159747,香港科技ETF,328712278.0,份,,,akshare:szse_daily
2024-01-05,akshare_fund_scale_daily_szse,SZ,159748,沪港深创新药ETF,472692128.0,份,,,akshare:szse_daily
2024-01-05,akshare_fund_scale_daily_szse,SZ,159750,香港科技50ETF,131618251.0,份,,,akshare:szse_daily
2024-01-05,akshare_fund_scale_daily_szse,SZ,159751,港股科技ETF,136629628.0,份,,,akshare:szse_daily
2024-01-05,akshare_fund_scale_daily_szse,SZ,159752,新能源龙头ETF,724958917.0,份,,,akshare:szse_daily
2024-01-05,akshare_fund_scale_daily_szse,SZ,159755,电池ETF,5805646746.0,份,,,akshare:szse_daily
2024-01-05,akshare_fund_scale_daily_szse,SZ,159757,电池30ETF,812931891.0,份,,,akshare:szse_daily
2024-01-05,akshare_fund_scale_daily_szse,SZ,159758,红利50ETF,282290777.0,份,,,akshare:szse_daily
2024-01-05,akshare_fund_scale_daily_szse,SZ,159760,泰康公卫健康ETF,158360223.0,份,,,akshare:szse_daily
2024-01-05,akshare_fund_scale_daily_szse,SZ,159761,新材料50ETF,389734117.0,份,,,akshare:szse_daily
2024-01-05,akshare_fund_scale_daily_szse,SZ,159763,新材料ETF基金,142707747.0,份,,,akshare:szse_daily
2024-01-05,akshare_fund_scale_daily_szse,SZ,159766,旅游ETF,3740140963.0,份,,,akshare:szse_daily
2024-01-05,akshare_fund_scale_daily_szse,SZ,159767,电池龙头ETF,285873672.0,份,,,akshare:szse_daily
2024-01-05,akshare_fund_scale_daily_szse,SZ,159768,房地产ETF,365950311.0,份,,,akshare:szse_daily
2024-01-05,akshare_fund_scale_daily_szse,SZ,159769,消费电子龙头ETF,53445320.0,份,,,akshare:szse_daily
2024-01-05,akshare_fund_scale_daily_szse,SZ,159770,机器人ETF,777087762.0,份,,,akshare:szse_daily
2024-01-05,akshare_fund_scale_daily_szse,SZ,159773,创业板科技ETF,84303120.0,份,,,akshare:szse_daily
2024-01-05,akshare_fund_scale_daily_szse,SZ,159775,新能源车电池ETF,146648961.0,份,,,akshare:szse_daily
2024-01-05,akshare_fund_scale_daily_szse,SZ,159776,港股通医药ETF,326968765.0,份,,,akshare:szse_daily
2024-01-05,akshare_fund_scale_daily_szse,SZ,159777,创科技ETF,16280565.0,份,,,akshare:szse_daily
2024-01-05,akshare_fund_scale_daily_szse,SZ,159778,工业互联ETF,67255382.0,份,,,akshare:szse_daily
2024-01-05,akshare_fund_scale_daily_szse,SZ,159779,消费电子ETF基金,130869337.0,份,,,akshare:szse_daily
2024-01-05,akshare_fund_scale_daily_szse,SZ,159780,双创ETF,7320048583.0,份,,,akshare:szse_daily
2024-01-05,akshare_fund_scale_daily_szse,SZ,159781,科创创业ETF,15016860533.0,份,,,akshare:szse_daily
2024-01-05,akshare_fund_scale_daily_szse,SZ,159782,双创50ETF基金,1491190267.0,份,,,akshare:szse_daily
2024-01-05,akshare_fund_scale_daily_szse,SZ,159783,科创创业50ETF,9843259442.0,份,,,akshare:szse_daily
2024-01-05,akshare_fund_scale_daily_szse,SZ,159786,VRETF,258701174.0,份,,,akshare:szse_daily
2024-01-05,akshare_fund_scale_daily_szse,SZ,159787,建材ETF易方达,33021633.0,份,,,akshare:szse_daily
2024-01-05,akshare_fund_scale_daily_szse,SZ,159788,港股通100ETF,38424965.0,份,,,akshare:szse_daily
2024-01-05,akshare_fund_scale_daily_szse,SZ,159790,碳中和ETF,4797528485.0,份,,,akshare:szse_daily
2024-01-05,akshare_fund_scale_daily_szse,SZ,159791,300ESGETF,21083347.0,份,,,akshare:szse_daily
2024-01-05,akshare_fund_scale_daily_szse,SZ,159792,港股通互联网ETF,22076855237.0,份,,,akshare:szse_daily
2024-01-05,akshare_fund_scale_daily_szse,SZ,159793,线上消费ETF平安,49758908.0,份,,,akshare:szse_daily
2024-01-05,akshare_fund_scale_daily_szse,SZ,159795,智能车ETF基金,74169473.0,份,,,akshare:szse_daily
2024-01-05,akshare_fund_scale_daily_szse,SZ,159796,电池50ETF,1639467550.0,份,,,akshare:szse_daily
2024-01-05,akshare_fund_scale_daily_szse,SZ,159797,医疗器械ETF基金,66989247.0,份,,,akshare:szse_daily
2024-01-05,akshare_fund_scale_daily_szse,SZ,159798,消费50ETF,68245390.0,份,,,akshare:szse_daily
2024-01-05,akshare_fund_scale_daily_szse,SZ,159801,芯片ETF龙头,6137120172.0,份,,,akshare:szse_daily
2024-01-05,akshare_fund_scale_daily_szse,SZ,159804,创中盘88ETF,124899676.0,份,,,akshare:szse_daily
2024-01-05,akshare_fund_scale_daily_szse,SZ,159805,传媒ETF,185952480.0,份,,,akshare:szse_daily
2024-01-05,akshare_fund_scale_daily_szse,SZ,159806,新能源车ETF,2910089446.0,份,,,akshare:szse_daily
2024-01-05,akshare_fund_scale_daily_szse,SZ,159807,科技ETF,1315051428.0,份,,,akshare:szse_daily
2024-01-05,akshare_fund_scale_daily_szse,SZ,159808,创100ETF融通,129484790.0,份,,,akshare:szse_daily
2024-01-05,akshare_fund_scale_daily_szse,SZ,159810,浦银创业板ETF,59475458.0,份,,,akshare:szse_daily
2024-01-05,akshare_fund_scale_daily_szse,SZ,159811,5G50ETF,213143393.0,份,,,akshare:szse_daily
2024-01-05,akshare_fund_scale_daily_szse,SZ,159812,黄金基金ETF,19213149.0,份,,,akshare:szse_daily
2024-01-05,akshare_fund_scale_daily_szse,SZ,159813,半导体ETF,7562862410.0,份,,,akshare:szse_daily
2024-01-05,akshare_fund_scale_daily_szse,SZ,159814,创业大盘ETF,1772246520.0,份,,,akshare:szse_daily
2024-01-05,akshare_fund_scale_daily_szse,SZ,159816,0-4地债ETF,12607484.0,份,,,akshare:szse_daily
2024-01-05,akshare_fund_scale_daily_szse,SZ,159819,人工智能ETF,6166229669.0,份,,,akshare:szse_daily
2024-01-05,akshare_fund_scale_daily_szse,SZ,159820,中证500ETF天弘,2473908470.0,份,,,akshare:szse_daily
2024-01-05,akshare_fund_scale_daily_szse,SZ,159821,BOCI创业板ETF,28920000.0,份,,,akshare:szse_daily
2024-01-05,akshare_fund_scale_daily_szse,SZ,159822,新经济ETF,300234315.0,份,,,akshare:szse_daily
2024-01-05,akshare_fund_scale_daily_szse,SZ,159823,H股ETF基金,43763219.0,份,,,akshare:szse_daily
2024-01-05,akshare_fund_scale_daily_szse,SZ,159824,新能车ETF,357135070.0,份,,,akshare:szse_daily
2024-01-05,akshare_fund_scale_daily_szse,SZ,159825,农业ETF,3295077407.0,份,,,akshare:szse_daily
2024-01-05,akshare_fund_scale_daily_szse,SZ,159827,农业50ETF,152716463.0,份,,,akshare:szse_daily
2024-01-05,akshare_fund_scale_daily_szse,SZ,159828,医疗ETF,5104439464.0,份,,,akshare:szse_daily
2024-01-05,akshare_fund_scale_daily_szse,SZ,159830,上海金ETF,13609209.0,份,,,akshare:szse_daily
2024-01-05,akshare_fund_scale_daily_szse,SZ,159831,上海金ETF基金,8756243.0,份,,,akshare:szse_daily
2024-01-05,akshare_fund_scale_daily_szse,SZ,159834,金ETF,7861376.0,份,,,akshare:szse_daily
2024-01-05,akshare_fund_scale_daily_szse,SZ,159835,创新药50ETF,144504143.0,份,,,akshare:szse_daily
2024-01-05,akshare_fund_scale_daily_szse,SZ,159836,创300ETF,113747113.0,份,,,akshare:szse_daily
2024-01-05,akshare_fund_scale_daily_szse,SZ,159837,生物科技ETF,2921152837.0,份,,,akshare:szse_daily
2024-01-05,akshare_fund_scale_daily_szse,SZ,159838,医药50ETF,375763462.0,份,,,akshare:szse_daily
2024-01-05,akshare_fund_scale_daily_szse,SZ,159839,生物药ETF,1275735165.0,份,,,akshare:szse_daily
2024-01-05,akshare_fund_scale_daily_szse,SZ,159840,锂电池ETF,2499574851.0,份,,,akshare:szse_daily
2024-01-05,akshare_fund_scale_daily_szse,SZ,159841,证券ETF,4870038465.0,份,,,akshare:szse_daily
2024-01-05,akshare_fund_scale_daily_szse,SZ,159842,券商ETF,904250631.0,份,,,akshare:szse_daily
2024-01-05,akshare_fund_scale_daily_szse,SZ,159843,食品饮料ETF,367455141.0,份,,,akshare:szse_daily
2024-01-05,akshare_fund_scale_daily_szse,SZ,159845,中证1000ETF,2779425606.0,份,,,akshare:szse_daily
2024-01-05,akshare_fund_scale_daily_szse,SZ,159847,医疗50ETF,1450825354.0,份,,,akshare:szse_daily
2024-01-05,akshare_fund_scale_daily_szse,SZ,159848,证券ETF基金,122311239.0,份,,,akshare:szse_daily
2024-01-05,akshare_fund_scale_daily_szse,SZ,159849,生物科技ETF招商,162372396.0,份,,,akshare:szse_daily
2024-01-05,akshare_fund_scale_daily_szse,SZ,159850,恒生国企ETF,1011706498.0,份,,,akshare:szse_daily
2024-01-05,akshare_fund_scale_daily_szse,SZ,159851,金融科技ETF,280452074.0,份,,,akshare:szse_daily
2024-01-05,akshare_fund_scale_daily_szse,SZ,159852,软件ETF,1498623921.0,份,,,akshare:szse_daily
2024-01-05,akshare_fund_scale_daily_szse,SZ,159855,影视ETF,63425236.0,份,,,akshare:szse_daily
2024-01-05,akshare_fund_scale_daily_szse,SZ,159856,互联网龙头ETF,692372474.0,份,,,akshare:szse_daily
2024-01-05,akshare_fund_scale_daily_szse,SZ,159857,光伏ETF,2992515725.0,份,,,akshare:szse_daily
2024-01-05,akshare_fund_scale_daily_szse,SZ,159858,创新药ETF基金,301098318.0,份,,,akshare:szse_daily
2024-01-05,akshare_fund_scale_daily_szse,SZ,159859,生物医药ETF,6539840054.0,份,,,akshare:szse_daily
2024-01-05,akshare_fund_scale_daily_szse,SZ,159861,碳中和50ETF,286117535.0,份,,,akshare:szse_daily
2024-01-05,akshare_fund_scale_daily_szse,SZ,159862,食品ETF,69000623.0,份,,,akshare:szse_daily
2024-01-05,akshare_fund_scale_daily_szse,SZ,159863,光伏ETF基金,403729352.0,份,,,akshare:szse_daily
2024-01-05,akshare_fund_scale_daily_szse,SZ,159864,光伏50ETF,947526827.0,份,,,akshare:szse_daily
2024-01-05,akshare_fund_scale_daily_szse,SZ,159865,养殖ETF,6865455659.0,份,,,akshare:szse_daily
2024-01-05,akshare_fund_scale_daily_szse,SZ,159866,日经ETF,488979377.0,份,,,akshare:szse_daily
2024-01-05,akshare_fund_scale_daily_szse,SZ,159867,畜牧ETF,1568143594.0,份,,,akshare:szse_daily
2024-01-05,akshare_fund_scale_daily_szse,SZ,159869,游戏ETF,5662082127.0,份,,,akshare:szse_daily
2024-01-05,akshare_fund_scale_daily_szse,SZ,159870,化工ETF,3395607019.0,份,,,akshare:szse_daily
2024-01-05,akshare_fund_scale_daily_szse,SZ,159871,有色金属ETF,64866253.0,份,,,akshare:szse_daily
2024-01-05,akshare_fund_scale_daily_szse,SZ,159872,智能网联汽车ETF,61799732.0,份,,,akshare:szse_daily
2024-01-05,akshare_fund_scale_daily_szse,SZ,159873,医疗设备ETF,336920000.0,份,,,akshare:szse_daily
2024-01-05,akshare_fund_scale_daily_szse,SZ,159875,新能源ETF,2442162899.0,份,,,akshare:szse_daily
2024-01-05,akshare_fund_scale_daily_szse,SZ,159876,有色龙头ETF,51588509.0,份,,,akshare:szse_daily
2024-01-05,akshare_fund_scale_daily_szse,SZ,159877,医疗产业ETF,129792292.0,份,,,akshare:szse_daily
2024-01-05,akshare_fund_scale_daily_szse,SZ,159880,有色ETF基金,79051518.0,份,,,akshare:szse_daily
2024-01-05,akshare_fund_scale_daily_szse,SZ,159881,有色60ETF,205249583.0,份,,,akshare:szse_daily
2024-01-05,akshare_fund_scale_daily_szse,SZ,159883,医疗器械ETF,4327037843.0,份,,,akshare:szse_daily
2024-01-05,akshare_fund_scale_daily_szse,SZ,159885,碳中和ETF基金,623467316.0,份,,,akshare:szse_daily
2024-01-05,akshare_fund_scale_daily_szse,SZ,159886,机械ETF,107442555.0,份,,,akshare:szse_daily
2024-01-05,akshare_fund_scale_daily_szse,SZ,159887,银行ETF,384315950.0,份,,,akshare:szse_daily
2024-01-05,akshare_fund_scale_daily_szse,SZ,159888,智能车ETF,149446068.0,份,,,akshare:szse_daily
2024-01-05,akshare_fund_scale_daily_szse,SZ,159889,智能汽车ETF,96400796.0,份,,,akshare:szse_daily
2024-01-05,akshare_fund_scale_daily_szse,SZ,159890,云计算ETF,98590688.0,份,,,akshare:szse_daily
2024-01-05,akshare_fund_scale_daily_szse,SZ,159891,医疗ETF基金,267024837.0,份,,,akshare:szse_daily
2024-01-05,akshare_fund_scale_daily_szse,SZ,159892,恒生医药ETF,5242266022.0,份,,,akshare:szse_daily
2024-01-05,akshare_fund_scale_daily_szse,SZ,159895,物联网50ETF,42241864.0,份,,,akshare:szse_daily
2024-01-05,akshare_fund_scale_daily_szse,SZ,159896,物联网龙头ETF,84055960.0,份,,,akshare:szse_daily
2024-01-05,akshare_fund_scale_daily_szse,SZ,159898,医疗器械指数ETF,293098825.0,份,,,akshare:szse_daily
2024-01-05,akshare_fund_scale_daily_szse,SZ,159899,软件龙头ETF,234977729.0,份,,,akshare:szse_daily
2024-01-05,akshare_fund_scale_daily_szse,SZ,159901,深证100ETF,2610234930.0,份,,,akshare:szse_daily
2024-01-05,akshare_fund_scale_daily_szse,SZ,159902,中小100ETF,143460849.0,份,,,akshare:szse_daily
2024-01-05,akshare_fund_scale_daily_szse,SZ,159903,深成ETF,301154507.0,份,,,akshare:szse_daily
2024-01-05,akshare_fund_scale_daily_szse,SZ,159905,深红利ETF,1644443951.0,份,,,akshare:szse_daily
2024-01-05,akshare_fund_scale_daily_szse,SZ,159906,深成长龙头ETF,184639725.0,份,,,akshare:szse_daily
2024-01-05,akshare_fund_scale_daily_szse,SZ,159907,2000ETF,125598847.0,份,,,akshare:szse_daily
2024-01-05,akshare_fund_scale_daily_szse,SZ,159908,创业板ETF博时,1055229029.0,份,,,akshare:szse_daily
2024-01-05,akshare_fund_scale_daily_szse,SZ,159909,TMT50ETF,544061992.0,份,,,akshare:szse_daily
2024-01-05,akshare_fund_scale_daily_szse,SZ,159910,基本面120ETF,168906143.0,份,,,akshare:szse_daily
2024-01-05,akshare_fund_scale_daily_szse,SZ,159912,深300ETF,70948991.0,份,,,akshare:szse_daily
2024-01-05,akshare_fund_scale_daily_szse,SZ,159913,深价值ETF,26829693.0,份,,,akshare:szse_daily
2024-01-05,akshare_fund_scale_daily_szse,SZ,159915,创业板ETF,23738454936.0,份,,,akshare:szse_daily
2024-01-05,akshare_fund_scale_daily_szse,SZ,159916,深F60ETF,87566039.0,份,,,akshare:szse_daily
2024-01-05,akshare_fund_scale_daily_szse,SZ,159918,中创400ETF,37561264.0,份,,,akshare:szse_daily
2024-01-05,akshare_fund_scale_daily_szse,SZ,159919,沪深300ETF,11619216676.0,份,,,akshare:szse_daily
2024-01-05,akshare_fund_scale_daily_szse,SZ,159920,恒生ETF,15589559219.0,份,,,akshare:szse_daily
2024-01-05,akshare_fund_scale_daily_szse,SZ,159922,中证500ETF,1013869931.0,份,,,akshare:szse_daily
2024-01-05,akshare_fund_scale_daily_szse,SZ,159923,中证100ETF,15285812.0,份,,,akshare:szse_daily
2024-01-05,akshare_fund_scale_daily_szse,SZ,159925,沪深300ETF南方,1661199451.0,份,,,akshare:szse_daily
2024-01-05,akshare_fund_scale_daily_szse,SZ,159928,消费ETF,11134629040.0,份,,,akshare:szse_daily
2024-01-05,akshare_fund_scale_daily_szse,SZ,159929,医药ETF,1371204203.0,份,,,akshare:szse_daily
2024-01-05,akshare_fund_scale_daily_szse,SZ,159930,能源ETF,166898150.0,份,,,akshare:szse_daily
2024-01-05,akshare_fund_scale_daily_szse,SZ,159931,金融ETF,39328511.0,份,,,akshare:szse_daily
2024-01-05,akshare_fund_scale_daily_szse,SZ,159933,国投金融地产ETF,66378943.0,份,,,akshare:szse_daily
2024-01-05,akshare_fund_scale_daily_szse,SZ,159934,黄金ETF,1061862646.0,份,,,akshare:szse_daily
2024-01-05,akshare_fund_scale_daily_szse,SZ,159935,景顺中证500ETF,29572956.0,份,,,akshare:szse_daily
2024-01-05,akshare_fund_scale_daily_szse,SZ,159936,可选消费ETF,122156094.0,份,,,akshare:szse_daily
2024-01-05,akshare_fund_scale_daily_szse,SZ,159937,黄金ETF基金,1555921977.0,份,,,akshare:szse_daily
2024-01-05,akshare_fund_scale_daily_szse,SZ,159938,医药卫生ETF,7557067236.0,份,,,akshare:szse_daily
2024-01-05,akshare_fund_scale_daily_szse,SZ,159939,信息技术ETF,4069656106.0,份,,,akshare:szse_daily
2024-01-05,akshare_fund_scale_daily_szse,SZ,159940,金融地产ETF,1891059983.0,份,,,akshare:szse_daily
2024-01-05,akshare_fund_scale_daily_szse,SZ,159941,纳指ETF,18420010164.0,份,,,akshare:szse_daily
2024-01-05,akshare_fund_scale_daily_szse,SZ,159943,深证成指ETF,167229922.0,份,,,akshare:szse_daily
2024-01-05,akshare_fund_scale_daily_szse,SZ,159944,材料ETF,19608342.0,份,,,akshare:szse_daily
2024-01-05,akshare_fund_scale_daily_szse,SZ,159945,能源ETF基金,31572327.0,份,,,akshare:szse_daily
2024-01-05,akshare_fund_scale_daily_szse,SZ,159948,创业板ETF南方,1355697720.0,份,,,akshare:szse_daily
2024-01-05,akshare_fund_scale_daily_szse,SZ,159949,创业板50ETF,24481785113.0,份,,,akshare:szse_daily
2024-01-05,akshare_fund_scale_daily_szse,SZ,159952,创业板ETF广发,3890484929.0,份,,,akshare:szse_daily
2024-01-05,akshare_fund_scale_daily_szse,SZ,159954,H股ETF,414605083.0,份,,,akshare:szse_daily
2024-01-05,akshare_fund_scale_daily_szse,SZ,159956,创业板ETF建信,72978674.0,份,,,akshare:szse_daily
2024-01-05,akshare_fund_scale_daily_szse,SZ,159957,创业板100ETF华夏,410784560.0,份,,,akshare:szse_daily
2024-01-05,akshare_fund_scale_daily_szse,SZ,159958,创业板ETF工银,197211448.0,份,,,akshare:szse_daily
2024-01-05,akshare_fund_scale_daily_szse,SZ,159959,央企ETF,2080891780.0,份,,,akshare:szse_daily
2024-01-05,akshare_fund_scale_daily_szse,SZ,159960,恒生中国企业ETF,583573960.0,份,,,akshare:szse_daily
2024-01-05,akshare_fund_scale_daily_szse,SZ,159961,深100ETF方正富邦,334245196.0,份,,,akshare:szse_daily
2024-01-05,akshare_fund_scale_daily_szse,SZ,159964,创业板ETF平安,447481881.0,份,,,akshare:szse_daily
2024-01-05,akshare_fund_scale_daily_szse,SZ,159965,央视50ETF,68426953.0,份,,,akshare:szse_daily
2024-01-05,akshare_fund_scale_daily_szse,SZ,159966,创业板价值ETF,1209599521.0,份,,,akshare:szse_daily
2024-01-05,akshare_fund_scale_daily_szse,SZ,159967,创业板成长ETF,11713105811.0,份,,,akshare:szse_daily
2024-01-05,akshare_fund_scale_daily_szse,SZ,159968,中证500ETF博时,117295098.0,份,,,akshare:szse_daily
2024-01-05,akshare_fund_scale_daily_szse,SZ,159969,深100ETF银华,19903014.0,份,,,akshare:szse_daily
2024-01-05,akshare_fund_scale_daily_szse,SZ,159970,深100ETF工银,4444784.0,份,,,akshare:szse_daily
2024-01-05,akshare_fund_scale_daily_szse,SZ,159971,创业板ETF富国,14010144.0,份,,,akshare:szse_daily
2024-01-05,akshare_fund_scale_daily_szse,SZ,159972,5年地债ETF,27915910.0,份,,,akshare:szse_daily
2024-01-05,akshare_fund_scale_daily_szse,SZ,159973,民企ETF,375976423.0,份,,,akshare:szse_daily
2024-01-05,akshare_fund_scale_daily_szse,SZ,159974,央企创新ETF,209432422.0,份,,,akshare:szse_daily
2024-01-05,akshare_fund_scale_daily_szse,SZ,159975,深100ETF招商,134437760.0,份,,,akshare:szse_daily
2024-01-05,akshare_fund_scale_daily_szse,SZ,159976,湾创ETF,103885872.0,份,,,akshare:szse_daily
2024-01-05,akshare_fund_scale_daily_szse,SZ,159977,创业板ETF天弘,3987936410.0,份,,,akshare:szse_daily
2024-01-05,akshare_fund_scale_daily_szse,SZ,159980,有色ETF,255824777.0,份,,,akshare:szse_daily
2024-01-05,akshare_fund_scale_daily_szse,SZ,159981,能源化工ETF,144536957.0,份,,,akshare:szse_daily
2024-01-05,akshare_fund_scale_daily_szse,SZ,159982,中证500ETF鹏华,916211253.0,份,,,akshare:szse_daily
2024-01-05,akshare_fund_scale_daily_szse,SZ,159985,豆粕ETF,367924066.0,份,,,akshare:szse_daily
2024-01-05,akshare_fund_scale_daily_szse,SZ,159987,科技创新ETF,37457627.0,份,,,akshare:szse_daily
2024-01-05,akshare_fund_scale_daily_szse,SZ,159990,小盘价值ETF,49419629.0,份,,,akshare:szse_daily
2024-01-05,akshare_fund_scale_daily_szse,SZ,159991,创大盘ETF,281863172.0,份,,,akshare:szse_daily
2024-01-05,akshare_fund_scale_daily_szse,SZ,159992,创新药ETF,10526381217.0,份,,,akshare:szse_daily
2024-01-05,akshare_fund_scale_daily_szse,SZ,159993,证券ETF龙头,1377697982.0,份,,,akshare:szse_daily
2024-01-05,akshare_fund_scale_daily_szse,SZ,159994,5GETF,2283001679.0,份,,,akshare:szse_daily
2024-01-05,akshare_fund_scale_daily_szse,SZ,159995,芯片ETF,29018963006.0,份,,,akshare:szse_daily
2024-01-05,akshare_fund_scale_daily_szse,SZ,159996,家电ETF,1870554846.0,份,,,akshare:szse_daily
2024-01-05,akshare_fund_scale_daily_szse,SZ,159997,电子ETF,2001306634.0,份,,,akshare:szse_daily
2024-01-05,akshare_fund_scale_daily_szse,SZ,159998,计算机ETF,2657855354.0,份,,,akshare:szse_daily
2024-01-04,akshare_fund_scale_daily_szse,SZ,159001,货币ETF,16132332.0,份,,,akshare:szse_daily
2024-01-04,akshare_fund_scale_daily_szse,SZ,159003,招商快线ETF,1674146.0,份,,,akshare:szse_daily
2024-01-04,akshare_fund_scale_daily_szse,SZ,159005,汇添富快钱ETF,569413.0,份,,,akshare:szse_daily
2024-01-04,akshare_fund_scale_daily_szse,SZ,159150,深证50ETF易方达,1281997623.0,份,,,akshare:szse_daily
2024-01-04,akshare_fund_scale_daily_szse,SZ,159350,深证50ETF富国,1169009642.0,份,,,akshare:szse_daily
2024-01-04,akshare_fund_scale_daily_szse,SZ,159501,纳斯达克指数ETF,718986575.0,份,,,akshare:szse_daily
2024-01-04,akshare_fund_scale_daily_szse,SZ,159503,财富管理ETF,35777361.0,份,,,akshare:szse_daily
2024-01-04,akshare_fund_scale_daily_szse,SZ,159505,国证2000指数ETF,76104786.0,份,,,akshare:szse_daily
2024-01-04,akshare_fund_scale_daily_szse,SZ,159506,恒生医疗ETF,411536979.0,份,,,akshare:szse_daily
2024-01-04,akshare_fund_scale_daily_szse,SZ,159507,电信ETF,98943634.0,份,,,akshare:szse_daily
2024-01-04,akshare_fund_scale_daily_szse,SZ,159508,生物医药ETF基金,124631598.0,份,,,akshare:szse_daily
2024-01-04,akshare_fund_scale_daily_szse,SZ,159509,纳指科技ETF,2013564118.0,份,,,akshare:szse_daily
2024-01-04,akshare_fund_scale_daily_szse,SZ,159510,沪深300价值ETF,192128342.0,份,,,akshare:szse_daily
2024-01-04,akshare_fund_scale_daily_szse,SZ,159511,通信ETF基金,64944573.0,份,,,akshare:szse_daily
2024-01-04,akshare_fund_scale_daily_szse,SZ,159512,汽车ETF,69264855.0,份,,,akshare:szse_daily
2024-01-04,akshare_fund_scale_daily_szse,SZ,159513,纳斯达克100指数ETF,2830549100.0,份,,,akshare:szse_daily
2024-01-04,akshare_fund_scale_daily_szse,SZ,159515,国企红利ETF,71186631.0,份,,,akshare:szse_daily
2024-01-04,akshare_fund_scale_daily_szse,SZ,159516,半导体设备ETF,975589993.0,份,,,akshare:szse_daily
2024-01-04,akshare_fund_scale_daily_szse,SZ,159517,800增强ETF,32742624.0,份,,,akshare:szse_daily
2024-01-04,akshare_fund_scale_daily_szse,SZ,159518,标普油气ETF,63325369.0,份,,,akshare:szse_daily
2024-01-04,akshare_fund_scale_daily_szse,SZ,159519,港股国企ETF,38157854.0,份,,,akshare:szse_daily
2024-01-04,akshare_fund_scale_daily_szse,SZ,159520,消费龙头ETF,24177649.0,份,,,akshare:szse_daily
2024-01-04,akshare_fund_scale_daily_szse,SZ,159521,2000指数ETF,108274435.0,份,,,akshare:szse_daily
2024-01-04,akshare_fund_scale_daily_szse,SZ,159522,2000ETF基金,61896935.0,份,,,akshare:szse_daily
2024-01-04,akshare_fund_scale_daily_szse,SZ,159523,沪深300成长ETF,52517348.0,份,,,akshare:szse_daily
2024-01-04,akshare_fund_scale_daily_szse,SZ,159531,中证2000ETF,72608406.0,份,,,akshare:szse_daily
2024-01-04,akshare_fund_scale_daily_szse,SZ,159532,中证2000指数ETF,75564791.0,份,,,akshare:szse_daily
2024-01-04,akshare_fund_scale_daily_szse,SZ,159535,中证2000ETF指数,43981088.0,份,,,akshare:szse_daily
2024-01-04,akshare_fund_scale_daily_szse,SZ,159536,中证2000ETF添富,149261589.0,份,,,akshare:szse_daily
2024-01-04,akshare_fund_scale_daily_szse,SZ,159537,信创ETF,37642602.0,份,,,akshare:szse_daily
2024-01-04,akshare_fund_scale_daily_szse,SZ,159538,信创指数ETF,32304483.0,份,,,akshare:szse_daily
2024-01-04,akshare_fund_scale_daily_szse,SZ,159539,信创50ETF,28565182.0,份,,,akshare:szse_daily
2024-01-04,akshare_fund_scale_daily_szse,SZ,159540,信创ETF指数,19505191.0,份,,,akshare:szse_daily
2024-01-04,akshare_fund_scale_daily_szse,SZ,159541,创业板综ETF万家,123093326.0,份,,,akshare:szse_daily
2024-01-04,akshare_fund_scale_daily_szse,SZ,159543,国证2000ETF基金,18196551.0,份,,,akshare:szse_daily
2024-01-04,akshare_fund_scale_daily_szse,SZ,159546,集成电路ETF,53309274.0,份,,,akshare:szse_daily
2024-01-04,akshare_fund_scale_daily_szse,SZ,159549,红利低波动ETF,233523884.0,份,,,akshare:szse_daily
2024-01-04,akshare_fund_scale_daily_szse,SZ,159551,机器人产业ETF,71920923.0,份,,,akshare:szse_daily
2024-01-04,akshare_fund_scale_daily_szse,SZ,159555,2000增强ETF,52462705.0,份,,,akshare:szse_daily
2024-01-04,akshare_fund_scale_daily_szse,SZ,159559,机器人ETF基金,71576622.0,份,,,akshare:szse_daily
2024-01-04,akshare_fund_scale_daily_szse,SZ,159560,芯片50ETF,261416460.0,份,,,akshare:szse_daily
2024-01-04,akshare_fund_scale_daily_szse,SZ,159571,创业板200ETF富国,175981814.0,份,,,akshare:szse_daily
2024-01-04,akshare_fund_scale_daily_szse,SZ,159572,创业板200ETF易方达,115749107.0,份,,,akshare:szse_daily
2024-01-04,akshare_fund_scale_daily_szse,SZ,159573,创业板200ETF华夏,535456297.0,份,,,akshare:szse_daily
2024-01-04,akshare_fund_scale_daily_szse,SZ,159575,创业板200ETF银华,203410425.0,份,,,akshare:szse_daily
2024-01-04,akshare_fund_scale_daily_szse,SZ,159576,深证100ETF广发,214509612.0,份,,,akshare:szse_daily
2024-01-04,akshare_fund_scale_daily_szse,SZ,159601,A50ETF,5509188073.0,份,,,akshare:szse_daily
2024-01-04,akshare_fund_scale_daily_szse,SZ,159602,中国A50ETF,1894542944.0,份,,,akshare:szse_daily
2024-01-04,akshare_fund_scale_daily_szse,SZ,159603,双创龙头ETF,2497071922.0,份,,,akshare:szse_daily
2024-01-04,akshare_fund_scale_daily_szse,SZ,159605,中概互联ETF,9795486155.0,份,,,akshare:szse_daily
2024-01-04,akshare_fund_scale_daily_szse,SZ,159606,中证500成长ETF,578222838.0,份,,,akshare:szse_daily
2024-01-04,akshare_fund_scale_daily_szse,SZ,159607,中概互联网ETF,2941829139.0,份,,,akshare:szse_daily
2024-01-04,akshare_fund_scale_daily_szse,SZ,159608,稀有金属ETF,455210066.0,份,,,akshare:szse_daily
2024-01-04,akshare_fund_scale_daily_szse,SZ,159609,光伏龙头ETF,524903414.0,份,,,akshare:szse_daily
2024-01-04,akshare_fund_scale_daily_szse,SZ,159610,500ETF增强,582568207.0,份,,,akshare:szse_daily
2024-01-04,akshare_fund_scale_daily_szse,SZ,159611,电力ETF,2186362900.0,份,,,akshare:szse_daily
2024-01-04,akshare_fund_scale_daily_szse,SZ,159612,标普500ETF,150898651.0,份,,,akshare:szse_daily
2024-01-04,akshare_fund_scale_daily_szse,SZ,159613,信息安全ETF,105590217.0,份,,,akshare:szse_daily
2024-01-04,akshare_fund_scale_daily_szse,SZ,159615,恒生生物科技ETF,431054898.0,份,,,akshare:szse_daily
2024-01-04,akshare_fund_scale_daily_szse,SZ,159616,农牧ETF,114561112.0,份,,,akshare:szse_daily
2024-01-04,akshare_fund_scale_daily_szse,SZ,159617,500价值ETF,57418382.0,份,,,akshare:szse_daily
2024-01-04,akshare_fund_scale_daily_szse,SZ,159618,光伏ETF指数基金,270131407.0,份,,,akshare:szse_daily
2024-01-04,akshare_fund_scale_daily_szse,SZ,159619,基建ETF,292981007.0,份,,,akshare:szse_daily
2024-01-04,akshare_fund_scale_daily_szse,SZ,159620,500成长ETF,26140934.0,份,,,akshare:szse_daily
2024-01-04,akshare_fund_scale_daily_szse,SZ,159621,MSCIESGETF,59434717.0,份,,,akshare:szse_daily
2024-01-04,akshare_fund_scale_daily_szse,SZ,159622,创新药ETF沪港深,172603238.0,份,,,akshare:szse_daily
2024-01-04,akshare_fund_scale_daily_szse,SZ,159623,成渝经济圈ETF,3977271695.0,份,,,akshare:szse_daily
2024-01-04,akshare_fund_scale_daily_szse,SZ,159625,绿色电力ETF,250113777.0,份,,,akshare:szse_daily
2024-01-04,akshare_fund_scale_daily_szse,SZ,159627,A100ETF,35116776.0,份,,,akshare:szse_daily
2024-01-04,akshare_fund_scale_daily_szse,SZ,159628,国证2000ETF,2270283250.0,份,,,akshare:szse_daily
2024-01-04,akshare_fund_scale_daily_szse,SZ,159629,1000ETF,2017252663.0,份,,,akshare:szse_daily
2024-01-04,akshare_fund_scale_daily_szse,SZ,159630,中证100ETF基金,35113744.0,份,,,akshare:szse_daily
2024-01-04,akshare_fund_scale_daily_szse,SZ,159631,中证100ETF招商,223332605.0,份,,,akshare:szse_daily
2024-01-04,akshare_fund_scale_daily_szse,SZ,159632,纳斯达克ETF,4500720640.0,份,,,akshare:szse_daily
2024-01-04,akshare_fund_scale_daily_szse,SZ,159633,中证1000指数ETF,1193162658.0,份,,,akshare:szse_daily
2024-01-04,akshare_fund_scale_daily_szse,SZ,159635,基建50ETF,129846980.0,份,,,akshare:szse_daily
2024-01-04,akshare_fund_scale_daily_szse,SZ,159636,港股通科技30ETF,2652250603.0,份,,,akshare:szse_daily
2024-01-04,akshare_fund_scale_daily_szse,SZ,159637,新能源车龙头ETF,1856768094.0,份,,,akshare:szse_daily
2024-01-04,akshare_fund_scale_daily_szse,SZ,159638,高端装备ETF,1427341932.0,份,,,akshare:szse_daily
2024-01-04,akshare_fund_scale_daily_szse,SZ,159639,碳中和ETF南方,1465290171.0,份,,,akshare:szse_daily
2024-01-04,akshare_fund_scale_daily_szse,SZ,159640,碳中和龙头ETF,465845198.0,份,,,akshare:szse_daily
2024-01-04,akshare_fund_scale_daily_szse,SZ,159641,双碳ETF,522719131.0,份,,,akshare:szse_daily
2024-01-04,akshare_fund_scale_daily_szse,SZ,159642,碳中和100ETF,198439923.0,份,,,akshare:szse_daily
2024-01-04,akshare_fund_scale_daily_szse,SZ,159643,疫苗ETF,108390617.0,份,,,akshare:szse_daily
2024-01-04,akshare_fund_scale_daily_szse,SZ,159645,疫苗指数ETF,20540740.0,份,,,akshare:szse_daily
2024-01-04,akshare_fund_scale_daily_szse,SZ,159646,疫苗ETF基金,22707502.0,份,,,akshare:szse_daily
2024-01-04,akshare_fund_scale_daily_szse,SZ,159647,中药ETF,680961752.0,份,,,akshare:szse_daily
2024-01-04,akshare_fund_scale_daily_szse,SZ,159649,国开债ETF,59741877.0,份,,,akshare:szse_daily
2024-01-04,akshare_fund_scale_daily_szse,SZ,159650,国开ETF,86830196.0,份,,,akshare:szse_daily
2024-01-04,akshare_fund_scale_daily_szse,SZ,159651,国开0-3ETF,38296448.0,份,,,akshare:szse_daily
2024-01-04,akshare_fund_scale_daily_szse,SZ,159652,有色50ETF,267320287.0,份,,,akshare:szse_daily
2024-01-04,akshare_fund_scale_daily_szse,SZ,159653,ESG300ETF,10972068.0,份,,,akshare:szse_daily
2024-01-04,akshare_fund_scale_daily_szse,SZ,159655,标普ETF,109143045.0,份,,,akshare:szse_daily
2024-01-04,akshare_fund_scale_daily_szse,SZ,159656,300成长ETF,180238451.0,份,,,akshare:szse_daily
2024-01-04,akshare_fund_scale_daily_szse,SZ,159657,生物疫苗ETF,246514819.0,份,,,akshare:szse_daily
2024-01-04,akshare_fund_scale_daily_szse,SZ,159658,数字经济ETF,326394877.0,份,,,akshare:szse_daily
2024-01-04,akshare_fund_scale_daily_szse,SZ,159659,纳斯达克100ETF,98744064.0,份,,,akshare:szse_daily
2024-01-04,akshare_fund_scale_daily_szse,SZ,159660,纳指100ETF,167151363.0,份,,,akshare:szse_daily
2024-01-04,akshare_fund_scale_daily_szse,SZ,159661,中证100指数ETF,93208213.0,份,,,akshare:szse_daily
2024-01-04,akshare_fund_scale_daily_szse,SZ,159662,交运ETF,90613946.0,份,,,akshare:szse_daily
2024-01-04,akshare_fund_scale_daily_szse,SZ,159663,机床ETF,106517585.0,份,,,akshare:szse_daily
2024-01-04,akshare_fund_scale_daily_szse,SZ,159665,半导体龙头ETF,487576860.0,份,,,akshare:szse_daily
2024-01-04,akshare_fund_scale_daily_szse,SZ,159666,交通运输ETF,89832905.0,份,,,akshare:szse_daily
2024-01-04,akshare_fund_scale_daily_szse,SZ,159667,工业母机ETF,463016906.0,份,,,akshare:szse_daily
2024-01-04,akshare_fund_scale_daily_szse,SZ,159669,绿电ETF,53254781.0,份,,,akshare:szse_daily
2024-01-04,akshare_fund_scale_daily_szse,SZ,159670,消费ETF基金,45706921.0,份,,,akshare:szse_daily
2024-01-04,akshare_fund_scale_daily_szse,SZ,159671,稀有金属ETF基金,1082551737.0,份,,,akshare:szse_daily
2024-01-04,akshare_fund_scale_daily_szse,SZ,159672,主要消费ETF,110887409.0,份,,,akshare:szse_daily
2024-01-04,akshare_fund_scale_daily_szse,SZ,159673,鹏华沪深300ETF,1127528385.0,份,,,akshare:szse_daily
2024-01-04,akshare_fund_scale_daily_szse,SZ,159675,创业板增强ETF,242346691.0,份,,,akshare:szse_daily
2024-01-04,akshare_fund_scale_daily_szse,SZ,159676,创业板ETF增强,620564183.0,份,,,akshare:szse_daily
2024-01-04,akshare_fund_scale_daily_szse,SZ,159677,1000增强ETF,86904091.0,份,,,akshare:szse_daily
2024-01-04,akshare_fund_scale_daily_szse,SZ,159678,中证500增强ETF,151643694.0,份,,,akshare:szse_daily
2024-01-04,akshare_fund_scale_daily_szse,SZ,159679,中证1000增强ETF,363289156.0,份,,,akshare:szse_daily
2024-01-04,akshare_fund_scale_daily_szse,SZ,159680,1000ETF增强,264438087.0,份,,,akshare:szse_daily
2024-01-04,akshare_fund_scale_daily_szse,SZ,159681,创50ETF,1095772337.0,份,,,akshare:szse_daily
2024-01-04,akshare_fund_scale_daily_szse,SZ,159682,创业50ETF,2351307670.0,份,,,akshare:szse_daily
2024-01-04,akshare_fund_scale_daily_szse,SZ,159683,运输ETF,30615396.0,份,,,akshare:szse_daily
2024-01-04,akshare_fund_scale_daily_szse,SZ,159685,1000增强ETF天弘,53440067.0,份,,,akshare:szse_daily
2024-01-04,akshare_fund_scale_daily_szse,SZ,159686,中证100ETF易方达,17815386.0,份,,,akshare:szse_daily
2024-01-04,akshare_fund_scale_daily_szse,SZ,159687,亚太低碳ETF,48028658.0,份,,,akshare:szse_daily
2024-01-04,akshare_fund_scale_daily_szse,SZ,159688,恒生互联网ETF,605778480.0,份,,,akshare:szse_daily
2024-01-04,akshare_fund_scale_daily_szse,SZ,159689,消费ETF南方,58147787.0,份,,,akshare:szse_daily
2024-01-04,akshare_fund_scale_daily_szse,SZ,159690,矿业ETF,7163978.0,份,,,akshare:szse_daily
2024-01-04,akshare_fund_scale_daily_szse,SZ,159691,港股红利ETF,208301386.0,份,,,akshare:szse_daily
2024-01-04,akshare_fund_scale_daily_szse,SZ,159692,证券ETF东财,118455969.0,份,,,akshare:szse_daily
2024-01-04,akshare_fund_scale_daily_szse,SZ,159693,有色矿业ETF,37895798.0,份,,,akshare:szse_daily
2024-01-04,akshare_fund_scale_daily_szse,SZ,159695,通信ETF,67812086.0,份,,,akshare:szse_daily
2024-01-04,akshare_fund_scale_daily_szse,SZ,159696,纳指ETF易方达,703824034.0,份,,,akshare:szse_daily
2024-01-04,akshare_fund_scale_daily_szse,SZ,159697,油气ETF,57022006.0,份,,,akshare:szse_daily
2024-01-04,akshare_fund_scale_daily_szse,SZ,159698,粮食ETF,315444378.0,份,,,akshare:szse_daily
2024-01-04,akshare_fund_scale_daily_szse,SZ,159699,恒生消费ETF,272664255.0,份,,,akshare:szse_daily
2024-01-04,akshare_fund_scale_daily_szse,SZ,159701,物联网ETF招商,36705601.0,份,,,akshare:szse_daily
2024-01-04,akshare_fund_scale_daily_szse,SZ,159703,新材料ETF,108181591.0,份,,,akshare:szse_daily
2024-01-04,akshare_fund_scale_daily_szse,SZ,159706,深证100ETF华安,85386800.0,份,,,akshare:szse_daily
2024-01-04,akshare_fund_scale_daily_szse,SZ,159707,地产ETF,421548214.0,份,,,akshare:szse_daily
2024-01-04,akshare_fund_scale_daily_szse,SZ,159708,红利ETF,309028306.0,份,,,akshare:szse_daily
2024-01-04,akshare_fund_scale_daily_szse,SZ,159709,物联网ETF工银,120484060.0,份,,,akshare:szse_daily
2024-01-04,akshare_fund_scale_daily_szse,SZ,159710,智能电车ETF,79344933.0,份,,,akshare:szse_daily
2024-01-04,akshare_fund_scale_daily_szse,SZ,159711,港股通ETF,44465157.0,份,,,akshare:szse_daily
2024-01-04,akshare_fund_scale_daily_szse,SZ,159712,港股通50ETF,71778813.0,份,,,akshare:szse_daily
2024-01-04,akshare_fund_scale_daily_szse,SZ,159713,稀土ETF,446755051.0,份,,,akshare:szse_daily
2024-01-04,akshare_fund_scale_daily_szse,SZ,159715,稀土ETF易方达,347030274.0,份,,,akshare:szse_daily
2024-01-04,akshare_fund_scale_daily_szse,SZ,159716,深创100ETF,169666732.0,份,,,akshare:szse_daily
2024-01-04,akshare_fund_scale_daily_szse,SZ,159717,ESGETF,57873183.0,份,,,akshare:szse_daily
2024-01-04,akshare_fund_scale_daily_szse,SZ,159718,港股医药ETF,270832634.0,份,,,akshare:szse_daily
2024-01-04,akshare_fund_scale_daily_szse,SZ,159719,国企共赢ETF,72195986.0,份,,,akshare:szse_daily
2024-01-04,akshare_fund_scale_daily_szse,SZ,159720,智能电车ETF泰康,117812357.0,份,,,akshare:szse_daily
2024-01-04,akshare_fund_scale_daily_szse,SZ,159721,深创龙头ETF,93431696.0,份,,,akshare:szse_daily
2024-01-04,akshare_fund_scale_daily_szse,SZ,159723,科技龙头ETF,77025575.0,份,,,akshare:szse_daily
2024-01-04,akshare_fund_scale_daily_szse,SZ,159725,线上消费ETF,54424924.0,份,,,akshare:szse_daily
2024-01-04,akshare_fund_scale_daily_szse,SZ,159726,恒生红利ETF,89411380.0,份,,,akshare:szse_daily
2024-01-04,akshare_fund_scale_daily_szse,SZ,159728,在线消费ETF,40910129.0,份,,,akshare:szse_daily
2024-01-04,akshare_fund_scale_daily_szse,SZ,159729,互联网ETF,167560633.0,份,,,akshare:szse_daily
2024-01-04,akshare_fund_scale_daily_szse,SZ,159730,龙头家电ETF,39571340.0,份,,,akshare:szse_daily
2024-01-04,akshare_fund_scale_daily_szse,SZ,159731,石化ETF,60375802.0,份,,,akshare:szse_daily
2024-01-04,akshare_fund_scale_daily_szse,SZ,159732,消费电子ETF,1082447904.0,份,,,akshare:szse_daily
2024-01-04,akshare_fund_scale_daily_szse,SZ,159733,消费电子50ETF,48156925.0,份,,,akshare:szse_daily
2024-01-04,akshare_fund_scale_daily_szse,SZ,159735,港股消费ETF,310561371.0,份,,,akshare:szse_daily
2024-01-04,akshare_fund_scale_daily_szse,SZ,159736,饮食ETF,7004894457.0,份,,,akshare:szse_daily
2024-01-04,akshare_fund_scale_daily_szse,SZ,159738,云计算ETF沪港深,46992667.0,份,,,akshare:szse_daily
2024-01-04,akshare_fund_scale_daily_szse,SZ,159739,大数据ETF,266980615.0,份,,,akshare:szse_daily
2024-01-04,akshare_fund_scale_daily_szse,SZ,159740,恒生科技ETF,5869120448.0,份,,,akshare:szse_daily
2024-01-04,akshare_fund_scale_daily_szse,SZ,159741,恒生科技ETF基金,1147796712.0,份,,,akshare:szse_daily
2024-01-04,akshare_fund_scale_daily_szse,SZ,159742,恒生科技指数ETF,2073928292.0,份,,,akshare:szse_daily
2024-01-04,akshare_fund_scale_daily_szse,SZ,159743,湖北ETF,171941100.0,份,,,akshare:szse_daily
2024-01-04,akshare_fund_scale_daily_szse,SZ,159745,建材ETF,1203688265.0,份,,,akshare:szse_daily
2024-01-04,akshare_fund_scale_daily_szse,SZ,159747,香港科技ETF,328712278.0,份,,,akshare:szse_daily
2024-01-04,akshare_fund_scale_daily_szse,SZ,159748,沪港深创新药ETF,471692128.0,份,,,akshare:szse_daily
2024-01-04,akshare_fund_scale_daily_szse,SZ,159750,香港科技50ETF,128618251.0,份,,,akshare:szse_daily
2024-01-04,akshare_fund_scale_daily_szse,SZ,159751,港股科技ETF,136629628.0,份,,,akshare:szse_daily
2024-01-04,akshare_fund_scale_daily_szse,SZ,159752,新能源龙头ETF,716958917.0,份,,,akshare:szse_daily
2024-01-04,akshare_fund_scale_daily_szse,SZ,159755,电池ETF,5798646746.0,份,,,akshare:szse_daily
2024-01-04,akshare_fund_scale_daily_szse,SZ,159757,电池30ETF,813931891.0,份,,,akshare:szse_daily
2024-01-04,akshare_fund_scale_daily_szse,SZ,159758,红利50ETF,282290777.0,份,,,akshare:szse_daily
2024-01-04,akshare_fund_scale_daily_szse,SZ,159760,泰康公卫健康ETF,157360223.0,份,,,akshare:szse_daily
2024-01-04,akshare_fund_scale_daily_szse,SZ,159761,新材料50ETF,388734117.0,份,,,akshare:szse_daily
2024-01-04,akshare_fund_scale_daily_szse,SZ,159763,新材料ETF基金,142707747.0,份,,,akshare:szse_daily
2024-01-04,akshare_fund_scale_daily_szse,SZ,159766,旅游ETF,3740640963.0,份,,,akshare:szse_daily
2024-01-04,akshare_fund_scale_daily_szse,SZ,159767,电池龙头ETF,285873672.0,份,,,akshare:szse_daily
2024-01-04,akshare_fund_scale_daily_szse,SZ,159768,房地产ETF,366950311.0,份,,,akshare:szse_daily
2024-01-04,akshare_fund_scale_daily_szse,SZ,159769,消费电子龙头ETF,53445320.0,份,,,akshare:szse_daily
2024-01-04,akshare_fund_scale_daily_szse,SZ,159770,机器人ETF,688087762.0,份,,,akshare:szse_daily
2024-01-04,akshare_fund_scale_daily_szse,SZ,159773,创业板科技ETF,84303120.0,份,,,akshare:szse_daily
2024-01-04,akshare_fund_scale_daily_szse,SZ,159775,新能源车电池ETF,146648961.0,份,,,akshare:szse_daily
2024-01-04,akshare_fund_scale_daily_szse,SZ,159776,港股通医药ETF,328968765.0,份,,,akshare:szse_daily
2024-01-04,akshare_fund_scale_daily_szse,SZ,159777,创科技ETF,16280565.0,份,,,akshare:szse_daily
2024-01-04,akshare_fund_scale_daily_szse,SZ,159778,工业互联ETF,67255382.0,份,,,akshare:szse_daily
2024-01-04,akshare_fund_scale_daily_szse,SZ,159779,消费电子ETF基金,130869337.0,份,,,akshare:szse_daily
2024-01-04,akshare_fund_scale_daily_szse,SZ,159780,双创ETF,7280048583.0,份,,,akshare:szse_daily
2024-01-04,akshare_fund_scale_daily_szse,SZ,159781,科创创业ETF,14935860533.0,份,,,akshare:szse_daily
2024-01-04,akshare_fund_scale_daily_szse,SZ,159782,双创50ETF基金,1482190267.0,份,,,akshare:szse_daily
2024-01-04,akshare_fund_scale_daily_szse,SZ,159783,科创创业50ETF,9788659442.0,份,,,akshare:szse_daily
2024-01-04,akshare_fund_scale_daily_szse,SZ,159786,VRETF,258701174.0,份,,,akshare:szse_daily
2024-01-04,akshare_fund_scale_daily_szse,SZ,159787,建材ETF易方达,77521633.0,份,,,akshare:szse_daily
2024-01-04,akshare_fund_scale_daily_szse,SZ,159788,港股通100ETF,38424965.0,份,,,akshare:szse_daily
2024-01-04,akshare_fund_scale_daily_szse,SZ,159790,碳中和ETF,4804528485.0,份,,,akshare:szse_daily
2024-01-04,akshare_fund_scale_daily_szse,SZ,159791,300ESGETF,21083347.0,份,,,akshare:szse_daily
2024-01-04,akshare_fund_scale_daily_szse,SZ,159792,港股通互联网ETF,22076855237.0,份,,,akshare:szse_daily
2024-01-04,akshare_fund_scale_daily_szse,SZ,159793,线上消费ETF平安,50758908.0,份,,,akshare:szse_daily
2024-01-04,akshare_fund_scale_daily_szse,SZ,159795,智能车ETF基金,74169473.0,份,,,akshare:szse_daily
2024-01-04,akshare_fund_scale_daily_szse,SZ,159796,电池50ETF,1638467550.0,份,,,akshare:szse_daily
2024-01-04,akshare_fund_scale_daily_szse,SZ,159797,医疗器械ETF基金,66989247.0,份,,,akshare:szse_daily
2024-01-04,akshare_fund_scale_daily_szse,SZ,159798,消费50ETF,68245390.0,份,,,akshare:szse_daily
2024-01-04,akshare_fund_scale_daily_szse,SZ,159801,芯片ETF龙头,6101120172.0,份,,,akshare:szse_daily
2024-01-04,akshare_fund_scale_daily_szse,SZ,159804,创中盘88ETF,124899676.0,份,,,akshare:szse_daily
2024-01-04,akshare_fund_scale_daily_szse,SZ,159805,传媒ETF,188452480.0,份,,,akshare:szse_daily
2024-01-04,akshare_fund_scale_daily_szse,SZ,159806,新能源车ETF,2912089446.0,份,,,akshare:szse_daily
2024-01-04,akshare_fund_scale_daily_szse,SZ,159807,科技ETF,1308051428.0,份,,,akshare:szse_daily
2024-01-04,akshare_fund_scale_daily_szse,SZ,159808,创100ETF融通,129484790.0,份,,,akshare:szse_daily
2024-01-04,akshare_fund_scale_daily_szse,SZ,159810,浦银创业板ETF,59475458.0,份,,,akshare:szse_daily
2024-01-04,akshare_fund_scale_daily_szse,SZ,159811,5G50ETF,213143393.0,份,,,akshare:szse_daily
2024-01-04,akshare_fund_scale_daily_szse,SZ,159812,黄金基金ETF,19213149.0,份,,,akshare:szse_daily
2024-01-04,akshare_fund_scale_daily_szse,SZ,159813,半导体ETF,7508862410.0,份,,,akshare:szse_daily
2024-01-04,akshare_fund_scale_daily_szse,SZ,159814,创业大盘ETF,1720246520.0,份,,,akshare:szse_daily
2024-01-04,akshare_fund_scale_daily_szse,SZ,159816,0-4地债ETF,12607484.0,份,,,akshare:szse_daily
2024-01-04,akshare_fund_scale_daily_szse,SZ,159819,人工智能ETF,6136229669.0,份,,,akshare:szse_daily
2024-01-04,akshare_fund_scale_daily_szse,SZ,159820,中证500ETF天弘,2473908470.0,份,,,akshare:szse_daily
2024-01-04,akshare_fund_scale_daily_szse,SZ,159821,BOCI创业板ETF,28920000.0,份,,,akshare:szse_daily
2024-01-04,akshare_fund_scale_daily_szse,SZ,159822,新经济ETF,300234315.0,份,,,akshare:szse_daily
2024-01-04,akshare_fund_scale_daily_szse,SZ,159823,H股ETF基金,43763219.0,份,,,akshare:szse_daily
2024-01-04,akshare_fund_scale_daily_szse,SZ,159824,新能车ETF,358135070.0,份,,,akshare:szse_daily
2024-01-04,akshare_fund_scale_daily_szse,SZ,159825,农业ETF,3297077407.0,份,,,akshare:szse_daily
2024-01-04,akshare_fund_scale_daily_szse,SZ,159827,农业50ETF,152716463.0,份,,,akshare:szse_daily
2024-01-04,akshare_fund_scale_daily_szse,SZ,159828,医疗ETF,5052439464.0,份,,,akshare:szse_daily
2024-01-04,akshare_fund_scale_daily_szse,SZ,159830,上海金ETF,13609209.0,份,,,akshare:szse_daily
2024-01-04,akshare_fund_scale_daily_szse,SZ,159831,上海金ETF基金,8756243.0,份,,,akshare:szse_daily
2024-01-04,akshare_fund_scale_daily_szse,SZ,159834,金ETF,7861376.0,份,,,akshare:szse_daily
2024-01-04,akshare_fund_scale_daily_szse,SZ,159835,创新药50ETF,143504143.0,份,,,akshare:szse_daily
2024-01-04,akshare_fund_scale_daily_szse,SZ,159836,创300ETF,113747113.0,份,,,akshare:szse_daily
2024-01-04,akshare_fund_scale_daily_szse,SZ,159837,生物科技ETF,2912152837.0,份,,,akshare:szse_daily
2024-01-04,akshare_fund_scale_daily_szse,SZ,159838,医药50ETF,370763462.0,份,,,akshare:szse_daily
2024-01-04,akshare_fund_scale_daily_szse,SZ,159839,生物药ETF,1257735165.0,份,,,akshare:szse_daily
2024-01-04,akshare_fund_scale_daily_szse,SZ,159840,锂电池ETF,2500574851.0,份,,,akshare:szse_daily
2024-01-04,akshare_fund_scale_daily_szse,SZ,159841,证券ETF,4859238465.0,份,,,akshare:szse_daily
2024-01-04,akshare_fund_scale_daily_szse,SZ,159842,券商ETF,900250631.0,份,,,akshare:szse_daily
2024-01-04,akshare_fund_scale_daily_szse,SZ,159843,食品饮料ETF,367455141.0,份,,,akshare:szse_daily
2024-01-04,akshare_fund_scale_daily_szse,SZ,159845,中证1000ETF,2823425606.0,份,,,akshare:szse_daily
2024-01-04,akshare_fund_scale_daily_szse,SZ,159847,医疗50ETF,1444825354.0,份,,,akshare:szse_daily
2024-01-04,akshare_fund_scale_daily_szse,SZ,159848,证券ETF基金,122311239.0,份,,,akshare:szse_daily
2024-01-04,akshare_fund_scale_daily_szse,SZ,159849,生物科技ETF招商,162372396.0,份,,,akshare:szse_daily
2024-01-04,akshare_fund_scale_daily_szse,SZ,159850,恒生国企ETF,1011706498.0,份,,,akshare:szse_daily
2024-01-04,akshare_fund_scale_daily_szse,SZ,159851,金融科技ETF,280452074.0,份,,,akshare:szse_daily
2024-01-04,akshare_fund_scale_daily_szse,SZ,159852,软件ETF,1497623921.0,份,,,akshare:szse_daily
2024-01-04,akshare_fund_scale_daily_szse,SZ,159855,影视ETF,64425236.0,份,,,akshare:szse_daily
2024-01-04,akshare_fund_scale_daily_szse,SZ,159856,互联网龙头ETF,692372474.0,份,,,akshare:szse_daily
2024-01-04,akshare_fund_scale_daily_szse,SZ,159857,光伏ETF,2971515725.0,份,,,akshare:szse_daily
2024-01-04,akshare_fund_scale_daily_szse,SZ,159858,创新药ETF基金,299098318.0,份,,,akshare:szse_daily
2024-01-04,akshare_fund_scale_daily_szse,SZ,159859,生物医药ETF,6500240054.0,份,,,akshare:szse_daily
2024-01-04,akshare_fund_scale_daily_szse,SZ,159861,碳中和50ETF,285117535.0,份,,,akshare:szse_daily
2024-01-04,akshare_fund_scale_daily_szse,SZ,159862,食品ETF,69000623.0,份,,,akshare:szse_daily
2024-01-04,akshare_fund_scale_daily_szse,SZ,159863,光伏ETF基金,402729352.0,份,,,akshare:szse_daily
2024-01-04,akshare_fund_scale_daily_szse,SZ,159864,光伏50ETF,945526827.0,份,,,akshare:szse_daily
2024-01-04,akshare_fund_scale_daily_szse,SZ,159865,养殖ETF,6840455659.0,份,,,akshare:szse_daily
2024-01-04,akshare_fund_scale_daily_szse,SZ,159866,日经ETF,488479377.0,份,,,akshare:szse_daily
2024-01-04,akshare_fund_scale_daily_szse,SZ,159867,畜牧ETF,1561143594.0,份,,,akshare:szse_daily
2024-01-04,akshare_fund_scale_daily_szse,SZ,159869,游戏ETF,5660082127.0,份,,,akshare:szse_daily
2024-01-04,akshare_fund_scale_daily_szse,SZ,159870,化工ETF,3422607019.0,份,,,akshare:szse_daily
2024-01-04,akshare_fund_scale_daily_szse,SZ,159871,有色金属ETF,64866253.0,份,,,akshare:szse_daily
2024-01-04,akshare_fund_scale_daily_szse,SZ,159872,智能网联汽车ETF,60799732.0,份,,,akshare:szse_daily
2024-01-04,akshare_fund_scale_daily_szse,SZ,159873,医疗设备ETF,335920000.0,份,,,akshare:szse_daily
2024-01-04,akshare_fund_scale_daily_szse,SZ,159875,新能源ETF,2442162899.0,份,,,akshare:szse_daily
2024-01-04,akshare_fund_scale_daily_szse,SZ,159876,有色龙头ETF,52188509.0,份,,,akshare:szse_daily
2024-01-04,akshare_fund_scale_daily_szse,SZ,159877,医疗产业ETF,129792292.0,份,,,akshare:szse_daily
2024-01-04,akshare_fund_scale_daily_szse,SZ,159880,有色ETF基金,79551518.0,份,,,akshare:szse_daily
2024-01-04,akshare_fund_scale_daily_szse,SZ,159881,有色60ETF,205249583.0,份,,,akshare:szse_daily
2024-01-04,akshare_fund_scale_daily_szse,SZ,159883,医疗器械ETF,4327037843.0,份,,,akshare:szse_daily
2024-01-04,akshare_fund_scale_daily_szse,SZ,159885,碳中和ETF基金,623467316.0,份,,,akshare:szse_daily
2024-01-04,akshare_fund_scale_daily_szse,SZ,159886,机械ETF,107442555.0,份,,,akshare:szse_daily
2024-01-04,akshare_fund_scale_daily_szse,SZ,159887,银行ETF,384315950.0,份,,,akshare:szse_daily
2024-01-04,akshare_fund_scale_daily_szse,SZ,159888,智能车ETF,148446068.0,份,,,akshare:szse_daily
2024-01-04,akshare_fund_scale_daily_szse,SZ,159889,智能汽车ETF,96400796.0,份,,,akshare:szse_daily
2024-01-04,akshare_fund_scale_daily_szse,SZ,159890,云计算ETF,98590688.0,份,,,akshare:szse_daily
2024-01-04,akshare_fund_scale_daily_szse,SZ,159891,医疗ETF基金,267024837.0,份,,,akshare:szse_daily
2024-01-04,akshare_fund_scale_daily_szse,SZ,159892,恒生医药ETF,5177266022.0,份,,,akshare:szse_daily
2024-01-04,akshare_fund_scale_daily_szse,SZ,159895,物联网50ETF,42241864.0,份,,,akshare:szse_daily
2024-01-04,akshare_fund_scale_daily_szse,SZ,159896,物联网龙头ETF,84055960.0,份,,,akshare:szse_daily
2024-01-04,akshare_fund_scale_daily_szse,SZ,159898,医疗器械指数ETF,298098825.0,份,,,akshare:szse_daily
2024-01-04,akshare_fund_scale_daily_szse,SZ,159899,软件龙头ETF,233977729.0,份,,,akshare:szse_daily
2024-01-04,akshare_fund_scale_daily_szse,SZ,159901,深证100ETF,2608834930.0,份,,,akshare:szse_daily
2024-01-04,akshare_fund_scale_daily_szse,SZ,159902,中小100ETF,143460849.0,份,,,akshare:szse_daily
2024-01-04,akshare_fund_scale_daily_szse,SZ,159903,深成ETF,295154507.0,份,,,akshare:szse_daily
2024-01-04,akshare_fund_scale_daily_szse,SZ,159905,深红利ETF,1644443951.0,份,,,akshare:szse_daily
2024-01-04,akshare_fund_scale_daily_szse,SZ,159906,深成长龙头ETF,184639725.0,份,,,akshare:szse_daily
2024-01-04,akshare_fund_scale_daily_szse,SZ,159907,2000ETF,125598847.0,份,,,akshare:szse_daily
2024-01-04,akshare_fund_scale_daily_szse,SZ,159908,创业板ETF博时,1050229029.0,份,,,akshare:szse_daily
2024-01-04,akshare_fund_scale_daily_szse,SZ,159909,TMT50ETF,544061992.0,份,,,akshare:szse_daily
2024-01-04,akshare_fund_scale_daily_szse,SZ,159910,基本面120ETF,168906143.0,份,,,akshare:szse_daily
2024-01-04,akshare_fund_scale_daily_szse,SZ,159912,深300ETF,70948991.0,份,,,akshare:szse_daily
2024-01-04,akshare_fund_scale_daily_szse,SZ,159913,深价值ETF,26829693.0,份,,,akshare:szse_daily
2024-01-04,akshare_fund_scale_daily_szse,SZ,159915,创业板ETF,23228454936.0,份,,,akshare:szse_daily
2024-01-04,akshare_fund_scale_daily_szse,SZ,159916,深F60ETF,87566039.0,份,,,akshare:szse_daily
2024-01-04,akshare_fund_scale_daily_szse,SZ,159918,中创400ETF,37561264.0,份,,,akshare:szse_daily
2024-01-04,akshare_fund_scale_daily_szse,SZ,159919,沪深300ETF,11584116676.0,份,,,akshare:szse_daily
2024-01-04,akshare_fund_scale_daily_szse,SZ,159920,恒生ETF,15589559219.0,份,,,akshare:szse_daily
2024-01-04,akshare_fund_scale_daily_szse,SZ,159922,中证500ETF,1012269931.0,份,,,akshare:szse_daily
2024-01-04,akshare_fund_scale_daily_szse,SZ,159923,中证100ETF,15285812.0,份,,,akshare:szse_daily
2024-01-04,akshare_fund_scale_daily_szse,SZ,159925,沪深300ETF南方,1687199451.0,份,,,akshare:szse_daily
2024-01-04,akshare_fund_scale_daily_szse,SZ,159928,消费ETF,11138629040.0,份,,,akshare:szse_daily
2024-01-04,akshare_fund_scale_daily_szse,SZ,159929,医药ETF,1361204203.0,份,,,akshare:szse_daily
2024-01-04,akshare_fund_scale_daily_szse,SZ,159930,能源ETF,164398150.0,份,,,akshare:szse_daily
2024-01-04,akshare_fund_scale_daily_szse,SZ,159931,金融ETF,39328511.0,份,,,akshare:szse_daily
2024-01-04,akshare_fund_scale_daily_szse,SZ,159933,国投金融地产ETF,66378943.0,份,,,akshare:szse_daily
2024-01-04,akshare_fund_scale_daily_szse,SZ,159934,黄金ETF,1058262646.0,份,,,akshare:szse_daily
2024-01-04,akshare_fund_scale_daily_szse,SZ,159935,景顺中证500ETF,29572956.0,份,,,akshare:szse_daily
2024-01-04,akshare_fund_scale_daily_szse,SZ,159936,可选消费ETF,122156094.0,份,,,akshare:szse_daily
2024-01-04,akshare_fund_scale_daily_szse,SZ,159937,黄金ETF基金,1555621977.0,份,,,akshare:szse_daily
2024-01-04,akshare_fund_scale_daily_szse,SZ,159938,医药卫生ETF,7552067236.0,份,,,akshare:szse_daily
2024-01-04,akshare_fund_scale_daily_szse,SZ,159939,信息技术ETF,4069656106.0,份,,,akshare:szse_daily
2024-01-04,akshare_fund_scale_daily_szse,SZ,159940,金融地产ETF,1892059983.0,份,,,akshare:szse_daily
2024-01-04,akshare_fund_scale_daily_szse,SZ,159941,纳指ETF,18420010164.0,份,,,akshare:szse_daily
2024-01-04,akshare_fund_scale_daily_szse,SZ,159943,深证成指ETF,161229922.0,份,,,akshare:szse_daily
2024-01-04,akshare_fund_scale_daily_szse,SZ,159944,材料ETF,19608342.0,份,,,akshare:szse_daily
2024-01-04,akshare_fund_scale_daily_szse,SZ,159945,能源ETF基金,31572327.0,份,,,akshare:szse_daily
2024-01-04,akshare_fund_scale_daily_szse,SZ,159948,创业板ETF南方,1352697720.0,份,,,akshare:szse_daily
2024-01-04,akshare_fund_scale_daily_szse,SZ,159949,创业板50ETF,24268785113.0,份,,,akshare:szse_daily
2024-01-04,akshare_fund_scale_daily_szse,SZ,159952,创业板ETF广发,3820484929.0,份,,,akshare:szse_daily
2024-01-04,akshare_fund_scale_daily_szse,SZ,159954,H股ETF,413605083.0,份,,,akshare:szse_daily
2024-01-04,akshare_fund_scale_daily_szse,SZ,159956,创业板ETF建信,71978674.0,份,,,akshare:szse_daily
2024-01-04,akshare_fund_scale_daily_szse,SZ,159957,创业板100ETF华夏,409784560.0,份,,,akshare:szse_daily
2024-01-04,akshare_fund_scale_daily_szse,SZ,159958,创业板ETF工银,194411448.0,份,,,akshare:szse_daily
2024-01-04,akshare_fund_scale_daily_szse,SZ,159959,央企ETF,2080891780.0,份,,,akshare:szse_daily
2024-01-04,akshare_fund_scale_daily_szse,SZ,159960,恒生中国企业ETF,582573960.0,份,,,akshare:szse_daily
2024-01-04,akshare_fund_scale_daily_szse,SZ,159961,深100ETF方正富邦,334245196.0,份,,,akshare:szse_daily
2024-01-04,akshare_fund_scale_daily_szse,SZ,159964,创业板ETF平安,447481881.0,份,,,akshare:szse_daily
2024-01-04,akshare_fund_scale_daily_szse,SZ,159965,央视50ETF,68426953.0,份,,,akshare:szse_daily
2024-01-04,akshare_fund_scale_daily_szse,SZ,159966,创业板价值ETF,1209599521.0,份,,,akshare:szse_daily
2024-01-04,akshare_fund_scale_daily_szse,SZ,159967,创业板成长ETF,11655305811.0,份,,,akshare:szse_daily
2024-01-04,akshare_fund_scale_daily_szse,SZ,159968,中证500ETF博时,117295098.0,份,,,akshare:szse_daily
2024-01-04,akshare_fund_scale_daily_szse,SZ,159969,深100ETF银华,19903014.0,份,,,akshare:szse_daily
2024-01-04,akshare_fund_scale_daily_szse,SZ,159970,深100ETF工银,4444784.0,份,,,akshare:szse_daily
2024-01-04,akshare_fund_scale_daily_szse,SZ,159971,创业板ETF富国,14010144.0,份,,,akshare:szse_daily
2024-01-04,akshare_fund_scale_daily_szse,SZ,159972,5年地债ETF,27925910.0,份,,,akshare:szse_daily
2024-01-04,akshare_fund_scale_daily_szse,SZ,159973,民企ETF,375976423.0,份,,,akshare:szse_daily
2024-01-04,akshare_fund_scale_daily_szse,SZ,159974,央企创新ETF,209432422.0,份,,,akshare:szse_daily
2024-01-04,akshare_fund_scale_daily_szse,SZ,159975,深100ETF招商,134437760.0,份,,,akshare:szse_daily
2024-01-04,akshare_fund_scale_daily_szse,SZ,159976,湾创ETF,103885872.0,份,,,akshare:szse_daily
2024-01-04,akshare_fund_scale_daily_szse,SZ,159977,创业板ETF天弘,3938936410.0,份,,,akshare:szse_daily
2024-01-04,akshare_fund_scale_daily_szse,SZ,159980,有色ETF,263824777.0,份,,,akshare:szse_daily
2024-01-04,akshare_fund_scale_daily_szse,SZ,159981,能源化工ETF,156536957.0,份,,,akshare:szse_daily
2024-01-04,akshare_fund_scale_daily_szse,SZ,159982,中证500ETF鹏华,966211253.0,份,,,akshare:szse_daily
2024-01-04,akshare_fund_scale_daily_szse,SZ,159985,豆粕ETF,365524066.0,份,,,akshare:szse_daily
2024-01-04,akshare_fund_scale_daily_szse,SZ,159987,科技创新ETF,37457627.0,份,,,akshare:szse_daily
2024-01-04,akshare_fund_scale_daily_szse,SZ,159990,小盘价值ETF,49419629.0,份,,,akshare:szse_daily
2024-01-04,akshare_fund_scale_daily_szse,SZ,159991,创大盘ETF,279063172.0,份,,,akshare:szse_daily
2024-01-04,akshare_fund_scale_daily_szse,SZ,159992,创新药ETF,10485581217.0,份,,,akshare:szse_daily
2024-01-04,akshare_fund_scale_daily_szse,SZ,159993,证券ETF龙头,1381697982.0,份,,,akshare:szse_daily
2024-01-04,akshare_fund_scale_daily_szse,SZ,159994,5GETF,2265001679.0,份,,,akshare:szse_daily
2024-01-04,akshare_fund_scale_daily_szse,SZ,159995,芯片ETF,28878963006.0,份,,,akshare:szse_daily
2024-01-04,akshare_fund_scale_daily_szse,SZ,159996,家电ETF,1870554846.0,份,,,akshare:szse_daily
2024-01-04,akshare_fund_scale_daily_szse,SZ,159997,电子ETF,2001306634.0,份,,,akshare:szse_daily
2024-01-04,akshare_fund_scale_daily_szse,SZ,159998,计算机ETF,2668655354.0,份,,,akshare:szse_daily
2024-01-03,akshare_fund_scale_daily_szse,SZ,159001,货币ETF,15545925.0,份,,,akshare:szse_daily
2024-01-03,akshare_fund_scale_daily_szse,SZ,159003,招商快线ETF,1684117.0,份,,,akshare:szse_daily
2024-01-03,akshare_fund_scale_daily_szse,SZ,159005,汇添富快钱ETF,577870.0,份,,,akshare:szse_daily
2024-01-03,akshare_fund_scale_daily_szse,SZ,159150,深证50ETF易方达,1310997623.0,份,,,akshare:szse_daily
2024-01-03,akshare_fund_scale_daily_szse,SZ,159350,深证50ETF富国,1170009642.0,份,,,akshare:szse_daily
2024-01-03,akshare_fund_scale_daily_szse,SZ,159501,纳斯达克指数ETF,719986575.0,份,,,akshare:szse_daily
2024-01-03,akshare_fund_scale_daily_szse,SZ,159503,财富管理ETF,35777361.0,份,,,akshare:szse_daily
2024-01-03,akshare_fund_scale_daily_szse,SZ,159505,国证2000指数ETF,76104786.0,份,,,akshare:szse_daily
2024-01-03,akshare_fund_scale_daily_szse,SZ,159506,恒生医疗ETF,409536979.0,份,,,akshare:szse_daily
2024-01-03,akshare_fund_scale_daily_szse,SZ,159507,电信ETF,98943634.0,份,,,akshare:szse_daily
2024-01-03,akshare_fund_scale_daily_szse,SZ,159508,生物医药ETF基金,124631598.0,份,,,akshare:szse_daily
2024-01-03,akshare_fund_scale_daily_szse,SZ,159509,纳指科技ETF,2011564118.0,份,,,akshare:szse_daily
2024-01-03,akshare_fund_scale_daily_szse,SZ,159510,沪深300价值ETF,192128342.0,份,,,akshare:szse_daily
2024-01-03,akshare_fund_scale_daily_szse,SZ,159511,通信ETF基金,64944573.0,份,,,akshare:szse_daily
2024-01-03,akshare_fund_scale_daily_szse,SZ,159512,汽车ETF,69264855.0,份,,,akshare:szse_daily
2024-01-03,akshare_fund_scale_daily_szse,SZ,159513,纳斯达克100指数ETF,2829549100.0,份,,,akshare:szse_daily
2024-01-03,akshare_fund_scale_daily_szse,SZ,159515,国企红利ETF,72086631.0,份,,,akshare:szse_daily
2024-01-03,akshare_fund_scale_daily_szse,SZ,159516,半导体设备ETF,968589993.0,份,,,akshare:szse_daily
2024-01-03,akshare_fund_scale_daily_szse,SZ,159517,800增强ETF,35742624.0,份,,,akshare:szse_daily
2024-01-03,akshare_fund_scale_daily_szse,SZ,159518,标普油气ETF,63325369.0,份,,,akshare:szse_daily
2024-01-03,akshare_fund_scale_daily_szse,SZ,159519,港股国企ETF,38157854.0,份,,,akshare:szse_daily
2024-01-03,akshare_fund_scale_daily_szse,SZ,159520,消费龙头ETF,24177649.0,份,,,akshare:szse_daily
2024-01-03,akshare_fund_scale_daily_szse,SZ,159521,2000指数ETF,108274435.0,份,,,akshare:szse_daily
2024-01-03,akshare_fund_scale_daily_szse,SZ,159522,2000ETF基金,67896935.0,份,,,akshare:szse_daily
2024-01-03,akshare_fund_scale_daily_szse,SZ,159523,沪深300成长ETF,52517348.0,份,,,akshare:szse_daily
2024-01-03,akshare_fund_scale_daily_szse,SZ,159531,中证2000ETF,72608406.0,份,,,akshare:szse_daily
2024-01-03,akshare_fund_scale_daily_szse,SZ,159532,中证2000指数ETF,75564791.0,份,,,akshare:szse_daily
2024-01-03,akshare_fund_scale_daily_szse,SZ,159535,中证2000ETF指数,43981088.0,份,,,akshare:szse_daily
2024-01-03,akshare_fund_scale_daily_szse,SZ,159536,中证2000ETF添富,149261589.0,份,,,akshare:szse_daily
2024-01-03,akshare_fund_scale_daily_szse,SZ,159537,信创ETF,37642602.0,份,,,akshare:szse_daily
2024-01-03,akshare_fund_scale_daily_szse,SZ,159538,信创指数ETF,32304483.0,份,,,akshare:szse_daily
2024-01-03,akshare_fund_scale_daily_szse,SZ,159539,信创50ETF,28565182.0,份,,,akshare:szse_daily
2024-01-03,akshare_fund_scale_daily_szse,SZ,159540,信创ETF指数,20505191.0,份,,,akshare:szse_daily
2024-01-03,akshare_fund_scale_daily_szse,SZ,159541,创业板综ETF万家,123093326.0,份,,,akshare:szse_daily
2024-01-03,akshare_fund_scale_daily_szse,SZ,159543,国证2000ETF基金,18196551.0,份,,,akshare:szse_daily
2024-01-03,akshare_fund_scale_daily_szse,SZ,159546,集成电路ETF,53309274.0,份,,,akshare:szse_daily
2024-01-03,akshare_fund_scale_daily_szse,SZ,159549,红利低波动ETF,234523884.0,份,,,akshare:szse_daily
2024-01-03,akshare_fund_scale_daily_szse,SZ,159551,机器人产业ETF,69920923.0,份,,,akshare:szse_daily
2024-01-03,akshare_fund_scale_daily_szse,SZ,159555,2000增强ETF,55462705.0,份,,,akshare:szse_daily
2024-01-03,akshare_fund_scale_daily_szse,SZ,159559,机器人ETF基金,71576622.0,份,,,akshare:szse_daily
2024-01-03,akshare_fund_scale_daily_szse,SZ,159560,芯片50ETF,261416460.0,份,,,akshare:szse_daily
2024-01-03,akshare_fund_scale_daily_szse,SZ,159571,创业板200ETF富国,225981814.0,份,,,akshare:szse_daily
2024-01-03,akshare_fund_scale_daily_szse,SZ,159572,创业板200ETF易方达,115749107.0,份,,,akshare:szse_daily
2024-01-03,akshare_fund_scale_daily_szse,SZ,159573,创业板200ETF华夏,537456297.0,份,,,akshare:szse_daily
2024-01-03,akshare_fund_scale_daily_szse,SZ,159575,创业板200ETF银华,253410425.0,份,,,akshare:szse_daily
2024-01-03,akshare_fund_scale_daily_szse,SZ,159576,深证100ETF广发,253509612.0,份,,,akshare:szse_daily
2024-01-03,akshare_fund_scale_daily_szse,SZ,159601,A50ETF,5503988073.0,份,,,akshare:szse_daily
2024-01-03,akshare_fund_scale_daily_szse,SZ,159602,中国A50ETF,1894542944.0,份,,,akshare:szse_daily
2024-01-03,akshare_fund_scale_daily_szse,SZ,159603,双创龙头ETF,2493071922.0,份,,,akshare:szse_daily
2024-01-03,akshare_fund_scale_daily_szse,SZ,159605,中概互联ETF,9785486155.0,份,,,akshare:szse_daily
2024-01-03,akshare_fund_scale_daily_szse,SZ,159606,中证500成长ETF,579222838.0,份,,,akshare:szse_daily
2024-01-03,akshare_fund_scale_daily_szse,SZ,159607,中概互联网ETF,2921829139.0,份,,,akshare:szse_daily
2024-01-03,akshare_fund_scale_daily_szse,SZ,159608,稀有金属ETF,453610066.0,份,,,akshare:szse_daily
2024-01-03,akshare_fund_scale_daily_szse,SZ,159609,光伏龙头ETF,522903414.0,份,,,akshare:szse_daily
2024-01-03,akshare_fund_scale_daily_szse,SZ,159610,500ETF增强,580568207.0,份,,,akshare:szse_daily
2024-01-03,akshare_fund_scale_daily_szse,SZ,159611,电力ETF,2167162900.0,份,,,akshare:szse_daily
2024-01-03,akshare_fund_scale_daily_szse,SZ,159612,标普500ETF,150898651.0,份,,,akshare:szse_daily
2024-01-03,akshare_fund_scale_daily_szse,SZ,159613,信息安全ETF,105590217.0,份,,,akshare:szse_daily
2024-01-03,akshare_fund_scale_daily_szse,SZ,159615,恒生生物科技ETF,431054898.0,份,,,akshare:szse_daily
2024-01-03,akshare_fund_scale_daily_szse,SZ,159616,农牧ETF,114561112.0,份,,,akshare:szse_daily
2024-01-03,akshare_fund_scale_daily_szse,SZ,159617,500价值ETF,57418382.0,份,,,akshare:szse_daily
2024-01-03,akshare_fund_scale_daily_szse,SZ,159618,光伏ETF指数基金,268131407.0,份,,,akshare:szse_daily
2024-01-03,akshare_fund_scale_daily_szse,SZ,159619,基建ETF,310981007.0,份,,,akshare:szse_daily
2024-01-03,akshare_fund_scale_daily_szse,SZ,159620,500成长ETF,26140934.0,份,,,akshare:szse_daily
2024-01-03,akshare_fund_scale_daily_szse,SZ,159621,MSCIESGETF,59434717.0,份,,,akshare:szse_daily
2024-01-03,akshare_fund_scale_daily_szse,SZ,159622,创新药ETF沪港深,172603238.0,份,,,akshare:szse_daily
2024-01-03,akshare_fund_scale_daily_szse,SZ,159623,成渝经济圈ETF,3979271695.0,份,,,akshare:szse_daily
2024-01-03,akshare_fund_scale_daily_szse,SZ,159625,绿色电力ETF,250513777.0,份,,,akshare:szse_daily
2024-01-03,akshare_fund_scale_daily_szse,SZ,159627,A100ETF,33116776.0,份,,,akshare:szse_daily
2024-01-03,akshare_fund_scale_daily_szse,SZ,159628,国证2000ETF,2285283250.0,份,,,akshare:szse_daily
2024-01-03,akshare_fund_scale_daily_szse,SZ,159629,1000ETF,2079252663.0,份,,,akshare:szse_daily
2024-01-03,akshare_fund_scale_daily_szse,SZ,159630,中证100ETF基金,35113744.0,份,,,akshare:szse_daily
2024-01-03,akshare_fund_scale_daily_szse,SZ,159631,中证100ETF招商,223332605.0,份,,,akshare:szse_daily
2024-01-03,akshare_fund_scale_daily_szse,SZ,159632,纳斯达克ETF,4500720640.0,份,,,akshare:szse_daily
2024-01-03,akshare_fund_scale_daily_szse,SZ,159633,中证1000指数ETF,1213162658.0,份,,,akshare:szse_daily
2024-01-03,akshare_fund_scale_daily_szse,SZ,159635,基建50ETF,129846980.0,份,,,akshare:szse_daily
2024-01-03,akshare_fund_scale_daily_szse,SZ,159636,港股通科技30ETF,2662250603.0,份,,,akshare:szse_daily
2024-01-03,akshare_fund_scale_daily_szse,SZ,159637,新能源车龙头ETF,1860768094.0,份,,,akshare:szse_daily
2024-01-03,akshare_fund_scale_daily_szse,SZ,159638,高端装备ETF,1421341932.0,份,,,akshare:szse_daily
2024-01-03,akshare_fund_scale_daily_szse,SZ,159639,碳中和ETF南方,1465290171.0,份,,,akshare:szse_daily
2024-01-03,akshare_fund_scale_daily_szse,SZ,159640,碳中和龙头ETF,465845198.0,份,,,akshare:szse_daily
2024-01-03,akshare_fund_scale_daily_szse,SZ,159641,双碳ETF,514719131.0,份,,,akshare:szse_daily
2024-01-03,akshare_fund_scale_daily_szse,SZ,159642,碳中和100ETF,198439923.0,份,,,akshare:szse_daily
2024-01-03,akshare_fund_scale_daily_szse,SZ,159643,疫苗ETF,108390617.0,份,,,akshare:szse_daily
2024-01-03,akshare_fund_scale_daily_szse,SZ,159645,疫苗指数ETF,20540740.0,份,,,akshare:szse_daily
2024-01-03,akshare_fund_scale_daily_szse,SZ,159646,疫苗ETF基金,22707502.0,份,,,akshare:szse_daily
2024-01-03,akshare_fund_scale_daily_szse,SZ,159647,中药ETF,681461752.0,份,,,akshare:szse_daily
2024-01-03,akshare_fund_scale_daily_szse,SZ,159649,国开债ETF,59951877.0,份,,,akshare:szse_daily
2024-01-03,akshare_fund_scale_daily_szse,SZ,159650,国开ETF,86830196.0,份,,,akshare:szse_daily
2024-01-03,akshare_fund_scale_daily_szse,SZ,159651,国开0-3ETF,38306448.0,份,,,akshare:szse_daily
2024-01-03,akshare_fund_scale_daily_szse,SZ,159652,有色50ETF,268320287.0,份,,,akshare:szse_daily
2024-01-03,akshare_fund_scale_daily_szse,SZ,159653,ESG300ETF,10972068.0,份,,,akshare:szse_daily
2024-01-03,akshare_fund_scale_daily_szse,SZ,159655,标普ETF,109143045.0,份,,,akshare:szse_daily
2024-01-03,akshare_fund_scale_daily_szse,SZ,159656,300成长ETF,180238451.0,份,,,akshare:szse_daily
2024-01-03,akshare_fund_scale_daily_szse,SZ,159657,生物疫苗ETF,246514819.0,份,,,akshare:szse_daily
2024-01-03,akshare_fund_scale_daily_szse,SZ,159658,数字经济ETF,324894877.0,份,,,akshare:szse_daily
2024-01-03,akshare_fund_scale_daily_szse,SZ,159659,纳斯达克100ETF,96744064.0,份,,,akshare:szse_daily
2024-01-03,akshare_fund_scale_daily_szse,SZ,159660,纳指100ETF,167151363.0,份,,,akshare:szse_daily
2024-01-03,akshare_fund_scale_daily_szse,SZ,159661,中证100指数ETF,93208213.0,份,,,akshare:szse_daily
2024-01-03,akshare_fund_scale_daily_szse,SZ,159662,交运ETF,90113946.0,份,,,akshare:szse_daily
2024-01-03,akshare_fund_scale_daily_szse,SZ,159663,机床ETF,109517585.0,份,,,akshare:szse_daily
2024-01-03,akshare_fund_scale_daily_szse,SZ,159665,半导体龙头ETF,477576860.0,份,,,akshare:szse_daily
2024-01-03,akshare_fund_scale_daily_szse,SZ,159666,交通运输ETF,89832905.0,份,,,akshare:szse_daily
2024-01-03,akshare_fund_scale_daily_szse,SZ,159667,工业母机ETF,464016906.0,份,,,akshare:szse_daily
2024-01-03,akshare_fund_scale_daily_szse,SZ,159669,绿电ETF,53254781.0,份,,,akshare:szse_daily
2024-01-03,akshare_fund_scale_daily_szse,SZ,159670,消费ETF基金,45706921.0,份,,,akshare:szse_daily
2024-01-03,akshare_fund_scale_daily_szse,SZ,159671,稀有金属ETF基金,1084551737.0,份,,,akshare:szse_daily
2024-01-03,akshare_fund_scale_daily_szse,SZ,159672,主要消费ETF,110887409.0,份,,,akshare:szse_daily
2024-01-03,akshare_fund_scale_daily_szse,SZ,159673,鹏华沪深300ETF,1099528385.0,份,,,akshare:szse_daily
2024-01-03,akshare_fund_scale_daily_szse,SZ,159675,创业板增强ETF,240846691.0,份,,,akshare:szse_daily
2024-01-03,akshare_fund_scale_daily_szse,SZ,159676,创业板ETF增强,616564183.0,份,,,akshare:szse_daily
2024-01-03,akshare_fund_scale_daily_szse,SZ,159677,1000增强ETF,86904091.0,份,,,akshare:szse_daily
2024-01-03,akshare_fund_scale_daily_szse,SZ,159678,中证500增强ETF,151643694.0,份,,,akshare:szse_daily
2024-01-03,akshare_fund_scale_daily_szse,SZ,159679,中证1000增强ETF,363289156.0,份,,,akshare:szse_daily
2024-01-03,akshare_fund_scale_daily_szse,SZ,159680,1000ETF增强,264438087.0,份,,,akshare:szse_daily
2024-01-03,akshare_fund_scale_daily_szse,SZ,159681,创50ETF,1087772337.0,份,,,akshare:szse_daily
2024-01-03,akshare_fund_scale_daily_szse,SZ,159682,创业50ETF,2355307670.0,份,,,akshare:szse_daily
2024-01-03,akshare_fund_scale_daily_szse,SZ,159683,运输ETF,30615396.0,份,,,akshare:szse_daily
2024-01-03,akshare_fund_scale_daily_szse,SZ,159685,1000增强ETF天弘,53440067.0,份,,,akshare:szse_daily
2024-01-03,akshare_fund_scale_daily_szse,SZ,159686,中证100ETF易方达,17815386.0,份,,,akshare:szse_daily
2024-01-03,akshare_fund_scale_daily_szse,SZ,159687,亚太低碳ETF,48028658.0,份,,,akshare:szse_daily
2024-01-03,akshare_fund_scale_daily_szse,SZ,159688,恒生互联网ETF,605778480.0,份,,,akshare:szse_daily
2024-01-03,akshare_fund_scale_daily_szse,SZ,159689,消费ETF南方,58147787.0,份,,,akshare:szse_daily
2024-01-03,akshare_fund_scale_daily_szse,SZ,159690,矿业ETF,7163978.0,份,,,akshare:szse_daily
2024-01-03,akshare_fund_scale_daily_szse,SZ,159691,港股红利ETF,209301386.0,份,,,akshare:szse_daily
2024-01-03,akshare_fund_scale_daily_szse,SZ,159692,证券ETF东财,118455969.0,份,,,akshare:szse_daily
2024-01-03,akshare_fund_scale_daily_szse,SZ,159693,有色矿业ETF,38895798.0,份,,,akshare:szse_daily
2024-01-03,akshare_fund_scale_daily_szse,SZ,159695,通信ETF,67812086.0,份,,,akshare:szse_daily
2024-01-03,akshare_fund_scale_daily_szse,SZ,159696,纳指ETF易方达,703824034.0,份,,,akshare:szse_daily
2024-01-03,akshare_fund_scale_daily_szse,SZ,159697,油气ETF,57022006.0,份,,,akshare:szse_daily
2024-01-03,akshare_fund_scale_daily_szse,SZ,159698,粮食ETF,315944378.0,份,,,akshare:szse_daily
2024-01-03,akshare_fund_scale_daily_szse,SZ,159699,恒生消费ETF,273164255.0,份,,,akshare:szse_daily
2024-01-03,akshare_fund_scale_daily_szse,SZ,159701,物联网ETF招商,36705601.0,份,,,akshare:szse_daily
2024-01-03,akshare_fund_scale_daily_szse,SZ,159703,新材料ETF,107581591.0,份,,,akshare:szse_daily
2024-01-03,akshare_fund_scale_daily_szse,SZ,159706,深证100ETF华安,85386800.0,份,,,akshare:szse_daily
2024-01-03,akshare_fund_scale_daily_szse,SZ,159707,地产ETF,413548214.0,份,,,akshare:szse_daily
2024-01-03,akshare_fund_scale_daily_szse,SZ,159708,红利ETF,309028306.0,份,,,akshare:szse_daily
2024-01-03,akshare_fund_scale_daily_szse,SZ,159709,物联网ETF工银,120484060.0,份,,,akshare:szse_daily
2024-01-03,akshare_fund_scale_daily_szse,SZ,159710,智能电车ETF,79344933.0,份,,,akshare:szse_daily
2024-01-03,akshare_fund_scale_daily_szse,SZ,159711,港股通ETF,44465157.0,份,,,akshare:szse_daily
2024-01-03,akshare_fund_scale_daily_szse,SZ,159712,港股通50ETF,71778813.0,份,,,akshare:szse_daily
2024-01-03,akshare_fund_scale_daily_szse,SZ,159713,稀土ETF,454755051.0,份,,,akshare:szse_daily
2024-01-03,akshare_fund_scale_daily_szse,SZ,159715,稀土ETF易方达,348030274.0,份,,,akshare:szse_daily
2024-01-03,akshare_fund_scale_daily_szse,SZ,159716,深创100ETF,169666732.0,份,,,akshare:szse_daily
2024-01-03,akshare_fund_scale_daily_szse,SZ,159717,ESGETF,70373183.0,份,,,akshare:szse_daily
2024-01-03,akshare_fund_scale_daily_szse,SZ,159718,港股医药ETF,270832634.0,份,,,akshare:szse_daily
2024-01-03,akshare_fund_scale_daily_szse,SZ,159719,国企共赢ETF,74195986.0,份,,,akshare:szse_daily
2024-01-03,akshare_fund_scale_daily_szse,SZ,159720,智能电车ETF泰康,117812357.0,份,,,akshare:szse_daily
2024-01-03,akshare_fund_scale_daily_szse,SZ,159721,深创龙头ETF,93431696.0,份,,,akshare:szse_daily
2024-01-03,akshare_fund_scale_daily_szse,SZ,159723,科技龙头ETF,77025575.0,份,,,akshare:szse_daily
2024-01-03,akshare_fund_scale_daily_szse,SZ,159725,线上消费ETF,54424924.0,份,,,akshare:szse_daily
2024-01-03,akshare_fund_scale_daily_szse,SZ,159726,恒生红利ETF,88411380.0,份,,,akshare:szse_daily
2024-01-03,akshare_fund_scale_daily_szse,SZ,159728,在线消费ETF,40910129.0,份,,,akshare:szse_daily
2024-01-03,akshare_fund_scale_daily_szse,SZ,159729,互联网ETF,167560633.0,份,,,akshare:szse_daily
2024-01-03,akshare_fund_scale_daily_szse,SZ,159730,龙头家电ETF,42571340.0,份,,,akshare:szse_daily
2024-01-03,akshare_fund_scale_daily_szse,SZ,159731,石化ETF,60375802.0,份,,,akshare:szse_daily
2024-01-03,akshare_fund_scale_daily_szse,SZ,159732,消费电子ETF,1073447904.0,份,,,akshare:szse_daily
2024-01-03,akshare_fund_scale_daily_szse,SZ,159733,消费电子50ETF,48156925.0,份,,,akshare:szse_daily
2024-01-03,akshare_fund_scale_daily_szse,SZ,159735,港股消费ETF,312561371.0,份,,,akshare:szse_daily
2024-01-03,akshare_fund_scale_daily_szse,SZ,159736,饮食ETF,6997394457.0,份,,,akshare:szse_daily
2024-01-03,akshare_fund_scale_daily_szse,SZ,159738,云计算ETF沪港深,46992667.0,份,,,akshare:szse_daily
2024-01-03,akshare_fund_scale_daily_szse,SZ,159739,大数据ETF,265380615.0,份,,,akshare:szse_daily
2024-01-03,akshare_fund_scale_daily_szse,SZ,159740,恒生科技ETF,5868120448.0,份,,,akshare:szse_daily
2024-01-03,akshare_fund_scale_daily_szse,SZ,159741,恒生科技ETF基金,1144796712.0,份,,,akshare:szse_daily
2024-01-03,akshare_fund_scale_daily_szse,SZ,159742,恒生科技指数ETF,2069928292.0,份,,,akshare:szse_daily
2024-01-03,akshare_fund_scale_daily_szse,SZ,159743,湖北ETF,171941100.0,份,,,akshare:szse_daily
2024-01-03,akshare_fund_scale_daily_szse,SZ,159745,建材ETF,1213688265.0,份,,,akshare:szse_daily
2024-01-03,akshare_fund_scale_daily_szse,SZ,159747,香港科技ETF,328712278.0,份,,,akshare:szse_daily
2024-01-03,akshare_fund_scale_daily_szse,SZ,159748,沪港深创新药ETF,471692128.0,份,,,akshare:szse_daily
2024-01-03,akshare_fund_scale_daily_szse,SZ,159750,香港科技50ETF,128618251.0,份,,,akshare:szse_daily
2024-01-03,akshare_fund_scale_daily_szse,SZ,159751,港股科技ETF,136629628.0,份,,,akshare:szse_daily
2024-01-03,akshare_fund_scale_daily_szse,SZ,159752,新能源龙头ETF,716958917.0,份,,,akshare:szse_daily
2024-01-03,akshare_fund_scale_daily_szse,SZ,159755,电池ETF,5829646746.0,份,,,akshare:szse_daily
2024-01-03,akshare_fund_scale_daily_szse,SZ,159757,电池30ETF,815931891.0,份,,,akshare:szse_daily
2024-01-03,akshare_fund_scale_daily_szse,SZ,159758,红利50ETF,282290777.0,份,,,akshare:szse_daily
2024-01-03,akshare_fund_scale_daily_szse,SZ,159760,泰康公卫健康ETF,157360223.0,份,,,akshare:szse_daily
2024-01-03,akshare_fund_scale_daily_szse,SZ,159761,新材料50ETF,388734117.0,份,,,akshare:szse_daily
2024-01-03,akshare_fund_scale_daily_szse,SZ,159763,新材料ETF基金,142707747.0,份,,,akshare:szse_daily
2024-01-03,akshare_fund_scale_daily_szse,SZ,159766,旅游ETF,3740140963.0,份,,,akshare:szse_daily
2024-01-03,akshare_fund_scale_daily_szse,SZ,159767,电池龙头ETF,285873672.0,份,,,akshare:szse_daily
2024-01-03,akshare_fund_scale_daily_szse,SZ,159768,房地产ETF,352950311.0,份,,,akshare:szse_daily
2024-01-03,akshare_fund_scale_daily_szse,SZ,159769,消费电子龙头ETF,53445320.0,份,,,akshare:szse_daily
2024-01-03,akshare_fund_scale_daily_szse,SZ,159770,机器人ETF,673087762.0,份,,,akshare:szse_daily
2024-01-03,akshare_fund_scale_daily_szse,SZ,159773,创业板科技ETF,84303120.0,份,,,akshare:szse_daily
2024-01-03,akshare_fund_scale_daily_szse,SZ,159775,新能源车电池ETF,146648961.0,份,,,akshare:szse_daily
2024-01-03,akshare_fund_scale_daily_szse,SZ,159776,港股通医药ETF,330968765.0,份,,,akshare:szse_daily
2024-01-03,akshare_fund_scale_daily_szse,SZ,159777,创科技ETF,16280565.0,份,,,akshare:szse_daily
2024-01-03,akshare_fund_scale_daily_szse,SZ,159778,工业互联ETF,66505382.0,份,,,akshare:szse_daily
2024-01-03,akshare_fund_scale_daily_szse,SZ,159779,消费电子ETF基金,129869337.0,份,,,akshare:szse_daily
2024-01-03,akshare_fund_scale_daily_szse,SZ,159780,双创ETF,7230048583.0,份,,,akshare:szse_daily
2024-01-03,akshare_fund_scale_daily_szse,SZ,159781,科创创业ETF,14827860533.0,份,,,akshare:szse_daily
2024-01-03,akshare_fund_scale_daily_szse,SZ,159782,双创50ETF基金,1473190267.0,份,,,akshare:szse_daily
2024-01-03,akshare_fund_scale_daily_szse,SZ,159783,科创创业50ETF,9752259442.0,份,,,akshare:szse_daily
2024-01-03,akshare_fund_scale_daily_szse,SZ,159786,VRETF,263701174.0,份,,,akshare:szse_daily
2024-01-03,akshare_fund_scale_daily_szse,SZ,159787,建材ETF易方达,27021633.0,份,,,akshare:szse_daily
2024-01-03,akshare_fund_scale_daily_szse,SZ,159788,港股通100ETF,38424965.0,份,,,akshare:szse_daily
2024-01-03,akshare_fund_scale_daily_szse,SZ,159790,碳中和ETF,4936528485.0,份,,,akshare:szse_daily
2024-01-03,akshare_fund_scale_daily_szse,SZ,159791,300ESGETF,21083347.0,份,,,akshare:szse_daily
2024-01-03,akshare_fund_scale_daily_szse,SZ,159792,港股通互联网ETF,22078855237.0,份,,,akshare:szse_daily
2024-01-03,akshare_fund_scale_daily_szse,SZ,159793,线上消费ETF平安,50758908.0,份,,,akshare:szse_daily
2024-01-03,akshare_fund_scale_daily_szse,SZ,159795,智能车ETF基金,75169473.0,份,,,akshare:szse_daily
2024-01-03,akshare_fund_scale_daily_szse,SZ,159796,电池50ETF,1641467550.0,份,,,akshare:szse_daily
2024-01-03,akshare_fund_scale_daily_szse,SZ,159797,医疗器械ETF基金,66989247.0,份,,,akshare:szse_daily
2024-01-03,akshare_fund_scale_daily_szse,SZ,159798,消费50ETF,68245390.0,份,,,akshare:szse_daily
2024-01-03,akshare_fund_scale_daily_szse,SZ,159801,芯片ETF龙头,6071120172.0,份,,,akshare:szse_daily
2024-01-03,akshare_fund_scale_daily_szse,SZ,159804,创中盘88ETF,124899676.0,份,,,akshare:szse_daily
2024-01-03,akshare_fund_scale_daily_szse,SZ,159805,传媒ETF,191452480.0,份,,,akshare:szse_daily
2024-01-03,akshare_fund_scale_daily_szse,SZ,159806,新能源车ETF,2916089446.0,份,,,akshare:szse_daily
2024-01-03,akshare_fund_scale_daily_szse,SZ,159807,科技ETF,1300051428.0,份,,,akshare:szse_daily
2024-01-03,akshare_fund_scale_daily_szse,SZ,159808,创100ETF融通,127484790.0,份,,,akshare:szse_daily
2024-01-03,akshare_fund_scale_daily_szse,SZ,159810,浦银创业板ETF,59475458.0,份,,,akshare:szse_daily
2024-01-03,akshare_fund_scale_daily_szse,SZ,159811,5G50ETF,213143393.0,份,,,akshare:szse_daily
2024-01-03,akshare_fund_scale_daily_szse,SZ,159812,黄金基金ETF,19213149.0,份,,,akshare:szse_daily
2024-01-03,akshare_fund_scale_daily_szse,SZ,159813,半导体ETF,7371862410.0,份,,,akshare:szse_daily
2024-01-03,akshare_fund_scale_daily_szse,SZ,159814,创业大盘ETF,1656246520.0,份,,,akshare:szse_daily
2024-01-03,akshare_fund_scale_daily_szse,SZ,159816,0-4地债ETF,12607484.0,份,,,akshare:szse_daily
2024-01-03,akshare_fund_scale_daily_szse,SZ,159819,人工智能ETF,6112229669.0,份,,,akshare:szse_daily
2024-01-03,akshare_fund_scale_daily_szse,SZ,159820,中证500ETF天弘,2476408470.0,份,,,akshare:szse_daily
2024-01-03,akshare_fund_scale_daily_szse,SZ,159821,BOCI创业板ETF,28920000.0,份,,,akshare:szse_daily
2024-01-03,akshare_fund_scale_daily_szse,SZ,159822,新经济ETF,300234315.0,份,,,akshare:szse_daily
2024-01-03,akshare_fund_scale_daily_szse,SZ,159823,H股ETF基金,43763219.0,份,,,akshare:szse_daily
2024-01-03,akshare_fund_scale_daily_szse,SZ,159824,新能车ETF,355135070.0,份,,,akshare:szse_daily
2024-01-03,akshare_fund_scale_daily_szse,SZ,159825,农业ETF,3299077407.0,份,,,akshare:szse_daily
2024-01-03,akshare_fund_scale_daily_szse,SZ,159827,农业50ETF,152716463.0,份,,,akshare:szse_daily
2024-01-03,akshare_fund_scale_daily_szse,SZ,159828,医疗ETF,5060439464.0,份,,,akshare:szse_daily
2024-01-03,akshare_fund_scale_daily_szse,SZ,159830,上海金ETF,13609209.0,份,,,akshare:szse_daily
2024-01-03,akshare_fund_scale_daily_szse,SZ,159831,上海金ETF基金,11156243.0,份,,,akshare:szse_daily
2024-01-03,akshare_fund_scale_daily_szse,SZ,159834,金ETF,11161376.0,份,,,akshare:szse_daily
2024-01-03,akshare_fund_scale_daily_szse,SZ,159835,创新药50ETF,143504143.0,份,,,akshare:szse_daily
2024-01-03,akshare_fund_scale_daily_szse,SZ,159836,创300ETF,113747113.0,份,,,akshare:szse_daily
2024-01-03,akshare_fund_scale_daily_szse,SZ,159837,生物科技ETF,2909152837.0,份,,,akshare:szse_daily
2024-01-03,akshare_fund_scale_daily_szse,SZ,159838,医药50ETF,370763462.0,份,,,akshare:szse_daily
2024-01-03,akshare_fund_scale_daily_szse,SZ,159839,生物药ETF,1244235165.0,份,,,akshare:szse_daily
2024-01-03,akshare_fund_scale_daily_szse,SZ,159840,锂电池ETF,2496574851.0,份,,,akshare:szse_daily
2024-01-03,akshare_fund_scale_daily_szse,SZ,159841,证券ETF,4851438465.0,份,,,akshare:szse_daily
2024-01-03,akshare_fund_scale_daily_szse,SZ,159842,券商ETF,894250631.0,份,,,akshare:szse_daily
2024-01-03,akshare_fund_scale_daily_szse,SZ,159843,食品饮料ETF,361455141.0,份,,,akshare:szse_daily
2024-01-03,akshare_fund_scale_daily_szse,SZ,159845,中证1000ETF,2889425606.0,份,,,akshare:szse_daily
2024-01-03,akshare_fund_scale_daily_szse,SZ,159847,医疗50ETF,1430825354.0,份,,,akshare:szse_daily
2024-01-03,akshare_fund_scale_daily_szse,SZ,159848,证券ETF基金,122311239.0,份,,,akshare:szse_daily
2024-01-03,akshare_fund_scale_daily_szse,SZ,159849,生物科技ETF招商,162372396.0,份,,,akshare:szse_daily
2024-01-03,akshare_fund_scale_daily_szse,SZ,159850,恒生国企ETF,1011706498.0,份,,,akshare:szse_daily
2024-01-03,akshare_fund_scale_daily_szse,SZ,159851,金融科技ETF,280952074.0,份,,,akshare:szse_daily
2024-01-03,akshare_fund_scale_daily_szse,SZ,159852,软件ETF,1486623921.0,份,,,akshare:szse_daily
2024-01-03,akshare_fund_scale_daily_szse,SZ,159855,影视ETF,64425236.0,份,,,akshare:szse_daily
2024-01-03,akshare_fund_scale_daily_szse,SZ,159856,互联网龙头ETF,692372474.0,份,,,akshare:szse_daily
2024-01-03,akshare_fund_scale_daily_szse,SZ,159857,光伏ETF,2948515725.0,份,,,akshare:szse_daily
2024-01-03,akshare_fund_scale_daily_szse,SZ,159858,创新药ETF基金,296098318.0,份,,,akshare:szse_daily
2024-01-03,akshare_fund_scale_daily_szse,SZ,159859,生物医药ETF,6462440054.0,份,,,akshare:szse_daily
2024-01-03,akshare_fund_scale_daily_szse,SZ,159861,碳中和50ETF,285117535.0,份,,,akshare:szse_daily
2024-01-03,akshare_fund_scale_daily_szse,SZ,159862,食品ETF,69000623.0,份,,,akshare:szse_daily
2024-01-03,akshare_fund_scale_daily_szse,SZ,159863,光伏ETF基金,403729352.0,份,,,akshare:szse_daily
2024-01-03,akshare_fund_scale_daily_szse,SZ,159864,光伏50ETF,936526827.0,份,,,akshare:szse_daily
2024-01-03,akshare_fund_scale_daily_szse,SZ,159865,养殖ETF,6847455659.0,份,,,akshare:szse_daily
2024-01-03,akshare_fund_scale_daily_szse,SZ,159866,日经ETF,487979377.0,份,,,akshare:szse_daily
2024-01-03,akshare_fund_scale_daily_szse,SZ,159867,畜牧ETF,1556143594.0,份,,,akshare:szse_daily
2024-01-03,akshare_fund_scale_daily_szse,SZ,159869,游戏ETF,5621082127.0,份,,,akshare:szse_daily
2024-01-03,akshare_fund_scale_daily_szse,SZ,159870,化工ETF,3430107019.0,份,,,akshare:szse_daily
2024-01-03,akshare_fund_scale_daily_szse,SZ,159871,有色金属ETF,66866253.0,份,,,akshare:szse_daily
2024-01-03,akshare_fund_scale_daily_szse,SZ,159872,智能网联汽车ETF,60799732.0,份,,,akshare:szse_daily
2024-01-03,akshare_fund_scale_daily_szse,SZ,159873,医疗设备ETF,335920000.0,份,,,akshare:szse_daily
2024-01-03,akshare_fund_scale_daily_szse,SZ,159875,新能源ETF,2439162899.0,份,,,akshare:szse_daily
2024-01-03,akshare_fund_scale_daily_szse,SZ,159876,有色龙头ETF,52188509.0,份,,,akshare:szse_daily
2024-01-03,akshare_fund_scale_daily_szse,SZ,159877,医疗产业ETF,129792292.0,份,,,akshare:szse_daily
2024-01-03,akshare_fund_scale_daily_szse,SZ,159880,有色ETF基金,79551518.0,份,,,akshare:szse_daily
2024-01-03,akshare_fund_scale_daily_szse,SZ,159881,有色60ETF,205249583.0,份,,,akshare:szse_daily
2024-01-03,akshare_fund_scale_daily_szse,SZ,159883,医疗器械ETF,4330037843.0,份,,,akshare:szse_daily
2024-01-03,akshare_fund_scale_daily_szse,SZ,159885,碳中和ETF基金,623467316.0,份,,,akshare:szse_daily
2024-01-03,akshare_fund_scale_daily_szse,SZ,159886,机械ETF,107442555.0,份,,,akshare:szse_daily
2024-01-03,akshare_fund_scale_daily_szse,SZ,159887,银行ETF,384315950.0,份,,,akshare:szse_daily
2024-01-03,akshare_fund_scale_daily_szse,SZ,159888,智能车ETF,145446068.0,份,,,akshare:szse_daily
2024-01-03,akshare_fund_scale_daily_szse,SZ,159889,智能汽车ETF,96400796.0,份,,,akshare:szse_daily
2024-01-03,akshare_fund_scale_daily_szse,SZ,159890,云计算ETF,95590688.0,份,,,akshare:szse_daily
2024-01-03,akshare_fund_scale_daily_szse,SZ,159891,医疗ETF基金,267024837.0,份,,,akshare:szse_daily
2024-01-03,akshare_fund_scale_daily_szse,SZ,159892,恒生医药ETF,5177266022.0,份,,,akshare:szse_daily
2024-01-03,akshare_fund_scale_daily_szse,SZ,159895,物联网50ETF,42241864.0,份,,,akshare:szse_daily
2024-01-03,akshare_fund_scale_daily_szse,SZ,159896,物联网龙头ETF,84055960.0,份,,,akshare:szse_daily
2024-01-03,akshare_fund_scale_daily_szse,SZ,159898,医疗器械指数ETF,300098825.0,份,,,akshare:szse_daily
2024-01-03,akshare_fund_scale_daily_szse,SZ,159899,软件龙头ETF,230977729.0,份,,,akshare:szse_daily
2024-01-03,akshare_fund_scale_daily_szse,SZ,159901,深证100ETF,2606034930.0,份,,,akshare:szse_daily
2024-01-03,akshare_fund_scale_daily_szse,SZ,159902,中小100ETF,143460849.0,份,,,akshare:szse_daily
2024-01-03,akshare_fund_scale_daily_szse,SZ,159903,深成ETF,295154507.0,份,,,akshare:szse_daily
2024-01-03,akshare_fund_scale_daily_szse,SZ,159905,深红利ETF,1643443951.0,份,,,akshare:szse_daily
2024-01-03,akshare_fund_scale_daily_szse,SZ,159906,深成长龙头ETF,182639725.0,份,,,akshare:szse_daily
2024-01-03,akshare_fund_scale_daily_szse,SZ,159907,2000ETF,125598847.0,份,,,akshare:szse_daily
2024-01-03,akshare_fund_scale_daily_szse,SZ,159908,创业板ETF博时,1045229029.0,份,,,akshare:szse_daily
2024-01-03,akshare_fund_scale_daily_szse,SZ,159909,TMT50ETF,544061992.0,份,,,akshare:szse_daily
2024-01-03,akshare_fund_scale_daily_szse,SZ,159910,基本面120ETF,168906143.0,份,,,akshare:szse_daily
2024-01-03,akshare_fund_scale_daily_szse,SZ,159912,深300ETF,70948991.0,份,,,akshare:szse_daily
2024-01-03,akshare_fund_scale_daily_szse,SZ,159913,深价值ETF,26829693.0,份,,,akshare:szse_daily
2024-01-03,akshare_fund_scale_daily_szse,SZ,159915,创业板ETF,22664454936.0,份,,,akshare:szse_daily
2024-01-03,akshare_fund_scale_daily_szse,SZ,159916,深F60ETF,87566039.0,份,,,akshare:szse_daily
2024-01-03,akshare_fund_scale_daily_szse,SZ,159918,中创400ETF,37561264.0,份,,,akshare:szse_daily
2024-01-03,akshare_fund_scale_daily_szse,SZ,159919,沪深300ETF,11581416676.0,份,,,akshare:szse_daily
2024-01-03,akshare_fund_scale_daily_szse,SZ,159920,恒生ETF,15589559219.0,份,,,akshare:szse_daily
2024-01-03,akshare_fund_scale_daily_szse,SZ,159922,中证500ETF,1044669931.0,份,,,akshare:szse_daily
2024-01-03,akshare_fund_scale_daily_szse,SZ,159923,中证100ETF,15285812.0,份,,,akshare:szse_daily
2024-01-03,akshare_fund_scale_daily_szse,SZ,159925,沪深300ETF南方,1751199451.0,份,,,akshare:szse_daily
2024-01-03,akshare_fund_scale_daily_szse,SZ,159928,消费ETF,11182629040.0,份,,,akshare:szse_daily
2024-01-03,akshare_fund_scale_daily_szse,SZ,159929,医药ETF,1347204203.0,份,,,akshare:szse_daily
2024-01-03,akshare_fund_scale_daily_szse,SZ,159930,能源ETF,166398150.0,份,,,akshare:szse_daily
2024-01-03,akshare_fund_scale_daily_szse,SZ,159931,金融ETF,39328511.0,份,,,akshare:szse_daily
2024-01-03,akshare_fund_scale_daily_szse,SZ,159933,国投金融地产ETF,66378943.0,份,,,akshare:szse_daily
2024-01-03,akshare_fund_scale_daily_szse,SZ,159934,黄金ETF,1054362646.0,份,,,akshare:szse_daily
2024-01-03,akshare_fund_scale_daily_szse,SZ,159935,景顺中证500ETF,29572956.0,份,,,akshare:szse_daily
2024-01-03,akshare_fund_scale_daily_szse,SZ,159936,可选消费ETF,122156094.0,份,,,akshare:szse_daily
2024-01-03,akshare_fund_scale_daily_szse,SZ,159937,黄金ETF基金,1559221977.0,份,,,akshare:szse_daily
2024-01-03,akshare_fund_scale_daily_szse,SZ,159938,医药卫生ETF,7577067236.0,份,,,akshare:szse_daily
2024-01-03,akshare_fund_scale_daily_szse,SZ,159939,信息技术ETF,4093656106.0,份,,,akshare:szse_daily
2024-01-03,akshare_fund_scale_daily_szse,SZ,159940,金融地产ETF,1893059983.0,份,,,akshare:szse_daily
2024-01-03,akshare_fund_scale_daily_szse,SZ,159941,纳指ETF,18452510164.0,份,,,akshare:szse_daily
2024-01-03,akshare_fund_scale_daily_szse,SZ,159943,深证成指ETF,155229922.0,份,,,akshare:szse_daily
2024-01-03,akshare_fund_scale_daily_szse,SZ,159944,材料ETF,19608342.0,份,,,akshare:szse_daily
2024-01-03,akshare_fund_scale_daily_szse,SZ,159945,能源ETF基金,31572327.0,份,,,akshare:szse_daily
2024-01-03,akshare_fund_scale_daily_szse,SZ,159948,创业板ETF南方,1344697720.0,份,,,akshare:szse_daily
2024-01-03,akshare_fund_scale_daily_szse,SZ,159949,创业板50ETF,24024785113.0,份,,,akshare:szse_daily
2024-01-03,akshare_fund_scale_daily_szse,SZ,159952,创业板ETF广发,3769384929.0,份,,,akshare:szse_daily
2024-01-03,akshare_fund_scale_daily_szse,SZ,159954,H股ETF,413605083.0,份,,,akshare:szse_daily
2024-01-03,akshare_fund_scale_daily_szse,SZ,159956,创业板ETF建信,70978674.0,份,,,akshare:szse_daily
2024-01-03,akshare_fund_scale_daily_szse,SZ,159957,创业板100ETF华夏,406784560.0,份,,,akshare:szse_daily
2024-01-03,akshare_fund_scale_daily_szse,SZ,159958,创业板ETF工银,193011448.0,份,,,akshare:szse_daily
2024-01-03,akshare_fund_scale_daily_szse,SZ,159959,央企ETF,2080891780.0,份,,,akshare:szse_daily
2024-01-03,akshare_fund_scale_daily_szse,SZ,159960,恒生中国企业ETF,582573960.0,份,,,akshare:szse_daily
2024-01-03,akshare_fund_scale_daily_szse,SZ,159961,深100ETF方正富邦,334245196.0,份,,,akshare:szse_daily
2024-01-03,akshare_fund_scale_daily_szse,SZ,159964,创业板ETF平安,447481881.0,份,,,akshare:szse_daily
2024-01-03,akshare_fund_scale_daily_szse,SZ,159965,央视50ETF,68426953.0,份,,,akshare:szse_daily
2024-01-03,akshare_fund_scale_daily_szse,SZ,159966,创业板价值ETF,1206299521.0,份,,,akshare:szse_daily
2024-01-03,akshare_fund_scale_daily_szse,SZ,159967,创业板成长ETF,11526105811.0,份,,,akshare:szse_daily
2024-01-03,akshare_fund_scale_daily_szse,SZ,159968,中证500ETF博时,117695098.0,份,,,akshare:szse_daily
2024-01-03,akshare_fund_scale_daily_szse,SZ,159969,深100ETF银华,19903014.0,份,,,akshare:szse_daily
2024-01-03,akshare_fund_scale_daily_szse,SZ,159970,深100ETF工银,4444784.0,份,,,akshare:szse_daily
2024-01-03,akshare_fund_scale_daily_szse,SZ,159971,创业板ETF富国,14010144.0,份,,,akshare:szse_daily
2024-01-03,akshare_fund_scale_daily_szse,SZ,159972,5年地债ETF,27935910.0,份,,,akshare:szse_daily
2024-01-03,akshare_fund_scale_daily_szse,SZ,159973,民企ETF,375976423.0,份,,,akshare:szse_daily
2024-01-03,akshare_fund_scale_daily_szse,SZ,159974,央企创新ETF,209432422.0,份,,,akshare:szse_daily
2024-01-03,akshare_fund_scale_daily_szse,SZ,159975,深100ETF招商,134437760.0,份,,,akshare:szse_daily
2024-01-03,akshare_fund_scale_daily_szse,SZ,159976,湾创ETF,103885872.0,份,,,akshare:szse_daily
2024-01-03,akshare_fund_scale_daily_szse,SZ,159977,创业板ETF天弘,3916936410.0,份,,,akshare:szse_daily
2024-01-03,akshare_fund_scale_daily_szse,SZ,159980,有色ETF,264824777.0,份,,,akshare:szse_daily
2024-01-03,akshare_fund_scale_daily_szse,SZ,159981,能源化工ETF,157536957.0,份,,,akshare:szse_daily
2024-01-03,akshare_fund_scale_daily_szse,SZ,159982,中证500ETF鹏华,966211253.0,份,,,akshare:szse_daily
2024-01-03,akshare_fund_scale_daily_szse,SZ,159983,粤港澳大湾区ETF,23751867.0,份,,,akshare:szse_daily
2024-01-03,akshare_fund_scale_daily_szse,SZ,159985,豆粕ETF,366724066.0,份,,,akshare:szse_daily
2024-01-03,akshare_fund_scale_daily_szse,SZ,159987,科技创新ETF,37457627.0,份,,,akshare:szse_daily
2024-01-03,akshare_fund_scale_daily_szse,SZ,159990,小盘价值ETF,49419629.0,份,,,akshare:szse_daily
2024-01-03,akshare_fund_scale_daily_szse,SZ,159991,创大盘ETF,270663172.0,份,,,akshare:szse_daily
2024-01-03,akshare_fund_scale_daily_szse,SZ,159992,创新药ETF,10496381217.0,份,,,akshare:szse_daily
2024-01-03,akshare_fund_scale_daily_szse,SZ,159993,证券ETF龙头,1381697982.0,份,,,akshare:szse_daily
2024-01-03,akshare_fund_scale_daily_szse,SZ,159994,5GETF,2256001679.0,份,,,akshare:szse_daily
2024-01-03,akshare_fund_scale_daily_szse,SZ,159995,芯片ETF,28612963006.0,份,,,akshare:szse_daily
2024-01-03,akshare_fund_scale_daily_szse,SZ,159996,家电ETF,1876554846.0,份,,,akshare:szse_daily
2024-01-03,akshare_fund_scale_daily_szse,SZ,159997,电子ETF,2006306634.0,份,,,akshare:szse_daily
2024-01-03,akshare_fund_scale_daily_szse,SZ,159998,计算机ETF,2672255354.0,份,,,akshare:szse_daily
2024-01-02,akshare_fund_scale_daily_szse,SZ,159001,货币ETF,15577018.0,份,,,akshare:szse_daily
2024-01-02,akshare_fund_scale_daily_szse,SZ,159003,招商快线ETF,1686598.0,份,,,akshare:szse_daily
2024-01-02,akshare_fund_scale_daily_szse,SZ,159005,汇添富快钱ETF,583680.0,份,,,akshare:szse_daily
2024-01-02,akshare_fund_scale_daily_szse,SZ,159150,深证50ETF易方达,1337997623.0,份,,,akshare:szse_daily
2024-01-02,akshare_fund_scale_daily_szse,SZ,159350,深证50ETF富国,1166009642.0,份,,,akshare:szse_daily
2024-01-02,akshare_fund_scale_daily_szse,SZ,159501,纳斯达克指数ETF,719986575.0,份,,,akshare:szse_daily
2024-01-02,akshare_fund_scale_daily_szse,SZ,159503,财富管理ETF,35777361.0,份,,,akshare:szse_daily
2024-01-02,akshare_fund_scale_daily_szse,SZ,159505,国证2000指数ETF,76104786.0,份,,,akshare:szse_daily
2024-01-02,akshare_fund_scale_daily_szse,SZ,159506,恒生医疗ETF,406536979.0,份,,,akshare:szse_daily
2024-01-02,akshare_fund_scale_daily_szse,SZ,159507,电信ETF,98943634.0,份,,,akshare:szse_daily
2024-01-02,akshare_fund_scale_daily_szse,SZ,159508,生物医药ETF基金,156431598.0,份,,,akshare:szse_daily
2024-01-02,akshare_fund_scale_daily_szse,SZ,159509,纳指科技ETF,2011564118.0,份,,,akshare:szse_daily
2024-01-02,akshare_fund_scale_daily_szse,SZ,159510,沪深300价值ETF,191128342.0,份,,,akshare:szse_daily
2024-01-02,akshare_fund_scale_daily_szse,SZ,159511,通信ETF基金,64944573.0,份,,,akshare:szse_daily
2024-01-02,akshare_fund_scale_daily_szse,SZ,159512,汽车ETF,69264855.0,份,,,akshare:szse_daily
2024-01-02,akshare_fund_scale_daily_szse,SZ,159513,纳斯达克100指数ETF,2794549100.0,份,,,akshare:szse_daily
2024-01-02,akshare_fund_scale_daily_szse,SZ,159515,国企红利ETF,72086631.0,份,,,akshare:szse_daily
2024-01-02,akshare_fund_scale_daily_szse,SZ,159516,半导体设备ETF,964589993.0,份,,,akshare:szse_daily
2024-01-02,akshare_fund_scale_daily_szse,SZ,159517,800增强ETF,35742624.0,份,,,akshare:szse_daily
2024-01-02,akshare_fund_scale_daily_szse,SZ,159518,标普油气ETF,63325369.0,份,,,akshare:szse_daily
2024-01-02,akshare_fund_scale_daily_szse,SZ,159519,港股国企ETF,38157854.0,份,,,akshare:szse_daily
2024-01-02,akshare_fund_scale_daily_szse,SZ,159520,消费龙头ETF,22177649.0,份,,,akshare:szse_daily
2024-01-02,akshare_fund_scale_daily_szse,SZ,159521,2000指数ETF,111274435.0,份,,,akshare:szse_daily
2024-01-02,akshare_fund_scale_daily_szse,SZ,159522,2000ETF基金,67896935.0,份,,,akshare:szse_daily
2024-01-02,akshare_fund_scale_daily_szse,SZ,159523,沪深300成长ETF,52517348.0,份,,,akshare:szse_daily
2024-01-02,akshare_fund_scale_daily_szse,SZ,159531,中证2000ETF,72608406.0,份,,,akshare:szse_daily
2024-01-02,akshare_fund_scale_daily_szse,SZ,159532,中证2000指数ETF,75564791.0,份,,,akshare:szse_daily
2024-01-02,akshare_fund_scale_daily_szse,SZ,159535,中证2000ETF指数,43981088.0,份,,,akshare:szse_daily
2024-01-02,akshare_fund_scale_daily_szse,SZ,159536,中证2000ETF添富,149261589.0,份,,,akshare:szse_daily
2024-01-02,akshare_fund_scale_daily_szse,SZ,159537,信创ETF,37642602.0,份,,,akshare:szse_daily
2024-01-02,akshare_fund_scale_daily_szse,SZ,159538,信创指数ETF,32304483.0,份,,,akshare:szse_daily
2024-01-02,akshare_fund_scale_daily_szse,SZ,159539,信创50ETF,28565182.0,份,,,akshare:szse_daily
2024-01-02,akshare_fund_scale_daily_szse,SZ,159540,信创ETF指数,20505191.0,份,,,akshare:szse_daily
2024-01-02,akshare_fund_scale_daily_szse,SZ,159541,创业板综ETF万家,121593326.0,份,,,akshare:szse_daily
2024-01-02,akshare_fund_scale_daily_szse,SZ,159543,国证2000ETF基金,18196551.0,份,,,akshare:szse_daily
2024-01-02,akshare_fund_scale_daily_szse,SZ,159546,集成电路ETF,53309274.0,份,,,akshare:szse_daily
2024-01-02,akshare_fund_scale_daily_szse,SZ,159549,红利低波动ETF,233523884.0,份,,,akshare:szse_daily
2024-01-02,akshare_fund_scale_daily_szse,SZ,159551,机器人产业ETF,69920923.0,份,,,akshare:szse_daily
2024-01-02,akshare_fund_scale_daily_szse,SZ,159555,2000增强ETF,61462705.0,份,,,akshare:szse_daily
2024-01-02,akshare_fund_scale_daily_szse,SZ,159559,机器人ETF基金,71576622.0,份,,,akshare:szse_daily
2024-01-02,akshare_fund_scale_daily_szse,SZ,159560,芯片50ETF,258416460.0,份,,,akshare:szse_daily
2024-01-02,akshare_fund_scale_daily_szse,SZ,159571,创业板200ETF富国,275981814.0,份,,,akshare:szse_daily
2024-01-02,akshare_fund_scale_daily_szse,SZ,159572,创业板200ETF易方达,119749107.0,份,,,akshare:szse_daily
2024-01-02,akshare_fund_scale_daily_szse,SZ,159573,创业板200ETF华夏,545456297.0,份,,,akshare:szse_daily
2024-01-02,akshare_fund_scale_daily_szse,SZ,159575,创业板200ETF银华,303410425.0,份,,,akshare:szse_daily
2024-01-02,akshare_fund_scale_daily_szse,SZ,159576,深证100ETF广发,318009612.0,份,,,akshare:szse_daily
2024-01-02,akshare_fund_scale_daily_szse,SZ,159601,A50ETF,5480588073.0,份,,,akshare:szse_daily
2024-01-02,akshare_fund_scale_daily_szse,SZ,159602,中国A50ETF,1896542944.0,份,,,akshare:szse_daily
2024-01-02,akshare_fund_scale_daily_szse,SZ,159603,双创龙头ETF,2493071922.0,份,,,akshare:szse_daily
2024-01-02,akshare_fund_scale_daily_szse,SZ,159605,中概互联ETF,9760486155.0,份,,,akshare:szse_daily
2024-01-02,akshare_fund_scale_daily_szse,SZ,159606,中证500成长ETF,583222838.0,份,,,akshare:szse_daily
2024-01-02,akshare_fund_scale_daily_szse,SZ,159607,中概互联网ETF,2900829139.0,份,,,akshare:szse_daily
2024-01-02,akshare_fund_scale_daily_szse,SZ,159608,稀有金属ETF,454410066.0,份,,,akshare:szse_daily
2024-01-02,akshare_fund_scale_daily_szse,SZ,159609,光伏龙头ETF,522903414.0,份,,,akshare:szse_daily
2024-01-02,akshare_fund_scale_daily_szse,SZ,159610,500ETF增强,585568207.0,份,,,akshare:szse_daily
2024-01-02,akshare_fund_scale_daily_szse,SZ,159611,电力ETF,2222362900.0,份,,,akshare:szse_daily
2024-01-02,akshare_fund_scale_daily_szse,SZ,159612,标普500ETF,150898651.0,份,,,akshare:szse_daily
2024-01-02,akshare_fund_scale_daily_szse,SZ,159613,信息安全ETF,105590217.0,份,,,akshare:szse_daily
2024-01-02,akshare_fund_scale_daily_szse,SZ,159615,恒生生物科技ETF,431054898.0,份,,,akshare:szse_daily
2024-01-02,akshare_fund_scale_daily_szse,SZ,159616,农牧ETF,114561112.0,份,,,akshare:szse_daily
2024-01-02,akshare_fund_scale_daily_szse,SZ,159617,500价值ETF,57418382.0,份,,,akshare:szse_daily
2024-01-02,akshare_fund_scale_daily_szse,SZ,159618,光伏ETF指数基金,266131407.0,份,,,akshare:szse_daily
2024-01-02,akshare_fund_scale_daily_szse,SZ,159619,基建ETF,311981007.0,份,,,akshare:szse_daily
2024-01-02,akshare_fund_scale_daily_szse,SZ,159620,500成长ETF,26140934.0,份,,,akshare:szse_daily
2024-01-02,akshare_fund_scale_daily_szse,SZ,159621,MSCIESGETF,59434717.0,份,,,akshare:szse_daily
2024-01-02,akshare_fund_scale_daily_szse,SZ,159622,创新药ETF沪港深,172603238.0,份,,,akshare:szse_daily
2024-01-02,akshare_fund_scale_daily_szse,SZ,159623,成渝经济圈ETF,3985271695.0,份,,,akshare:szse_daily
2024-01-02,akshare_fund_scale_daily_szse,SZ,159625,绿色电力ETF,253313777.0,份,,,akshare:szse_daily
2024-01-02,akshare_fund_scale_daily_szse,SZ,159627,A100ETF,33116776.0,份,,,akshare:szse_daily
2024-01-02,akshare_fund_scale_daily_szse,SZ,159628,国证2000ETF,2300283250.0,份,,,akshare:szse_daily
2024-01-02,akshare_fund_scale_daily_szse,SZ,159629,1000ETF,2139252663.0,份,,,akshare:szse_daily
2024-01-02,akshare_fund_scale_daily_szse,SZ,159630,中证100ETF基金,37113744.0,份,,,akshare:szse_daily
2024-01-02,akshare_fund_scale_daily_szse,SZ,159631,中证100ETF招商,225332605.0,份,,,akshare:szse_daily
2024-01-02,akshare_fund_scale_daily_szse,SZ,159632,纳斯达克ETF,4500720640.0,份,,,akshare:szse_daily
2024-01-02,akshare_fund_scale_daily_szse,SZ,159633,中证1000指数ETF,1236162658.0,份,,,akshare:szse_daily
2024-01-02,akshare_fund_scale_daily_szse,SZ,159635,基建50ETF,129846980.0,份,,,akshare:szse_daily
2024-01-02,akshare_fund_scale_daily_szse,SZ,159636,港股通科技30ETF,2672250603.0,份,,,akshare:szse_daily
2024-01-02,akshare_fund_scale_daily_szse,SZ,159637,新能源车龙头ETF,1870768094.0,份,,,akshare:szse_daily
2024-01-02,akshare_fund_scale_daily_szse,SZ,159638,高端装备ETF,1424341932.0,份,,,akshare:szse_daily
2024-01-02,akshare_fund_scale_daily_szse,SZ,159639,碳中和ETF南方,1465290171.0,份,,,akshare:szse_daily
2024-01-02,akshare_fund_scale_daily_szse,SZ,159640,碳中和龙头ETF,465845198.0,份,,,akshare:szse_daily
2024-01-02,akshare_fund_scale_daily_szse,SZ,159641,双碳ETF,514719131.0,份,,,akshare:szse_daily
2024-01-02,akshare_fund_scale_daily_szse,SZ,159642,碳中和100ETF,199439923.0,份,,,akshare:szse_daily
2024-01-02,akshare_fund_scale_daily_szse,SZ,159643,疫苗ETF,106390617.0,份,,,akshare:szse_daily
2024-01-02,akshare_fund_scale_daily_szse,SZ,159645,疫苗指数ETF,20540740.0,份,,,akshare:szse_daily
2024-01-02,akshare_fund_scale_daily_szse,SZ,159646,疫苗ETF基金,22707502.0,份,,,akshare:szse_daily
2024-01-02,akshare_fund_scale_daily_szse,SZ,159647,中药ETF,685461752.0,份,,,akshare:szse_daily
2024-01-02,akshare_fund_scale_daily_szse,SZ,159649,国开债ETF,60481877.0,份,,,akshare:szse_daily
2024-01-02,akshare_fund_scale_daily_szse,SZ,159650,国开ETF,86970196.0,份,,,akshare:szse_daily
2024-01-02,akshare_fund_scale_daily_szse,SZ,159651,国开0-3ETF,39716448.0,份,,,akshare:szse_daily
2024-01-02,akshare_fund_scale_daily_szse,SZ,159652,有色50ETF,270320287.0,份,,,akshare:szse_daily
2024-01-02,akshare_fund_scale_daily_szse,SZ,159653,ESG300ETF,10972068.0,份,,,akshare:szse_daily
2024-01-02,akshare_fund_scale_daily_szse,SZ,159655,标普ETF,109143045.0,份,,,akshare:szse_daily
2024-01-02,akshare_fund_scale_daily_szse,SZ,159656,300成长ETF,178238451.0,份,,,akshare:szse_daily
2024-01-02,akshare_fund_scale_daily_szse,SZ,159657,生物疫苗ETF,246514819.0,份,,,akshare:szse_daily
2024-01-02,akshare_fund_scale_daily_szse,SZ,159658,数字经济ETF,320394877.0,份,,,akshare:szse_daily
2024-01-02,akshare_fund_scale_daily_szse,SZ,159659,纳斯达克100ETF,96744064.0,份,,,akshare:szse_daily
2024-01-02,akshare_fund_scale_daily_szse,SZ,159660,纳指100ETF,167151363.0,份,,,akshare:szse_daily
2024-01-02,akshare_fund_scale_daily_szse,SZ,159661,中证100指数ETF,94708213.0,份,,,akshare:szse_daily
2024-01-02,akshare_fund_scale_daily_szse,SZ,159662,交运ETF,90613946.0,份,,,akshare:szse_daily
2024-01-02,akshare_fund_scale_daily_szse,SZ,159663,机床ETF,111517585.0,份,,,akshare:szse_daily
2024-01-02,akshare_fund_scale_daily_szse,SZ,159665,半导体龙头ETF,471576860.0,份,,,akshare:szse_daily
2024-01-02,akshare_fund_scale_daily_szse,SZ,159666,交通运输ETF,90832905.0,份,,,akshare:szse_daily
2024-01-02,akshare_fund_scale_daily_szse,SZ,159667,工业母机ETF,464016906.0,份,,,akshare:szse_daily
2024-01-02,akshare_fund_scale_daily_szse,SZ,159669,绿电ETF,53254781.0,份,,,akshare:szse_daily
2024-01-02,akshare_fund_scale_daily_szse,SZ,159670,消费ETF基金,45706921.0,份,,,akshare:szse_daily
2024-01-02,akshare_fund_scale_daily_szse,SZ,159671,稀有金属ETF基金,1089551737.0,份,,,akshare:szse_daily
2024-01-02,akshare_fund_scale_daily_szse,SZ,159672,主要消费ETF,111887409.0,份,,,akshare:szse_daily
2024-01-02,akshare_fund_scale_daily_szse,SZ,159673,鹏华沪深300ETF,1035528385.0,份,,,akshare:szse_daily
2024-01-02,akshare_fund_scale_daily_szse,SZ,159675,创业板增强ETF,240846691.0,份,,,akshare:szse_daily
2024-01-02,akshare_fund_scale_daily_szse,SZ,159676,创业板ETF增强,612564183.0,份,,,akshare:szse_daily
2024-01-02,akshare_fund_scale_daily_szse,SZ,159677,1000增强ETF,86904091.0,份,,,akshare:szse_daily
2024-01-02,akshare_fund_scale_daily_szse,SZ,159678,中证500增强ETF,151643694.0,份,,,akshare:szse_daily
2024-01-02,akshare_fund_scale_daily_szse,SZ,159679,中证1000增强ETF,363289156.0,份,,,akshare:szse_daily
2024-01-02,akshare_fund_scale_daily_szse,SZ,159680,1000ETF增强,270438087.0,份,,,akshare:szse_daily
2024-01-02,akshare_fund_scale_daily_szse,SZ,159681,创50ETF,1087772337.0,份,,,akshare:szse_daily
2024-01-02,akshare_fund_scale_daily_szse,SZ,159682,创业50ETF,2356307670.0,份,,,akshare:szse_daily
2024-01-02,akshare_fund_scale_daily_szse,SZ,159683,运输ETF,30615396.0,份,,,akshare:szse_daily
2024-01-02,akshare_fund_scale_daily_szse,SZ,159685,1000增强ETF天弘,53440067.0,份,,,akshare:szse_daily
2024-01-02,akshare_fund_scale_daily_szse,SZ,159686,中证100ETF易方达,17815386.0,份,,,akshare:szse_daily
2024-01-02,akshare_fund_scale_daily_szse,SZ,159687,亚太低碳ETF,48028658.0,份,,,akshare:szse_daily
2024-01-02,akshare_fund_scale_daily_szse,SZ,159688,恒生互联网ETF,605778480.0,份,,,akshare:szse_daily
2024-01-02,akshare_fund_scale_daily_szse,SZ,159689,消费ETF南方,58147787.0,份,,,akshare:szse_daily
2024-01-02,akshare_fund_scale_daily_szse,SZ,159690,矿业ETF,7163978.0,份,,,akshare:szse_daily
2024-01-02,akshare_fund_scale_daily_szse,SZ,159691,港股红利ETF,210301386.0,份,,,akshare:szse_daily
2024-01-02,akshare_fund_scale_daily_szse,SZ,159692,证券ETF东财,118455969.0,份,,,akshare:szse_daily
2024-01-02,akshare_fund_scale_daily_szse,SZ,159693,有色矿业ETF,39895798.0,份,,,akshare:szse_daily
2024-01-02,akshare_fund_scale_daily_szse,SZ,159695,通信ETF,67812086.0,份,,,akshare:szse_daily
2024-01-02,akshare_fund_scale_daily_szse,SZ,159696,纳指ETF易方达,703824034.0,份,,,akshare:szse_daily
2024-01-02,akshare_fund_scale_daily_szse,SZ,159697,油气ETF,58022006.0,份,,,akshare:szse_daily
2024-01-02,akshare_fund_scale_daily_szse,SZ,159698,粮食ETF,315444378.0,份,,,akshare:szse_daily
2024-01-02,akshare_fund_scale_daily_szse,SZ,159699,恒生消费ETF,272664255.0,份,,,akshare:szse_daily
2024-01-02,akshare_fund_scale_daily_szse,SZ,159701,物联网ETF招商,36705601.0,份,,,akshare:szse_daily
2024-01-02,akshare_fund_scale_daily_szse,SZ,159703,新材料ETF,108181591.0,份,,,akshare:szse_daily
2024-01-02,akshare_fund_scale_daily_szse,SZ,159706,深证100ETF华安,85386800.0,份,,,akshare:szse_daily
2024-01-02,akshare_fund_scale_daily_szse,SZ,159707,地产ETF,409548214.0,份,,,akshare:szse_daily
2024-01-02,akshare_fund_scale_daily_szse,SZ,159708,红利ETF,310028306.0,份,,,akshare:szse_daily
2024-01-02,akshare_fund_scale_daily_szse,SZ,159709,物联网ETF工银,120484060.0,份,,,akshare:szse_daily
2024-01-02,akshare_fund_scale_daily_szse,SZ,159710,智能电车ETF,79344933.0,份,,,akshare:szse_daily
2024-01-02,akshare_fund_scale_daily_szse,SZ,159711,港股通ETF,44465157.0,份,,,akshare:szse_daily
2024-01-02,akshare_fund_scale_daily_szse,SZ,159712,港股通50ETF,71778813.0,份,,,akshare:szse_daily
2024-01-02,akshare_fund_scale_daily_szse,SZ,159713,稀土ETF,456755051.0,份,,,akshare:szse_daily
2024-01-02,akshare_fund_scale_daily_szse,SZ,159715,稀土ETF易方达,347530274.0,份,,,akshare:szse_daily
2024-01-02,akshare_fund_scale_daily_szse,SZ,159716,深创100ETF,169666732.0,份,,,akshare:szse_daily
2024-01-02,akshare_fund_scale_daily_szse,SZ,159717,ESGETF,57873183.0,份,,,akshare:szse_daily
2024-01-02,akshare_fund_scale_daily_szse,SZ,159718,港股医药ETF,270832634.0,份,,,akshare:szse_daily
2024-01-02,akshare_fund_scale_daily_szse,SZ,159719,国企共赢ETF,74195986.0,份,,,akshare:szse_daily
2024-01-02,akshare_fund_scale_daily_szse,SZ,159720,智能电车ETF泰康,117812357.0,份,,,akshare:szse_daily
2024-01-02,akshare_fund_scale_daily_szse,SZ,159721,深创龙头ETF,95431696.0,份,,,akshare:szse_daily
2024-01-02,akshare_fund_scale_daily_szse,SZ,159723,科技龙头ETF,77025575.0,份,,,akshare:szse_daily
2024-01-02,akshare_fund_scale_daily_szse,SZ,159725,线上消费ETF,54424924.0,份,,,akshare:szse_daily
2024-01-02,akshare_fund_scale_daily_szse,SZ,159726,恒生红利ETF,86411380.0,份,,,akshare:szse_daily
2024-01-02,akshare_fund_scale_daily_szse,SZ,159728,在线消费ETF,40410129.0,份,,,akshare:szse_daily
2024-01-02,akshare_fund_scale_daily_szse,SZ,159729,互联网ETF,165760633.0,份,,,akshare:szse_daily
2024-01-02,akshare_fund_scale_daily_szse,SZ,159730,龙头家电ETF,62571340.0,份,,,akshare:szse_daily
2024-01-02,akshare_fund_scale_daily_szse,SZ,159731,石化ETF,60375802.0,份,,,akshare:szse_daily
2024-01-02,akshare_fund_scale_daily_szse,SZ,159732,消费电子ETF,1063447904.0,份,,,akshare:szse_daily
2024-01-02,akshare_fund_scale_daily_szse,SZ,159733,消费电子50ETF,48156925.0,份,,,akshare:szse_daily
2024-01-02,akshare_fund_scale_daily_szse,SZ,159735,港股消费ETF,314561371.0,份,,,akshare:szse_daily
2024-01-02,akshare_fund_scale_daily_szse,SZ,159736,饮食ETF,6989894457.0,份,,,akshare:szse_daily
2024-01-02,akshare_fund_scale_daily_szse,SZ,159738,云计算ETF沪港深,46992667.0,份,,,akshare:szse_daily
2024-01-02,akshare_fund_scale_daily_szse,SZ,159739,大数据ETF,262980615.0,份,,,akshare:szse_daily
2024-01-02,akshare_fund_scale_daily_szse,SZ,159740,恒生科技ETF,5868120448.0,份,,,akshare:szse_daily
2024-01-02,akshare_fund_scale_daily_szse,SZ,159741,恒生科技ETF基金,1134796712.0,份,,,akshare:szse_daily
2024-01-02,akshare_fund_scale_daily_szse,SZ,159742,恒生科技指数ETF,2068928292.0,份,,,akshare:szse_daily
2024-01-02,akshare_fund_scale_daily_szse,SZ,159743,湖北ETF,171941100.0,份,,,akshare:szse_daily
2024-01-02,akshare_fund_scale_daily_szse,SZ,159745,建材ETF,1212688265.0,份,,,akshare:szse_daily
2024-01-02,akshare_fund_scale_daily_szse,SZ,159747,香港科技ETF,328712278.0,份,,,akshare:szse_daily
2024-01-02,akshare_fund_scale_daily_szse,SZ,159748,沪港深创新药ETF,471692128.0,份,,,akshare:szse_daily
2024-01-02,akshare_fund_scale_daily_szse,SZ,159750,香港科技50ETF,128618251.0,份,,,akshare:szse_daily
2024-01-02,akshare_fund_scale_daily_szse,SZ,159751,港股科技ETF,136629628.0,份,,,akshare:szse_daily
2024-01-02,akshare_fund_scale_daily_szse,SZ,159752,新能源龙头ETF,708958917.0,份,,,akshare:szse_daily
2024-01-02,akshare_fund_scale_daily_szse,SZ,159755,电池ETF,5814646746.0,份,,,akshare:szse_daily
2024-01-02,akshare_fund_scale_daily_szse,SZ,159757,电池30ETF,824931891.0,份,,,akshare:szse_daily
2024-01-02,akshare_fund_scale_daily_szse,SZ,159758,红利50ETF,284290777.0,份,,,akshare:szse_daily
2024-01-02,akshare_fund_scale_daily_szse,SZ,159760,泰康公卫健康ETF,157360223.0,份,,,akshare:szse_daily
2024-01-02,akshare_fund_scale_daily_szse,SZ,159761,新材料50ETF,388734117.0,份,,,akshare:szse_daily
2024-01-02,akshare_fund_scale_daily_szse,SZ,159763,新材料ETF基金,142707747.0,份,,,akshare:szse_daily
2024-01-02,akshare_fund_scale_daily_szse,SZ,159766,旅游ETF,3747640963.0,份,,,akshare:szse_daily
2024-01-02,akshare_fund_scale_daily_szse,SZ,159767,电池龙头ETF,285873672.0,份,,,akshare:szse_daily
2024-01-02,akshare_fund_scale_daily_szse,SZ,159768,房地产ETF,351950311.0,份,,,akshare:szse_daily
2024-01-02,akshare_fund_scale_daily_szse,SZ,159769,消费电子龙头ETF,53445320.0,份,,,akshare:szse_daily
2024-01-02,akshare_fund_scale_daily_szse,SZ,159770,机器人ETF,670087762.0,份,,,akshare:szse_daily
2024-01-02,akshare_fund_scale_daily_szse,SZ,159773,创业板科技ETF,84303120.0,份,,,akshare:szse_daily
2024-01-02,akshare_fund_scale_daily_szse,SZ,159775,新能源车电池ETF,146648961.0,份,,,akshare:szse_daily
2024-01-02,akshare_fund_scale_daily_szse,SZ,159776,港股通医药ETF,331968765.0,份,,,akshare:szse_daily
2024-01-02,akshare_fund_scale_daily_szse,SZ,159777,创科技ETF,16280565.0,份,,,akshare:szse_daily
2024-01-02,akshare_fund_scale_daily_szse,SZ,159778,工业互联ETF,65755382.0,份,,,akshare:szse_daily
2024-01-02,akshare_fund_scale_daily_szse,SZ,159779,消费电子ETF基金,126869337.0,份,,,akshare:szse_daily
2024-01-02,akshare_fund_scale_daily_szse,SZ,159780,双创ETF,7212048583.0,份,,,akshare:szse_daily
2024-01-02,akshare_fund_scale_daily_szse,SZ,159781,科创创业ETF,14779860533.0,份,,,akshare:szse_daily
2024-01-02,akshare_fund_scale_daily_szse,SZ,159782,双创50ETF基金,1470190267.0,份,,,akshare:szse_daily
2024-01-02,akshare_fund_scale_daily_szse,SZ,159783,科创创业50ETF,9736659442.0,份,,,akshare:szse_daily
2024-01-02,akshare_fund_scale_daily_szse,SZ,159786,VRETF,263701174.0,份,,,akshare:szse_daily
2024-01-02,akshare_fund_scale_daily_szse,SZ,159787,建材ETF易方达,27021633.0,份,,,akshare:szse_daily
2024-01-02,akshare_fund_scale_daily_szse,SZ,159788,港股通100ETF,38424965.0,份,,,akshare:szse_daily
2024-01-02,akshare_fund_scale_daily_szse,SZ,159790,碳中和ETF,4932528485.0,份,,,akshare:szse_daily
2024-01-02,akshare_fund_scale_daily_szse,SZ,159791,300ESGETF,21083347.0,份,,,akshare:szse_daily
2024-01-02,akshare_fund_scale_daily_szse,SZ,159792,港股通互联网ETF,22083855237.0,份,,,akshare:szse_daily
2024-01-02,akshare_fund_scale_daily_szse,SZ,159793,线上消费ETF平安,50758908.0,份,,,akshare:szse_daily
2024-01-02,akshare_fund_scale_daily_szse,SZ,159795,智能车ETF基金,75169473.0,份,,,akshare:szse_daily
2024-01-02,akshare_fund_scale_daily_szse,SZ,159796,电池50ETF,1643467550.0,份,,,akshare:szse_daily
2024-01-02,akshare_fund_scale_daily_szse,SZ,159797,医疗器械ETF基金,66989247.0,份,,,akshare:szse_daily
2024-01-02,akshare_fund_scale_daily_szse,SZ,159798,消费50ETF,68245390.0,份,,,akshare:szse_daily
2024-01-02,akshare_fund_scale_daily_szse,SZ,159801,芯片ETF龙头,6044120172.0,份,,,akshare:szse_daily
2024-01-02,akshare_fund_scale_daily_szse,SZ,159804,创中盘88ETF,124899676.0,份,,,akshare:szse_daily
2024-01-02,akshare_fund_scale_daily_szse,SZ,159805,传媒ETF,191952480.0,份,,,akshare:szse_daily
2024-01-02,akshare_fund_scale_daily_szse,SZ,159806,新能源车ETF,2914089446.0,份,,,akshare:szse_daily
2024-01-02,akshare_fund_scale_daily_szse,SZ,159807,科技ETF,1289051428.0,份,,,akshare:szse_daily
2024-01-02,akshare_fund_scale_daily_szse,SZ,159808,创100ETF融通,125484790.0,份,,,akshare:szse_daily
2024-01-02,akshare_fund_scale_daily_szse,SZ,159810,浦银创业板ETF,59475458.0,份,,,akshare:szse_daily
2024-01-02,akshare_fund_scale_daily_szse,SZ,159811,5G50ETF,203543393.0,份,,,akshare:szse_daily
2024-01-02,akshare_fund_scale_daily_szse,SZ,159812,黄金基金ETF,19213149.0,份,,,akshare:szse_daily
2024-01-02,akshare_fund_scale_daily_szse,SZ,159813,半导体ETF,7161862410.0,份,,,akshare:szse_daily
2024-01-02,akshare_fund_scale_daily_szse,SZ,159814,创业大盘ETF,1604246520.0,份,,,akshare:szse_daily
2024-01-02,akshare_fund_scale_daily_szse,SZ,159816,0-4地债ETF,12607484.0,份,,,akshare:szse_daily
2024-01-02,akshare_fund_scale_daily_szse,SZ,159819,人工智能ETF,6021229669.0,份,,,akshare:szse_daily
2024-01-02,akshare_fund_scale_daily_szse,SZ,159820,中证500ETF天弘,2476408470.0,份,,,akshare:szse_daily
2024-01-02,akshare_fund_scale_daily_szse,SZ,159821,BOCI创业板ETF,28920000.0,份,,,akshare:szse_daily
2024-01-02,akshare_fund_scale_daily_szse,SZ,159822,新经济ETF,300234315.0,份,,,akshare:szse_daily
2024-01-02,akshare_fund_scale_daily_szse,SZ,159823,H股ETF基金,43763219.0,份,,,akshare:szse_daily
2024-01-02,akshare_fund_scale_daily_szse,SZ,159824,新能车ETF,350135070.0,份,,,akshare:szse_daily
2024-01-02,akshare_fund_scale_daily_szse,SZ,159825,农业ETF,3305077407.0,份,,,akshare:szse_daily
2024-01-02,akshare_fund_scale_daily_szse,SZ,159827,农业50ETF,152716463.0,份,,,akshare:szse_daily
2024-01-02,akshare_fund_scale_daily_szse,SZ,159828,医疗ETF,5047439464.0,份,,,akshare:szse_daily
2024-01-02,akshare_fund_scale_daily_szse,SZ,159830,上海金ETF,13609209.0,份,,,akshare:szse_daily
2024-01-02,akshare_fund_scale_daily_szse,SZ,159831,上海金ETF基金,8456243.0,份,,,akshare:szse_daily
2024-01-02,akshare_fund_scale_daily_szse,SZ,159834,金ETF,7861376.0,份,,,akshare:szse_daily
2024-01-02,akshare_fund_scale_daily_szse,SZ,159835,创新药50ETF,143504143.0,份,,,akshare:szse_daily
2024-01-02,akshare_fund_scale_daily_szse,SZ,159836,创300ETF,113747113.0,份,,,akshare:szse_daily
2024-01-02,akshare_fund_scale_daily_szse,SZ,159837,生物科技ETF,2902152837.0,份,,,akshare:szse_daily
2024-01-02,akshare_fund_scale_daily_szse,SZ,159838,医药50ETF,366763462.0,份,,,akshare:szse_daily
2024-01-02,akshare_fund_scale_daily_szse,SZ,159839,生物药ETF,1230735165.0,份,,,akshare:szse_daily
2024-01-02,akshare_fund_scale_daily_szse,SZ,159840,锂电池ETF,2490574851.0,份,,,akshare:szse_daily
2024-01-02,akshare_fund_scale_daily_szse,SZ,159841,证券ETF,4858038465.0,份,,,akshare:szse_daily
2024-01-02,akshare_fund_scale_daily_szse,SZ,159842,券商ETF,891250631.0,份,,,akshare:szse_daily
2024-01-02,akshare_fund_scale_daily_szse,SZ,159843,食品饮料ETF,361455141.0,份,,,akshare:szse_daily
2024-01-02,akshare_fund_scale_daily_szse,SZ,159845,中证1000ETF,3015425606.0,份,,,akshare:szse_daily
2024-01-02,akshare_fund_scale_daily_szse,SZ,159847,医疗50ETF,1428825354.0,份,,,akshare:szse_daily
2024-01-02,akshare_fund_scale_daily_szse,SZ,159848,证券ETF基金,122311239.0,份,,,akshare:szse_daily
2024-01-02,akshare_fund_scale_daily_szse,SZ,159849,生物科技ETF招商,162372396.0,份,,,akshare:szse_daily
2024-01-02,akshare_fund_scale_daily_szse,SZ,159850,恒生国企ETF,1009706498.0,份,,,akshare:szse_daily
2024-01-02,akshare_fund_scale_daily_szse,SZ,159851,金融科技ETF,280952074.0,份,,,akshare:szse_daily
2024-01-02,akshare_fund_scale_daily_szse,SZ,159852,软件ETF,1463623921.0,份,,,akshare:szse_daily
2024-01-02,akshare_fund_scale_daily_szse,SZ,159855,影视ETF,64925236.0,份,,,akshare:szse_daily
2024-01-02,akshare_fund_scale_daily_szse,SZ,159856,互联网龙头ETF,692372474.0,份,,,akshare:szse_daily
2024-01-02,akshare_fund_scale_daily_szse,SZ,159857,光伏ETF,2922515725.0,份,,,akshare:szse_daily
2024-01-02,akshare_fund_scale_daily_szse,SZ,159858,创新药ETF基金,296098318.0,份,,,akshare:szse_daily
2024-01-02,akshare_fund_scale_daily_szse,SZ,159859,生物医药ETF,6455240054.0,份,,,akshare:szse_daily
2024-01-02,akshare_fund_scale_daily_szse,SZ,159861,碳中和50ETF,285117535.0,份,,,akshare:szse_daily
2024-01-02,akshare_fund_scale_daily_szse,SZ,159862,食品ETF,69000623.0,份,,,akshare:szse_daily
2024-01-02,akshare_fund_scale_daily_szse,SZ,159863,光伏ETF基金,403729352.0,份,,,akshare:szse_daily
2024-01-02,akshare_fund_scale_daily_szse,SZ,159864,光伏50ETF,932526827.0,份,,,akshare:szse_daily
2024-01-02,akshare_fund_scale_daily_szse,SZ,159865,养殖ETF,6834455659.0,份,,,akshare:szse_daily
2024-01-02,akshare_fund_scale_daily_szse,SZ,159866,日经ETF,487979377.0,份,,,akshare:szse_daily
2024-01-02,akshare_fund_scale_daily_szse,SZ,159867,畜牧ETF,1559643594.0,份,,,akshare:szse_daily
2024-01-02,akshare_fund_scale_daily_szse,SZ,159869,游戏ETF,5697082127.0,份,,,akshare:szse_daily
2024-01-02,akshare_fund_scale_daily_szse,SZ,159870,化工ETF,3423607019.0,份,,,akshare:szse_daily
2024-01-02,akshare_fund_scale_daily_szse,SZ,159871,有色金属ETF,67366253.0,份,,,akshare:szse_daily
2024-01-02,akshare_fund_scale_daily_szse,SZ,159872,智能网联汽车ETF,60799732.0,份,,,akshare:szse_daily
2024-01-02,akshare_fund_scale_daily_szse,SZ,159873,医疗设备ETF,334920000.0,份,,,akshare:szse_daily
2024-01-02,akshare_fund_scale_daily_szse,SZ,159875,新能源ETF,2430162899.0,份,,,akshare:szse_daily
2024-01-02,akshare_fund_scale_daily_szse,SZ,159876,有色龙头ETF,52188509.0,份,,,akshare:szse_daily
2024-01-02,akshare_fund_scale_daily_szse,SZ,159877,医疗产业ETF,129792292.0,份,,,akshare:szse_daily
2024-01-02,akshare_fund_scale_daily_szse,SZ,159880,有色ETF基金,79551518.0,份,,,akshare:szse_daily
2024-01-02,akshare_fund_scale_daily_szse,SZ,159881,有色60ETF,201249583.0,份,,,akshare:szse_daily
2024-01-02,akshare_fund_scale_daily_szse,SZ,159883,医疗器械ETF,4326037843.0,份,,,akshare:szse_daily
2024-01-02,akshare_fund_scale_daily_szse,SZ,159885,碳中和ETF基金,621467316.0,份,,,akshare:szse_daily
2024-01-02,akshare_fund_scale_daily_szse,SZ,159886,机械ETF,103842555.0,份,,,akshare:szse_daily
2024-01-02,akshare_fund_scale_daily_szse,SZ,159887,银行ETF,384915950.0,份,,,akshare:szse_daily
2024-01-02,akshare_fund_scale_daily_szse,SZ,159888,智能车ETF,137446068.0,份,,,akshare:szse_daily
2024-01-02,akshare_fund_scale_daily_szse,SZ,159889,智能汽车ETF,97400796.0,份,,,akshare:szse_daily
2024-01-02,akshare_fund_scale_daily_szse,SZ,159890,云计算ETF,95590688.0,份,,,akshare:szse_daily
2024-01-02,akshare_fund_scale_daily_szse,SZ,159891,医疗ETF基金,267024837.0,份,,,akshare:szse_daily
2024-01-02,akshare_fund_scale_daily_szse,SZ,159892,恒生医药ETF,5177266022.0,份,,,akshare:szse_daily
2024-01-02,akshare_fund_scale_daily_szse,SZ,159895,物联网50ETF,42241864.0,份,,,akshare:szse_daily
2024-01-02,akshare_fund_scale_daily_szse,SZ,159896,物联网龙头ETF,84055960.0,份,,,akshare:szse_daily
2024-01-02,akshare_fund_scale_daily_szse,SZ,159898,医疗器械指数ETF,304098825.0,份,,,akshare:szse_daily
2024-01-02,akshare_fund_scale_daily_szse,SZ,159899,软件龙头ETF,228977729.0,份,,,akshare:szse_daily
2024-01-02,akshare_fund_scale_daily_szse,SZ,159901,深证100ETF,2608134930.0,份,,,akshare:szse_daily
2024-01-02,akshare_fund_scale_daily_szse,SZ,159902,中小100ETF,141960849.0,份,,,akshare:szse_daily
2024-01-02,akshare_fund_scale_daily_szse,SZ,159903,深成ETF,295154507.0,份,,,akshare:szse_daily
2024-01-02,akshare_fund_scale_daily_szse,SZ,159905,深红利ETF,1643443951.0,份,,,akshare:szse_daily
2024-01-02,akshare_fund_scale_daily_szse,SZ,159906,深成长龙头ETF,181639725.0,份,,,akshare:szse_daily
2024-01-02,akshare_fund_scale_daily_szse,SZ,159907,2000ETF,125598847.0,份,,,akshare:szse_daily
2024-01-02,akshare_fund_scale_daily_szse,SZ,159908,创业板ETF博时,1043229029.0,份,,,akshare:szse_daily
2024-01-02,akshare_fund_scale_daily_szse,SZ,159909,TMT50ETF,544061992.0,份,,,akshare:szse_daily
2024-01-02,akshare_fund_scale_daily_szse,SZ,159910,基本面120ETF,168906143.0,份,,,akshare:szse_daily
2024-01-02,akshare_fund_scale_daily_szse,SZ,159912,深300ETF,70948991.0,份,,,akshare:szse_daily
2024-01-02,akshare_fund_scale_daily_szse,SZ,159913,深价值ETF,26829693.0,份,,,akshare:szse_daily
2024-01-02,akshare_fund_scale_daily_szse,SZ,159915,创业板ETF,22376454936.0,份,,,akshare:szse_daily
2024-01-02,akshare_fund_scale_daily_szse,SZ,159916,深F60ETF,87566039.0,份,,,akshare:szse_daily
2024-01-02,akshare_fund_scale_daily_szse,SZ,159918,中创400ETF,37561264.0,份,,,akshare:szse_daily
2024-01-02,akshare_fund_scale_daily_szse,SZ,159919,沪深300ETF,11583216676.0,份,,,akshare:szse_daily
2024-01-02,akshare_fund_scale_daily_szse,SZ,159920,恒生ETF,15589559219.0,份,,,akshare:szse_daily
2024-01-02,akshare_fund_scale_daily_szse,SZ,159922,中证500ETF,1077869931.0,份,,,akshare:szse_daily
2024-01-02,akshare_fund_scale_daily_szse,SZ,159923,中证100ETF,15285812.0,份,,,akshare:szse_daily
2024-01-02,akshare_fund_scale_daily_szse,SZ,159925,沪深300ETF南方,1765199451.0,份,,,akshare:szse_daily
2024-01-02,akshare_fund_scale_daily_szse,SZ,159928,消费ETF,11190629040.0,份,,,akshare:szse_daily
2024-01-02,akshare_fund_scale_daily_szse,SZ,159929,医药ETF,1346204203.0,份,,,akshare:szse_daily
2024-01-02,akshare_fund_scale_daily_szse,SZ,159930,能源ETF,154398150.0,份,,,akshare:szse_daily
2024-01-02,akshare_fund_scale_daily_szse,SZ,159931,金融ETF,39328511.0,份,,,akshare:szse_daily
2024-01-02,akshare_fund_scale_daily_szse,SZ,159933,国投金融地产ETF,66378943.0,份,,,akshare:szse_daily
2024-01-02,akshare_fund_scale_daily_szse,SZ,159934,黄金ETF,1054662646.0,份,,,akshare:szse_daily
2024-01-02,akshare_fund_scale_daily_szse,SZ,159935,景顺中证500ETF,29572956.0,份,,,akshare:szse_daily
2024-01-02,akshare_fund_scale_daily_szse,SZ,159936,可选消费ETF,122156094.0,份,,,akshare:szse_daily
2024-01-02,akshare_fund_scale_daily_szse,SZ,159937,黄金ETF基金,1559221977.0,份,,,akshare:szse_daily
2024-01-02,akshare_fund_scale_daily_szse,SZ,159938,医药卫生ETF,7594567236.0,份,,,akshare:szse_daily
2024-01-02,akshare_fund_scale_daily_szse,SZ,159939,信息技术ETF,4093656106.0,份,,,akshare:szse_daily
2024-01-02,akshare_fund_scale_daily_szse,SZ,159940,金融地产ETF,1893059983.0,份,,,akshare:szse_daily
2024-01-02,akshare_fund_scale_daily_szse,SZ,159941,纳指ETF,18517510164.0,份,,,akshare:szse_daily
2024-01-02,akshare_fund_scale_daily_szse,SZ,159943,深证成指ETF,155229922.0,份,,,akshare:szse_daily
2024-01-02,akshare_fund_scale_daily_szse,SZ,159944,材料ETF,19608342.0,份,,,akshare:szse_daily
2024-01-02,akshare_fund_scale_daily_szse,SZ,159945,能源ETF基金,32072327.0,份,,,akshare:szse_daily
2024-01-02,akshare_fund_scale_daily_szse,SZ,159948,创业板ETF南方,1342697720.0,份,,,akshare:szse_daily
2024-01-02,akshare_fund_scale_daily_szse,SZ,159949,创业板50ETF,23795785113.0,份,,,akshare:szse_daily
2024-01-02,akshare_fund_scale_daily_szse,SZ,159952,创业板ETF广发,3708484929.0,份,,,akshare:szse_daily
2024-01-02,akshare_fund_scale_daily_szse,SZ,159954,H股ETF,413605083.0,份,,,akshare:szse_daily
2024-01-02,akshare_fund_scale_daily_szse,SZ,159956,创业板ETF建信,70978674.0,份,,,akshare:szse_daily
2024-01-02,akshare_fund_scale_daily_szse,SZ,159957,创业板100ETF华夏,389784560.0,份,,,akshare:szse_daily
2024-01-02,akshare_fund_scale_daily_szse,SZ,159958,创业板ETF工银,191611448.0,份,,,akshare:szse_daily
2024-01-02,akshare_fund_scale_daily_szse,SZ,159959,央企ETF,2080891780.0,份,,,akshare:szse_daily
2024-01-02,akshare_fund_scale_daily_szse,SZ,159960,恒生中国企业ETF,582573960.0,份,,,akshare:szse_daily
2024-01-02,akshare_fund_scale_daily_szse,SZ,159961,深100ETF方正富邦,334245196.0,份,,,akshare:szse_daily
2024-01-02,akshare_fund_scale_daily_szse,SZ,159964,创业板ETF平安,447481881.0,份,,,akshare:szse_daily
2024-01-02,akshare_fund_scale_daily_szse,SZ,159965,央视50ETF,68426953.0,份,,,akshare:szse_daily
2024-01-02,akshare_fund_scale_daily_szse,SZ,159966,创业板价值ETF,1206299521.0,份,,,akshare:szse_daily
2024-01-02,akshare_fund_scale_daily_szse,SZ,159967,创业板成长ETF,11580505811.0,份,,,akshare:szse_daily
2024-01-02,akshare_fund_scale_daily_szse,SZ,159968,中证500ETF博时,117695098.0,份,,,akshare:szse_daily
2024-01-02,akshare_fund_scale_daily_szse,SZ,159969,深100ETF银华,21903014.0,份,,,akshare:szse_daily
2024-01-02,akshare_fund_scale_daily_szse,SZ,159970,深100ETF工银,4444784.0,份,,,akshare:szse_daily
2024-01-02,akshare_fund_scale_daily_szse,SZ,159971,创业板ETF富国,14010144.0,份,,,akshare:szse_daily
2024-01-02,akshare_fund_scale_daily_szse,SZ,159972,5年地债ETF,27945910.0,份,,,akshare:szse_daily
2024-01-02,akshare_fund_scale_daily_szse,SZ,159973,民企ETF,375976423.0,份,,,akshare:szse_daily
2024-01-02,akshare_fund_scale_daily_szse,SZ,159974,央企创新ETF,209432422.0,份,,,akshare:szse_daily
2024-01-02,akshare_fund_scale_daily_szse,SZ,159975,深100ETF招商,134437760.0,份,,,akshare:szse_daily
2024-01-02,akshare_fund_scale_daily_szse,SZ,159976,湾创ETF,103885872.0,份,,,akshare:szse_daily
2024-01-02,akshare_fund_scale_daily_szse,SZ,159977,创业板ETF天弘,3913936410.0,份,,,akshare:szse_daily
2024-01-02,akshare_fund_scale_daily_szse,SZ,159980,有色ETF,264824777.0,份,,,akshare:szse_daily
2024-01-02,akshare_fund_scale_daily_szse,SZ,159981,能源化工ETF,193536957.0,份,,,akshare:szse_daily
2024-01-02,akshare_fund_scale_daily_szse,SZ,159982,中证500ETF鹏华,1020211253.0,份,,,akshare:szse_daily
2024-01-02,akshare_fund_scale_daily_szse,SZ,159983,粤港澳大湾区ETF,23751867.0,份,,,akshare:szse_daily
2024-01-02,akshare_fund_scale_daily_szse,SZ,159985,豆粕ETF,360724066.0,份,,,akshare:szse_daily
2024-01-02,akshare_fund_scale_daily_szse,SZ,159987,科技创新ETF,37457627.0,份,,,akshare:szse_daily
2024-01-02,akshare_fund_scale_daily_szse,SZ,159990,小盘价值ETF,49419629.0,份,,,akshare:szse_daily
2024-01-02,akshare_fund_scale_daily_szse,SZ,159991,创大盘ETF,270663172.0,份,,,akshare:szse_daily
2024-01-02,akshare_fund_scale_daily_szse,SZ,159992,创新药ETF,10521581217.0,份,,,akshare:szse_daily
2024-01-02,akshare_fund_scale_daily_szse,SZ,159993,证券ETF龙头,1380697982.0,份,,,akshare:szse_daily
2024-01-02,akshare_fund_scale_daily_szse,SZ,159994,5GETF,2245001679.0,份,,,akshare:szse_daily
2024-01-02,akshare_fund_scale_daily_szse,SZ,159995,芯片ETF,28285363006.0,份,,,akshare:szse_daily
2024-01-02,akshare_fund_scale_daily_szse,SZ,159996,家电ETF,1874554846.0,份,,,akshare:szse_daily
2024-01-02,akshare_fund_scale_daily_szse,SZ,159997,电子ETF,2015306634.0,份,,,akshare:szse_daily
2024-01-02,akshare_fund_scale_daily_szse,SZ,159998,计算机ETF,2680655354.0,份,,,akshare:szse_daily
