date,industry,shares_change,cash_proxy,etf_count,shares_change_5d,shares_change_20d
2024-01-02,军工,0.0,0.0,1,0.0,0.0
2024-01-02,宽基指数,0.0,0.0,6,0.0,0.0
2024-01-02,新能源,0.0,0.0,3,0.0,0.0
2024-01-02,未分类,0.0,0.0,848,0.0,0.0
2024-01-02,海外指数,0.0,0.0,1,0.0,0.0
2024-01-02,消费,0.0,0.0,3,0.0,0.0
2024-01-02,科技,0.0,0.0,1,0.0,0.0
2024-01-02,红利策略,0.0,0.0,2,0.0,0.0
2024-01-02,金融,0.0,0.0,3,0.0,0.0
2024-01-03,未分类,2173960615.999999,0.0,848,2173960615.999999,2173960615.999999
2024-01-03,科技,290000000.0,0.0,1,290000000.0,290000000.0
2024-01-03,宽基指数,95700000.0,0.0,6,95700000.0,95700000.0
2024-01-03,新能源,8000000.0,0.0,3,8000000.0,8000000.0
2024-01-03,军工,4000000.0,0.0,1,4000000.0,4000000.0
2024-01-03,红利策略,-11000000.0,0.0,2,-11000000.0,-11000000.0
2024-01-03,消费,-50700000.0,0.0,3,-50700000.0,-50700000.0
2024-01-03,海外指数,-65000000.0,0.0,1,-65000000.0,-65000000.0
2024-01-03,金融,-99600000.0,0.0,3,-99600000.0,-99600000.0
2024-01-04,未分类,3433519979.0,0.0,847,5607480594.999999,5607480594.999999
2024-01-04,科技,182000000.0,0.0,1,472000000.0,472000000.0
2024-01-04,红利策略,83000000.0,0.0,2,72000000.0,72000000.0
2024-01-04,海外指数,-32500000.0,0.0,1,-97500000.0,-97500000.0
2024-01-04,消费,-94100000.0,0.0,3,-144800000.0,-144800000.0
2024-01-04,新能源,-109500000.0,0.0,3,-101500000.0,-101500000.0
2024-01-04,军工,-123000000.0,0.0,1,-119000000.0,-119000000.0
2024-01-04,金融,-344100000.0,0.0,3,-443700000.0,-443700000.0
2024-01-04,宽基指数,-467400000.0,0.0,6,-371700000.0,-371700000.0
2024-01-05,未分类,5207797658.0,0.0,850,10815278253.0,10815278253.0
2024-01-05,红利策略,400000000.0,0.0,2,472000000.0,472000000.0
2024-01-05,科技,272000000.0,0.0,1,744000000.0,744000000.0
2024-01-05,军工,98000000.0,0.0,1,-21000000.0,-21000000.0
2024-01-05,海外指数,0.0,0.0,1,-97500000.0,-97500000.0
2024-01-05,消费,-48500000.0,0.0,3,-193300000.0,-193300000.0
2024-01-05,新能源,-60500000.0,0.0,3,-162000000.0,-162000000.0
2024-01-05,金融,-114100000.0,0.0,3,-557800000.0,-557800000.0
2024-01-05,宽基指数,-195800000.0,0.0,6,-567500000.0,-567500000.0
2024-01-08,未分类,2988522899.0,0.0,850,13803801152.0,13803801152.0
2024-01-08,宽基指数,457100000.0,0.0,6,-110400000.0,-110400000.0
2024-01-08,军工,89000000.0,0.0,1,68000000.0,68000000.0
2024-01-08,金融,40700000.0,0.0,3,-517100000.0,-517100000.0
2024-01-08,红利策略,13000000.0,0.0,2,485000000.0,485000000.0
2024-01-08,海外指数,2600000.0,0.0,1,-94900000.0,-94900000.0
2024-01-08,科技,-2000000.0,0.0,1,742000000.0,742000000.0
2024-01-08,新能源,-65000000.0,0.0,3,-227000000.0,-227000000.0
2024-01-08,消费,-66600000.0,0.0,3,-259900000.0,-259900000.0
2024-01-09,未分类,2548726378.0,0.0,852,16352527530.0,16352527530.0
2024-01-09,宽基指数,435600000.0,0.0,6,325200000.0,325200000.0
2024-01-09,军工,158000000.0,0.0,1,226000000.0,226000000.0
2024-01-09,海外指数,49400000.0,0.0,1,-45500000.0,-45500000.0
2024-01-09,金融,25300000.0,0.0,3,-491800000.0,-491800000.0
2024-01-09,红利策略,17500000.0,0.0,2,502500000.0,502500000.0
2024-01-09,新能源,-31500000.0,0.0,3,-258500000.0,-258500000.0
2024-01-09,消费,-56900000.0,0.0,3,-316800000.0,-316800000.0
2024-01-09,科技,-110000000.0,0.0,1,632000000.0,632000000.0
2024-01-10,未分类,1108298891.0,0.0,853,15286865805.0,17460826421.0
2024-01-10,新能源,349000000.0,0.0,3,82500000.0,90500000.0
2024-01-10,宽基指数,223700000.0,0.0,6,453200000.0,548900000.0
2024-01-10,军工,99000000.0,0.0,1,321000000.0,325000000.0
2024-01-10,金融,50300000.0,0.0,3,-341900000.0,-441500000.0
2024-01-10,海外指数,49400000.0,0.0,1,68900000.0,3900000.0
2024-01-10,红利策略,42500000.0,0.0,2,556000000.0,545000000.0
2024-01-10,科技,-92000000.0,0.0,1,250000000.0,540000000.0
2024-01-10,消费,-112200000.0,0.0,3,-378300000.0,-429000000.0
2024-01-11,宽基指数,707600000.0,0.0,6,1628200000.0,1256500000.0
2024-01-11,红利策略,156500000.0,0.0,2,629500000.0,701500000.0
2024-01-11,新能源,51000000.0,0.0,3,243000000.0,141500000.0
2024-01-11,海外指数,49400000.0,0.0,1,150800000.0,53300000.0
2024-01-11,金融,-2800000.0,0.0,3,-600000.0,-444300000.0
2024-01-11,消费,-41700000.0,0.0,3,-325900000.0,-470700000.0
2024-01-11,军工,-66000000.0,0.0,1,378000000.0,259000000.0
2024-01-11,科技,-136000000.0,0.0,1,-68000000.0,404000000.0
2024-01-11,未分类,-544170340.0,0.0,853,11309175486.0,16916656081.0
2024-01-12,未分类,285868837.00000095,0.0,853,6387246665.000001,17202524918.0
2024-01-12,新能源,143000000.0,0.0,3,446500000.0,284500000.0
2024-01-12,海外指数,49400000.0,0.0,1,200200000.0,102700000.0
2024-01-12,红利策略,46000000.0,0.0,2,275500000.0,747500000.0
2024-01-12,科技,28000000.0,0.0,1,-312000000.0,432000000.0
2024-01-12,军工,21000000.0,0.0,1,301000000.0,280000000.0
2024-01-12,金融,16400000.0,0.0,3,129900000.0,-427900000.0
2024-01-12,消费,-13500000.0,0.0,3,-290900000.0,-484200000.0
2024-01-12,宽基指数,-340300000.0,0.0,6,1483700000.0,916200000.0
2024-01-15,未分类,818568339.0,0.0,853,4217292105.000001,18021093257.0
2024-01-15,军工,61000000.0,0.0,1,273000000.0,341000000.0
2024-01-15,消费,7200000.0,0.0,3,-217100000.0,-477000000.0
2024-01-15,红利策略,2500000.0,0.0,2,265000000.0,750000000.0
2024-01-15,海外指数,0.0,0.0,1,197600000.0,102700000.0
2024-01-15,金融,-25600000.0,0.0,3,63600000.0,-453500000.0
2024-01-15,新能源,-52500000.0,0.0,3,459000000.0,232000000.0
2024-01-15,宽基指数,-115800000.0,0.0,6,910800000.0,800400000.0
2024-01-15,科技,-232000000.0,0.0,1,-542000000.0,200000000.0
2024-01-16,未分类,5267375800.0,0.0,853,6935941527.000001,23288469057.0
2024-01-16,宽基指数,565900000.0,0.0,6,1041100000.0,1366300000.0
2024-01-16,金融,203800000.0,0.0,3,242100000.0,-249700000.0
2024-01-16,红利策略,175000000.0,0.0,2,422500000.0,925000000.0
2024-01-16,科技,126000000.0,0.0,1,-306000000.0,326000000.0
2024-01-16,新能源,51500000.0,0.0,3,542000000.0,283500000.0
2024-01-16,海外指数,49400000.0,0.0,1,197600000.0,152100000.0
2024-01-16,消费,22400000.0,0.0,3,-137800000.0,-454600000.0
2024-01-16,军工,-47000000.0,0.0,1,68000000.0,294000000.0
2024-01-17,未分类,5459031765.999996,0.0,854,11286674401.999996,28747500822.999996
2024-01-17,宽基指数,1217400000.0,0.0,6,2034800000.0,2583700000.0
2024-01-17,金融,93400000.0,0.0,3,285200000.0,-156300000.0
2024-01-17,海外指数,49400000.0,0.0,1,197600000.0,201500000.0
2024-01-17,红利策略,35000000.0,0.0,2,415000000.0,960000000.0
2024-01-17,新能源,-7000000.0,0.0,3,186000000.0,276500000.0
2024-01-17,军工,-51000000.0,0.0,1,-82000000.0,243000000.0
2024-01-17,消费,-96300000.0,0.0,3,-121900000.0,-550900000.0
2024-01-17,科技,-104000000.0,0.0,1,-318000000.0,222000000.0
2024-01-18,宽基指数,5864800000.0,0.0,6,7192000000.0,8448500000.0
2024-01-18,未分类,2292339386.0,0.0,854,14123184127.999996,31039840208.999996
2024-01-18,金融,471200000.0,0.0,3,759200000.0,314900000.0
2024-01-18,红利策略,96000000.0,0.0,2,354500000.0,1056000000.0
2024-01-18,海外指数,49400000.0,0.0,1,197600000.0,250900000.0
2024-01-18,新能源,-74500000.0,0.0,3,60500000.0,202000000.0
2024-01-18,消费,-132700000.0,0.0,3,-212900000.0,-683600000.0
2024-01-18,军工,-170000000.0,0.0,1,-186000000.0,73000000.0
2024-01-18,科技,-348000000.0,0.0,1,-530000000.0,-126000000.0
2024-01-19,宽基指数,3742400000.0,0.0,6,11274700000.0,12190900000.0
2024-01-19,未分类,3421806464.999999,0.0,856,17259121755.999996,34461646673.99999
2024-01-19,新能源,211000000.0,0.0,3,128500000.0,413000000.0
2024-01-19,海外指数,49400000.0,0.0,1,197600000.0,300300000.0
2024-01-19,金融,16900000.0,0.0,3,759700000.0,331800000.0
2024-01-19,红利策略,-23500000.0,0.0,2,285000000.0,1032500000.0
2024-01-19,军工,-34000000.0,0.0,1,-241000000.0,39000000.0
2024-01-19,科技,-90000000.0,0.0,1,-648000000.0,-216000000.0
2024-01-19,消费,-114800000.0,0.0,3,-314200000.0,-798400000.0
2024-01-22,未分类,8998216109.0,0.0,856,25438769525.999996,43459862783.0
2024-01-22,宽基指数,7197899999.999992,0.0,6,18588399999.999992,19388799999.999992
2024-01-22,科技,80000000.0,0.0,1,-336000000.0,-136000000.0
2024-01-22,海外指数,49400000.0,0.0,1,247000000.0,349700000.0
2024-01-22,新能源,17000000.0,0.0,3,198000000.0,430000000.0
2024-01-22,红利策略,3500000.0,0.0,2,286000000.0,1036000000.0
2024-01-22,金融,-14900000.0,0.0,3,770400000.0,316900000.0
2024-01-22,军工,-17000000.0,0.0,1,-319000000.0,22000000.0
2024-01-22,消费,-140800000.0,0.0,3,-462200000.0,-939200000.0
2024-01-23,宽基指数,679400000.0,0.0,6,18701899999.999992,20068199999.999992
2024-01-23,红利策略,100500000.0,0.0,2,211500000.0,1136500000.0
2024-01-23,海外指数,49400000.0,0.0,1,247000000.0,399100000.0
2024-01-23,新能源,2500000.0,0.0,3,149000000.0,432500000.0
2024-01-23,消费,-30500000.0,0.0,3,-515100000.0,-969700000.0
2024-01-23,军工,-126000000.0,0.0,1,-398000000.0,-104000000.0
2024-01-23,金融,-191700000.0,0.0,3,374900000.0,125200000.0
2024-01-23,科技,-382000000.0,0.0,1,-844000000.0,-518000000.0
2024-01-23,未分类,-1117477618.0,0.0,856,19053916107.999996,42342385165.0
2024-01-24,未分类,4929190315.0,0.0,855,18524074657.0,47271575480.0
2024-01-24,宽基指数,1851700000.0,0.0,6,19336199999.999992,21919899999.999992
2024-01-24,新能源,67000000.0,0.0,3,223000000.0,499500000.0
2024-01-24,科技,58000000.0,0.0,1,-682000000.0,-460000000.0
2024-01-24,消费,54100000.0,0.0,3,-364700000.0,-915600000.0
2024-01-24,海外指数,49400000.0,0.0,1,247000000.0,448500000.0
2024-01-24,红利策略,44500000.0,0.0,2,221000000.0,1181000000.0
2024-01-24,军工,-18000000.0,0.0,1,-365000000.0,-122000000.0
2024-01-24,金融,-466000000.0,0.0,3,-184500000.0,-340800000.0
2024-01-25,未分类,3439852900.0,0.0,855,19671588171.0,50711428380.0
2024-01-25,宽基指数,855200000.0,0.0,6,14326599999.999992,22775099999.999992
2024-01-25,新能源,195500000.0,0.0,3,493000000.0,695000000.0
2024-01-25,金融,194800000.0,0.0,3,-460900000.0,-146000000.0
2024-01-25,红利策略,55000000.0,0.0,2,180000000.0,1236000000.0
2024-01-25,海外指数,49400000.0,0.0,1,247000000.0,497900000.0
2024-01-25,消费,33900000.0,0.0,3,-198100000.0,-881700000.0
2024-01-25,军工,31000000.0,0.0,1,-164000000.0,-91000000.0
2024-01-25,科技,-218000000.0,0.0,1,-552000000.0,-678000000.0
2024-01-26,未分类,3808274999.0,0.0,855,20058056705.0,54519703379.0
2024-01-26,宽基指数,2325500000.0,0.0,6,12909699999.999992,25100599999.999992
2024-01-26,科技,434000000.0,0.0,1,-28000000.0,-244000000.0
2024-01-26,海外指数,49400000.0,0.0,1,247000000.0,547300000.0
2024-01-26,消费,-9500000.0,0.0,3,-92800000.0,-891200000.0
2024-01-26,军工,-10000000.0,0.0,1,-140000000.0,-101000000.0
2024-01-26,新能源,-63000000.0,0.0,3,219000000.0,632000000.0
2024-01-26,红利策略,-64500000.0,0.0,2,139000000.0,1171500000.0
2024-01-26,金融,-617000000.0,0.0,3,-1094800000.0,-763000000.0
2024-01-29,未分类,2021296252.0,0.0,855,13081136848.0,56540999631.0
2024-01-29,宽基指数,380500000.0,0.0,6,6092300000.0,25481099999.999992
2024-01-29,海外指数,49400000.0,0.0,1,247000000.0,596700000.0
2024-01-29,军工,6000000.0,0.0,1,-117000000.0,-95000000.0
2024-01-29,科技,-18000000.0,0.0,1,-126000000.0,-262000000.0
2024-01-29,金融,-61500000.0,0.0,3,-1141400000.0,-824500000.0
2024-01-29,红利策略,-117500000.0,0.0,2,18000000.0,1054000000.0
2024-01-29,新能源,-174000000.0,0.0,3,28000000.0,458000000.0
2024-01-29,消费,-187600000.0,0.0,3,-139600000.0,-1078800000.0
2024-01-30,未分类,2243426591.0000005,0.0,855,16442041057.0,58784426222.0
2024-01-30,宽基指数,1918900000.0,0.0,6,7331800000.0,27399999999.999992
2024-01-30,金融,54800000.0,0.0,3,-894900000.0,-769700000.0
2024-01-30,海外指数,49400000.0,0.0,1,247000000.0,646100000.0
2024-01-30,红利策略,32000000.0,0.0,2,-50500000.0,1086000000.0
2024-01-30,消费,-47400000.0,0.0,3,-156500000.0,-1126200000.0
2024-01-30,军工,-48000000.0,0.0,1,-39000000.0,-143000000.0
2024-01-30,科技,-194000000.0,0.0,1,62000000.0,-456000000.0
2024-01-30,新能源,-334500000.0,0.0,3,-309000000.0,123500000.0
2024-01-31,未分类,4402978326.0,0.0,856,15915829068.0,61013443932.0
2024-01-31,宽基指数,3112900000.0,0.0,6,8593000000.0,30417199999.999992
2024-01-31,海外指数,49400000.0,0.0,1,247000000.0,760500000.0
2024-01-31,消费,47000000.0,0.0,3,-163600000.0,-1028500000.0
2024-01-31,红利策略,40500000.0,0.0,2,-54500000.0,1137500000.0
2024-01-31,军工,3000000.0,0.0,1,-18000000.0,-144000000.0
2024-01-31,金融,-50700000.0,0.0,3,-479600000.0,-720800000.0
2024-01-31,新能源,-224000000.0,0.0,3,-600000000.0,-108500000.0
2024-01-31,科技,-262000000.0,0.0,1,-258000000.0,-1008000000.0
2024-02-01,宽基指数,3127600000.0,0.0,6,10865400000.0,34012199999.999992
2024-02-01,未分类,1516178700.0,0.0,857,13992154868.0,59096102653.0
2024-02-01,红利策略,188000000.0,0.0,2,78500000.0,1242500000.0
2024-02-01,海外指数,49400000.0,0.0,1,247000000.0,842400000.0
2024-02-01,军工,-7000000.0,0.0,1,-56000000.0,-28000000.0
2024-02-01,金融,-67800000.0,0.0,3,-742200000.0,-444500000.0
2024-02-01,消费,-74200000.0,0.0,3,-271700000.0,-1008600000.0
2024-02-01,新能源,-285500000.0,0.0,3,-1081000000.0,-284500000.0
2024-02-01,科技,-338000000.0,0.0,1,-378000000.0,-1528000000.0
2024-02-02,未分类,7126704178.999999,0.0,858,17310584048.0,61015009173.99999
2024-02-02,宽基指数,3727400000.0,0.0,6,12267300000.0,37935399999.99999
2024-02-02,金融,501700000.0,0.0,3,376500000.0,171300000.0
2024-02-02,红利策略,386000000.0,0.0,2,529000000.0,1228500000.0
2024-02-02,海外指数,49400000.0,0.0,1,247000000.0,891800000.0
2024-02-02,军工,-22000000.0,0.0,1,-68000000.0,-148000000.0
2024-02-02,新能源,-91500000.0,0.0,3,-1109500000.0,-315500000.0
2024-02-02,消费,-99200000.0,0.0,3,-361400000.0,-1059300000.0
2024-02-02,科技,-172000000.0,0.0,1,-984000000.0,-1972000000.0
2024-02-05,未分类,11647799159.0,0.0,859,26937086955.0,69674285434.0
2024-02-05,宽基指数,8408900000.000002,0.0,6,20295700000.0,45887199999.99999
2024-02-05,金融,85500000.0,0.0,3,523500000.0,216100000.0
2024-02-05,海外指数,49400000.0,0.0,1,247000000.0,938600000.0
2024-02-05,红利策略,40000000.0,0.0,2,686500000.0,1255500000.0
2024-02-05,军工,-4000000.0,0.0,1,-78000000.0,-241000000.0
2024-02-05,消费,-184300000.0,0.0,3,-358100000.0,-1177000000.0
2024-02-05,新能源,-220000000.0,0.0,3,-1155500000.0,-470500000.0
2024-02-05,科技,-350000000.0,0.0,1,-1316000000.0,-2320000000.0
2024-02-06,未分类,2114105119.9999924,0.0,859,26807765483.999992,69239664175.99998
2024-02-06,宽基指数,1981200000.0,0.0,6,20358000000.0,47432799999.99999
2024-02-06,海外指数,49400000.0,0.0,1,247000000.0,938600000.0
2024-02-06,军工,-44000000.0,0.0,1,-74000000.0,-443000000.0
2024-02-06,红利策略,-139000000.0,0.0,2,515500000.0,1099000000.0
2024-02-06,消费,-143800000.0,0.0,3,-454500000.0,-1263900000.0
2024-02-06,新能源,-268500000.0,0.0,3,-1089500000.0,-707500000.0
2024-02-06,科技,-482000000.0,0.0,1,-1604000000.0,-2692000000.0
2024-02-06,金融,-496100000.0,0.0,3,-27400000.0,-305300000.0
2024-02-07,宽基指数,8152700000.0,0.0,6,25397800000.0,55361799999.99999
2024-02-07,未分类,7051574971.000001,0.0,860,29456362128.999992,75182940255.99998
2024-02-07,海外指数,49400000.0,0.0,1,247000000.0,938600000.0
2024-02-07,红利策略,-96500000.0,0.0,2,378500000.0,960000000.0
2024-02-07,军工,-214000000.0,0.0,1,-291000000.0,-756000000.0
2024-02-07,新能源,-260500000.0,0.0,3,-1126000000.0,-1317000000.0
2024-02-07,消费,-260900000.0,0.0,3,-762400000.0,-1412600000.0
2024-02-07,科技,-338000000.0,0.0,1,-1680000000.0,-2938000000.0
2024-02-07,金融,-746700000.0,0.0,3,-723400000.0,-1102300000.0
2024-02-08,未分类,11860954050.0,0.0,860,39801137478.99999,87588064645.99998
2024-02-08,宽基指数,5385400000.0,0.0,6,27655600000.0,60039599999.99999
2024-02-08,海外指数,49400000.0,0.0,1,247000000.0,938600000.0
2024-02-08,红利策略,-3500000.0,0.0,2,187000000.0,800000000.0
2024-02-08,军工,-74000000.0,0.0,1,-358000000.0,-764000000.0
2024-02-08,消费,-122100000.0,0.0,3,-810300000.0,-1493000000.0
2024-02-08,新能源,-227000000.0,0.0,3,-1067500000.0,-1595000000.0
2024-02-08,科技,-270000000.0,0.0,1,-1612000000.0,-3072000000.0
2024-02-08,金融,-419400000.0,0.0,3,-1075000000.0,-1518900000.0
2024-02-19,宽基指数,1632300000.0,0.0,6,25560500000.0,62012199999.99999
2024-02-19,海外指数,0.0,0.0,1,197600000.0,889200000.0
2024-02-19,红利策略,-34500000.0,0.0,2,-233500000.0,719500000.0
2024-02-19,军工,-80000000.0,0.0,1,-416000000.0,-865000000.0
2024-02-19,新能源,-85500000.0,0.0,3,-1061500000.0,-1823500000.0
2024-02-19,科技,-144000000.0,0.0,1,-1584000000.0,-3244000000.0
2024-02-19,消费,-145100000.0,0.0,3,-856200000.0,-1624600000.0
2024-02-19,金融,-178200000.0,0.0,3,-1754900000.0,-1713500000.0
2024-02-19,未分类,-547737269.0000029,0.0,860,32126696030.99999,86754458539.99998
2024-02-20,红利策略,312000000.0,0.0,2,38500000.0,1029000000.0
2024-02-20,海外指数,49400000.0,0.0,1,197600000.0,938600000.0
2024-02-20,金融,34000000.0,0.0,3,-1806400000.0,-1653900000.0
2024-02-20,军工,-37000000.0,0.0,1,-449000000.0,-963000000.0
2024-02-20,消费,-95100000.0,0.0,3,-767000000.0,-1726900000.0
2024-02-20,新能源,-109500000.0,0.0,3,-951000000.0,-1880500000.0
2024-02-20,科技,-154000000.0,0.0,1,-1388000000.0,-3166000000.0
2024-02-20,宽基指数,-165800000.0,0.0,6,16985800000.0,61962199999.99999
2024-02-20,未分类,-1764032507.0,0.0,860,18714864364.99999,84171857693.99998
2024-02-21,宽基指数,531500000.0,0.0,6,15536100000.0,61927799999.99999
2024-02-21,海外指数,49400000.0,0.0,1,197600000.0,938600000.0
2024-02-21,科技,18000000.0,0.0,1,-888000000.0,-3274000000.0
2024-02-21,军工,11000000.0,0.0,1,-394000000.0,-905000000.0
2024-02-21,红利策略,-10000000.0,0.0,2,167500000.0,844000000.0
2024-02-21,新能源,-83000000.0,0.0,3,-765500000.0,-2015000000.0
2024-02-21,消费,-296100000.0,0.0,3,-919300000.0,-2045400000.0
2024-02-21,金融,-402200000.0,0.0,3,-1712500000.0,-2259900000.0
2024-02-21,未分类,-1350905595.0,0.0,860,15249853649.999996,77553576298.99998
2024-02-22,海外指数,49400000.0,0.0,1,197600000.0,938600000.0
2024-02-22,消费,22600000.0,0.0,3,-635800000.0,-1926500000.0
2024-02-22,红利策略,-18500000.0,0.0,2,245500000.0,790500000.0
2024-02-22,军工,-34000000.0,0.0,1,-214000000.0,-888000000.0
2024-02-22,新能源,-54500000.0,0.0,3,-559500000.0,-2062500000.0
2024-02-22,金融,-146900000.0,0.0,3,-1112700000.0,-2500200000.0
2024-02-22,科技,-202000000.0,0.0,1,-752000000.0,-3372000000.0
2024-02-22,宽基指数,-234700000.0,0.0,6,7148700000.0,60475699999.99999
2024-02-22,未分类,-1729549595.999998,0.0,862,6468729082.999998,70364994936.99998
2024-02-23,新能源,56500000.0,0.0,3,-276000000.0,-1931500000.0
2024-02-23,海外指数,49400000.0,0.0,1,197600000.0,938600000.0
2024-02-23,金融,24400000.0,0.0,3,-668900000.0,-2947000000.0
2024-02-23,消费,3300000.0,0.0,3,-510400000.0,-1790500000.0
2024-02-23,红利策略,-17500000.0,0.0,2,231500000.0,677000000.0
2024-02-23,军工,-51000000.0,0.0,1,-191000000.0,-769000000.0
2024-02-23,科技,-180000000.0,0.0,1,-662000000.0,-3204000000.0
2024-02-23,宽基指数,-437500000.0,0.0,6,1325800000.0,54173399999.99999
2024-02-23,未分类,-1764511957.0,0.0,863,-7156736924.000002,66308143593.999985
2024-02-26,海外指数,9100000.0,0.0,1,206700000.0,898300000.0
2024-02-26,军工,-22000000.0,0.0,1,-133000000.0,-757000000.0
2024-02-26,消费,-108500000.0,0.0,3,-473800000.0,-1784200000.0
2024-02-26,红利策略,-113000000.0,0.0,2,153000000.0,587500000.0
2024-02-26,新能源,-125500000.0,0.0,3,-316000000.0,-2268000000.0
2024-02-26,科技,-180000000.0,0.0,1,-698000000.0,-3294000000.0
2024-02-26,金融,-222000000.0,0.0,3,-712700000.0,-3185900000.0
2024-02-26,宽基指数,-1218300000.0,0.0,6,-1524800000.0,49212699999.99999
2024-02-26,未分类,-5315608284.0,0.0,864,-11924607939.0,57570728844.99999
2024-02-27,消费,81000000.0,0.0,3,-297700000.0,-1562400000.0
2024-02-27,新能源,63000000.0,0.0,3,-143500000.0,-2222000000.0
2024-02-27,海外指数,9100000.0,0.0,1,166400000.0,858000000.0
2024-02-27,宽基指数,-27500000.0,0.0,6,-1386500000.0,41987300000.0
2024-02-27,红利策略,-42000000.0,0.0,2,-201000000.0,542000000.0
2024-02-27,军工,-53000000.0,0.0,1,-149000000.0,-793000000.0
2024-02-27,金融,-182200000.0,0.0,3,-928900000.0,-3353200000.0
2024-02-27,科技,-334000000.0,0.0,1,-878000000.0,-3708000000.0
2024-02-27,未分类,-4323640609.0,0.0,864,-14484216041.0,44248872126.999985
2024-02-28,宽基指数,925000000.0,0.0,6,-993000000.0,42232900000.0
2024-02-28,科技,196000000.0,0.0,1,-700000000.0,-3130000000.0
2024-02-28,消费,181300000.0,0.0,3,179700000.0,-1350600000.0
2024-02-28,海外指数,9100000.0,0.0,1,126100000.0,817700000.0
2024-02-28,军工,-9000000.0,0.0,1,-169000000.0,-676000000.0
2024-02-28,红利策略,-34500000.0,0.0,2,-225500000.0,407000000.0
2024-02-28,新能源,-196500000.0,0.0,3,-257000000.0,-2421000000.0
2024-02-28,未分类,-664911145.0,0.0,864,-13798221591.0,44701438599.999985
2024-02-28,金融,-731700000.0,0.0,3,-1258400000.0,-3893200000.0
2024-02-29,宽基指数,579400000.0,0.0,6,-178900000.0,40960600000.0
2024-02-29,金融,96200000.0,0.0,3,-1015300000.0,-3331000000.0
2024-02-29,海外指数,9100000.0,0.0,1,85800000.0,777400000.0
2024-02-29,红利策略,-27500000.0,0.0,2,-234500000.0,335000000.0
2024-02-29,军工,-88000000.0,0.0,1,-223000000.0,-746000000.0
2024-02-29,消费,-130600000.0,0.0,3,26500000.0,-1535300000.0
2024-02-29,新能源,-217000000.0,0.0,3,-419500000.0,-2705000000.0
2024-02-29,科技,-796000000.0,0.0,1,-1294000000.0,-3984000000.0
2024-02-29,未分类,-6435682502.999999,0.0,864,-18504354498.0,33336565781.99999
2024-03-01,金融,77300000.0,0.0,3,-962400000.0,-3448500000.0
2024-03-01,新能源,64500000.0,0.0,3,-411500000.0,-2836000000.0
2024-03-01,海外指数,9100000.0,0.0,1,45500000.0,737100000.0
2024-03-01,军工,9000000.0,0.0,1,-163000000.0,-768000000.0
2024-03-01,宽基指数,-2700000.0,0.0,6,255900000.0,40102700000.0
2024-03-01,红利策略,-78500000.0,0.0,2,-295500000.0,201500000.0
2024-03-01,消费,-79900000.0,0.0,3,-56700000.0,-1649100000.0
2024-03-01,科技,-90000000.0,0.0,1,-1204000000.0,-3856000000.0
2024-03-01,未分类,-3813584282.0,0.0,864,-20553426823.0,26083128599.999992
2024-03-04,金融,209100000.0,0.0,3,-531300000.0,-2622400000.0
2024-03-04,海外指数,9100000.0,0.0,1,45500000.0,696800000.0
2024-03-04,红利策略,9000000.0,0.0,2,-173500000.0,275000000.0
2024-03-04,军工,-36000000.0,0.0,1,-177000000.0,-794000000.0
2024-03-04,新能源,-124000000.0,0.0,3,-410000000.0,-2897000000.0
2024-03-04,消费,-127100000.0,0.0,3,-75300000.0,-1766700000.0
2024-03-04,科技,-274000000.0,0.0,1,-1298000000.0,-4564000000.0
2024-03-04,宽基指数,-1455500000.0,0.0,6,18700000.0,36321700000.0
2024-03-04,未分类,-4939250652.0,0.0,865,-20177069191.0,17335602948.999992
2024-03-05,宽基指数,5218100000.0,0.0,6,5264300000.0,41159300000.0
2024-03-05,未分类,5069137088.0,0.0,864,-10784291494.0,20383443784.999992
2024-03-05,红利策略,20000000.0,0.0,2,-111500000.0,412500000.0
2024-03-05,军工,12000000.0,0.0,1,-112000000.0,-788000000.0
2024-03-05,海外指数,9100000.0,0.0,1,45500000.0,656500000.0
2024-03-05,新能源,-165000000.0,0.0,3,-638000000.0,-2888000000.0
2024-03-05,消费,-236700000.0,0.0,3,-393000000.0,-1815800000.0
2024-03-05,金融,-276100000.0,0.0,3,-625200000.0,-2837000000.0
2024-03-05,科技,-362000000.0,0.0,1,-1326000000.0,-4908000000.0
2024-03-06,未分类,1986530597.0,0.0,864,-8132849752.0,20126547790.999992
2024-03-06,宽基指数,1773800000.0,0.0,6,6113100000.0,41014200000.0
2024-03-06,红利策略,68500000.0,0.0,2,-8500000.0,449000000.0
2024-03-06,消费,25900000.0,0.0,3,-548400000.0,-1742500000.0
2024-03-06,新能源,22500000.0,0.0,3,-419000000.0,-2531000000.0
2024-03-06,海外指数,9100000.0,0.0,1,45500000.0,616200000.0
2024-03-06,军工,-41000000.0,0.0,1,-144000000.0,-781000000.0
2024-03-06,金融,-57900000.0,0.0,3,48600000.0,-2949700000.0
2024-03-06,科技,-62000000.0,0.0,1,-1584000000.0,-4776000000.0
2024-03-07,未分类,1792439956.0000012,0.0,864,95272707.00000024,17516009420.999992
2024-03-07,宽基指数,252000000.0,0.0,6,5785700000.0,38153300000.0
2024-03-07,科技,80000000.0,0.0,1,-708000000.0,-4434000000.0
2024-03-07,新能源,44500000.0,0.0,3,-157500000.0,-2262500000.0
2024-03-07,海外指数,9100000.0,0.0,1,45500000.0,575900000.0
2024-03-07,红利策略,-18000000.0,0.0,2,1000000.0,390500000.0
2024-03-07,军工,-28000000.0,0.0,1,-84000000.0,-812000000.0
2024-03-07,金融,-104500000.0,0.0,3,-152100000.0,-3003500000.0
2024-03-07,消费,-110500000.0,0.0,3,-528300000.0,-1900000000.0
2024-03-08,宽基指数,269600000.0,0.0,6,6058000000.0,35295300000.0
2024-03-08,金融,96700000.0,0.0,3,-132700000.0,-2839000000.0
2024-03-08,消费,36400000.0,0.0,3,-412000000.0,-1789400000.0
2024-03-08,海外指数,9100000.0,0.0,1,45500000.0,535600000.0
2024-03-08,红利策略,5500000.0,0.0,2,85000000.0,208000000.0
2024-03-08,军工,-25000000.0,0.0,1,-118000000.0,-830000000.0
2024-03-08,新能源,-62500000.0,0.0,3,-284500000.0,-2039500000.0
2024-03-08,科技,-318000000.0,0.0,1,-936000000.0,-4414000000.0
2024-03-08,未分类,-2089498708.0,0.0,864,1819358281.0,13910332012.999994
2024-03-11,金融,160800000.0,0.0,3,-181000000.0,-3179900000.0
2024-03-11,科技,70000000.0,0.0,1,-592000000.0,-4172000000.0
2024-03-11,海外指数,9100000.0,0.0,1,45500000.0,495300000.0
2024-03-11,军工,-26000000.0,0.0,1,-108000000.0,-834000000.0
2024-03-11,红利策略,-93000000.0,0.0,2,-17000000.0,-271000000.0
2024-03-11,新能源,-120000000.0,0.0,3,-280500000.0,-2068000000.0
2024-03-11,消费,-180700000.0,0.0,3,-465600000.0,-1870900000.0
2024-03-11,宽基指数,-1202100000.0,0.0,6,6311400000.0,30365800000.0
2024-03-11,未分类,-6997981835.0,0.0,865,-239372902.0,-214354001.00000572
2024-03-12,宽基指数,873300000.0,0.0,6,1966600000.0,22830200000.0
2024-03-12,科技,94000000.0,0.0,1,-136000000.0,-3728000000.0
2024-03-12,军工,85000000.0,0.0,1,-35000000.0,-745000000.0
2024-03-12,金融,53300000.0,0.0,3,148400000.0,-3212100000.0
2024-03-12,新能源,47000000.0,0.0,3,-68500000.0,-1801000000.0
2024-03-12,海外指数,9100000.0,0.0,1,45500000.0,455000000.0
2024-03-12,红利策略,-74000000.0,0.0,2,-111000000.0,-385000000.0
2024-03-12,消费,-422000000.0,0.0,3,-650900000.0,-2108600000.0
2024-03-12,未分类,-2198339675.0,0.0,866,-7506849665.0,-14060492835.000006
2024-03-13,金融,277700000.0,0.0,3,484000000.0,-2438300000.0
2024-03-13,新能源,79000000.0,0.0,3,-12000000.0,-1453500000.0
2024-03-13,海外指数,9100000.0,0.0,1,45500000.0,414700000.0
2024-03-13,红利策略,-56000000.0,0.0,2,-235500000.0,-302000000.0
2024-03-13,军工,-73000000.0,0.0,1,-67000000.0,-774000000.0
2024-03-13,科技,-114000000.0,0.0,1,-188000000.0,-3360000000.0
2024-03-13,消费,-178600000.0,0.0,3,-855400000.0,-2143400000.0
2024-03-13,宽基指数,-317900000.0,0.0,6,-125100000.0,20531100000.0
2024-03-13,未分类,-2697530012.0,0.0,866,-12190910274.0,-18872127967.0
2024-03-14,金融,216400000.0,0.0,3,804900000.0,-1475200000.0
2024-03-14,新能源,104500000.0,0.0,3,48000000.0,-1088500000.0
2024-03-14,科技,68000000.0,0.0,1,-200000000.0,-2954000000.0
2024-03-14,红利策略,52000000.0,0.0,2,-165500000.0,-153500000.0
2024-03-14,军工,28000000.0,0.0,1,-11000000.0,-532000000.0
2024-03-14,海外指数,9100000.0,0.0,1,45500000.0,374400000.0
2024-03-14,消费,-82500000.0,0.0,3,-827400000.0,-1965000000.0
2024-03-14,宽基指数,-388900000.0,0.0,6,-766000000.0,11989500000.0
2024-03-14,未分类,-573862542.0,0.0,868,-14557212772.000002,-26497565480.0
2024-03-15,新能源,111500000.0,0.0,3,222000000.0,-750000000.0
2024-03-15,海外指数,9100000.0,0.0,1,45500000.0,334100000.0
2024-03-15,军工,-6000000.0,0.0,1,8000000.0,-464000000.0
2024-03-15,科技,-6000000.0,0.0,1,112000000.0,-2690000000.0
2024-03-15,金融,-29900000.0,0.0,3,678300000.0,-1085700000.0
2024-03-15,消费,-40300000.0,0.0,3,-904100000.0,-1883200000.0
2024-03-15,红利策略,-68000000.0,0.0,2,-239000000.0,-218000000.0
2024-03-15,未分类,-417553757.0,0.0,872,-12885267821.000002,-38776073287.0
2024-03-15,宽基指数,-574000000.0,0.0,6,-1609600000.0,6030100000.0
2024-03-18,消费,68200000.0,0.0,3,-655200000.0,-1669900000.0
2024-03-18,海外指数,9100000.0,0.0,1,45500000.0,343200000.0
2024-03-18,红利策略,-72500000.0,0.0,2,-218500000.0,-256000000.0
2024-03-18,军工,-90000000.0,0.0,1,-56000000.0,-474000000.0
2024-03-18,新能源,-289000000.0,0.0,3,53000000.0,-953500000.0
2024-03-18,科技,-342000000.0,0.0,1,-300000000.0,-2888000000.0
2024-03-18,金融,-601900000.0,0.0,3,-84400000.0,-1509400000.0
2024-03-18,宽基指数,-1406900000.0,0.0,6,-1814400000.0,2990900000.0
2024-03-18,未分类,-3290836139.0,0.0,876,-9178122125.0,-41519172157.0
2024-03-19,金融,101900000.0,0.0,3,-35800000.0,-1441500000.0
2024-03-19,新能源,79000000.0,0.0,3,85000000.0,-765000000.0
2024-03-19,红利策略,39500000.0,0.0,2,-105000000.0,-528500000.0
2024-03-19,海外指数,9100000.0,0.0,1,45500000.0,302900000.0
2024-03-19,科技,-14000000.0,0.0,1,-408000000.0,-2748000000.0
2024-03-19,军工,-56000000.0,0.0,1,-197000000.0,-493000000.0
2024-03-19,消费,-101700000.0,0.0,3,-334900000.0,-1676500000.0
2024-03-19,宽基指数,-822100000.0,0.0,6,-3509800000.0,2334600000.0
2024-03-19,未分类,-1750507855.0000002,0.0,876,-8730290305.000002,-41505647505.0
2024-03-20,金融,322600000.0,0.0,3,9100000.0,-716700000.0
2024-03-20,科技,34000000.0,0.0,1,-260000000.0,-2732000000.0
2024-03-20,海外指数,9100000.0,0.0,1,45500000.0,262600000.0
2024-03-20,红利策略,-2000000.0,0.0,2,-51000000.0,-520500000.0
2024-03-20,军工,-12000000.0,0.0,1,-136000000.0,-516000000.0
2024-03-20,消费,-32200000.0,0.0,3,-188500000.0,-1412600000.0
2024-03-20,新能源,-46000000.0,0.0,3,-40000000.0,-728000000.0
2024-03-20,宽基指数,-127200000.0,0.0,6,-3319100000.0,1675900000.0
2024-03-20,未分类,-1213275127.0,0.0,876,-7246035420.000001,-41368017037.0
2024-03-21,科技,52000000.0,0.0,1,-276000000.0,-2478000000.0
2024-03-21,新能源,36500000.0,0.0,3,-108000000.0,-637000000.0
2024-03-21,海外指数,9100000.0,0.0,1,45500000.0,222300000.0
2024-03-21,军工,-38000000.0,0.0,1,-202000000.0,-520000000.0
2024-03-21,消费,-45500000.0,0.0,3,-151500000.0,-1480700000.0
2024-03-21,红利策略,-89000000.0,0.0,2,-192000000.0,-591000000.0
2024-03-21,金融,-255700000.0,0.0,3,-463000000.0,-825500000.0
2024-03-21,宽基指数,-313500000.0,0.0,6,-3243700000.0,1597100000.0
2024-03-21,未分类,-2480628098.0,0.0,876,-9152800976.0,-42119095539.0
2024-03-22,未分类,690815440.0,0.0,876,-8044431779.000001,-39663768142.0
2024-03-22,红利策略,10500000.0,0.0,2,-113500000.0,-563000000.0
2024-03-22,海外指数,9100000.0,0.0,1,45500000.0,182000000.0
2024-03-22,宽基指数,-30800000.0,0.0,6,-2700500000.0,2003800000.0
2024-03-22,金融,-47700000.0,0.0,3,-480800000.0,-897600000.0
2024-03-22,新能源,-63000000.0,0.0,3,-282500000.0,-756500000.0
2024-03-22,军工,-83000000.0,0.0,1,-279000000.0,-552000000.0
2024-03-22,消费,-112200000.0,0.0,3,-223400000.0,-1596200000.0
2024-03-22,科技,-174000000.0,0.0,1,-444000000.0,-2472000000.0
2024-03-25,金融,715800000.0,0.0,3,836900000.0,40200000.0
2024-03-25,消费,33500000.0,0.0,3,-258100000.0,-1454200000.0
2024-03-25,红利策略,18000000.0,0.0,2,-23000000.0,-432000000.0
2024-03-25,海外指数,9100000.0,0.0,1,45500000.0,182000000.0
2024-03-25,军工,-40000000.0,0.0,1,-229000000.0,-570000000.0
2024-03-25,科技,-84000000.0,0.0,1,-186000000.0,-2376000000.0
2024-03-25,新能源,-99500000.0,0.0,3,-93000000.0,-730500000.0
2024-03-25,宽基指数,-444700000.0,0.0,6,-1738300000.0,2777400000.0
2024-03-25,未分类,-853276290.000001,0.0,877,-5606871930.000002,-35201436148.0
2024-03-26,未分类,1134959979.000001,0.0,878,-2721404096.000001,-29742835560.0
2024-03-26,宽基指数,447600000.0,0.0,6,-468600000.0,3252500000.0
2024-03-26,科技,392000000.0,0.0,1,220000000.0,-1650000000.0
2024-03-26,金融,57800000.0,0.0,3,792800000.0,280200000.0
2024-03-26,红利策略,36000000.0,0.0,2,-26500000.0,-354000000.0
2024-03-26,海外指数,9100000.0,0.0,1,45500000.0,182000000.0
2024-03-26,新能源,7500000.0,0.0,3,-164500000.0,-786000000.0
2024-03-26,军工,-8000000.0,0.0,1,-181000000.0,-525000000.0
2024-03-26,消费,-116500000.0,0.0,3,-272900000.0,-1651700000.0
2024-03-27,未分类,1624067100.0,0.0,878,115938130.99999928,-27453857315.0
2024-03-27,金融,218400000.0,0.0,3,688600000.0,1230300000.0
2024-03-27,科技,124000000.0,0.0,1,310000000.0,-1722000000.0
2024-03-27,红利策略,64000000.0,0.0,2,39500000.0,-255500000.0
2024-03-27,军工,36000000.0,0.0,1,-133000000.0,-480000000.0
2024-03-27,海外指数,9100000.0,0.0,1,45500000.0,182000000.0
2024-03-27,消费,-27500000.0,0.0,3,-268200000.0,-1860500000.0
2024-03-27,新能源,-79500000.0,0.0,3,-198000000.0,-669000000.0
2024-03-27,宽基指数,-220000000.0,0.0,6,-561400000.0,2107500000.0
2024-03-28,金融,103000000.0,0.0,3,1047300000.0,1237100000.0
2024-03-28,红利策略,52500000.0,0.0,2,181000000.0,-175500000.0
2024-03-28,海外指数,9100000.0,0.0,1,45500000.0,182000000.0
2024-03-28,科技,8000000.0,0.0,1,266000000.0,-918000000.0
2024-03-28,消费,-30500000.0,0.0,3,-253200000.0,-1760400000.0
2024-03-28,军工,-90000000.0,0.0,1,-185000000.0,-482000000.0
2024-03-28,新能源,-118500000.0,0.0,3,-353000000.0,-570500000.0
2024-03-28,宽基指数,-265300000.0,0.0,6,-513200000.0,1262800000.0
2024-03-28,未分类,-667722749.000001,0.0,879,1928843479.999998,-21685897561.0
2024-03-29,未分类,1323417931.0,0.0,879,2561445970.999998,-16548895348.0
2024-03-29,金融,197900000.0,0.0,3,1292900000.0,1357700000.0
2024-03-29,消费,57500000.0,0.0,3,-83500000.0,-1623000000.0
2024-03-29,科技,56000000.0,0.0,1,496000000.0,-772000000.0
2024-03-29,海外指数,0.0,0.0,1,36400000.0,172900000.0
2024-03-29,红利策略,-36500000.0,0.0,2,134000000.0,-133500000.0
2024-03-29,军工,-48000000.0,0.0,1,-150000000.0,-539000000.0
2024-03-29,新能源,-115500000.0,0.0,3,-405500000.0,-750500000.0
2024-03-29,宽基指数,-727200000.0,0.0,6,-1209600000.0,538300000.0
2024-04-01,宽基指数,703400000.0,0.0,6,-61500000.0,2697200000.0
2024-04-01,消费,89800000.0,0.0,3,-27200000.0,-1406100000.0
2024-04-01,海外指数,9100000.0,0.0,1,36400000.0,172900000.0
2024-04-01,红利策略,-500000.0,0.0,2,115500000.0,-143000000.0
2024-04-01,科技,-32000000.0,0.0,1,548000000.0,-530000000.0
2024-04-01,军工,-93000000.0,0.0,1,-203000000.0,-596000000.0
2024-04-01,金融,-192000000.0,0.0,3,385100000.0,956600000.0
2024-04-01,新能源,-267500000.0,0.0,3,-573500000.0,-894000000.0
2024-04-01,未分类,-597436806.0,0.0,879,2817285454.999999,-12207081502.0
2024-04-02,未分类,1216758027.0,0.0,879,2899083502.999998,-16059460563.0
2024-04-02,宽基指数,215500000.0,0.0,6,-293600000.0,-2305400000.0
2024-04-02,科技,174000000.0,0.0,1,330000000.0,6000000.0
2024-04-02,消费,27000000.0,0.0,3,116300000.0,-1142400000.0
2024-04-02,金融,13700000.0,0.0,3,341000000.0,1246400000.0
2024-04-02,海外指数,9100000.0,0.0,1,36400000.0,172900000.0
2024-04-02,红利策略,-6500000.0,0.0,2,73000000.0,-169500000.0
2024-04-02,军工,-11000000.0,0.0,1,-206000000.0,-619000000.0
2024-04-02,新能源,-21500000.0,0.0,3,-602500000.0,-750500000.0
2024-04-03,科技,172000000.0,0.0,1,378000000.0,240000000.0
2024-04-03,军工,79000000.0,0.0,1,-163000000.0,-499000000.0
2024-04-03,海外指数,9100000.0,0.0,1,36400000.0,172900000.0
2024-04-03,未分类,-11713293.0,0.0,879,1263303109.999998,-18057704453.0
2024-04-03,消费,-13600000.0,0.0,3,130200000.0,-1181900000.0
2024-04-03,金融,-26100000.0,0.0,3,96500000.0,1278200000.0
2024-04-03,红利策略,-41000000.0,0.0,2,-32000000.0,-279000000.0
2024-04-03,新能源,-125000000.0,0.0,3,-648000000.0,-898000000.0
2024-04-03,宽基指数,-428800000.0,0.0,6,-502400000.0,-4508000000.0
2024-04-08,未分类,1387808025.0,0.0,880,3318833883.999999,-18462336384.0
2024-04-08,科技,82000000.0,0.0,1,452000000.0,242000000.0
2024-04-08,军工,28000000.0,0.0,1,-45000000.0,-443000000.0
2024-04-08,消费,23800000.0,0.0,3,184500000.0,-1047600000.0
2024-04-08,海外指数,9100000.0,0.0,1,36400000.0,172900000.0
2024-04-08,新能源,-5500000.0,0.0,3,-535000000.0,-948000000.0
2024-04-08,金融,-26200000.0,0.0,3,-32700000.0,1356500000.0
2024-04-08,红利策略,-32000000.0,0.0,2,-116500000.0,-293000000.0
2024-04-08,宽基指数,-864300000.0,0.0,6,-1101400000.0,-5624300000.0
2024-04-09,未分类,644179629.9999998,0.0,880,2639595582.999999,-15728658046.000002
2024-04-09,科技,68000000.0,0.0,1,464000000.0,628000000.0
2024-04-09,宽基指数,63500000.0,0.0,6,-310700000.0,-5830400000.0
2024-04-09,消费,18100000.0,0.0,3,145100000.0,-1065900000.0
2024-04-09,军工,12000000.0,0.0,1,15000000.0,-406000000.0
2024-04-09,海外指数,9100000.0,0.0,1,45500000.0,172900000.0
2024-04-09,新能源,-64500000.0,0.0,3,-484000000.0,-950000000.0
2024-04-09,红利策略,-83500000.0,0.0,2,-163500000.0,-382000000.0
2024-04-09,金融,-120000000.0,0.0,3,-350600000.0,1139800000.0
2024-04-10,未分类,2174610722.0,0.0,880,5411643110.999999,-6556065488.999999
2024-04-10,金融,586900000.0,0.0,3,428300000.0,1565900000.0
2024-04-10,科技,202000000.0,0.0,1,698000000.0,760000000.0
2024-04-10,军工,42000000.0,0.0,1,150000000.0,-338000000.0
2024-04-10,海外指数,9100000.0,0.0,1,45500000.0,172900000.0
2024-04-10,新能源,4000000.0,0.0,3,-212500000.0,-826000000.0
2024-04-10,红利策略,-65000000.0,0.0,2,-228000000.0,-354000000.0
2024-04-10,消费,-127300000.0,0.0,3,-72000000.0,-1012500000.0
2024-04-10,宽基指数,-221200000.0,0.0,6,-1235300000.0,-4849500000.0
2024-04-11,未分类,3841467026.0000005,0.0,880,8036352110.0,-516258787.9999995
2024-04-11,宽基指数,274200000.0,0.0,6,-1176600000.0,-5448600000.0
2024-04-11,消费,67000000.0,0.0,3,-32000000.0,-523500000.0
2024-04-11,金融,61800000.0,0.0,3,476400000.0,1574400000.0
2024-04-11,海外指数,9100000.0,0.0,1,45500000.0,172900000.0
2024-04-11,军工,-38000000.0,0.0,1,123000000.0,-461000000.0
2024-04-11,新能源,-61000000.0,0.0,3,-252000000.0,-934000000.0
2024-04-11,红利策略,-65000000.0,0.0,2,-286500000.0,-345000000.0
2024-04-11,科技,-104000000.0,0.0,1,420000000.0,562000000.0
2024-04-12,未分类,451145067.0,0.0,884,8499210470.0,2632416291.0000005
2024-04-12,金融,391100000.0,0.0,3,893600000.0,1687800000.0
2024-04-12,红利策略,10500000.0,0.0,2,-235000000.0,-278500000.0
2024-04-12,海外指数,9100000.0,0.0,1,45500000.0,172900000.0
2024-04-12,消费,-4200000.0,0.0,3,-22600000.0,-349100000.0
2024-04-12,新能源,-28000000.0,0.0,3,-155000000.0,-1041000000.0
2024-04-12,军工,-35000000.0,0.0,1,9000000.0,-423000000.0
2024-04-12,科技,-216000000.0,0.0,1,32000000.0,460000000.0
2024-04-12,宽基指数,-948500000.0,0.0,6,-1696300000.0,-6079200000.0
2024-04-15,未分类,440231404.0,0.0,886,7551633849.0,3646510237.0000005
2024-04-15,金融,26800000.0,0.0,3,946600000.0,1498200000.0
2024-04-15,红利策略,15500000.0,0.0,2,-187500000.0,-315000000.0
2024-04-15,海外指数,9100000.0,0.0,1,45500000.0,172900000.0
2024-04-15,科技,-12000000.0,0.0,1,-62000000.0,380000000.0
2024-04-15,新能源,-29500000.0,0.0,3,-179000000.0,-1175000000.0
2024-04-15,军工,-65000000.0,0.0,1,-84000000.0,-516000000.0
2024-04-15,消费,-116200000.0,0.0,3,-162600000.0,-382800000.0
2024-04-15,宽基指数,-394500000.0,0.0,6,-1226500000.0,-6084800000.0
2024-04-16,未分类,3570887774.0,0.0,885,10478341993.0,7634951768.0
2024-04-16,金融,122100000.0,0.0,3,1188700000.0,1650200000.0
2024-04-16,科技,112000000.0,0.0,1,-18000000.0,498000000.0
2024-04-16,军工,43000000.0,0.0,1,-53000000.0,-467000000.0
2024-04-16,红利策略,39500000.0,0.0,2,-64500000.0,-207500000.0
2024-04-16,消费,33000000.0,0.0,3,-147700000.0,-309500000.0
2024-04-16,海外指数,9100000.0,0.0,1,45500000.0,172900000.0
2024-04-16,新能源,-52000000.0,0.0,3,-166500000.0,-1338500000.0
2024-04-16,宽基指数,-192300000.0,0.0,6,-1482300000.0,-5703100000.0
2024-04-17,宽基指数,347500000.0,0.0,6,-913600000.0,-3948700000.0
2024-04-17,金融,76300000.0,0.0,3,678100000.0,2328400000.0
2024-04-17,红利策略,60000000.0,0.0,2,60500000.0,-75000000.0
2024-04-17,消费,39100000.0,0.0,3,18700000.0,-338600000.0
2024-04-17,海外指数,9100000.0,0.0,1,45500000.0,172900000.0
2024-04-17,新能源,-59500000.0,0.0,3,-230000000.0,-1109000000.0
2024-04-17,军工,-61000000.0,0.0,1,-156000000.0,-438000000.0
2024-04-17,科技,-558000000.0,0.0,1,-778000000.0,282000000.0
2024-04-17,未分类,-1423914401.0,0.0,885,6879816870.0,9501873506.0
2024-04-18,宽基指数,234900000.0,0.0,6,-952900000.0,-2891700000.0
2024-04-18,科技,138000000.0,0.0,1,-536000000.0,434000000.0
2024-04-18,海外指数,9100000.0,0.0,1,45500000.0,172900000.0
2024-04-18,军工,-7000000.0,0.0,1,-125000000.0,-389000000.0
2024-04-18,金融,-8400000.0,0.0,3,607900000.0,2218100000.0
2024-04-18,新能源,-19000000.0,0.0,3,-188000000.0,-1207000000.0
2024-04-18,红利策略,-38000000.0,0.0,2,87500000.0,-152500000.0
2024-04-18,消费,-138400000.0,0.0,3,-186700000.0,-375300000.0
2024-04-18,未分类,-1168109687.0,0.0,886,1870240156.999999,10084271674.0
2024-04-19,未分类,2944861604.0,0.0,887,4363956693.999999,14242408405.0
2024-04-19,科技,498000000.0,0.0,1,178000000.0,898000000.0
2024-04-19,红利策略,92000000.0,0.0,2,169000000.0,-58500000.0
2024-04-19,新能源,38000000.0,0.0,3,-122000000.0,-1123000000.0
2024-04-19,海外指数,9100000.0,0.0,1,45500000.0,172900000.0
2024-04-19,消费,-5400000.0,0.0,3,-187900000.0,-348500000.0
2024-04-19,金融,-28100000.0,0.0,3,188700000.0,1867400000.0
2024-04-19,宽基指数,-50400000.0,0.0,6,-54800000.0,-2814900000.0
2024-04-19,军工,-91000000.0,0.0,1,-181000000.0,-468000000.0
2024-04-22,金融,81800000.0,0.0,3,243700000.0,2204900000.0
2024-04-22,军工,25000000.0,0.0,1,-91000000.0,-405000000.0
2024-04-22,海外指数,9100000.0,0.0,1,45500000.0,172900000.0
2024-04-22,红利策略,-14000000.0,0.0,2,139500000.0,16500000.0
2024-04-22,新能源,-26500000.0,0.0,3,-119000000.0,-1186000000.0
2024-04-22,消费,-106500000.0,0.0,3,-178200000.0,-409500000.0
2024-04-22,宽基指数,-127700000.0,0.0,6,212000000.0,-2629100000.0
2024-04-22,科技,-160000000.0,0.0,1,30000000.0,686000000.0
2024-04-22,未分类,-1113126277.0,0.0,890,2810599012.999999,15609910226.0
2024-04-23,宽基指数,669400000.0,0.0,6,1073700000.0,-1928900000.0
2024-04-23,红利策略,24000000.0,0.0,2,124000000.0,30000000.0
2024-04-23,新能源,23000000.0,0.0,3,-44000000.0,-1100000000.0
2024-04-23,海外指数,9100000.0,0.0,1,45500000.0,172900000.0
2024-04-23,金融,-3100000.0,0.0,3,118500000.0,2249500000.0
2024-04-23,军工,-86000000.0,0.0,1,-220000000.0,-408000000.0
2024-04-23,科技,-86000000.0,0.0,1,-168000000.0,774000000.0
2024-04-23,未分类,-97261016.0,0.0,892,-857549777.000001,14821833770.0
2024-04-23,消费,-313600000.0,0.0,3,-524800000.0,-610900000.0
2024-04-24,未分类,323344162.99999994,0.0,893,889708786.999999,15998454223.0
2024-04-24,红利策略,102000000.0,0.0,2,166000000.0,114000000.0
2024-04-24,新能源,80000000.0,0.0,3,95500000.0,-920500000.0
2024-04-24,军工,63000000.0,0.0,1,-96000000.0,-305000000.0
2024-04-24,海外指数,9100000.0,0.0,1,45500000.0,172900000.0
2024-04-24,宽基指数,-8200000.0,0.0,6,718000000.0,-1492400000.0
2024-04-24,金融,-10300000.0,0.0,3,31900000.0,1523400000.0
2024-04-24,消费,-48600000.0,0.0,3,-612500000.0,-693000000.0
2024-04-24,科技,-56000000.0,0.0,1,334000000.0,802000000.0
2024-04-25,未分类,198840858.99999994,0.0,893,2256659332.999999,15062335103.0
2024-04-25,军工,63000000.0,0.0,1,-26000000.0,-234000000.0
2024-04-25,红利策略,23500000.0,0.0,2,227500000.0,101500000.0
2024-04-25,宽基指数,20700000.0,0.0,6,503800000.0,-1919300000.0
2024-04-25,金融,13900000.0,0.0,3,54200000.0,1479500000.0
2024-04-25,海外指数,9100000.0,0.0,1,45500000.0,172900000.0
2024-04-25,消费,-1500000.0,0.0,3,-475600000.0,-578000000.0
2024-04-25,新能源,-6000000.0,0.0,3,108500000.0,-934000000.0
2024-04-25,科技,-70000000.0,0.0,1,126000000.0,340000000.0
2024-04-26,宽基指数,1268200000.0,0.0,6,1822400000.0,-431100000.0
2024-04-26,红利策略,119500000.0,0.0,2,255000000.0,157000000.0
2024-04-26,军工,94000000.0,0.0,1,159000000.0,-176000000.0
2024-04-26,消费,26300000.0,0.0,3,-443900000.0,-524200000.0
2024-04-26,新能源,23000000.0,0.0,3,93500000.0,-831500000.0
2024-04-26,科技,22000000.0,0.0,1,-350000000.0,238000000.0
2024-04-26,海外指数,-42900000.0,0.0,1,-6500000.0,120900000.0
2024-04-26,未分类,-896862730.0000002,0.0,893,-1585065001.0000014,12541405273.0
2024-04-26,金融,-1010200000.0,0.0,3,-927900000.0,250900000.0
2024-04-29,宽基指数,1531100000.0,0.0,6,3481200000.0,1365300000.0
2024-04-29,未分类,286658213.0,0.0,896,-185280511.0000013,13495786235.0
2024-04-29,军工,218000000.0,0.0,1,352000000.0,132000000.0
2024-04-29,新能源,106500000.0,0.0,3,226500000.0,-606500000.0
2024-04-29,消费,78900000.0,0.0,3,-258500000.0,-414800000.0
2024-04-29,海外指数,9100000.0,0.0,1,-6500000.0,120900000.0
2024-04-29,红利策略,-17000000.0,0.0,2,252000000.0,87500000.0
2024-04-29,科技,-32000000.0,0.0,1,-222000000.0,198000000.0
2024-04-29,金融,-689900000.0,0.0,3,-1699600000.0,-542000000.0
2024-04-30,未分类,1464702955.0,0.0,897,1376683459.9999986,13637071259.0
2024-04-30,宽基指数,273000000.0,0.0,6,3084800000.0,2365500000.0
2024-04-30,金融,178700000.0,0.0,3,-1517800000.0,-561200000.0
2024-04-30,新能源,112500000.0,0.0,3,316000000.0,-378500000.0
2024-04-30,科技,80000000.0,0.0,1,-56000000.0,222000000.0
2024-04-30,消费,48600000.0,0.0,3,103700000.0,-423700000.0
2024-04-30,军工,29000000.0,0.0,1,467000000.0,209000000.0
2024-04-30,海外指数,5200000.0,0.0,1,-10400000.0,126100000.0
2024-04-30,红利策略,-47500000.0,0.0,2,180500000.0,76500000.0
2024-05-06,金融,318100000.0,0.0,3,-1189400000.0,-51100000.0
2024-05-06,科技,202000000.0,0.0,1,202000000.0,456000000.0
2024-05-06,军工,68000000.0,0.0,1,472000000.0,370000000.0
2024-05-06,新能源,57000000.0,0.0,3,293000000.0,-54000000.0
2024-05-06,红利策略,15000000.0,0.0,2,93500000.0,92000000.0
2024-05-06,海外指数,3900000.0,0.0,1,-15600000.0,120900000.0
2024-05-06,消费,-22700000.0,0.0,3,129600000.0,-536200000.0
2024-05-06,宽基指数,-387700000.0,0.0,6,2705300000.0,1274400000.0
2024-05-06,未分类,-2771929989.0,0.0,897,-1718590692.0000014,11462578076.0
2024-05-07,金融,207400000.0,0.0,3,-995900000.0,142600000.0
2024-05-07,新能源,59000000.0,0.0,3,358000000.0,26500000.0
2024-05-07,红利策略,6500000.0,0.0,2,76500000.0,105000000.0
2024-05-07,海外指数,3900000.0,0.0,1,-20800000.0,115700000.0
2024-05-07,科技,-14000000.0,0.0,1,258000000.0,268000000.0
2024-05-07,消费,-43600000.0,0.0,3,87500000.0,-606800000.0
2024-05-07,军工,-72000000.0,0.0,1,337000000.0,309000000.0
2024-05-07,宽基指数,-904000000.0,0.0,6,1780600000.0,154900000.0
2024-05-07,未分类,-2115127262.0,0.0,898,-4032558813.0000014,8130692787.0
2024-05-08,军工,82000000.0,0.0,1,325000000.0,312000000.0
2024-05-08,金融,25400000.0,0.0,3,39700000.0,194100000.0
2024-05-08,科技,16000000.0,0.0,1,252000000.0,112000000.0
2024-05-08,海外指数,5200000.0,0.0,1,27300000.0,111800000.0
2024-05-08,新能源,1000000.0,0.0,3,336000000.0,152500000.0
2024-05-08,红利策略,1000000.0,0.0,2,-42000000.0,147000000.0
2024-05-08,消费,-12100000.0,0.0,3,49100000.0,-605300000.0
2024-05-08,宽基指数,-784800000.0,0.0,6,-272400000.0,-201100000.0
2024-05-08,未分类,-4182162991.0,0.0,900,-7317859074.000001,3960243089.000001
2024-05-09,消费,92700000.0,0.0,3,62900000.0,-536400000.0
2024-05-09,军工,34000000.0,0.0,1,141000000.0,318000000.0
2024-05-09,海外指数,5200000.0,0.0,1,23400000.0,107900000.0
2024-05-09,新能源,2000000.0,0.0,3,231500000.0,160000000.0
2024-05-09,红利策略,-6500000.0,0.0,2,-31500000.0,172500000.0
2024-05-09,金融,-40900000.0,0.0,3,688700000.0,179400000.0
2024-05-09,科技,-166000000.0,0.0,1,118000000.0,-136000000.0
2024-05-09,宽基指数,-166300000.0,0.0,6,-1969800000.0,496900000.0
2024-05-09,未分类,-3247890624.0,0.0,900,-10852407911.0,-675455559.999999
2024-05-10,科技,572000000.0,0.0,1,610000000.0,368000000.0
2024-05-10,军工,102000000.0,0.0,1,214000000.0,408000000.0
2024-05-10,消费,61500000.0,0.0,3,75800000.0,-493000000.0
2024-05-10,金融,34900000.0,0.0,3,544900000.0,334300000.0
2024-05-10,新能源,27000000.0,0.0,3,146000000.0,251500000.0
2024-05-10,红利策略,-38500000.0,0.0,2,-22500000.0,217500000.0
2024-05-10,海外指数,-266500000.0,0.0,1,-248300000.0,-167700000.0
2024-05-10,未分类,-778997370.0,0.0,902,-13096108236.0,-2098632559.9999988
2024-05-10,宽基指数,-1438400000.0,0.0,6,-3681200000.0,-1005000000.0
2024-05-13,科技,252000000.0,0.0,1,660000000.0,418000000.0
2024-05-13,消费,91500000.0,0.0,3,190000000.0,-274200000.0
2024-05-13,军工,49000000.0,0.0,1,195000000.0,415000000.0
2024-05-13,海外指数,0.0,0.0,1,-252200000.0,-176800000.0
2024-05-13,金融,-8100000.0,0.0,3,218700000.0,-260700000.0
2024-05-13,红利策略,-21000000.0,0.0,2,-58500000.0,261500000.0
2024-05-13,新能源,-115500000.0,0.0,3,-26500000.0,132000000.0
2024-05-13,宽基指数,-717000000.0,0.0,6,-4010500000.0,-1500800000.0
2024-05-13,未分类,-1037659122.0,0.0,903,-11361837369.0,-5310902403.999999
2024-05-14,科技,132000000.0,0.0,1,806000000.0,654000000.0
2024-05-14,军工,39000000.0,0.0,1,306000000.0,492000000.0
2024-05-14,新能源,21500000.0,0.0,3,-64000000.0,214500000.0
2024-05-14,海外指数,0.0,0.0,1,-256100000.0,-185900000.0
2024-05-14,红利策略,-27000000.0,0.0,2,-92000000.0,299500000.0
2024-05-14,消费,-73700000.0,0.0,3,159900000.0,-414900000.0
2024-05-14,金融,-181300000.0,0.0,3,-170000000.0,-503800000.0
2024-05-14,宽基指数,-482800000.0,0.0,6,-3589300000.0,-2257800000.0
2024-05-14,未分类,-2046506749.0,0.0,905,-11293216856.0,-11198876179.0
2024-05-15,金融,336700000.0,0.0,3,141300000.0,-558200000.0
2024-05-15,科技,40000000.0,0.0,1,830000000.0,910000000.0
2024-05-15,军工,36000000.0,0.0,1,260000000.0,563000000.0
2024-05-15,红利策略,5000000.0,0.0,2,-88000000.0,294000000.0
2024-05-15,海外指数,1300000.0,0.0,1,-260000000.0,-193700000.0
2024-05-15,新能源,-41000000.0,0.0,3,-106000000.0,201500000.0
2024-05-15,消费,-74500000.0,0.0,3,97500000.0,-485200000.0
2024-05-15,未分类,-721011183.9999998,0.0,906,-7832065049.000001,-12371032430.0
2024-05-15,宽基指数,-912000000.0,0.0,6,-3716500000.0,-2221300000.0
2024-05-16,科技,100000000.0,0.0,1,1096000000.0,1022000000.0
2024-05-16,军工,39000000.0,0.0,1,265000000.0,667000000.0
2024-05-16,海外指数,0.0,0.0,1,-265200000.0,-202800000.0
2024-05-16,红利策略,-13500000.0,0.0,2,-95000000.0,265000000.0
2024-05-16,消费,-125800000.0,0.0,3,-121000000.0,-494800000.0
2024-05-16,金融,-147600000.0,0.0,3,34600000.0,-732600000.0
2024-05-16,新能源,-197000000.0,0.0,3,-305000000.0,34000000.0
2024-05-16,宽基指数,-1073000000.0,0.0,6,-4623200000.0,-2899800000.0
2024-05-16,未分类,-2045362818.0,0.0,907,-6629537243.000001,-14856626652.0
2024-05-17,未分类,1898189083.0,0.0,909,-3952350790.000001,-16529325343.0
2024-05-17,宽基指数,1139900000.0,0.0,6,-2044900000.0,-1567600000.0
2024-05-17,消费,281000000.0,0.0,3,98500000.0,-246800000.0
2024-05-17,科技,28000000.0,0.0,1,552000000.0,938000000.0
2024-05-17,海外指数,0.0,0.0,1,1300000.0,-211900000.0
2024-05-17,军工,-22000000.0,0.0,1,141000000.0,602000000.0
2024-05-17,新能源,-24500000.0,0.0,3,-356500000.0,61500000.0
2024-05-17,红利策略,-66000000.0,0.0,2,-122500000.0,159500000.0
2024-05-17,金融,-88400000.0,0.0,3,-88700000.0,-943100000.0
2024-05-20,未分类,1268567492.0,0.0,908,-1646124176.0000007,-13836843450.0
2024-05-20,科技,152000000.0,0.0,1,452000000.0,1648000000.0
2024-05-20,金融,91700000.0,0.0,3,11100000.0,-927700000.0
2024-05-20,消费,61600000.0,0.0,3,68600000.0,-224300000.0
2024-05-20,军工,38000000.0,0.0,1,130000000.0,701000000.0
2024-05-20,新能源,-19000000.0,0.0,3,-260000000.0,102000000.0
2024-05-20,海外指数,-42900000.0,0.0,1,-41600000.0,-263900000.0
2024-05-20,红利策略,-49000000.0,0.0,2,-150500000.0,50500000.0
2024-05-20,宽基指数,-608200000.0,0.0,6,-1936100000.0,-2523300000.0
2024-05-21,金融,104200000.0,0.0,3,296600000.0,-815100000.0
2024-05-21,科技,92000000.0,0.0,1,412000000.0,1602000000.0
2024-05-21,消费,60700000.0,0.0,3,203000000.0,-25200000.0
2024-05-21,新能源,13500000.0,0.0,3,-268000000.0,134500000.0
2024-05-21,海外指数,1300000.0,0.0,1,-40300000.0,-271700000.0
2024-05-21,军工,0.0,0.0,1,91000000.0,708000000.0
2024-05-21,红利策略,-6000000.0,0.0,2,-129500000.0,82500000.0
2024-05-21,宽基指数,-237900000.0,0.0,6,-1691200000.0,-2996100000.0
2024-05-21,未分类,-2255814992.0,0.0,909,-1855432419.0000007,-14924548755.0
2024-05-22,科技,182000000.0,0.0,1,554000000.0,1286000000.0
2024-05-22,新能源,145000000.0,0.0,3,-82000000.0,241500000.0
2024-05-22,金融,39600000.0,0.0,3,-500000.0,-747400000.0
2024-05-22,消费,28000000.0,0.0,3,305500000.0,8200000.0
2024-05-22,军工,18000000.0,0.0,1,73000000.0,817000000.0
2024-05-22,海外指数,1300000.0,0.0,1,-40300000.0,-279500000.0
2024-05-22,红利策略,-54000000.0,0.0,2,-188500000.0,-63500000.0
2024-05-22,宽基指数,-278100000.0,0.0,6,-1057300000.0,-3223800000.0
2024-05-22,未分类,-664808487.0,0.0,910,-1799229722.000001,-18534218846.0
2024-05-23,未分类,1004878481.0,0.0,910,1251011576.999999,-16416214088.0
2024-05-23,金融,336900000.0,0.0,3,484000000.0,-492300000.0
2024-05-23,宽基指数,266900000.0,0.0,6,282600000.0,-2829200000.0
2024-05-23,科技,134000000.0,0.0,1,588000000.0,1580000000.0
2024-05-23,新能源,118000000.0,0.0,3,233000000.0,386000000.0
2024-05-23,军工,54000000.0,0.0,1,88000000.0,846000000.0
2024-05-23,消费,18800000.0,0.0,3,450100000.0,133500000.0
2024-05-23,海外指数,0.0,0.0,1,-40300000.0,-288600000.0
2024-05-23,红利策略,-35500000.0,0.0,2,-210500000.0,-85000000.0
2024-05-24,未分类,2936219932.0,0.0,912,2289042425.999999,-13382733140.0
2024-05-24,宽基指数,1076900000.0,0.0,6,219600000.0,-2421700000.0
2024-05-24,科技,184000000.0,0.0,1,744000000.0,1850000000.0
2024-05-24,新能源,138500000.0,0.0,3,396000000.0,501500000.0
2024-05-24,金融,62300000.0,0.0,3,634700000.0,-426900000.0
2024-05-24,消费,28800000.0,0.0,3,197900000.0,475900000.0
2024-05-24,海外指数,0.0,0.0,1,-40300000.0,-297700000.0
2024-05-24,军工,-6000000.0,0.0,1,104000000.0,926000000.0
2024-05-24,红利策略,-31000000.0,0.0,2,-175500000.0,-140000000.0
2024-05-27,未分类,1139098717.0,0.0,912,2159573650.999999,-12566978586.0
2024-05-27,科技,168000000.0,0.0,1,760000000.0,2074000000.0
2024-05-27,新能源,31000000.0,0.0,3,446000000.0,452500000.0
2024-05-27,消费,29900000.0,0.0,3,166200000.0,554400000.0
2024-05-27,军工,3000000.0,0.0,1,69000000.0,866000000.0
2024-05-27,海外指数,0.0,0.0,1,2600000.0,-306800000.0
2024-05-27,红利策略,-35000000.0,0.0,2,-161500000.0,-277000000.0
2024-05-27,金融,-188100000.0,0.0,3,354900000.0,-604700000.0
2024-05-27,宽基指数,-595600000.0,0.0,6,232200000.0,-3009100000.0
2024-05-28,新能源,128500000.0,0.0,3,561000000.0,587000000.0
2024-05-28,科技,104000000.0,0.0,1,772000000.0,2248000000.0
2024-05-28,红利策略,72500000.0,0.0,2,-83000000.0,-228000000.0
2024-05-28,消费,13500000.0,0.0,3,119000000.0,569400000.0
2024-05-28,海外指数,0.0,0.0,1,1300000.0,-315900000.0
2024-05-28,金融,-12000000.0,0.0,3,238700000.0,-630600000.0
2024-05-28,军工,-51000000.0,0.0,1,18000000.0,752000000.0
2024-05-28,未分类,-101110068.00000001,0.0,912,4314278574.999999,-12866929513.0
2024-05-28,宽基指数,-222000000.0,0.0,6,248100000.0,-3251800000.0
2024-05-29,未分类,639548500.0,0.0,911,5618635561.999999,-11330518283.0
2024-05-29,科技,218000000.0,0.0,1,808000000.0,2444000000.0
2024-05-29,宽基指数,187500000.0,0.0,6,713700000.0,-4332500000.0
2024-05-29,红利策略,86000000.0,0.0,2,57000000.0,-261500000.0
2024-05-29,消费,83100000.0,0.0,3,174100000.0,626200000.0
2024-05-29,军工,17000000.0,0.0,1,17000000.0,675000000.0
2024-05-29,海外指数,0.0,0.0,1,0.0,-273000000.0
2024-05-29,金融,-14200000.0,0.0,3,184900000.0,365400000.0
2024-05-29,新能源,-173500000.0,0.0,3,242500000.0,390500000.0
2024-05-30,宽基指数,528500000.0,0.0,6,975300000.0,-5335100000.0
2024-05-30,新能源,138500000.0,0.0,3,263000000.0,422500000.0
2024-05-30,消费,136600000.0,0.0,3,291900000.0,683900000.0
2024-05-30,金融,126300000.0,0.0,3,-25700000.0,1181600000.0
2024-05-30,红利策略,14000000.0,0.0,2,106500000.0,-230500000.0
2024-05-30,海外指数,0.0,0.0,1,0.0,-282100000.0
2024-05-30,军工,-93000000.0,0.0,1,-130000000.0,364000000.0
2024-05-30,未分类,-95317046.0,0.0,913,4518440034.999999,-11712493542.0
2024-05-30,科技,-302000000.0,0.0,1,372000000.0,2174000000.0
2024-05-31,未分类,2336200063.0,0.0,913,3918420165.999999,-10840996434.0
2024-05-31,宽基指数,337800000.0,0.0,6,236200000.0,-5270300000.0
2024-05-31,金融,228600000.0,0.0,3,140600000.0,1231500000.0
2024-05-31,新能源,216000000.0,0.0,3,340500000.0,526000000.0
2024-05-31,科技,168000000.0,0.0,1,356000000.0,2262000000.0
2024-05-31,消费,29200000.0,0.0,3,292300000.0,664500000.0
2024-05-31,红利策略,2000000.0,0.0,2,139500000.0,-181000000.0
2024-05-31,海外指数,0.0,0.0,1,0.0,-287300000.0
2024-05-31,军工,-45000000.0,0.0,1,-169000000.0,290000000.0
2024-06-03,金融,774900000.0,0.0,3,1103600000.0,1688300000.0
2024-06-03,科技,162000000.0,0.0,1,350000000.0,2222000000.0
2024-06-03,新能源,130000000.0,0.0,3,439500000.0,599000000.0
2024-06-03,消费,119300000.0,0.0,3,381700000.0,806500000.0
2024-06-03,红利策略,45000000.0,0.0,2,219500000.0,-151000000.0
2024-06-03,海外指数,0.0,0.0,1,0.0,-291200000.0
2024-06-03,军工,-43000000.0,0.0,1,-215000000.0,179000000.0
2024-06-03,宽基指数,-137500000.0,0.0,6,694300000.0,-5020100000.0
2024-06-03,未分类,-221917808.99999952,0.0,913,2557403639.9999995,-8290984253.999998
2024-06-04,未分类,1457689264.0,0.0,913,4116202971.9999995,-4718167727.999998
2024-06-04,科技,676000000.0,0.0,1,922000000.0,2912000000.0
2024-06-04,消费,133900000.0,0.0,3,502100000.0,984000000.0
2024-06-04,新能源,12500000.0,0.0,3,323500000.0,552500000.0
2024-06-04,红利策略,12000000.0,0.0,2,159000000.0,-145500000.0
2024-06-04,军工,11000000.0,0.0,1,-153000000.0,262000000.0
2024-06-04,海外指数,0.0,0.0,1,0.0,-295100000.0
2024-06-04,金融,-53200000.0,0.0,3,1062400000.0,1427700000.0
2024-06-04,宽基指数,-146800000.0,0.0,6,769500000.0,-4262900000.0
2024-06-05,消费,113400000.0,0.0,3,532400000.0,1109500000.0
2024-06-05,红利策略,47500000.0,0.0,2,120500000.0,-99000000.0
2024-06-05,金融,41700000.0,0.0,3,1118300000.0,1444000000.0
2024-06-05,海外指数,1300000.0,0.0,1,1300000.0,-299000000.0
2024-06-05,新能源,1000000.0,0.0,3,498000000.0,552500000.0
2024-06-05,未分类,-47975086.000000075,0.0,913,3428679385.9999995,-583979822.9999987
2024-06-05,军工,-71000000.0,0.0,1,-241000000.0,109000000.0
2024-06-05,宽基指数,-125900000.0,0.0,6,456100000.0,-3604000000.0
2024-06-05,科技,-418000000.0,0.0,1,286000000.0,2478000000.0
2024-06-06,未分类,2353978958.0,0.0,916,5877975390.0,5017889759.000002
2024-06-06,金融,786100000.0,0.0,3,1778100000.0,2271000000.0
2024-06-06,宽基指数,556400000.0,0.0,6,484000000.0,-2881300000.0
2024-06-06,消费,315200000.0,0.0,3,711000000.0,1332000000.0
2024-06-06,军工,195000000.0,0.0,1,47000000.0,270000000.0
2024-06-06,新能源,126000000.0,0.0,3,485500000.0,676500000.0
2024-06-06,红利策略,26500000.0,0.0,2,133000000.0,-66000000.0
2024-06-06,海外指数,0.0,0.0,1,1300000.0,-304200000.0
2024-06-06,科技,-62000000.0,0.0,1,526000000.0,2582000000.0
2024-06-07,未分类,1887925275.0,0.0,916,5429700602.0,7684812404.000002
2024-06-07,金融,627300000.0,0.0,3,2176800000.0,2863400000.0
2024-06-07,宽基指数,431000000.0,0.0,6,577200000.0,-1011900000.0
2024-06-07,科技,236000000.0,0.0,1,594000000.0,2246000000.0
2024-06-07,消费,113700000.0,0.0,3,795500000.0,1384200000.0
2024-06-07,海外指数,9100000.0,0.0,1,10400000.0,-28600000.0
2024-06-07,红利策略,3500000.0,0.0,2,134500000.0,-24000000.0
2024-06-07,军工,-2000000.0,0.0,1,90000000.0,166000000.0
2024-06-07,新能源,-22500000.0,0.0,3,247000000.0,627000000.0
2024-06-11,未分类,2909453187.0,0.0,916,8561071598.0,11631924713.000002
2024-06-11,宽基指数,1271300000.0,0.0,6,1986000000.0,976400000.0
2024-06-11,消费,243200000.0,0.0,3,919400000.0,1535900000.0
2024-06-11,红利策略,62500000.0,0.0,2,152000000.0,59500000.0
2024-06-11,军工,33000000.0,0.0,1,166000000.0,150000000.0
2024-06-11,海外指数,9100000.0,0.0,1,19500000.0,-19500000.0
2024-06-11,新能源,-41500000.0,0.0,3,75500000.0,701000000.0
2024-06-11,金融,-45700000.0,0.0,3,1356200000.0,2825800000.0
2024-06-11,科技,-538000000.0,0.0,1,-106000000.0,1456000000.0
2024-06-12,未分类,2399249555.0,0.0,916,9502631889.0,16077681017.000002
2024-06-12,金融,231400000.0,0.0,3,1640800000.0,3238500000.0
2024-06-12,宽基指数,204500000.0,0.0,6,2337300000.0,1663700000.0
2024-06-12,消费,81900000.0,0.0,3,867400000.0,1691500000.0
2024-06-12,新能源,50000000.0,0.0,3,113000000.0,729500000.0
2024-06-12,军工,18000000.0,0.0,1,173000000.0,129000000.0
2024-06-12,海外指数,9100000.0,0.0,1,28600000.0,-10400000.0
2024-06-12,红利策略,-24500000.0,0.0,2,115500000.0,62000000.0
2024-06-12,科技,-50000000.0,0.0,1,-832000000.0,1274000000.0
2024-06-13,未分类,3350198851.0,0.0,918,12900805826.0,20148891052.0
2024-06-13,消费,165400000.0,0.0,3,919400000.0,1931400000.0
2024-06-13,金融,84700000.0,0.0,3,1683800000.0,2986500000.0
2024-06-13,军工,75000000.0,0.0,1,319000000.0,168000000.0
2024-06-13,红利策略,54500000.0,0.0,2,122500000.0,111500000.0
2024-06-13,海外指数,9100000.0,0.0,1,36400000.0,-2600000.0
2024-06-13,新能源,-40000000.0,0.0,3,72000000.0,730500000.0
2024-06-13,宽基指数,-166400000.0,0.0,6,2296800000.0,2409300000.0
2024-06-13,科技,-318000000.0,0.0,1,-732000000.0,916000000.0
2024-06-14,未分类,4852428404.0,0.0,918,15399255272.0,27046682274.0
2024-06-14,科技,204000000.0,0.0,1,-466000000.0,1020000000.0
2024-06-14,消费,196500000.0,0.0,3,800700000.0,2253700000.0
2024-06-14,宽基指数,117700000.0,0.0,6,1858100000.0,3600000000.0
2024-06-14,军工,69000000.0,0.0,1,193000000.0,198000000.0
2024-06-14,新能源,49500000.0,0.0,3,-4500000.0,977000000.0
2024-06-14,海外指数,9100000.0,0.0,1,45500000.0,6500000.0
2024-06-14,红利策略,6000000.0,0.0,2,102000000.0,131000000.0
2024-06-14,金融,-307200000.0,0.0,3,590500000.0,2826900000.0
2024-06-17,未分类,690165767.0,0.0,920,14201495764.0,25838658958.0
2024-06-17,宽基指数,437500000.0,0.0,6,1864600000.0,2897600000.0
2024-06-17,红利策略,81500000.0,0.0,2,180000000.0,278500000.0
2024-06-17,海外指数,9100000.0,0.0,1,45500000.0,15600000.0
2024-06-17,消费,-3100000.0,0.0,3,683900000.0,1969600000.0
2024-06-17,金融,-62700000.0,0.0,3,-99500000.0,2852600000.0
2024-06-17,军工,-63000000.0,0.0,1,132000000.0,157000000.0
2024-06-17,新能源,-97500000.0,0.0,3,-79500000.0,904000000.0
2024-06-17,科技,-328000000.0,0.0,1,-1030000000.0,664000000.0
2024-06-18,未分类,2482638724.0,0.0,920,13774681301.0,27052730190.0
2024-06-18,宽基指数,318800000.0,0.0,6,912100000.0,3824600000.0
2024-06-18,消费,277100000.0,0.0,3,717800000.0,2185100000.0
2024-06-18,军工,42000000.0,0.0,1,141000000.0,161000000.0
2024-06-18,红利策略,24500000.0,0.0,2,142000000.0,352000000.0
2024-06-18,海外指数,9100000.0,0.0,1,45500000.0,67600000.0
2024-06-18,科技,-28000000.0,0.0,1,-520000000.0,484000000.0
2024-06-18,金融,-174100000.0,0.0,3,-227900000.0,2586800000.0
2024-06-18,新能源,-225000000.0,0.0,3,-263000000.0,698000000.0
2024-06-19,未分类,835796569.0,0.0,920,12211228315.0,30144341751.0
2024-06-19,消费,143600000.0,0.0,3,779500000.0,2268000000.0
2024-06-19,金融,84800000.0,0.0,3,-374500000.0,2567400000.0
2024-06-19,红利策略,27000000.0,0.0,2,193500000.0,385000000.0
2024-06-19,军工,21000000.0,0.0,1,144000000.0,182000000.0
2024-06-19,新能源,5500000.0,0.0,3,-307500000.0,690000000.0
2024-06-19,海外指数,0.0,0.0,1,36400000.0,66300000.0
2024-06-19,科技,-124000000.0,0.0,1,-594000000.0,268000000.0
2024-06-19,宽基指数,-131900000.0,0.0,6,575700000.0,3930600000.0
2024-06-20,未分类,2346146655.0,0.0,921,11207176119.0,33155296893.0
2024-06-20,金融,105300000.0,0.0,3,-353900000.0,2633100000.0
2024-06-20,消费,52900000.0,0.0,3,667000000.0,2292900000.0
2024-06-20,红利策略,23000000.0,0.0,2,162000000.0,462000000.0
2024-06-20,海外指数,9100000.0,0.0,1,36400000.0,74100000.0
2024-06-20,军工,-21000000.0,0.0,1,48000000.0,143000000.0
2024-06-20,新能源,-89000000.0,0.0,3,-356500000.0,456000000.0
2024-06-20,宽基指数,-472200000.0,0.0,6,269900000.0,3736500000.0
2024-06-20,科技,-530000000.0,0.0,1,-806000000.0,-444000000.0
2024-06-21,未分类,5299861934.0,0.0,921,11654609649.0,37450280346.0
2024-06-21,宽基指数,946800000.0,0.0,6,1099000000.0,4416400000.0
2024-06-21,消费,227200000.0,0.0,3,697700000.0,2501300000.0
2024-06-21,金融,126900000.0,0.0,3,80200000.0,2423100000.0
2024-06-21,科技,52000000.0,0.0,1,-958000000.0,-526000000.0
2024-06-21,红利策略,49000000.0,0.0,2,205000000.0,546500000.0
2024-06-21,海外指数,9100000.0,0.0,1,36400000.0,83200000.0
2024-06-21,军工,1000000.0,0.0,1,-20000000.0,90000000.0
2024-06-21,新能源,-62500000.0,0.0,3,-468500000.0,275500000.0
2024-06-24,未分类,5557498629.999998,0.0,922,16521942511.999998,40071559044.0
2024-06-24,宽基指数,2959200000.0,0.0,6,3620700000.0,6298700000.0
2024-06-24,金融,192800000.0,0.0,3,335700000.0,2553600000.0
2024-06-24,红利策略,62000000.0,0.0,2,185500000.0,639500000.0
2024-06-24,科技,32000000.0,0.0,1,-598000000.0,-678000000.0
2024-06-24,军工,20000000.0,0.0,1,63000000.0,116000000.0
2024-06-24,海外指数,9100000.0,0.0,1,36400000.0,92300000.0
2024-06-24,新能源,-77500000.0,0.0,3,-448500000.0,59500000.0
2024-06-24,消费,-87400000.0,0.0,3,613400000.0,2385100000.0
2024-06-25,未分类,5715241489.0,0.0,922,19754545277.0,44647701816.0
2024-06-25,宽基指数,1293300000.0,0.0,6,4595200000.0,8187600000.0
2024-06-25,金融,848600000.0,0.0,3,1358400000.0,3590300000.0
2024-06-25,军工,26000000.0,0.0,1,47000000.0,139000000.0
2024-06-25,新能源,14000000.0,0.0,3,-209500000.0,42500000.0
2024-06-25,海外指数,9100000.0,0.0,1,36400000.0,101400000.0
2024-06-25,红利策略,9000000.0,0.0,2,170000000.0,683500000.0
2024-06-25,消费,-12000000.0,0.0,3,324300000.0,2343200000.0
2024-06-25,科技,-54000000.0,0.0,1,-624000000.0,-900000000.0
2024-06-26,未分类,1874018100.0,0.0,923,20792766808.0,46622829984.0
2024-06-26,宽基指数,89800000.0,0.0,6,4816900000.0,8499400000.0
2024-06-26,消费,60700000.0,0.0,3,241400000.0,2390400000.0
2024-06-26,红利策略,28000000.0,0.0,2,171000000.0,639000000.0
2024-06-26,新能源,16500000.0,0.0,3,-198500000.0,-69500000.0
2024-06-26,军工,11000000.0,0.0,1,37000000.0,201000000.0
2024-06-26,海外指数,9100000.0,0.0,1,45500000.0,110500000.0
2024-06-26,科技,-26000000.0,0.0,1,-526000000.0,-1030000000.0
2024-06-26,金融,-138600000.0,0.0,3,1135000000.0,3463700000.0
2024-06-27,未分类,2964608678.0,0.0,924,21411228831.0,48947890162.0
2024-06-27,宽基指数,881200000.0,0.0,6,6170300000.0,9193100000.0
2024-06-27,红利策略,42500000.0,0.0,2,190500000.0,595500000.0
2024-06-27,金融,36300000.0,0.0,3,1066000000.0,3514200000.0
2024-06-27,海外指数,9100000.0,0.0,1,45500000.0,119600000.0
2024-06-27,军工,0.0,0.0,1,58000000.0,184000000.0
2024-06-27,消费,-7600000.0,0.0,3,180900000.0,2299700000.0
2024-06-27,新能源,-36000000.0,0.0,3,-145500000.0,68000000.0
2024-06-27,科技,-74000000.0,0.0,1,-70000000.0,-1322000000.0
2024-06-28,未分类,5658355168.0,0.0,923,21769722065.0,54701562376.0
2024-06-28,宽基指数,660700000.0,0.0,6,5884200000.0,9325300000.0
2024-06-28,金融,518100000.0,0.0,3,1457200000.0,3906000000.0
2024-06-28,消费,159400000.0,0.0,3,113100000.0,2322500000.0
2024-06-28,科技,34000000.0,0.0,1,-88000000.0,-986000000.0
2024-06-28,红利策略,29500000.0,0.0,2,171000000.0,611000000.0
2024-06-28,海外指数,9100000.0,0.0,1,45500000.0,128700000.0
2024-06-28,新能源,500000.0,0.0,3,-82500000.0,-70000000.0
2024-06-28,军工,-53000000.0,0.0,1,4000000.0,224000000.0
2024-07-01,未分类,694521593.0,0.0,923,16906745028.0,53059883906.0
2024-07-01,科技,316000000.0,0.0,1,196000000.0,-838000000.0
2024-07-01,消费,20300000.0,0.0,3,220800000.0,2313600000.0
2024-07-01,军工,15000000.0,0.0,1,-1000000.0,284000000.0
2024-07-01,新能源,11500000.0,0.0,3,6500000.0,-274500000.0
2024-07-01,海外指数,9100000.0,0.0,1,45500000.0,137800000.0
2024-07-01,红利策略,-69000000.0,0.0,2,40000000.0,540000000.0
2024-07-01,金融,-196100000.0,0.0,3,1068300000.0,3481300000.0
2024-07-01,宽基指数,-202800000.0,0.0,6,2722200000.0,8784700000.0
2024-07-02,未分类,2328657610.0,0.0,923,13520161149.0,55610459325.0
2024-07-02,科技,250000000.0,0.0,1,500000000.0,-750000000.0
2024-07-02,军工,43000000.0,0.0,1,16000000.0,370000000.0
2024-07-02,新能源,36500000.0,0.0,3,29000000.0,-368000000.0
2024-07-02,红利策略,24500000.0,0.0,2,55500000.0,519500000.0
2024-07-02,海外指数,9100000.0,0.0,1,45500000.0,146900000.0
2024-07-02,金融,-42800000.0,0.0,3,176900000.0,2663600000.0
2024-07-02,消费,-168700000.0,0.0,3,64100000.0,2025600000.0
2024-07-02,宽基指数,-628200000.0,0.0,6,800700000.0,8294000000.0
2024-07-03,未分类,2569781705.0,0.0,923,14215924754.0,56722551766.0
2024-07-03,宽基指数,197400000.0,0.0,6,908300000.0,8638200000.0
2024-07-03,军工,69000000.0,0.0,1,74000000.0,428000000.0
2024-07-03,金融,11300000.0,0.0,3,326800000.0,2728100000.0
2024-07-03,海外指数,9100000.0,0.0,1,45500000.0,156000000.0
2024-07-03,消费,8700000.0,0.0,3,12100000.0,1900400000.0
2024-07-03,红利策略,-2500000.0,0.0,2,25000000.0,505000000.0
2024-07-03,新能源,-50500000.0,0.0,3,-38000000.0,-431000000.0
2024-07-03,科技,-224000000.0,0.0,1,302000000.0,-1650000000.0
2024-07-04,未分类,3983249836.0,0.0,923,15234565912.0,60753776688.0
2024-07-04,宽基指数,1126500000.0,0.0,6,1153600000.0,9890600000.0
2024-07-04,科技,238000000.0,0.0,1,614000000.0,-994000000.0
2024-07-04,金融,165700000.0,0.0,3,456200000.0,2852100000.0
2024-07-04,消费,82800000.0,0.0,3,102500000.0,1869800000.0
2024-07-04,红利策略,14000000.0,0.0,2,-3500000.0,471500000.0
2024-07-04,军工,6000000.0,0.0,1,80000000.0,505000000.0
2024-07-04,海外指数,0.0,0.0,1,36400000.0,154700000.0
2024-07-04,新能源,-19500000.0,0.0,3,-21500000.0,-451500000.0
2024-07-05,未分类,3124366857.0,0.0,925,12700577601.0,61524164587.0
2024-07-05,宽基指数,1026900000.0,0.0,6,1519800000.0,10361100000.0
2024-07-05,科技,218000000.0,0.0,1,798000000.0,-714000000.0
2024-07-05,消费,90500000.0,0.0,3,33600000.0,1645100000.0
2024-07-05,军工,22000000.0,0.0,1,155000000.0,332000000.0
2024-07-05,海外指数,9100000.0,0.0,1,36400000.0,163800000.0
2024-07-05,红利策略,-1500000.0,0.0,2,-34500000.0,443500000.0
2024-07-05,新能源,-79000000.0,0.0,3,-101000000.0,-656500000.0
2024-07-05,金融,-104700000.0,0.0,3,-166600000.0,1961300000.0
2024-07-08,未分类,3813544916.0,0.0,925,15819600924.0,63449784228.0
2024-07-08,宽基指数,893400000.0,0.0,6,2616000000.0,10823500000.0
2024-07-08,金融,271900000.0,0.0,3,301400000.0,1605900000.0
2024-07-08,科技,18000000.0,0.0,1,500000000.0,-932000000.0
2024-07-08,海外指数,9100000.0,0.0,1,36400000.0,163800000.0
2024-07-08,消费,8700000.0,0.0,3,22000000.0,1540100000.0
2024-07-08,军工,-1000000.0,0.0,1,139000000.0,333000000.0
2024-07-08,红利策略,-25500000.0,0.0,2,9000000.0,414500000.0
2024-07-08,新能源,-82500000.0,0.0,3,-195000000.0,-716500000.0
2024-07-09,未分类,4710580591.0,0.0,924,18201523905.0,65250911632.0
2024-07-09,宽基指数,1125200000.0,0.0,6,4369400000.0,10677400000.0
2024-07-09,红利策略,43000000.0,0.0,2,27500000.0,395000000.0
2024-07-09,消费,16900000.0,0.0,3,207600000.0,1313800000.0
2024-07-09,军工,11000000.0,0.0,1,107000000.0,311000000.0
2024-07-09,海外指数,9100000.0,0.0,1,36400000.0,163800000.0
2024-07-09,新能源,-45000000.0,0.0,3,-276500000.0,-720000000.0
2024-07-09,科技,-118000000.0,0.0,1,132000000.0,-512000000.0
2024-07-09,金融,-160400000.0,0.0,3,183800000.0,1491200000.0
2024-07-10,未分类,1351374928.0,0.0,927,16983117128.0,64203037005.0
2024-07-10,科技,114000000.0,0.0,1,470000000.0,-348000000.0
2024-07-10,红利策略,88500000.0,0.0,2,118500000.0,508000000.0
2024-07-10,宽基指数,61900000.0,0.0,6,4233900000.0,10534800000.0
2024-07-10,海外指数,9100000.0,0.0,1,36400000.0,163800000.0
2024-07-10,军工,-6000000.0,0.0,1,32000000.0,287000000.0
2024-07-10,新能源,-44000000.0,0.0,3,-270000000.0,-814000000.0
2024-07-10,消费,-136400000.0,0.0,3,62500000.0,1095500000.0
2024-07-10,金融,-368200000.0,0.0,3,-195700000.0,891600000.0
2024-07-11,科技,250000000.0,0.0,1,482000000.0,220000000.0
2024-07-11,海外指数,9100000.0,0.0,1,45500000.0,163800000.0
2024-07-11,红利策略,-15500000.0,0.0,2,89000000.0,438000000.0
2024-07-11,军工,-73000000.0,0.0,1,-47000000.0,139000000.0
2024-07-11,新能源,-159000000.0,0.0,3,-409500000.0,-933000000.0
2024-07-11,消费,-164600000.0,0.0,3,-184900000.0,765500000.0
2024-07-11,宽基指数,-282700000.0,0.0,6,2824700000.0,10418500000.0
2024-07-11,金融,-425200000.0,0.0,3,-786600000.0,381700000.0
2024-07-11,未分类,-1241424631.0,0.0,928,11758442661.0,59611413523.0
2024-07-12,红利策略,45000000.0,0.0,2,135500000.0,477000000.0
2024-07-12,科技,36000000.0,0.0,1,300000000.0,52000000.0
2024-07-12,海外指数,9100000.0,0.0,1,45500000.0,163800000.0
2024-07-12,军工,-13000000.0,0.0,1,-82000000.0,57000000.0
2024-07-12,金融,-57700000.0,0.0,3,-739600000.0,631200000.0
2024-07-12,消费,-125000000.0,0.0,3,-400400000.0,444000000.0
2024-07-12,新能源,-205000000.0,0.0,3,-535500000.0,-1187500000.0
2024-07-12,未分类,-423241793.0,0.0,928,8210834011.0,54335743326.0
2024-07-12,宽基指数,-696400000.0,0.0,6,1101400000.0,9604400000.0
2024-07-15,未分类,1939678932.0,0.0,929,6336968027.0,55585256491.0
2024-07-15,海外指数,9100000.0,0.0,1,45500000.0,163800000.0
2024-07-15,军工,-27000000.0,0.0,1,-108000000.0,93000000.0
2024-07-15,红利策略,-27000000.0,0.0,2,134000000.0,368500000.0
2024-07-15,新能源,-76000000.0,0.0,3,-529000000.0,-1166000000.0
2024-07-15,消费,-125200000.0,0.0,3,-534300000.0,321900000.0
2024-07-15,宽基指数,-132300000.0,0.0,6,75700000.0,9034600000.0
2024-07-15,金融,-199600000.0,0.0,3,-1211100000.0,494300000.0
2024-07-15,科技,-216000000.0,0.0,1,66000000.0,164000000.0
2024-07-16,宽基指数,1049300000.0,0.0,6,-200000.0,9765100000.0
2024-07-16,未分类,16485726.0,0.0,929,1642873162.0,53119103493.0
2024-07-16,海外指数,9100000.0,0.0,1,45500000.0,163800000.0
2024-07-16,军工,9000000.0,0.0,1,-110000000.0,60000000.0
2024-07-16,红利策略,2500000.0,0.0,2,93500000.0,346500000.0
2024-07-16,消费,1500000.0,0.0,3,-549700000.0,46300000.0
2024-07-16,新能源,-130000000.0,0.0,3,-614000000.0,-1071000000.0
2024-07-16,金融,-422600000.0,0.0,3,-1473300000.0,245800000.0
2024-07-16,科技,-852000000.0,0.0,1,-668000000.0,-660000000.0
2024-07-17,未分类,5412242657.0,0.0,929,5703740891.0,57695549581.0
2024-07-17,宽基指数,2864400000.0,0.0,6,2802300000.0,12761400000.0
2024-07-17,海外指数,9100000.0,0.0,1,45500000.0,172900000.0
2024-07-17,红利策略,7000000.0,0.0,2,12000000.0,326500000.0
2024-07-17,军工,-2000000.0,0.0,1,-106000000.0,37000000.0
2024-07-17,新能源,-39000000.0,0.0,3,-609000000.0,-1115500000.0
2024-07-17,科技,-166000000.0,0.0,1,-948000000.0,-702000000.0
2024-07-17,消费,-174500000.0,0.0,3,-587800000.0,-271800000.0
2024-07-17,金融,-480100000.0,0.0,3,-1585200000.0,-319100000.0
2024-07-18,未分类,3119944685.9999995,0.0,929,10065110208.0,58469347612.0
2024-07-18,宽基指数,2817700000.0,0.0,6,5902700000.0,16051300000.0
2024-07-18,海外指数,9100000.0,0.0,1,45500000.0,172900000.0
2024-07-18,红利策略,-6000000.0,0.0,2,21500000.0,297500000.0
2024-07-18,军工,-49000000.0,0.0,1,-82000000.0,9000000.0
2024-07-18,科技,-90000000.0,0.0,1,-1288000000.0,-262000000.0
2024-07-18,消费,-91000000.0,0.0,3,-514200000.0,-415700000.0
2024-07-18,新能源,-125000000.0,0.0,3,-575000000.0,-1151500000.0
2024-07-18,金融,-418000000.0,0.0,3,-1578000000.0,-842400000.0
2024-07-19,宽基指数,7131700000.000008,0.0,6,13730800000.000008,22236200000.000008
2024-07-19,未分类,1377617785.0,0.0,931,11865969786.0,54547103463.0
2024-07-19,红利策略,20000000.0,0.0,2,-3500000.0,268500000.0
2024-07-19,海外指数,9100000.0,0.0,1,45500000.0,172900000.0
2024-07-19,军工,-24000000.0,0.0,1,-93000000.0,-16000000.0
2024-07-19,新能源,-129000000.0,0.0,3,-499000000.0,-1218000000.0
2024-07-19,消费,-434500000.0,0.0,3,-823700000.0,-1077400000.0
2024-07-19,金融,-594200000.0,0.0,3,-2114500000.0,-1563500000.0
2024-07-19,科技,-694000000.0,0.0,1,-2018000000.0,-1008000000.0
2024-07-22,宽基指数,1660800000.0,0.0,6,15523900000.000008,20937800000.000008
2024-07-22,海外指数,9100000.0,0.0,1,45500000.0,172900000.0
2024-07-22,军工,-29000000.0,0.0,1,-95000000.0,-65000000.0
2024-07-22,红利策略,-30000000.0,0.0,2,-6500000.0,176500000.0
2024-07-22,科技,-110000000.0,0.0,1,-1912000000.0,-1150000000.0
2024-07-22,新能源,-131500000.0,0.0,3,-554500000.0,-1272000000.0
2024-07-22,消费,-267200000.0,0.0,3,-965700000.0,-1257200000.0
2024-07-22,金融,-459300000.0,0.0,3,-2374200000.0,-2215600000.0
2024-07-22,未分类,-631180335.0,0.0,931,9295110519.0,48358424498.0
2024-07-23,未分类,3477396327.0,0.0,931,12756021120.0,46120579336.0
2024-07-23,宽基指数,1701900000.0,0.0,6,16176500000.000008,21346400000.000008
2024-07-23,科技,518000000.0,0.0,1,-542000000.0,-578000000.0
2024-07-23,消费,60800000.0,0.0,3,-906400000.0,-1184400000.0
2024-07-23,海外指数,9100000.0,0.0,1,45500000.0,172900000.0
2024-07-23,红利策略,5000000.0,0.0,2,-4000000.0,172500000.0
2024-07-23,军工,-10000000.0,0.0,1,-114000000.0,-101000000.0
2024-07-23,新能源,-216000000.0,0.0,3,-640500000.0,-1502000000.0
2024-07-23,金融,-328100000.0,0.0,3,-2279700000.0,-3392300000.0
2024-07-24,未分类,3950218989.0,0.0,931,11293997452.0,48196780225.0
2024-07-24,宽基指数,1156800000.0,0.0,6,14468900000.000008,22413400000.000008
2024-07-24,科技,430000000.0,0.0,1,54000000.0,-122000000.0
2024-07-24,军工,23000000.0,0.0,1,-89000000.0,-89000000.0
2024-07-24,海外指数,9100000.0,0.0,1,45500000.0,172900000.0
2024-07-24,红利策略,-4000000.0,0.0,2,-15000000.0,140500000.0
2024-07-24,新能源,-53000000.0,0.0,3,-654500000.0,-1571500000.0
2024-07-24,消费,-98800000.0,0.0,3,-830700000.0,-1343900000.0
2024-07-24,金融,-157500000.0,0.0,3,-1957100000.0,-3411200000.0
2024-07-25,未分类,4643450922.0,0.0,931,12817503688.0,49875622469.0
2024-07-25,宽基指数,1960400000.0,0.0,6,13611600000.000008,23492600000.000008
2024-07-25,科技,378000000.0,0.0,1,522000000.0,330000000.0
2024-07-25,军工,38000000.0,0.0,1,-2000000.0,-51000000.0
2024-07-25,消费,30300000.0,0.0,3,-709400000.0,-1306000000.0
2024-07-25,海外指数,9100000.0,0.0,1,45500000.0,172900000.0
2024-07-25,红利策略,-50000000.0,0.0,2,-59000000.0,48000000.0
2024-07-25,新能源,-294500000.0,0.0,3,-824000000.0,-1830000000.0
2024-07-25,金融,-374400000.0,0.0,3,-1913500000.0,-3821900000.0
2024-07-26,未分类,4084150354.0,0.0,931,15524036257.0,48301417655.0
2024-07-26,宽基指数,1511600000.0,0.0,6,7991500000.0,24343500000.000008
2024-07-26,科技,182000000.0,0.0,1,1398000000.0,478000000.0
2024-07-26,消费,111600000.0,0.0,3,-163300000.0,-1353800000.0
2024-07-26,新能源,22000000.0,0.0,3,-673000000.0,-1808500000.0
2024-07-26,军工,11000000.0,0.0,1,33000000.0,13000000.0
2024-07-26,海外指数,9100000.0,0.0,1,45500000.0,172900000.0
2024-07-26,红利策略,1500000.0,0.0,2,-77500000.0,20000000.0
2024-07-26,金融,-281500000.0,0.0,3,-1600800000.0,-4621500000.0
2024-07-29,未分类,2847509867.0,0.0,931,19002726459.0,50454405929.0
2024-07-29,宽基指数,878000000.0,0.0,6,7208700000.0,25424300000.000008
2024-07-29,科技,178000000.0,0.0,1,1686000000.0,340000000.0
2024-07-29,消费,112400000.0,0.0,3,216300000.0,-1261700000.0
2024-07-29,新能源,26000000.0,0.0,3,-515500000.0,-1794000000.0
2024-07-29,海外指数,9100000.0,0.0,1,45500000.0,172900000.0
2024-07-29,红利策略,-13000000.0,0.0,2,-60500000.0,76000000.0
2024-07-29,军工,-56000000.0,0.0,1,6000000.0,-58000000.0
2024-07-29,金融,-63500000.0,0.0,3,-1205000000.0,-4488900000.0
2024-07-30,未分类,4722020721.0,0.0,931,20247350853.0,52847769040.0
2024-07-30,宽基指数,2350700000.0,0.0,6,7857500000.0,28403200000.000008
2024-07-30,科技,92000000.0,0.0,1,1260000000.0,182000000.0
2024-07-30,海外指数,9100000.0,0.0,1,45500000.0,172900000.0
2024-07-30,红利策略,-8000000.0,0.0,2,-73500000.0,43500000.0
2024-07-30,新能源,-11500000.0,0.0,3,-311000000.0,-1842000000.0
2024-07-30,军工,-29000000.0,0.0,1,-13000000.0,-130000000.0
2024-07-30,消费,-97200000.0,0.0,3,58300000.0,-1190200000.0
2024-07-30,金融,-187100000.0,0.0,3,-1064000000.0,-4633200000.0
2024-07-31,宽基指数,1809999999.999998,0.0,6,8510699999.999998,30015800000.000008
2024-07-31,未分类,872025267.0,0.0,933,17169157131.0,51150012602.0
2024-07-31,军工,107000000.0,0.0,1,71000000.0,-92000000.0
2024-07-31,新能源,100000000.0,0.0,3,-158000000.0,-1691500000.0
2024-07-31,消费,26200000.0,0.0,3,183300000.0,-1172700000.0
2024-07-31,海外指数,9100000.0,0.0,1,45500000.0,172900000.0
2024-07-31,红利策略,-54000000.0,0.0,2,-123500000.0,-8000000.0
2024-07-31,科技,-122000000.0,0.0,1,708000000.0,284000000.0
2024-07-31,金融,-1200000000.0,0.0,3,-2106500000.0,-5844500000.0
2024-08-01,未分类,2042959558.0,0.0,933,14568665767.0,49209722324.0
2024-08-01,宽基指数,331400000.0,0.0,6,6881699999.999998,29220700000.000008
2024-08-01,消费,210700000.0,0.0,3,363700000.0,-1044800000.0
2024-08-01,新能源,71500000.0,0.0,3,208000000.0,-1600500000.0
2024-08-01,海外指数,9100000.0,0.0,1,45500000.0,182000000.0
2024-08-01,红利策略,-10000000.0,0.0,2,-83500000.0,-32000000.0
2024-08-01,科技,-132000000.0,0.0,1,198000000.0,-86000000.0
2024-08-01,军工,-135000000.0,0.0,1,-102000000.0,-233000000.0
2024-08-01,金融,-436500000.0,0.0,3,-2168600000.0,-6446700000.0
2024-08-02,未分类,4854088839.0,0.0,934,15338604252.0,50939444306.0
2024-08-02,宽基指数,908500000.0,0.0,6,6278599999.999998,29102300000.000008
2024-08-02,科技,450000000.0,0.0,1,466000000.0,146000000.0
2024-08-02,新能源,48500000.0,0.0,3,234500000.0,-1473000000.0
2024-08-02,海外指数,9100000.0,0.0,1,45500000.0,182000000.0
2024-08-02,消费,7400000.0,0.0,3,259500000.0,-1127900000.0
2024-08-02,红利策略,-500000.0,0.0,2,-85500000.0,-31000000.0
2024-08-02,金融,-20700000.0,0.0,3,-1907800000.0,-6362700000.0
2024-08-02,军工,-42000000.0,0.0,1,-155000000.0,-297000000.0
2024-08-05,未分类,7375831111.0,0.0,934,19866925496.0,54501730501.0
2024-08-05,宽基指数,2277000000.0,0.0,6,7677599999.999998,30485900000.000008
2024-08-05,科技,750000000.0,0.0,1,1038000000.0,878000000.0
2024-08-05,新能源,50000000.0,0.0,3,258500000.0,-1340500000.0
2024-08-05,海外指数,9100000.0,0.0,1,45500000.0,182000000.0
2024-08-05,军工,5000000.0,0.0,1,-94000000.0,-291000000.0
2024-08-05,红利策略,-8500000.0,0.0,2,-81000000.0,-14000000.0
2024-08-05,金融,-24100000.0,0.0,3,-1868400000.0,-6658700000.0
2024-08-05,消费,-100400000.0,0.0,3,46700000.0,-1237000000.0
2024-08-06,未分类,4074792931.0,0.0,934,19219697706.0,53865942841.0
2024-08-06,宽基指数,738500000.0000019,0.0,6,6065400000.0,30099200000.000008
2024-08-06,科技,204000000.0,0.0,1,1150000000.0,1200000000.0
2024-08-06,消费,10500000.0,0.0,3,154400000.0,-1243400000.0
2024-08-06,海外指数,9100000.0,0.0,1,45500000.0,182000000.0
2024-08-06,红利策略,-1500000.0,0.0,2,-74500000.0,-58500000.0
2024-08-06,金融,-21400000.0,0.0,3,-1702700000.0,-6519700000.0
2024-08-06,军工,-23000000.0,0.0,1,-88000000.0,-325000000.0
2024-08-06,新能源,-45000000.0,0.0,3,225000000.0,-1340500000.0
2024-08-07,未分类,913116693.0,0.0,934,19260789132.0,53427684606.0
2024-08-07,科技,242000000.0,0.0,1,1514000000.0,1328000000.0
2024-08-07,金融,126400000.0,0.0,3,-376300000.0,-6025100000.0
2024-08-07,宽基指数,63900000.0,0.0,6,4319300000.000002,30101200000.000008
2024-08-07,军工,18000000.0,0.0,1,-177000000.0,-301000000.0
2024-08-07,海外指数,9100000.0,0.0,1,45500000.0,182000000.0
2024-08-07,红利策略,-15000000.0,0.0,2,-35500000.0,-162000000.0
2024-08-07,新能源,-18500000.0,0.0,3,106500000.0,-1315000000.0
2024-08-07,消费,-176300000.0,0.0,3,-48100000.0,-1283300000.0
2024-08-08,未分类,1753438881.0,0.0,934,18971268455.0,56422548118.0
2024-08-08,宽基指数,958200000.0,0.0,6,4946100000.000002,31342100000.000008
2024-08-08,军工,99000000.0,0.0,1,57000000.0,-129000000.0
2024-08-08,新能源,30500000.0,0.0,3,65500000.0,-1125500000.0
2024-08-08,海外指数,9100000.0,0.0,1,45500000.0,182000000.0
2024-08-08,红利策略,-8500000.0,0.0,2,-34000000.0,-155000000.0
2024-08-08,金融,-16000000.0,0.0,3,44200000.0,-5615900000.0
2024-08-08,科技,-36000000.0,0.0,1,1610000000.0,1042000000.0
2024-08-08,消费,-78200000.0,0.0,3,-337000000.0,-1196900000.0
2024-08-09,金融,122200000.0,0.0,3,187100000.0,-5436000000.0
2024-08-09,新能源,96500000.0,0.0,3,113500000.0,-824000000.0
2024-08-09,科技,20000000.0,0.0,1,1180000000.0,1026000000.0
2024-08-09,海外指数,9100000.0,0.0,1,45500000.0,182000000.0
2024-08-09,军工,7000000.0,0.0,1,106000000.0,-109000000.0
2024-08-09,消费,-29300000.0,0.0,3,-373700000.0,-1101200000.0
2024-08-09,红利策略,-87000000.0,0.0,2,-120500000.0,-287000000.0
2024-08-09,宽基指数,-285700000.0,0.0,6,3751900000.000002,31752800000.000008
2024-08-09,未分类,-5549459136.0,0.0,935,8567720480.0,51296330775.0
2024-08-12,未分类,691646120.0,0.0,935,1883535489.0,50048297963.0
2024-08-12,宽基指数,409600000.0,0.0,6,1884500000.000002,32294700000.000008
2024-08-12,科技,200000000.0,0.0,1,630000000.0,1442000000.0
2024-08-12,新能源,81500000.0,0.0,3,145000000.0,-666500000.0
2024-08-12,军工,49000000.0,0.0,1,150000000.0,-33000000.0
2024-08-12,金融,43800000.0,0.0,3,255000000.0,-5192600000.0
2024-08-12,海外指数,9100000.0,0.0,1,45500000.0,182000000.0
2024-08-12,消费,-11500000.0,0.0,3,-284800000.0,-987500000.0
2024-08-12,红利策略,-96000000.0,0.0,2,-208000000.0,-356000000.0
2024-08-13,未分类,1719359816.0,0.0,935,-471897626.0,51751172053.0
2024-08-13,科技,90000000.0,0.0,1,516000000.0,2384000000.0
2024-08-13,宽基指数,65600000.0,0.0,6,1211600000.0,31311000000.000008
2024-08-13,消费,55300000.0,0.0,3,-240000000.0,-933700000.0
2024-08-13,新能源,49500000.0,0.0,3,239500000.0,-487000000.0
2024-08-13,海外指数,9100000.0,0.0,1,45500000.0,182000000.0
2024-08-13,军工,2000000.0,0.0,1,175000000.0,-40000000.0
2024-08-13,金融,-8700000.0,0.0,3,267700000.0,-4778700000.0
2024-08-13,红利策略,-19500000.0,0.0,2,-226000000.0,-378000000.0
2024-08-14,未分类,301893614.0,0.0,935,-1083120705.0,46640823010.0
2024-08-14,科技,234000000.0,0.0,1,508000000.0,2784000000.0
2024-08-14,宽基指数,112800000.0,0.0,6,1260500000.0,28559400000.000008
2024-08-14,金融,96600000.0,0.0,3,237900000.0,-4202000000.0
2024-08-14,消费,13500000.0,0.0,3,-50200000.0,-745700000.0
2024-08-14,海外指数,9100000.0,0.0,1,45500000.0,182000000.0
2024-08-14,红利策略,-5500000.0,0.0,2,-216500000.0,-390500000.0
2024-08-14,军工,-12000000.0,0.0,1,145000000.0,-50000000.0
2024-08-14,新能源,-12000000.0,0.0,3,246000000.0,-460000000.0
2024-08-15,未分类,5159392814.0,0.0,935,2322833228.0,48680271138.0
2024-08-15,宽基指数,1752799999.999998,0.0,6,2055099999.999998,27494500000.000008
2024-08-15,科技,92000000.0,0.0,1,636000000.0,2966000000.0
2024-08-15,军工,62000000.0,0.0,1,108000000.0,61000000.0
2024-08-15,消费,42200000.0,0.0,3,70200000.0,-612500000.0
2024-08-15,海外指数,9100000.0,0.0,1,45500000.0,182000000.0
2024-08-15,红利策略,-9500000.0,0.0,2,-217500000.0,-394000000.0
2024-08-15,新能源,-35500000.0,0.0,3,180000000.0,-370500000.0
2024-08-15,金融,-80200000.0,0.0,3,173700000.0,-3864200000.0
2024-08-16,未分类,2550009695.0,0.0,936,10422302059.0,49852663048.0
2024-08-16,宽基指数,1209300000.0,0.0,6,3550099999.999998,21572100000.0
2024-08-16,金融,135000000.0,0.0,3,186500000.0,-3135000000.0
2024-08-16,科技,98000000.0,0.0,1,714000000.0,3758000000.0
2024-08-16,军工,64000000.0,0.0,1,165000000.0,149000000.0
2024-08-16,消费,38900000.0,0.0,3,138400000.0,-139100000.0
2024-08-16,海外指数,9100000.0,0.0,1,45500000.0,182000000.0
2024-08-16,新能源,7500000.0,0.0,3,91000000.0,-234000000.0
2024-08-16,红利策略,-1500000.0,0.0,2,-132000000.0,-415500000.0
2024-08-19,未分类,541062326.0,0.0,936,10271718265.0,51024905709.0
2024-08-19,宽基指数,439800000.0,0.0,6,3580299999.999998,20351100000.0
2024-08-19,消费,232400000.0,0.0,3,382300000.0,360500000.0
2024-08-19,科技,70000000.0,0.0,1,584000000.0,3938000000.0
2024-08-19,新能源,50500000.0,0.0,3,60000000.0,-52000000.0
2024-08-19,军工,43000000.0,0.0,1,159000000.0,221000000.0
2024-08-19,海外指数,9100000.0,0.0,1,45500000.0,182000000.0
2024-08-19,红利策略,-8000000.0,0.0,2,-44000000.0,-393500000.0
2024-08-19,金融,-16800000.0,0.0,3,125900000.0,-2692500000.0
2024-08-20,未分类,3694059955.0,0.0,937,12246418404.0,51241569337.0
2024-08-20,宽基指数,591800000.0,0.0,6,4106499999.999998,19241000000.0
2024-08-20,科技,194000000.0,0.0,1,688000000.0,3614000000.0
2024-08-20,军工,54000000.0,0.0,1,211000000.0,285000000.0
2024-08-20,红利策略,14500000.0,0.0,2,-10000000.0,-384000000.0
2024-08-20,海外指数,9100000.0,0.0,1,45500000.0,182000000.0
2024-08-20,新能源,5000000.0,0.0,3,15500000.0,169000000.0
2024-08-20,消费,-13600000.0,0.0,3,313400000.0,286100000.0
2024-08-20,金融,-59600000.0,0.0,3,75000000.0,-2424000000.0
2024-08-21,未分类,2611916143.0,0.0,938,14556440933.0,49903266491.0
2024-08-21,宽基指数,1694800000.0,0.0,6,5688499999.999998,19779000000.0
2024-08-21,消费,29100000.0,0.0,3,329000000.0,414000000.0
2024-08-21,红利策略,21000000.0,0.0,2,16500000.0,-359000000.0
2024-08-21,军工,15000000.0,0.0,1,238000000.0,277000000.0
2024-08-21,海外指数,9100000.0,0.0,1,45500000.0,182000000.0
2024-08-21,新能源,-13000000.0,0.0,3,14500000.0,209000000.0
2024-08-21,科技,-78000000.0,0.0,1,376000000.0,3106000000.0
2024-08-21,金融,-104400000.0,0.0,3,-126000000.0,-2370900000.0
2024-08-22,未分类,3963972234.0,0.0,938,13361020353.0,49223787803.0
2024-08-22,宽基指数,1350800000.0,0.0,6,5286500000.0,19169400000.0
2024-08-22,消费,48900000.0,0.0,3,335700000.0,432600000.0
2024-08-22,科技,34000000.0,0.0,1,318000000.0,2762000000.0
2024-08-22,金融,13200000.0,0.0,3,-32600000.0,-1983300000.0
2024-08-22,海外指数,9100000.0,0.0,1,45500000.0,182000000.0
2024-08-22,军工,9000000.0,0.0,1,185000000.0,248000000.0
2024-08-22,新能源,-2500000.0,0.0,3,47500000.0,501000000.0
2024-08-22,红利策略,-13000000.0,0.0,2,13000000.0,-322000000.0
2024-08-23,未分类,3216476801.999999,0.0,939,14027487460.0,48356114251.0
2024-08-23,宽基指数,1370200000.0,0.0,6,5447400000.0,19028000000.0
2024-08-23,军工,18000000.0,0.0,1,139000000.0,255000000.0
2024-08-23,新能源,14000000.0,0.0,3,54000000.0,493000000.0
2024-08-23,海外指数,9100000.0,0.0,1,45500000.0,182000000.0
2024-08-23,红利策略,-9500000.0,0.0,2,5000000.0,-333000000.0
2024-08-23,科技,-14000000.0,0.0,1,206000000.0,2566000000.0
2024-08-23,消费,-20400000.0,0.0,3,276400000.0,300600000.0
2024-08-23,金融,-158000000.0,0.0,3,-325600000.0,-1859800000.0
2024-08-26,未分类,3948613945.0,0.0,938,17435039079.0,49457218329.0
2024-08-26,宽基指数,753100000.0,0.0,6,5760700000.0,18903100000.0
2024-08-26,科技,66000000.0,0.0,1,202000000.0,2454000000.0
2024-08-26,消费,28700000.0,0.0,3,72700000.0,216900000.0
2024-08-26,军工,22000000.0,0.0,1,118000000.0,333000000.0
2024-08-26,海外指数,9100000.0,0.0,1,45500000.0,182000000.0
2024-08-26,红利策略,-500000.0,0.0,2,12500000.0,-320500000.0
2024-08-26,新能源,-57000000.0,0.0,3,-53500000.0,410000000.0
2024-08-26,金融,-58300000.0,0.0,3,-367100000.0,-1854600000.0
2024-08-27,未分类,4362474902.0,0.0,936,18103454026.0,49097672510.0
2024-08-27,宽基指数,1074600000.0,0.0,6,6243500000.0,17627000000.0
2024-08-27,金融,60700000.0,0.0,3,-246800000.0,-1606800000.0
2024-08-27,科技,36000000.0,0.0,1,44000000.0,2398000000.0
2024-08-27,海外指数,9100000.0,0.0,1,45500000.0,182000000.0
2024-08-27,军工,7000000.0,0.0,1,71000000.0,369000000.0
2024-08-27,红利策略,-17000000.0,0.0,2,-19000000.0,-329500000.0
2024-08-27,新能源,-22500000.0,0.0,3,-81000000.0,399000000.0
2024-08-27,消费,-83500000.0,0.0,3,2800000.0,230600000.0
2024-08-28,未分类,3080706804.0,0.0,936,18572244687.0,51306354047.0
2024-08-28,宽基指数,2103800000.0,0.0,6,6652500000.0,17920800000.0
2024-08-28,消费,196000000.0,0.0,3,169700000.0,400400000.0
2024-08-28,科技,28000000.0,0.0,1,150000000.0,2548000000.0
2024-08-28,海外指数,9100000.0,0.0,1,45500000.0,182000000.0
2024-08-28,新能源,4000000.0,0.0,3,-64000000.0,303000000.0
2024-08-28,红利策略,-24000000.0,0.0,2,-64000000.0,-299500000.0
2024-08-28,金融,-30000000.0,0.0,3,-172400000.0,-436800000.0
2024-08-28,军工,-33000000.0,0.0,1,23000000.0,229000000.0
2024-08-29,宽基指数,2441500000.0,0.0,6,7743200000.0,20030900000.0
2024-08-29,未分类,792005378.9999998,0.0,936,15400277831.999998,50055399868.0
2024-08-29,红利策略,31500000.0,0.0,2,-19500000.0,-258000000.0
2024-08-29,海外指数,9100000.0,0.0,1,45500000.0,182000000.0
2024-08-29,军工,-7000000.0,0.0,1,7000000.0,357000000.0
2024-08-29,金融,-20700000.0,0.0,3,-206300000.0,-21000000.0
2024-08-29,消费,-41800000.0,0.0,3,79000000.0,147900000.0
2024-08-29,新能源,-52500000.0,0.0,3,-114000000.0,179000000.0
2024-08-29,科技,-82000000.0,0.0,1,34000000.0,2598000000.0
2024-08-30,宽基指数,673700000.0,0.0,6,7046700000.0,19796100000.0
2024-08-30,军工,73000000.0,0.0,1,62000000.0,472000000.0
2024-08-30,海外指数,9100000.0,0.0,1,45500000.0,182000000.0
2024-08-30,红利策略,-12000000.0,0.0,2,-22000000.0,-269500000.0
2024-08-30,新能源,-80500000.0,0.0,3,-208500000.0,50000000.0
2024-08-30,消费,-119400000.0,0.0,3,-20000000.0,21100000.0
2024-08-30,金融,-219600000.0,0.0,3,-267900000.0,-219900000.0
2024-08-30,科技,-522000000.0,0.0,1,-474000000.0,1626000000.0
2024-08-30,未分类,-4304745135.000004,0.0,937,7879055894.999997,40896565893.99999
2024-09-02,未分类,945436301.0000038,0.0,937,4875878251.0,34466171084.0
2024-09-02,金融,235200000.0,0.0,3,25600000.0,39400000.0
2024-09-02,科技,228000000.0,0.0,1,-312000000.0,1104000000.0
2024-09-02,军工,55000000.0,0.0,1,95000000.0,522000000.0
2024-09-02,海外指数,0.0,0.0,1,36400000.0,172900000.0
2024-09-02,红利策略,-58500000.0,0.0,2,-80000000.0,-319500000.0
2024-09-02,新能源,-98000000.0,0.0,3,-249500000.0,-98000000.0
2024-09-02,消费,-120300000.0,0.0,3,-169000000.0,1200000.0
2024-09-02,宽基指数,-189500000.0,0.0,6,6104100000.0,17329600000.0
2024-09-03,宽基指数,137500000.0,0.0,6,5167000000.0,16728599999.999998
2024-09-03,军工,76000000.0,0.0,1,164000000.0,621000000.0
2024-09-03,海外指数,9100000.0,0.0,1,36400000.0,172900000.0
2024-09-03,红利策略,-9500000.0,0.0,2,-72500000.0,-327500000.0
2024-09-03,科技,-22000000.0,0.0,1,-370000000.0,878000000.0
2024-09-03,金融,-22300000.0,0.0,3,-57400000.0,38500000.0
2024-09-03,消费,-27300000.0,0.0,3,-112800000.0,-36600000.0
2024-09-03,新能源,-87500000.0,0.0,3,-314500000.0,-140500000.0
2024-09-03,未分类,-1483993804.0,0.0,937,-970590455.0,28907384349.0
2024-09-04,宽基指数,188200000.0,0.0,6,3251400000.0,16852899999.999998
2024-09-04,科技,92000000.0,0.0,1,-306000000.0,728000000.0
2024-09-04,消费,51700000.0,0.0,3,-257100000.0,191400000.0
2024-09-04,军工,29000000.0,0.0,1,226000000.0,632000000.0
2024-09-04,新能源,13000000.0,0.0,3,-305500000.0,-109000000.0
2024-09-04,海外指数,9100000.0,0.0,1,36400000.0,172900000.0
2024-09-04,红利策略,-32000000.0,0.0,2,-80500000.0,-344500000.0
2024-09-04,金融,-47900000.0,0.0,3,-75300000.0,-135800000.0
2024-09-04,未分类,-69226780.99999997,0.0,937,-4120524040.0,27925040875.0
2024-09-05,未分类,2112931339.0,0.0,937,-2799598080.0,28284533333.0
2024-09-05,宽基指数,998300000.0,0.0,6,1808200000.0,16892999999.999998
2024-09-05,科技,170000000.0,0.0,1,-54000000.0,934000000.0
2024-09-05,军工,13000000.0,0.0,1,246000000.0,546000000.0
2024-09-05,海外指数,9100000.0,0.0,1,36400000.0,172900000.0
2024-09-05,消费,1200000.0,0.0,3,-214100000.0,270800000.0
2024-09-05,新能源,-4500000.0,0.0,3,-257500000.0,-144000000.0
2024-09-05,红利策略,-35500000.0,0.0,2,-147500000.0,-371500000.0
2024-09-05,金融,-108800000.0,0.0,3,-163400000.0,-228600000.0
2024-09-06,科技,148000000.0,0.0,1,616000000.0,1062000000.0
2024-09-06,海外指数,9100000.0,0.0,1,36400000.0,172900000.0
2024-09-06,新能源,-5000000.0,0.0,3,-182000000.0,-245500000.0
2024-09-06,宽基指数,-6800000.0,0.0,6,1127700000.0,17171899999.999998
2024-09-06,红利策略,-7000000.0,0.0,2,-142500000.0,-291500000.0
2024-09-06,军工,-9000000.0,0.0,1,164000000.0,530000000.0
2024-09-06,消费,-49600000.0,0.0,3,-144300000.0,250500000.0
2024-09-06,未分类,-71706127.00000024,0.0,938,1433440928.0000036,33762286342.0
2024-09-06,金融,-269000000.0,0.0,3,-212800000.0,-619800000.0
2024-09-09,未分类,2866907382.0,0.0,938,3354912009.0,35937547604.0
2024-09-09,宽基指数,1906100000.0,0.0,6,3223300000.0,18668400000.0
2024-09-09,消费,89500000.0,0.0,3,65500000.0,351500000.0
2024-09-09,科技,54000000.0,0.0,1,442000000.0,916000000.0
2024-09-09,新能源,23000000.0,0.0,3,-61000000.0,-304000000.0
2024-09-09,红利策略,22500000.0,0.0,2,-61500000.0,-173000000.0
2024-09-09,海外指数,9100000.0,0.0,1,45500000.0,172900000.0
2024-09-09,军工,0.0,0.0,1,109000000.0,481000000.0
2024-09-09,金融,-288400000.0,0.0,3,-736400000.0,-952000000.0
2024-09-10,未分类,863312090.0,0.0,938,5702217903.0,35081499878.0
2024-09-10,宽基指数,715500000.0,0.0,6,3801300000.0,19318300000.0
2024-09-10,科技,122000000.0,0.0,1,586000000.0,948000000.0
2024-09-10,金融,118400000.0,0.0,3,-595700000.0,-824900000.0
2024-09-10,消费,68600000.0,0.0,3,161400000.0,364800000.0
2024-09-10,海外指数,9100000.0,0.0,1,45500000.0,172900000.0
2024-09-10,新能源,-7500000.0,0.0,3,19000000.0,-361000000.0
2024-09-10,军工,-14000000.0,0.0,1,19000000.0,465000000.0
2024-09-10,红利策略,-27500000.0,0.0,2,-79500000.0,-181000000.0
2024-09-11,消费,73300000.0,0.0,3,183000000.0,424600000.0
2024-09-11,宽基指数,72100000.0,0.0,6,3685200000.0,19277600000.0
2024-09-11,军工,33000000.0,0.0,1,23000000.0,510000000.0
2024-09-11,海外指数,9100000.0,0.0,1,45500000.0,172900000.0
2024-09-11,科技,-8000000.0,0.0,1,486000000.0,706000000.0
2024-09-11,红利策略,-8500000.0,0.0,2,-56000000.0,-184000000.0
2024-09-11,金融,-45600000.0,0.0,3,-593400000.0,-967100000.0
2024-09-11,新能源,-106500000.0,0.0,3,-100500000.0,-455500000.0
2024-09-11,未分类,-567539415.0,0.0,938,5203905269.0,34212066849.0
2024-09-12,未分类,1414342801.0,0.0,938,4505316731.0,30467016836.0
2024-09-12,宽基指数,343600000.0,0.0,6,3030500000.0,17868400000.0
2024-09-12,消费,329700000.0,0.0,3,511500000.0,712100000.0
2024-09-12,科技,206000000.0,0.0,1,522000000.0,820000000.0
2024-09-12,军工,23000000.0,0.0,1,33000000.0,471000000.0
2024-09-12,海外指数,9100000.0,0.0,1,45500000.0,172900000.0
2024-09-12,红利策略,-41000000.0,0.0,2,-61500000.0,-215500000.0
2024-09-12,新能源,-48000000.0,0.0,3,-144000000.0,-468000000.0
2024-09-12,金融,-80600000.0,0.0,3,-565200000.0,-967500000.0
2024-09-13,未分类,1616864808.9999962,0.0,939,6193887666.999996,29533871949.999996
2024-09-13,宽基指数,481000000.0,0.0,6,3518300000.0,17140100000.0
2024-09-13,消费,173200000.0,0.0,3,734300000.0,846400000.0
2024-09-13,科技,92000000.0,0.0,1,466000000.0,814000000.0
2024-09-13,军工,77000000.0,0.0,1,119000000.0,484000000.0
2024-09-13,红利策略,19000000.0,0.0,2,-35500000.0,-195000000.0
2024-09-13,海外指数,9100000.0,0.0,1,45500000.0,172900000.0
2024-09-13,金融,-245000000.0,0.0,3,-541200000.0,-1347500000.0
2024-09-13,新能源,-6337662000.0,0.0,3,-6476662000.0,-6813162000.0
2024-09-18,未分类,2680545245.0,0.0,939,6007525529.999996,31673354869.0
2024-09-18,宽基指数,813500000.0,0.0,6,2425700000.0,17513800000.0
2024-09-18,军工,118000000.0,0.0,1,237000000.0,559000000.0
2024-09-18,红利策略,110500000.0,0.0,2,52500000.0,-76500000.0
2024-09-18,科技,56000000.0,0.0,1,468000000.0,800000000.0
2024-09-18,海外指数,9100000.0,0.0,1,45500000.0,172900000.0
2024-09-18,金融,-6100000.0,0.0,3,-258900000.0,-1336800000.0
2024-09-18,新能源,-14000000.0,0.0,3,-6513662000.0,-6877662000.0
2024-09-18,消费,-53100000.0,0.0,3,591700000.0,560900000.0
2024-09-19,未分类,2655568279.0,0.0,940,7799781718.999996,30634863193.0
2024-09-19,宽基指数,1522700000.0,0.0,6,3232900000.0,18444700000.0
2024-09-19,科技,212000000.0,0.0,1,558000000.0,818000000.0
2024-09-19,红利策略,30000000.0,0.0,2,110000000.0,-61000000.0
2024-09-19,新能源,14000000.0,0.0,3,-6492162000.0,-6868662000.0
2024-09-19,海外指数,9100000.0,0.0,1,45500000.0,172900000.0
2024-09-19,金融,-82700000.0,0.0,3,-460000000.0,-1359900000.0
2024-09-19,军工,-101000000.0,0.0,1,150000000.0,404000000.0
2024-09-19,消费,-183000000.0,0.0,3,340100000.0,391500000.0
2024-09-20,宽基指数,2465500000.0,0.0,6,5626300000.0,19215400000.0
2024-09-20,红利策略,100500000.0,0.0,2,219000000.0,18500000.0
2024-09-20,科技,68000000.0,0.0,1,634000000.0,964000000.0
2024-09-20,新能源,16500000.0,0.0,3,-6369162000.0,-6839162000.0
2024-09-20,海外指数,9100000.0,0.0,1,45500000.0,172900000.0
2024-09-20,军工,3000000.0,0.0,1,120000000.0,392000000.0
2024-09-20,金融,-25300000.0,0.0,3,-439700000.0,-1280800000.0
2024-09-20,消费,-156500000.0,0.0,3,110300000.0,205900000.0
2024-09-20,未分类,-56248004943.0,0.0,942,-47880683809.0,-28225057893.0
2024-09-23,未分类,2595372405.0,0.0,942,-46699654205.0,-29593657722.0
2024-09-23,科技,172000000.0,0.0,1,600000000.0,1102000000.0
2024-09-23,金融,105500000.0,0.0,3,-253600000.0,-1188500000.0
2024-09-23,新能源,29000000.0,0.0,3,-6292162000.0,-6807662000.0
2024-09-23,海外指数,9100000.0,0.0,1,45500000.0,172900000.0
2024-09-23,红利策略,-33000000.0,0.0,2,227000000.0,-1500000.0
2024-09-23,军工,-61000000.0,0.0,1,36000000.0,322000000.0
2024-09-23,消费,-67800000.0,0.0,3,-287200000.0,89200000.0
2024-09-23,宽基指数,-168000000.0,0.0,6,5114700000.0,17696600000.0
2024-09-24,未分类,5932541959.0,0.0,942,-42383977055.0,-26877592565.0
2024-09-24,宽基指数,1231200000.0,0.0,6,5864900000.0,17557600000.0
2024-09-24,红利策略,261000000.0,0.0,2,469000000.0,269000000.0
2024-09-24,消费,45800000.0,0.0,3,-414600000.0,155400000.0
2024-09-24,海外指数,9100000.0,0.0,1,45500000.0,172900000.0
2024-09-24,科技,-26000000.0,0.0,1,482000000.0,1090000000.0
2024-09-24,军工,-40000000.0,0.0,1,-81000000.0,264000000.0
2024-09-24,新能源,-63000000.0,0.0,3,-17500000.0,-6884662000.0
2024-09-24,金融,-274700000.0,0.0,3,-283300000.0,-1305200000.0
2024-09-25,未分类,2135629116.0,0.0,941,-42928893184.0,-28690577394.0
2024-09-25,宽基指数,468800000.0,0.0,6,5520200000.0,17273300000.0
2024-09-25,红利策略,164500000.0,0.0,2,523000000.0,434000000.0
2024-09-25,海外指数,9100000.0,0.0,1,45500000.0,172900000.0
2024-09-25,军工,-64000000.0,0.0,1,-263000000.0,178000000.0
2024-09-25,消费,-83500000.0,0.0,3,-445000000.0,43200000.0
2024-09-25,科技,-104000000.0,0.0,1,322000000.0,920000000.0
2024-09-25,新能源,-114000000.0,0.0,3,-117500000.0,-6941662000.0
2024-09-25,金融,-1011300000.0,0.0,3,-1288500000.0,-2258200000.0
2024-09-26,宽基指数,4890000000.0,0.0,6,8887500000.0,21088700000.0
2024-09-26,未分类,2682971723.0,0.0,942,-42901489740.0,-30370080573.0
2024-09-26,消费,401000000.0,0.0,3,139000000.0,527700000.0
2024-09-26,海外指数,9100000.0,0.0,1,45500000.0,172900000.0
2024-09-26,新能源,8000000.0,0.0,3,-123500000.0,-6911162000.0
2024-09-26,军工,-25000000.0,0.0,1,-187000000.0,146000000.0
2024-09-26,红利策略,-96500000.0,0.0,2,396500000.0,354500000.0
2024-09-26,科技,-104000000.0,0.0,1,6000000.0,780000000.0
2024-09-26,金融,-606700000.0,0.0,3,-1812500000.0,-2925600000.0
2024-09-27,未分类,2760795330.0,0.0,942,16107310533.0,-30689992047.0
2024-09-27,宽基指数,1355200000.0,0.0,6,7777200000.0,20340100000.0
2024-09-27,消费,939200000.0,0.0,3,1234700000.0,1270900000.0
2024-09-27,金融,195400000.0,0.0,3,-1591800000.0,-2700200000.0
2024-09-27,军工,45000000.0,0.0,1,-145000000.0,224000000.0
2024-09-27,海外指数,9100000.0,0.0,1,45500000.0,172900000.0
2024-09-27,新能源,-16500000.0,0.0,3,-156500000.0,-6931662000.0
2024-09-27,红利策略,-51500000.0,0.0,2,244500000.0,327000000.0
2024-09-27,科技,-70000000.0,0.0,1,-132000000.0,682000000.0
2024-09-30,未分类,31847728815.0,0.0,942,45359666943.0,365731389.0
2024-09-30,宽基指数,8303900000.0,0.0,6,16249100000.0,26202500000.0
2024-09-30,消费,2159900000.0,0.0,3,3462400000.0,3472600000.0
2024-09-30,军工,262000000.0,0.0,1,178000000.0,493000000.0
2024-09-30,海外指数,-45500000.0,0.0,1,-9100000.0,118300000.0
2024-09-30,新能源,-126500000.0,0.0,3,-312000000.0,-7005662000.0
2024-09-30,红利策略,-617000000.0,0.0,2,-339500000.0,-321500000.0
2024-09-30,科技,-804000000.0,0.0,1,-1108000000.0,-40000000.0
2024-09-30,金融,-935600000.0,0.0,3,-2632900000.0,-3615100000.0
2024-10-08,未分类,66723082291.00001,0.0,942,106150207275.0,71393558815.00002
2024-10-08,宽基指数,13121800000.0,0.0,6,28139700000.0,38650600000.0
2024-10-08,消费,3346500000.0,0.0,3,6763100000.0,6938500000.0
2024-10-08,军工,621000000.0,0.0,1,839000000.0,1041000000.0
2024-10-08,金融,96100000.0,0.0,3,-2262100000.0,-3299400000.0
2024-10-08,海外指数,0.0,0.0,1,-18200000.0,109200000.0
2024-10-08,科技,-74000000.0,0.0,1,-1156000000.0,408000000.0
2024-10-08,红利策略,-273000000.0,0.0,2,-873500000.0,-582500000.0
2024-10-08,新能源,-570000000.0,0.0,3,-819000000.0,-7495162000.0
2024-10-09,未分类,43288650620.0,0.0,943,147303228779.0,113736773134.0
2024-10-09,宽基指数,4178600000.0,0.0,6,31849500000.0,43018700000.0
2024-10-09,消费,492200000.0,0.0,3,7338800000.0,7551000000.0
2024-10-09,军工,352000000.0,0.0,1,1255000000.0,1338000000.0
2024-10-09,海外指数,-132600000.0,0.0,1,-159900000.0,-23400000.0
2024-10-09,红利策略,-188499999.99999905,0.0,2,-1226499999.999999,-712499999.999999
2024-10-09,新能源,-193000000.0,0.0,3,-898000000.0,-7590162000.0
2024-10-09,科技,-1364000000.0,0.0,1,-2416000000.0,-1184000000.0
2024-10-09,金融,-3218800000.0,0.0,3,-4469600000.0,-6753400000.0
2024-10-10,军工,369000000.0,0.0,1,1649000000.0,1631000000.0
2024-10-10,新能源,57500000.0,0.0,3,-848500000.0,-7445162000.0
2024-10-10,海外指数,0.0,0.0,1,-169000000.0,-32500000.0
2024-10-10,红利策略,-39500000.00000095,0.0,2,-1169500000.0,-742500000.0
2024-10-10,金融,-234100000.0,0.0,3,-4097000000.0,-6965200000.0
2024-10-10,宽基指数,-419200000.0,0.0,6,26540300000.0,42462000000.0
2024-10-10,消费,-460100000.0,0.0,3,6477700000.0,7118200000.0
2024-10-10,未分类,-644254268.999999,0.0,943,143976002787.0,114576512669.00002
2024-10-10,科技,-1384000000.0,0.0,1,-3696000000.0,-2546000000.0
2024-10-11,宽基指数,501000000.0,0.0,6,25686100000.0,42774800000.0
2024-10-11,红利策略,26000000.0,0.0,2,-1092000000.0,-684500000.0
2024-10-11,军工,22000000.0,0.0,1,1626000000.0,1624000000.0
2024-10-11,海外指数,9100000.0,0.0,1,-169000000.0,-32500000.0
2024-10-11,新能源,-61000000.0,0.0,3,-893000000.0,-7519162000.0
2024-10-11,消费,-176200000.0,0.0,3,5362300000.0,6890300000.0
2024-10-11,金融,-1288600000.0,0.0,3,-5581000000.0,-8205900000.0
2024-10-11,科技,-1426000000.0,0.0,1,-5052000000.0,-4064000000.0
2024-10-11,未分类,-5374993263.0,0.0,943,135840214194.00002,109270746187.00002
2024-10-14,军工,217000000.0,0.0,1,1581000000.0,1828000000.0
2024-10-14,红利策略,11000000.0,0.0,2,-464000000.0,-638000000.0
2024-10-14,海外指数,9100000.0,0.0,1,-114400000.0,-32500000.0
2024-10-14,新能源,-14500000.0,0.0,3,-781000000.0,-7529162000.0
2024-10-14,消费,-220900000.0,0.0,3,2981500000.0,6668200000.0
2024-10-14,科技,-474000000.0,0.0,1,-4722000000.0,-4708000000.0
2024-10-14,金融,-1219300000.0,0.0,3,-5864700000.0,-9316400000.0
2024-10-14,宽基指数,-2072500000.0,0.0,6,15309700000.0,39704000000.0
2024-10-14,未分类,-9147461259.0,0.0,949,94845024120.0,98010353589.0
2024-10-15,科技,364000000.0,0.0,1,-4284000000.0,-4492000000.0
2024-10-15,红利策略,96000000.0,0.0,2,-95000000.0,-535000000.0
2024-10-15,军工,64000000.0,0.0,1,1024000000.0,1901000000.0
2024-10-15,海外指数,9100000.0,0.0,1,-105300000.0,-32500000.0
2024-10-15,消费,-6300000.0,0.0,3,-371300000.0,6711500000.0
2024-10-15,新能源,-74000000.0,0.0,3,-285000000.0,-7598162000.0
2024-10-15,金融,-849600000.0,0.0,3,-6810400000.0,-9897000000.0
2024-10-15,宽基指数,-2586500000.0,0.0,6,-398600000.0,37124300000.0
2024-10-15,未分类,-3221601311.0,0.0,954,24900340518.0,94860458405.0
2024-10-16,消费,83200000.0,0.0,3,-780300000.0,6705200000.0
2024-10-16,海外指数,9100000.0,0.0,1,36400000.0,-32500000.0
2024-10-16,新能源,-11000000.0,0.0,3,-103000000.0,-7632162000.0
2024-10-16,红利策略,-53500000.0,0.0,2,39999999.99999905,-611000000.0
2024-10-16,军工,-67000000.0,0.0,1,605000000.0,1834000000.0
2024-10-16,科技,-166000000.0,0.0,1,-3086000000.0,-4712000000.0
2024-10-16,宽基指数,-651900000.0,0.0,6,-5229100000.0,34566300000.0
2024-10-16,金融,-698500000.0,0.0,3,-4290100000.0,-10307100000.0
2024-10-16,未分类,-1282871490.9999998,0.0,954,-19671181593.0,90710679532.00002
2024-10-17,红利策略,42000000.0,0.0,2,121500000.0,-541500000.0
2024-10-17,海外指数,9100000.0,0.0,1,45500000.0,-32500000.0
2024-10-17,新能源,-21500000.0,0.0,3,-182000000.0,-7646162000.0
2024-10-17,军工,-162000000.0,0.0,1,74000000.0,1686000000.0
2024-10-17,科技,-190000000.0,0.0,1,-1892000000.0,-5024000000.0
2024-10-17,金融,-332600000.0,0.0,3,-4388600000.0,-10758100000.0
2024-10-17,消费,-384600000.0,0.0,3,-704800000.0,6252000000.0
2024-10-17,宽基指数,-3303200000.0,0.0,6,-8113100000.0,30547600000.0
2024-10-17,未分类,-7799668086.0,0.0,955,-26826595410.0,82047699356.0
2024-10-18,未分类,8791320124.999992,0.0,955,-12660282022.000008,91406558896.0
2024-10-18,宽基指数,1116400000.0,0.0,6,-7497700000.0,31591900000.0
2024-10-18,红利策略,98500000.0,0.0,2,194000000.0,-434500000.0
2024-10-18,消费,82000000.0,0.0,3,-446600000.0,6260700000.0
2024-10-18,海外指数,9100000.0,0.0,1,45500000.0,-32500000.0
2024-10-18,军工,3000000.0,0.0,1,55000000.0,1656000000.0
2024-10-18,新能源,-159500000.0,0.0,3,-280500000.0,-7699162000.0
2024-10-18,金融,-919100000.0,0.0,3,-4019100000.0,-11631600000.0
2024-10-18,科技,-1288000000.0,0.0,1,-1754000000.0,-6304000000.0
2024-10-21,金融,762800000.0,0.0,3,-2037000000.0,-10788200000.0
2024-10-21,消费,129600000.0,0.0,3,-96100000.0,6060600000.0
2024-10-21,红利策略,111000000.0,0.0,2,294000000.0,-282500000.0
2024-10-21,新能源,80000000.0,0.0,3,-186000000.0,-7571162000.0
2024-10-21,军工,79000000.0,0.0,1,-83000000.0,1712000000.0
2024-10-21,海外指数,9100000.0,0.0,1,45500000.0,-32500000.0
2024-10-21,科技,-102000000.0,0.0,1,-1382000000.0,-6612000000.0
2024-10-21,宽基指数,-3818800000.0,0.0,6,-9244000000.0,27429500000.0
2024-10-21,未分类,-4100312300.0,0.0,955,-7613133063.000008,85891903795.0
2024-10-22,新能源,513000000.0,0.0,3,401000000.0,-720500000.0
2024-10-22,消费,307900000.0,0.0,3,218100000.0,6195300000.0
2024-10-22,科技,196000000.0,0.0,1,-1550000000.0,-6508000000.0
2024-10-22,红利策略,86000000.0,0.0,2,284000000.0,-215500000.0
2024-10-22,军工,84000000.0,0.0,1,-63000000.0,1719000000.0
2024-10-22,海外指数,9100000.0,0.0,1,45500000.0,-32500000.0
2024-10-22,金融,-192200000.0,0.0,3,-1379600000.0,-10735400000.0
2024-10-22,宽基指数,-1364500000.0,0.0,6,-8022000000.0,25584000000.0
2024-10-22,未分类,-11082110563.0,0.0,955,-15473642315.000008,73192928423.0
2024-10-23,科技,318000000.0,0.0,1,-1066000000.0,-6246000000.0
2024-10-23,消费,130600000.0,0.0,3,265500000.0,6379000000.0
2024-10-23,新能源,29500000.0,0.0,3,441500000.0,-677000000.0
2024-10-23,海外指数,9100000.0,0.0,1,45500000.0,-32500000.0
2024-10-23,红利策略,-25000000.0,0.0,2,312500000.0,-351000000.0
2024-10-23,金融,-158500000.0,0.0,3,-839600000.0,-10887800000.0
2024-10-23,军工,-420000000.0,0.0,1,-416000000.0,1181000000.0
2024-10-23,宽基指数,-1811200000.0,0.0,6,-9181300000.0,22959300000.0
2024-10-23,未分类,-2030650623.0000002,0.0,955,-16221421447.000008,68481732555.0
2024-10-24,科技,308000000.0,0.0,1,-568000000.0,-6150000000.0
2024-10-24,消费,45200000.0,0.0,3,695300000.0,6607200000.0
2024-10-24,海外指数,9100000.0,0.0,1,45500000.0,-32500000.0
2024-10-24,红利策略,-51500000.0,0.0,2,219000000.0,-432500000.0
2024-10-24,军工,-105000000.0,0.0,1,-359000000.0,1177000000.0
2024-10-24,未分类,-231791296.0,0.0,955,-8653544657.000008,65594372980.0
2024-10-24,金融,-253800000.0,0.0,3,-760800000.0,-11058900000.0
2024-10-24,新能源,-370500000.0,0.0,3,92500000.0,-1061500000.0
2024-10-24,宽基指数,-1462200000.0,0.0,6,-7340300000.0,19974400000.0
2024-10-25,新能源,447500000.0,0.0,3,699500000.0,-630500000.0
2024-10-25,科技,366000000.0,0.0,1,1086000000.0,-5852000000.0
2024-10-25,消费,226000000.0,0.0,3,839300000.0,6989700000.0
2024-10-25,海外指数,9100000.0,0.0,1,45500000.0,-32500000.0
2024-10-25,红利策略,-1000000.0,0.0,2,119500000.0,-534000000.0
2024-10-25,军工,-44000000.0,0.0,1,-406000000.0,1130000000.0
2024-10-25,金融,-61900000.0,0.0,3,96400000.0,-11095500000.0
2024-10-25,未分类,-626382549.9999995,0.0,956,-18071247332.0,121215995373.0
2024-10-25,宽基指数,-1138800000.0,0.0,6,-9595500000.0,16370100000.0
2024-10-28,未分类,1127525875.999999,0.0,956,-12843409156.0,119748148844.0
2024-10-28,消费,600600000.0,0.0,3,1310300000.0,7658100000.0
2024-10-28,海外指数,9100000.0,0.0,1,45500000.0,-32500000.0
2024-10-28,军工,-43000000.0,0.0,1,-528000000.0,1148000000.0
2024-10-28,红利策略,-80500000.0,0.0,2,-72000000.0,-581500000.0
2024-10-28,科技,-82000000.0,0.0,1,1106000000.0,-6106000000.0
2024-10-28,新能源,-163500000.0,0.0,3,456000000.0,-823000000.0
2024-10-28,金融,-163600000.0,0.0,3,-830000000.0,-11364600000.0
2024-10-28,宽基指数,-502100000.0,0.0,6,-6278800000.0,16036000000.0
2024-10-29,消费,279300000.0,0.0,3,1281700000.0,7891600000.0
2024-10-29,新能源,162500000.0,0.0,3,105500000.0,-597500000.0
2024-10-29,海外指数,9100000.0,0.0,1,45500000.0,-32500000.0
2024-10-29,红利策略,4500000.0,0.0,2,-153500000.0,-838000000.0
2024-10-29,科技,-54000000.0,0.0,1,856000000.0,-6134000000.0
2024-10-29,军工,-189000000.0,0.0,1,-801000000.0,999000000.0
2024-10-29,金融,-436300000.0,0.0,3,-1074100000.0,-11526200000.0
2024-10-29,宽基指数,-534800000.0,0.0,6,-5449100000.0,14270000000.0
2024-10-29,未分类,-1611613966.9999998,0.0,956,-3372912560.0000005,112203992918.0
2024-10-30,未分类,5281696852.0,0.0,956,3939434915.0,115350060654.0
2024-10-30,消费,133200000.0,0.0,3,1284300000.0,8108300000.0
2024-10-30,军工,116000000.0,0.0,1,-265000000.0,1179000000.0
2024-10-30,宽基指数,98600000.0,0.0,6,-3539300000.0,13899800000.0
2024-10-30,海外指数,9100000.0,0.0,1,45500000.0,-32500000.0
2024-10-30,红利策略,-22500000.0,0.0,2,-151000000.0,-1025000000.0
2024-10-30,新能源,-45000000.0,0.0,3,31000000.0,-528500000.0
2024-10-30,科技,-80000000.0,0.0,1,458000000.0,-6110000000.0
2024-10-30,金融,-215800000.0,0.0,3,-1131400000.0,-10730700000.0
2024-10-31,未分类,687146126.0,0.0,956,4858372337.0,113354235057.0
2024-10-31,消费,236000000.0,0.0,3,1475100000.0,7943300000.0
2024-10-31,海外指数,9100000.0,0.0,1,45500000.0,-32500000.0
2024-10-31,红利策略,-36000000.0,0.0,2,-135500000.0,-964500000.0
2024-10-31,军工,-58000000.0,0.0,1,-218000000.0,1146000000.0
2024-10-31,新能源,-119000000.0,0.0,3,282500000.0,-655500000.0
2024-10-31,科技,-854000000.0,0.0,1,-704000000.0,-6860000000.0
2024-10-31,宽基指数,-922900000.0,0.0,6,-3000000000.0,8086900000.0
2024-10-31,金融,-1323900000.0,0.0,3,-2201500000.0,-11447900000.0
2024-11-01,未分类,7863274410.0,0.0,957,13348029297.0,118456714137.0
2024-11-01,科技,660000000.0,0.0,1,-410000000.0,-6130000000.0
2024-11-01,军工,101000000.0,0.0,1,-73000000.0,1202000000.0
2024-11-01,红利策略,25500000.0,0.0,2,-109000000.0,-887500000.0
2024-11-01,金融,15900000.0,0.0,3,-2123700000.0,-11627400000.0
2024-11-01,海外指数,9100000.0,0.0,1,45500000.0,-32500000.0
2024-11-01,新能源,-213000000.0,0.0,3,-378000000.0,-852000000.0
2024-11-01,宽基指数,-252800000.0,0.0,6,-2114000000.0,6478900000.0
2024-11-01,消费,-257500000.0,0.0,3,991600000.0,6746600000.0
2024-11-04,消费,53700000.0,0.0,3,444700000.0,4640400000.0
2024-11-04,海外指数,9100000.0,0.0,1,45500000.0,22100000.0
2024-11-04,红利策略,5500000.0,0.0,2,-23000000.0,-265000000.0
2024-11-04,军工,-75000000.0,0.0,1,-105000000.0,865000000.0
2024-11-04,新能源,-103000000.0,0.0,3,-317500000.0,-828500000.0
2024-11-04,科技,-206000000.0,0.0,1,-534000000.0,-5532000000.0
2024-11-04,金融,-285500000.0,0.0,3,-2245600000.0,-10977300000.0
2024-11-04,宽基指数,-429300000.0,0.0,6,-2041200000.0,-2254300000.0
2024-11-04,未分类,-2276650192.0,0.0,957,9943853229.0,84332335130.0
2024-11-05,宽基指数,1154500000.0,0.0,6,-351900000.0,-14221600000.0
2024-11-05,消费,794100000.0,0.0,3,959500000.0,2088000000.0
2024-11-05,新能源,166500000.0,0.0,3,-313500000.0,-92000000.0
2024-11-05,金融,106200000.0,0.0,3,-1703100000.0,-10967200000.0
2024-11-05,海外指数,9100000.0,0.0,1,45500000.0,31200000.0
2024-11-05,红利策略,-9500000.0,0.0,2,-37000000.0,-1500000.0
2024-11-05,军工,-343000000.0,0.0,1,-259000000.0,-99000000.0
2024-11-05,科技,-876000000.0,0.0,1,-1356000000.0,-6334000000.0
2024-11-05,未分类,-952789881.0,0.0,958,10602677315.0,16656462957.999992
2024-11-06,新能源,369500000.0,0.0,3,101000000.0,470500000.0
2024-11-06,消费,355300000.0,0.0,3,1181600000.0,1951100000.0
2024-11-06,未分类,269458226.0,0.0,958,5590438689.0,-26362729436.000008
2024-11-06,军工,85000000.0,0.0,1,-290000000.0,-366000000.0
2024-11-06,海外指数,9100000.0,0.0,1,45500000.0,172900000.0
2024-11-06,红利策略,-113000000.0,0.0,2,-127500000.0,73999999.99999905
2024-11-06,科技,-260000000.0,0.0,1,-1536000000.0,-5230000000.0
2024-11-06,宽基指数,-431200000.0,0.0,6,-881700000.0,-18831400000.0
2024-11-06,金融,-871200000.0,0.0,3,-2358500000.0,-8619600000.0
2024-11-07,未分类,3085247570.999999,0.0,961,7988540133.999999,-22633227596.000008
2024-11-07,消费,1237400000.0,0.0,3,2183000000.0,3648600000.0
2024-11-07,宽基指数,1043800000.0,0.0,6,1085000000.0,-17368400000.0
2024-11-07,科技,40000000.0,0.0,1,-642000000.0,-3806000000.0
2024-11-07,海外指数,9100000.0,0.0,1,45500000.0,182000000.0
2024-11-07,红利策略,5000000.0,0.0,2,-86500000.0,118500000.0
2024-11-07,军工,-36000000.0,0.0,1,-268000000.0,-771000000.0
2024-11-07,新能源,-105000000.0,0.0,3,115000000.0,308000000.0
2024-11-07,金融,-495200000.0,0.0,3,-1529800000.0,-8880700000.0
2024-11-08,消费,2486400000.0,0.0,3,4926900000.0,6311200000.0
2024-11-08,金融,622200000.0,0.0,3,-923500000.0,-6969900000.0
2024-11-08,未分类,512179026.9999999,0.0,960,637444750.9999989,-16746055306.00001
2024-11-08,新能源,93500000.0,0.0,3,421500000.0,462500000.0
2024-11-08,海外指数,9100000.0,0.0,1,45500000.0,182000000.0
2024-11-08,红利策略,2000000.0,0.0,2,-110000000.0,94500000.0
2024-11-08,科技,-132000000.0,0.0,1,-1434000000.0,-2512000000.0
2024-11-08,军工,-496000000.0,0.0,1,-865000000.0,-1289000000.0
2024-11-08,宽基指数,-1510800000.0,0.0,6,-173000000.0,-19380200000.0
2024-11-11,消费,1121100000.0,0.0,3,5994300000.0,7653200000.0
2024-11-11,金融,580300000.0,0.0,3,-57700000.0,-5170300000.0
2024-11-11,红利策略,43500000.0,0.0,2,-72000000.0,127000000.0
2024-11-11,海外指数,9100000.0,0.0,1,45500000.0,182000000.0
2024-11-11,新能源,-126000000.0,0.0,3,398500000.0,351000000.0
2024-11-11,军工,-207000000.0,0.0,1,-997000000.0,-1713000000.0
2024-11-11,科技,-620000000.0,0.0,1,-1848000000.0,-2658000000.0
2024-11-11,宽基指数,-2662800000.0,0.0,6,-2406500000.0,-19970500000.0
2024-11-11,未分类,-11574567116.0,0.0,960,-8660472173.0,-19173161163.000008
2024-11-12,未分类,11042274125.0,0.0,961,3334591833.0,-4909285727.00001
2024-11-12,科技,642000000.0,0.0,1,-330000000.0,-2380000000.0
2024-11-12,消费,609300000.0,0.0,3,5809500000.0,8268800000.0
2024-11-12,军工,250000000.0,0.0,1,-404000000.0,-1527000000.0
2024-11-12,新能源,194000000.0,0.0,3,426000000.0,619000000.0
2024-11-12,金融,28200000.0,0.0,3,-135700000.0,-4292500000.0
2024-11-12,海外指数,9100000.0,0.0,1,45500000.0,182000000.0
2024-11-12,红利策略,-57000000.0,0.0,2,-119500000.0,-26000000.0
2024-11-12,宽基指数,-2461100000.0,0.0,6,-6022100000.0,-19845100000.0
2024-11-13,未分类,10211619291.0,0.0,961,13276752898.0,6585205054.99999
2024-11-13,科技,42000000.0,0.0,1,-28000000.0,-2172000000.0
2024-11-13,金融,24300000.0,0.0,3,759800000.0,-3569700000.0
2024-11-13,海外指数,9100000.0,0.0,1,45500000.0,182000000.0
2024-11-13,红利策略,-21999999.999999046,0.0,2,-28499999.999999046,5500000.000000954
2024-11-13,消费,-40300000.0,0.0,3,5413900000.0,8145300000.0
2024-11-13,军工,-197000000.0,0.0,1,-686000000.0,-1657000000.0
2024-11-13,新能源,-445000000.0,0.0,3,-388500000.0,185000000.0
2024-11-13,宽基指数,-869000000.0,0.0,6,-6459900000.0,-20062200000.0
2024-11-14,未分类,10338605691.000004,0.0,963,20530111018.000004,24723478831.999992
2024-11-14,新能源,118000000.0,0.0,3,-165500000.0,324500000.0
2024-11-14,科技,104000000.0,0.0,1,36000000.0,-1878000000.0
2024-11-14,消费,89900000.0,0.0,3,4266400000.0,8619800000.0
2024-11-14,军工,89000000.0,0.0,1,-561000000.0,-1406000000.0
2024-11-14,红利策略,53999999.99999905,0.0,2,20500000.0,17500000.0
2024-11-14,海外指数,9100000.0,0.0,1,45500000.0,182000000.0
2024-11-14,金融,-32900000.0,0.0,3,1222100000.0,-3270000000.0
2024-11-14,宽基指数,-89100000.0,0.0,6,-7592800000.0,-16848100000.0
2024-11-15,未分类,12430937737.0,0.0,964,32448869728.000004,28363096444.0
2024-11-15,宽基指数,1036400000.0,0.0,6,-5045600000.0,-16928100000.0
2024-11-15,金融,373400000.0,0.0,3,973300000.0,-1977500000.0
2024-11-15,科技,354000000.0,0.0,1,522000000.0,-236000000.0
2024-11-15,红利策略,124500000.0,0.0,2,143000000.0,43500000.0
2024-11-15,海外指数,9100000.0,0.0,1,45500000.0,182000000.0
2024-11-15,新能源,-8000000.0,0.0,3,-267000000.0,476000000.0
2024-11-15,军工,-148000000.0,0.0,1,-213000000.0,-1557000000.0
2024-11-15,消费,-208700000.0,0.0,3,1571300000.0,8329100000.0
2024-11-18,未分类,10738949130.0,0.0,967,54762385974.00001,43202357874.0
2024-11-18,宽基指数,162700000.0,0.0,6,-2220100000.0,-12946600000.0
2024-11-18,科技,146000000.0,0.0,1,1288000000.0,12000000.0
2024-11-18,海外指数,9100000.0,0.0,1,45500000.0,182000000.0
2024-11-18,红利策略,-18500000.0,0.0,2,81000000.0,-86000000.0
2024-11-18,军工,-20000000.0,0.0,1,-26000000.0,-1656000000.0
2024-11-18,新能源,-102500000.0,0.0,3,-243500000.0,293500000.0
2024-11-18,消费,-129300000.0,0.0,3,320900000.0,8070200000.0
2024-11-18,金融,-199600000.0,0.0,3,193400000.0,-2939900000.0
2024-11-19,未分类,11052982709.0,0.0,967,54773094558.00001,65337451146.0
2024-11-19,科技,340000000.0,0.0,1,986000000.0,156000000.0
2024-11-19,宽基指数,108200000.0,0.0,6,349200000.0,-11473900000.0
2024-11-19,新能源,105000000.0,0.0,3,-332500000.0,-114500000.0
2024-11-19,红利策略,98000000.0,0.0,2,236000000.0,-74000000.0
2024-11-19,金融,23300000.0,0.0,3,188500000.0,-2724400000.0
2024-11-19,海外指数,9100000.0,0.0,1,45500000.0,182000000.0
2024-11-19,军工,-75000000.0,0.0,1,-351000000.0,-1815000000.0
2024-11-19,消费,-150700000.0,0.0,3,-439100000.0,7611600000.0
2024-11-20,未分类,1380180748.000001,0.0,967,45941656015.00001,68748282517.0
2024-11-20,消费,283200000.0,0.0,3,-115600000.0,7764200000.0
2024-11-20,科技,110000000.0,0.0,1,1054000000.0,-52000000.0
2024-11-20,新能源,70500000.0,0.0,3,183000000.0,-73500000.0
2024-11-20,海外指数,9100000.0,0.0,1,45500000.0,182000000.0
2024-11-20,红利策略,2500000.0,0.0,2,260499999.99999905,-46500000.0
2024-11-20,军工,-56000000.0,0.0,1,-210000000.0,-1451000000.0
2024-11-20,金融,-156000000.0,0.0,3,8200000.0,-2721900000.0
2024-11-20,宽基指数,-2365400000.0,0.0,6,-1147200000.0,-12028100000.0
2024-11-21,未分类,2451034545.0,0.0,967,38054084869.0,71431108358.0
2024-11-21,消费,217700000.0,0.0,3,12200000.0,7936700000.0
2024-11-21,新能源,105000000.0,0.0,3,170000000.0,402000000.0
2024-11-21,红利策略,46000000.0,0.0,2,252500000.0,51000000.0
2024-11-21,军工,35000000.0,0.0,1,-264000000.0,-1311000000.0
2024-11-21,海外指数,9100000.0,0.0,1,45500000.0,182000000.0
2024-11-21,金融,-255700000.0,0.0,3,-214600000.0,-2723800000.0
2024-11-21,科技,-364000000.0,0.0,1,586000000.0,-724000000.0
2024-11-21,宽基指数,-808900000.0,0.0,6,-1867000000.0,-11374800000.0
2024-11-22,未分类,13380391569.0,0.0,967,39003538701.0,85437882477.0
2024-11-22,科技,374000000.0,0.0,1,606000000.0,-716000000.0
2024-11-22,金融,200500000.0,0.0,3,-387500000.0,-2461400000.0
2024-11-22,军工,70000000.0,0.0,1,-46000000.0,-1197000000.0
2024-11-22,红利策略,12000000.0,0.0,2,140000000.0,64000000.0
2024-11-22,海外指数,9100000.0,0.0,1,45500000.0,182000000.0
2024-11-22,新能源,-2000000.0,0.0,3,176000000.0,-47500000.0
2024-11-22,消费,-427500000.0,0.0,3,-206600000.0,7283200000.0
2024-11-22,宽基指数,-1272700000.0,0.0,6,-4176100000.0,-11508700000.0
2024-11-25,未分类,10023807629.0,0.0,968,38288397200.0,94334164230.0
2024-11-25,红利策略,84000000.0,0.0,2,242500000.0,228500000.0
2024-11-25,宽基指数,36400000.0,0.0,6,-4302400000.0,-10970200000.0
2024-11-25,海外指数,9100000.0,0.0,1,45500000.0,182000000.0
2024-11-25,科技,-8000000.0,0.0,1,452000000.0,-642000000.0
2024-11-25,军工,-18000000.0,0.0,1,-44000000.0,-1172000000.0
2024-11-25,新能源,-43500000.0,0.0,3,235000000.0,72500000.0
2024-11-25,消费,-165300000.0,0.0,3,-242600000.0,6517300000.0
2024-11-25,金融,-293500000.0,0.0,3,-481400000.0,-2591300000.0
2024-11-26,未分类,4015796973.0,0.0,968,31251211464.0,99961575170.0
2024-11-26,海外指数,9100000.0,0.0,1,45500000.0,182000000.0
2024-11-26,军工,-18000000.0,0.0,1,13000000.0,-1001000000.0
2024-11-26,科技,-18000000.0,0.0,1,94000000.0,-606000000.0
2024-11-26,红利策略,-32000000.0,0.0,2,112500000.0,192000000.0
2024-11-26,宽基指数,-82600000.0,0.0,6,-4493200000.0,-10518000000.0
2024-11-26,新能源,-131500000.0,0.0,3,-1500000.0,-221500000.0
2024-11-26,消费,-190200000.0,0.0,3,-282100000.0,6047800000.0
2024-11-26,金融,-208500000.0,0.0,3,-713200000.0,-2363500000.0
2024-11-27,未分类,6543055133.0,0.0,970,36414085849.0,101222933451.0
2024-11-27,宽基指数,485000000.0,0.0,6,-1642800000.0,-10131600000.0
2024-11-27,消费,161800000.0,0.0,3,-403500000.0,6076400000.0
2024-11-27,红利策略,107000000.0,0.0,2,217000000.0,321500000.0
2024-11-27,海外指数,9100000.0,0.0,1,45500000.0,182000000.0
2024-11-27,新能源,-19000000.0,0.0,3,-91000000.0,-195500000.0
2024-11-27,军工,-46000000.0,0.0,1,23000000.0,-1163000000.0
2024-11-27,金融,-47000000.0,0.0,3,-604200000.0,-2194700000.0
2024-11-27,科技,-50000000.0,0.0,1,-66000000.0,-576000000.0
2024-11-28,未分类,431886396.00000024,0.0,971,34394937700.0,100967673721.0
2024-11-28,新能源,304500000.0,0.0,3,108500000.0,228000000.0
2024-11-28,金融,72100000.0,0.0,3,-276400000.0,-798700000.0
2024-11-28,军工,12000000.0,0.0,1,0.0,-1093000000.0
2024-11-28,海外指数,0.0,0.0,1,36400000.0,172900000.0
2024-11-28,消费,-34300000.0,0.0,3,-655500000.0,5806100000.0
2024-11-28,红利策略,-43500000.0,0.0,2,127500000.0,314000000.0
2024-11-28,科技,-222000000.0,0.0,1,76000000.0,56000000.0
2024-11-28,宽基指数,-839500000.0,0.0,6,-1673400000.0,-10048200000.0
2024-11-29,未分类,4554384778.000001,0.0,973,25568930909.0,97658784089.0
2024-11-29,宽基指数,2868806834.0,0.0,6,2468106834.0,-6926593166.0
2024-11-29,军工,173000000.0,0.0,1,103000000.0,-1021000000.0
2024-11-29,金融,110300000.0,0.0,3,-366600000.0,-704300000.0
2024-11-29,科技,22000000.0,0.0,1,-276000000.0,-582000000.0
2024-11-29,海外指数,9100000.0,0.0,1,36400000.0,172900000.0
2024-11-29,红利策略,-15000000.0,0.0,2,100500000.0,273500000.0
2024-11-29,新能源,-49000000.0,0.0,3,61500000.0,392000000.0
2024-11-29,消费,-172200000.0,0.0,3,-400200000.0,5891400000.0
2024-12-02,未分类,1798544023.0,0.0,976,17343667303.0,101733978304.0
2024-12-02,消费,328000000.0,0.0,3,93100000.0,6165700000.0
2024-12-02,新能源,13500000.0,0.0,3,118500000.0,508500000.0
2024-12-02,海外指数,9100000.0,0.0,1,36400000.0,172900000.0
2024-12-02,军工,-20000000.0,0.0,1,101000000.0,-966000000.0
2024-12-02,红利策略,-29500000.0,0.0,2,-13000000.0,238500000.0
2024-12-02,金融,-45700000.0,0.0,3,-118800000.0,-464500000.0
2024-12-02,科技,-220000000.0,0.0,1,-488000000.0,-596000000.0
2024-12-02,宽基指数,-258600000.0,0.0,6,2173106834.0,-6755893166.0
2024-12-03,未分类,3172599333.9999995,0.0,976,16500469664.0,105859367519.0
2024-12-03,消费,356400000.0,0.0,3,639700000.0,5728000000.0
2024-12-03,科技,166000000.0,0.0,1,-304000000.0,446000000.0
2024-12-03,红利策略,60500000.0,0.0,2,79500000.0,308500000.0
2024-12-03,金融,41700000.0,0.0,3,131400000.0,-529000000.0
2024-12-03,海外指数,9100000.0,0.0,1,36400000.0,172900000.0
2024-12-03,新能源,-16000000.0,0.0,3,234000000.0,326000000.0
2024-12-03,军工,-57000000.0,0.0,1,62000000.0,-680000000.0
2024-12-03,宽基指数,-699400000.0,0.0,6,1556306834.0,-8609793166.0
2024-12-04,红利策略,118000000.0,0.0,2,90500000.0,539500000.0
2024-12-04,金融,114100000.0,0.0,3,292500000.0,456300000.0
2024-12-04,海外指数,9100000.0,0.0,1,36400000.0,172900000.0
2024-12-04,新能源,1500000.0,0.0,3,254500000.0,-42000000.0
2024-12-04,科技,-8000000.0,0.0,1,-262000000.0,698000000.0
2024-12-04,军工,-40000000.0,0.0,1,68000000.0,-805000000.0
2024-12-04,消费,-126200000.0,0.0,3,351700000.0,5246500000.0
2024-12-04,未分类,-309207788.0000005,0.0,977,9648206743.0,105280701505.0
2024-12-04,宽基指数,-1080200000.0,0.0,6,-8893166.0,-9258793166.0
2024-12-05,未分类,2446298269.0,0.0,978,11662618616.0,104641752203.0
2024-12-05,红利策略,161500000.0,0.0,2,295500000.0,696000000.0
2024-12-05,宽基指数,157600000.0,0.0,6,988206834.0,-10144993166.0
2024-12-05,科技,138000000.0,0.0,1,98000000.0,796000000.0
2024-12-05,海外指数,9100000.0,0.0,1,45500000.0,172900000.0
2024-12-05,新能源,7000000.0,0.0,3,-43000000.0,70000000.0
2024-12-05,军工,-6000000.0,0.0,1,50000000.0,-775000000.0
2024-12-05,金融,-350500000.0,0.0,3,-130100000.0,601000000.0
2024-12-05,消费,-421100000.0,0.0,3,-35100000.0,3588000000.0
2024-12-06,未分类,3789407736.0,0.0,978,10897641574.0,107918980912.0
2024-12-06,宽基指数,1261600000.0,0.0,6,-619000000.0,-7372593166.0
2024-12-06,红利策略,434500000.0,0.0,2,745000000.0,1128500000.0
2024-12-06,金融,350700000.0,0.0,3,110300000.0,329500000.0
2024-12-06,消费,164500000.0,0.0,3,301600000.0,1266100000.0
2024-12-06,科技,54000000.0,0.0,1,130000000.0,982000000.0
2024-12-06,军工,25000000.0,0.0,1,-98000000.0,-254000000.0
2024-12-06,海外指数,9100000.0,0.0,1,45500000.0,172900000.0
2024-12-06,新能源,-101500000.0,0.0,3,-95500000.0,-125000000.0
2024-12-09,未分类,1955474231.0,0.0,979,11054571782.0,121449022259.0
2024-12-09,科技,482000000.0,0.0,1,832000000.0,2084000000.0
2024-12-09,红利策略,320500000.0,0.0,2,1095000000.0,1405500000.0
2024-12-09,金融,118000000.0,0.0,3,274000000.0,-132800000.0
2024-12-09,消费,50800000.0,0.0,3,24400000.0,195800000.0
2024-12-09,新能源,47500000.0,0.0,3,-61500000.0,48500000.0
2024-12-09,海外指数,9100000.0,0.0,1,45500000.0,172900000.0
2024-12-09,军工,0.0,0.0,1,-78000000.0,-47000000.0
2024-12-09,宽基指数,-949100000.0,0.0,6,-1309500000.0,-5658893166.0
2024-12-10,未分类,12229912133.0,0.0,979,20111884581.0,122636660267.0
2024-12-10,宽基指数,2281900000.0,0.0,6,1671800000.0,-915893166.0
2024-12-10,金融,342000000.0,0.0,3,574300000.0,181000000.0
2024-12-10,红利策略,289000000.0,0.0,2,1323500000.0,1751500000.0
2024-12-10,新能源,93000000.0,0.0,3,47500000.0,-52500000.0
2024-12-10,海外指数,9100000.0,0.0,1,45500000.0,172900000.0
2024-12-10,科技,-30000000.0,0.0,1,636000000.0,1412000000.0
2024-12-10,军工,-43000000.0,0.0,1,-64000000.0,-340000000.0
2024-12-10,消费,-117200000.0,0.0,3,-449200000.0,-530700000.0
2024-12-11,宽基指数,1744300000.0,0.0,6,4496300000.0,1697406834.0
2024-12-11,红利策略,68500000.0,0.0,2,1274000000.0,1841999999.999999
2024-12-11,金融,61000000.0,0.0,3,521200000.0,217700000.0
2024-12-11,消费,56700000.0,0.0,3,-266300000.0,-433700000.0
2024-12-11,军工,10000000.0,0.0,1,-14000000.0,-133000000.0
2024-12-11,海外指数,9100000.0,0.0,1,45500000.0,172900000.0
2024-12-11,科技,-60000000.0,0.0,1,584000000.0,1310000000.0
2024-12-11,新能源,-61500000.0,0.0,3,-15500000.0,331000000.0
2024-12-11,未分类,-558702299.0,0.0,979,19862390070.0,111866338677.0
2024-12-12,宽基指数,345600000.0,0.0,6,4684300000.0,2132106834.0
2024-12-12,消费,111200000.0,0.0,3,266000000.0,-412400000.0
2024-12-12,红利策略,9500000.0,0.0,2,1122000000.0,1797500000.0
2024-12-12,海外指数,9100000.0,0.0,1,45500000.0,172900000.0
2024-12-12,新能源,-15500000.0,0.0,3,-38000000.0,197500000.0
2024-12-12,军工,-18000000.0,0.0,1,-26000000.0,-240000000.0
2024-12-12,科技,-76000000.0,0.0,1,370000000.0,1130000000.0
2024-12-12,金融,-155900000.0,0.0,3,715800000.0,94700000.0
2024-12-12,未分类,-898422403.0,0.0,979,16517669398.0,100629310583.0
2024-12-13,红利策略,467000000.0,0.0,2,1154500000.0,2140000000.0
2024-12-13,金融,72200000.0,0.0,3,437300000.0,-206500000.0
2024-12-13,新能源,21500000.0,0.0,3,85000000.0,227000000.0
2024-12-13,军工,15000000.0,0.0,1,-36000000.0,-77000000.0
2024-12-13,海外指数,9100000.0,0.0,1,45500000.0,172900000.0
2024-12-13,科技,-48000000.0,0.0,1,268000000.0,728000000.0
2024-12-13,消费,-238000000.0,0.0,3,-136500000.0,-441700000.0
2024-12-13,宽基指数,-1451800000.0,0.0,6,1970900000.0,-356093166.0
2024-12-13,未分类,-2461530981.0,0.0,980,10266730681.0,85736841865.0
2024-12-16,未分类,4384622718.0,0.0,980,12695879168.0,79382515453.0
2024-12-16,科技,200000000.0,0.0,1,-14000000.0,782000000.0
2024-12-16,红利策略,88000000.0,0.0,2,922000000.0,2246500000.0
2024-12-16,金融,15200000.0,0.0,3,334500000.0,8300000.0
2024-12-16,新能源,12500000.0,0.0,3,50000000.0,342000000.0
2024-12-16,海外指数,9100000.0,0.0,1,45500000.0,172900000.0
2024-12-16,宽基指数,-22500000.0,0.0,6,2897500000.0,-541293166.0
2024-12-16,军工,-35000000.0,0.0,1,-71000000.0,-92000000.0
2024-12-16,消费,-282100000.0,0.0,3,-469400000.0,-594500000.0
2024-12-17,未分类,7424469311.0,0.0,980,7890436346.000001,75754002055.0
2024-12-17,宽基指数,403600000.0,0.0,6,1019200000.0,-245893166.0
2024-12-17,科技,340000000.0,0.0,1,356000000.0,782000000.0
2024-12-17,红利策略,189500000.0,0.0,2,822500000.0,2338000000.0
2024-12-17,金融,71400000.0,0.0,3,63900000.0,56400000.0
2024-12-17,军工,29000000.0,0.0,1,1000000.0,12000000.0
2024-12-17,海外指数,9100000.0,0.0,1,45500000.0,172900000.0
2024-12-17,新能源,-3500000.0,0.0,3,-46500000.0,233500000.0
2024-12-17,消费,-164100000.0,0.0,3,-516300000.0,-607900000.0
2024-12-18,金融,313200000.0,0.0,3,316100000.0,525600000.0
2024-12-18,红利策略,185500000.0,0.0,2,939500000.0,2521000000.0
2024-12-18,海外指数,9100000.0,0.0,1,45500000.0,172900000.0
2024-12-18,军工,0.0,0.0,1,-9000000.0,68000000.0
2024-12-18,新能源,-11000000.0,0.0,3,4000000.0,152000000.0
2024-12-18,宽基指数,-517900000.0,0.0,6,-1243000000.0,1601606834.0
2024-12-18,科技,-926000000.0,0.0,1,-510000000.0,-254000000.0
2024-12-18,消费,-1003700000.0,0.0,3,-1576700000.0,-1894800000.0
2024-12-18,未分类,-1214315698.0,0.0,980,7234822947.000001,73159505609.0
2024-12-19,金融,304900000.0,0.0,3,776900000.0,1086200000.0
2024-12-19,红利策略,166500000.0,0.0,2,1096500000.0,2641500000.0
2024-12-19,新能源,13500000.0,0.0,3,33000000.0,60500000.0
2024-12-19,海外指数,9100000.0,0.0,1,45500000.0,172900000.0
2024-12-19,军工,-20000000.0,0.0,1,-11000000.0,13000000.0
2024-12-19,消费,-74500000.0,0.0,3,-1762400000.0,-2187000000.0
2024-12-19,未分类,-119220314.0,0.0,980,8014025036.000001,70589250750.0
2024-12-19,宽基指数,-119900000.0,0.0,6,-1708500000.0,2290606834.0
2024-12-19,科技,-838000000.0,0.0,1,-1272000000.0,-728000000.0
2024-12-20,红利策略,99000000.0,0.0,2,728500000.0,2728500000.0
2024-12-20,金融,98500000.0,0.0,3,803200000.0,984200000.0
2024-12-20,海外指数,9100000.0,0.0,1,45500000.0,172900000.0
2024-12-20,新能源,7500000.0,0.0,3,19000000.0,70000000.0
2024-12-20,军工,-64000000.0,0.0,1,-90000000.0,-121000000.0
2024-12-20,未分类,-350652696.0,0.0,980,10124903321.0,56858206485.0
2024-12-20,宽基指数,-532300000.0,0.0,6,-789000000.0,3031006834.0
2024-12-20,消费,-719000000.0,0.0,3,-2243400000.0,-2478500000.0
2024-12-20,科技,-1394000000.0,0.0,1,-2618000000.0,-2496000000.0
2024-12-23,未分类,5193275856.0,0.0,982,10933556459.0,52027674712.0
2024-12-23,金融,282300000.0,0.0,3,1070300000.0,1560000000.0
2024-12-23,红利策略,84000000.0,0.0,2,724500000.0,2728500000.0
2024-12-23,新能源,22500000.0,0.0,3,29000000.0,136000000.0
2024-12-23,海外指数,9100000.0,0.0,1,45500000.0,172900000.0
2024-12-23,军工,-45000000.0,0.0,1,-100000000.0,-148000000.0
2024-12-23,科技,-286000000.0,0.0,1,-3104000000.0,-2774000000.0
2024-12-23,消费,-523800000.0,0.0,3,-2485100000.0,-2837000000.0
2024-12-23,宽基指数,-699700000.0,0.0,6,-1466200000.0,2294906834.0
2024-12-24,未分类,1855795929.0,0.0,983,5364883077.000001,49867673668.0
2024-12-24,科技,444000000.0,0.0,1,-3000000000.0,-2312000000.0
2024-12-24,消费,225900000.0,0.0,3,-2095100000.0,-2420900000.0
2024-12-24,红利策略,174000000.0,0.0,2,709000000.0,2934500000.0
2024-12-24,军工,55000000.0,0.0,1,-74000000.0,-75000000.0
2024-12-24,宽基指数,54900000.0,0.0,6,-1814900000.0,2432406834.0
2024-12-24,海外指数,9100000.0,0.0,1,45500000.0,172900000.0
2024-12-24,新能源,-5000000.0,0.0,3,27500000.0,262500000.0
2024-12-24,金融,-403900000.0,0.0,3,595000000.0,1364600000.0
2024-12-25,金融,782700000.0,0.0,3,1064500000.0,2194300000.0
2024-12-25,未分类,653148990.0000005,0.0,983,7232347765.000002,43977767525.00001
2024-12-25,新能源,213000000.0,0.0,3,251500000.0,494500000.0
2024-12-25,红利策略,32000000.0,0.0,2,555500000.0,2859500000.0
2024-12-25,军工,28000000.0,0.0,1,-46000000.0,-1000000.0
2024-12-25,海外指数,0.0,0.0,1,36400000.0,163800000.0
2024-12-25,消费,-136700000.0,0.0,3,-1228100000.0,-2719400000.0
2024-12-25,科技,-146000000.0,0.0,1,-2220000000.0,-2408000000.0
2024-12-25,宽基指数,-1375300000.0,0.0,6,-2672300000.0,572106834.0
2024-12-26,宽基指数,336400000.0,0.0,6,-2216000000.0,1748006834.0
2024-12-26,金融,295900000.0,0.0,3,1055500000.0,2418100000.0
2024-12-26,红利策略,102500000.0,0.0,2,491500000.0,3005500000.0
2024-12-26,军工,83000000.0,0.0,1,57000000.0,70000000.0
2024-12-26,消费,79900000.0,0.0,3,-1073700000.0,-2605200000.0
2024-12-26,新能源,49500000.0,0.0,3,287500000.0,239500000.0
2024-12-26,海外指数,9100000.0,0.0,1,36400000.0,172900000.0
2024-12-26,未分类,-484098128.0,0.0,986,6867469951.000002,43061783001.0
2024-12-26,科技,-566000000.0,0.0,1,-1948000000.0,-2752000000.0
2024-12-27,未分类,2388394769.0,0.0,988,9606517416.000002,40895792992.0
2024-12-27,宽基指数,474600000.0,0.0,6,-1209100000.0,-646200000.0
2024-12-27,金融,343800000.0,0.0,3,1300800000.0,2651600000.0
2024-12-27,红利策略,114000000.0,0.0,2,506500000.0,3134500000.0
2024-12-27,军工,110000000.0,0.0,1,231000000.0,7000000.0
2024-12-27,新能源,18000000.0,0.0,3,298000000.0,306500000.0
2024-12-27,海外指数,9100000.0,0.0,1,36400000.0,172900000.0
2024-12-27,消费,-78500000.0,0.0,3,-433200000.0,-2511500000.0
2024-12-27,科技,-310000000.0,0.0,1,-864000000.0,-3084000000.0
2024-12-30,未分类,643294222.0000002,0.0,989,5056535782.000002,39740543191.0
2024-12-30,红利策略,237500000.0,0.0,2,660000000.0,3401500000.0
2024-12-30,海外指数,9100000.0,0.0,1,36400000.0,172900000.0
2024-12-30,军工,8000000.0,0.0,1,284000000.0,35000000.0
2024-12-30,消费,-20400000.0,0.0,3,70200000.0,-2859900000.0
2024-12-30,科技,-50000000.0,0.0,1,-628000000.0,-2914000000.0
2024-12-30,新能源,-67000000.0,0.0,3,208500000.0,226000000.0
2024-12-30,宽基指数,-226800000.0,0.0,6,-736200000.0,-614400000.0
2024-12-30,金融,-472100000.0,0.0,3,546400000.0,2225200000.0
2024-12-31,未分类,9696889055.0,0.0,989,12897628908.000002,46264832912.0
2024-12-31,科技,786000000.0,0.0,1,-286000000.0,-2294000000.0
2024-12-31,金融,669700000.0,0.0,3,1620000000.0,2853200000.0
2024-12-31,红利策略,138000000.0,0.0,2,624000000.0,3479000000.0
2024-12-31,海外指数,9100000.0,0.0,1,36400000.0,172900000.0
2024-12-31,军工,-2000000.0,0.0,1,227000000.0,90000000.0
2024-12-31,新能源,-109500000.0,0.0,3,104000000.0,132500000.0
2024-12-31,消费,-558600000.0,0.0,3,-714300000.0,-3774900000.0
2024-12-31,宽基指数,-1482000000.0,0.0,6,-2273100000.0,-1397000000.0
2025-01-02,未分类,9786901024.0,0.0,989,22031380942.0,56360941724.0
2025-01-02,宽基指数,1531200000.0,0.0,6,633400000.0,1214400000.0
2025-01-02,科技,890000000.0,0.0,1,750000000.0,-1396000000.0
2025-01-02,金融,546600000.0,0.0,3,1383900000.0,3285700000.0
2025-01-02,红利策略,237500000.0,0.0,2,829500000.0,3598500000.0
2025-01-02,军工,132000000.0,0.0,1,331000000.0,262000000.0
2025-01-02,新能源,69000000.0,0.0,3,-40000000.0,200000000.0
2025-01-02,海外指数,9100000.0,0.0,1,45500000.0,172900000.0
2025-01-02,消费,-135800000.0,0.0,3,-713400000.0,-3784500000.0
2025-01-03,未分类,11515042933.999998,0.0,989,34030522004.0,65429686388.99999
2025-01-03,宽基指数,1059800000.0,0.0,6,1356800000.0,2116600000.0
2025-01-03,科技,508000000.0,0.0,1,1824000000.0,-1026000000.0
2025-01-03,军工,121000000.0,0.0,1,369000000.0,389000000.0
2025-01-03,金融,96300000.0,0.0,3,1184300000.0,3732500000.0
2025-01-03,新能源,52000000.0,0.0,3,-37500000.0,245000000.0
2025-01-03,海外指数,9100000.0,0.0,1,45500000.0,172900000.0
2025-01-03,红利策略,-500000.0,0.0,2,726500000.0,3436500000.0
2025-01-03,消费,-42000000.0,0.0,3,-835300000.0,-3405400000.0
2025-01-06,未分类,6802529048.0,0.0,993,38444656283.0,68442807701.0
2025-01-06,宽基指数,669200000.0,0.0,6,1551400000.0,1524200000.0
2025-01-06,科技,250000000.0,0.0,1,2384000000.0,-830000000.0
2025-01-06,海外指数,9100000.0,0.0,1,45500000.0,172900000.0
2025-01-06,军工,-25000000.0,0.0,1,234000000.0,339000000.0
2025-01-06,新能源,-79000000.0,0.0,3,-134500000.0,267500000.0
2025-01-06,消费,-123300000.0,0.0,3,-880100000.0,-3693200000.0
2025-01-06,红利策略,-146000000.0,0.0,2,466500000.0,2856000000.0
2025-01-06,金融,-252900000.0,0.0,3,587600000.0,3128900000.0
2025-01-07,红利策略,145000000.0,0.0,2,374000000.0,2680500000.0
2025-01-07,海外指数,9100000.0,0.0,1,45500000.0,172900000.0
2025-01-07,新能源,-25000000.0,0.0,3,-92500000.0,195000000.0
2025-01-07,军工,-40000000.0,0.0,1,186000000.0,299000000.0
2025-01-07,金融,-50100000.0,0.0,3,1009600000.0,2960800000.0
2025-01-07,宽基指数,-104400000.0,0.0,6,1673800000.0,2368900000.0
2025-01-07,消费,-288900000.0,0.0,3,-1148600000.0,-4032900000.0
2025-01-07,科技,-386000000.0,0.0,1,2048000000.0,-1698000000.0
2025-01-07,未分类,-4514698652.0,0.0,995,33286663409.0,61972634818.0
2025-01-08,未分类,3907345095.0,0.0,997,27497119449.0,53650067780.0
2025-01-08,红利策略,71000000.0,0.0,2,307000000.0,2462500000.0
2025-01-08,海外指数,9100000.0,0.0,1,45500000.0,172900000.0
2025-01-08,科技,2000000.0,0.0,1,1264000000.0,-1666000000.0
2025-01-08,军工,-19000000.0,0.0,1,169000000.0,323000000.0
2025-01-08,新能源,-22000000.0,0.0,3,-5000000.0,80000000.0
2025-01-08,宽基指数,-30900000.0,0.0,6,3124900000.0,56100000.0
2025-01-08,金融,-69400000.0,0.0,3,270500000.0,2549400000.0
2025-01-08,消费,-352900000.0,0.0,3,-942900000.0,-4268600000.0
2025-01-09,红利策略,120500000.0,0.0,2,190000000.0,2514500000.0
2025-01-09,金融,15200000.0,0.0,3,-260900000.0,2503600000.0
2025-01-09,海外指数,0.0,0.0,1,36400000.0,163800000.0
2025-01-09,军工,-38000000.0,0.0,1,-1000000.0,275000000.0
2025-01-09,新能源,-61000000.0,0.0,3,-135000000.0,80500000.0
2025-01-09,消费,-215100000.0,0.0,3,-1022200000.0,-4540400000.0
2025-01-09,科技,-434000000.0,0.0,1,-60000000.0,-2040000000.0
2025-01-09,宽基指数,-752300000.0,0.0,6,841400000.0,-2440500000.0
2025-01-09,未分类,-5549398588.0,0.0,1001,12160819837.0,48659371491.0
2025-01-10,军工,64000000.0,0.0,1,-58000000.0,357000000.0
2025-01-10,宽基指数,43100000.0,0.0,6,-175300000.0,-2743000000.0
2025-01-10,海外指数,9100000.0,0.0,1,36400000.0,163800000.0
2025-01-10,新能源,8500000.0,0.0,3,-178500000.0,104500000.0
2025-01-10,红利策略,-121000000.0,0.0,2,69500000.0,2384000000.0
2025-01-10,金融,-134800000.0,0.0,3,-492000000.0,2524700000.0
2025-01-10,消费,-190100000.0,0.0,3,-1170300000.0,-4841700000.0
2025-01-10,科技,-588000000.0,0.0,1,-1156000000.0,-2552000000.0
2025-01-10,未分类,-1559972876.999998,0.0,1003,-914195973.9999962,47997821017.0
2025-01-13,未分类,5947945852.0,0.0,1003,-1768779169.9999962,56407297850.0
2025-01-13,宽基指数,1223500000.0,0.0,6,379000000.0,-67700000.0
2025-01-13,科技,44000000.0,0.0,1,-1362000000.0,-2460000000.0
2025-01-13,红利策略,41500000.0,0.0,2,257000000.0,1958500000.0
2025-01-13,军工,27000000.0,0.0,1,-6000000.0,369000000.0
2025-01-13,海外指数,9100000.0,0.0,1,36400000.0,163800000.0
2025-01-13,新能源,6500000.0,0.0,3,-93000000.0,89500000.0
2025-01-13,金融,-96700000.0,0.0,3,-335800000.0,2355800000.0
2025-01-13,消费,-269100000.0,0.0,3,-1316100000.0,-4872800000.0
2025-01-14,未分类,411585211.0,0.0,1003,3157504693.000004,52434260343.0
2025-01-14,红利策略,44500000.0,0.0,2,156500000.0,1915000000.0
2025-01-14,海外指数,9100000.0,0.0,1,36400000.0,163800000.0
2025-01-14,军工,6000000.0,0.0,1,40000000.0,410000000.0
2025-01-14,科技,-50000000.0,0.0,1,-1026000000.0,-2710000000.0
2025-01-14,宽基指数,-61700000.0,0.0,6,421700000.0,-106900000.0
2025-01-14,新能源,-109500000.0,0.0,3,-177500000.0,-32500000.0
2025-01-14,消费,-233400000.0,0.0,3,-1260600000.0,-4824100000.0
2025-01-14,金融,-643400000.0,0.0,3,-929100000.0,1697200000.0
2025-01-15,宽基指数,151000000.0,0.0,6,603600000.0,-359500000.0
2025-01-15,军工,50000000.0,0.0,1,109000000.0,431000000.0
2025-01-15,海外指数,9100000.0,0.0,1,36400000.0,163800000.0
2025-01-15,新能源,3500000.0,0.0,3,-152000000.0,-25500000.0
2025-01-15,红利策略,-2500000.0,0.0,2,83000000.0,1723000000.0
2025-01-15,消费,-111600000.0,0.0,3,-1019300000.0,-4771600000.0
2025-01-15,金融,-137300000.0,0.0,3,-997000000.0,1488500000.0
2025-01-15,科技,-160000000.0,0.0,1,-1188000000.0,-3210000000.0
2025-01-15,未分类,-1802664871.000002,0.0,1003,-2552505272.999998,43207126161.0
2025-01-16,未分类,1911682896.0,0.0,1003,4908576211.000002,46333124755.0
2025-01-16,科技,398000000.0,0.0,1,-356000000.0,-1886000000.0
2025-01-16,军工,127000000.0,0.0,1,274000000.0,558000000.0
2025-01-16,消费,88400000.0,0.0,3,-715800000.0,-3679500000.0
2025-01-16,海外指数,9100000.0,0.0,1,45500000.0,163800000.0
2025-01-16,红利策略,-16000000.0,0.0,2,-53500000.0,1521500000.0
2025-01-16,金融,-16300000.0,0.0,3,-1028500000.0,1159000000.0
2025-01-16,新能源,-22000000.0,0.0,3,-113000000.0,-36500000.0
2025-01-16,宽基指数,-655800000.0,0.0,6,700100000.0,-497400000.0
2025-01-17,金融,57900000.0,0.0,3,-835800000.0,912000000.0
2025-01-17,红利策略,25000000.0,0.0,2,92500000.0,1380000000.0
2025-01-17,海外指数,9100000.0,0.0,1,45500000.0,163800000.0
2025-01-17,军工,6000000.0,0.0,1,216000000.0,584000000.0
2025-01-17,新能源,-27000000.0,0.0,3,-148500000.0,-77000000.0
2025-01-17,消费,-207100000.0,0.0,3,-732800000.0,-3812100000.0
2025-01-17,宽基指数,-455400000.0,0.0,6,201600000.0,-832900000.0
2025-01-17,科技,-496000000.0,0.0,1,-264000000.0,-1544000000.0
2025-01-17,未分类,-2327728847.0,0.0,1004,4140820241.0,44124616222.0
2025-01-20,科技,114000000.0,0.0,1,-194000000.0,-36000000.0
2025-01-20,金融,63300000.0,0.0,3,-675800000.0,876800000.0
2025-01-20,红利策略,49000000.0,0.0,2,100000000.0,1330000000.0
2025-01-20,海外指数,0.0,0.0,1,36400000.0,154700000.0
2025-01-20,新能源,-17000000.0,0.0,3,-172000000.0,-101500000.0
2025-01-20,军工,-41000000.0,0.0,1,148000000.0,607000000.0
2025-01-20,消费,-51600000.0,0.0,3,-515300000.0,-3144700000.0
2025-01-20,宽基指数,-845500000.0,0.0,6,-1867400000.0,-1146100000.0
2025-01-20,未分类,-1929593550.9999962,0.0,1004,-3736719161.999996,42545675367.00001
2025-01-21,红利策略,175000000.0,0.0,2,230500000.0,1421000000.0
2025-01-21,消费,88600000.0,0.0,3,-193300000.0,-2532300000.0
2025-01-21,金融,71800000.0,0.0,3,39400000.0,666300000.0
2025-01-21,海外指数,9100000.0,0.0,1,36400000.0,154700000.0
2025-01-21,军工,8000000.0,0.0,1,150000000.0,660000000.0
2025-01-21,新能源,-3500000.0,0.0,3,-66000000.0,-127500000.0
2025-01-21,科技,-350000000.0,0.0,1,-494000000.0,-100000000.0
2025-01-21,宽基指数,-569900000.0,0.0,6,-2375600000.0,-1016300000.0
2025-01-21,未分类,-6228611724.0,0.0,1005,-10376916096.999996,31123787787.0
2025-01-22,金融,343300000.0,0.0,3,520000000.0,1413500000.0
2025-01-22,消费,185400000.0,0.0,3,103700000.0,-2572800000.0
2025-01-22,红利策略,58500000.0,0.0,2,291500000.0,1305500000.0
2025-01-22,海外指数,9100000.0,0.0,1,36400000.0,154700000.0
2025-01-22,军工,4000000.0,0.0,1,104000000.0,609000000.0
2025-01-22,新能源,-17000000.0,0.0,3,-86500000.0,-139500000.0
2025-01-22,科技,-84000000.0,0.0,1,-418000000.0,-628000000.0
2025-01-22,宽基指数,-554300000.0,0.0,6,-3080900000.0,-1625500000.0
2025-01-22,未分类,-1860825285.0,0.0,1007,-10435076510.999994,27407166573.0
2025-01-23,未分类,5776642056.0,0.0,1009,-6570117350.999994,32530659639.0
2025-01-23,宽基指数,529000000.0,0.0,6,-1896100000.0,278800000.0
2025-01-23,消费,125100000.0,0.0,3,140400000.0,-2311000000.0
2025-01-23,科技,102000000.0,0.0,1,-714000000.0,-380000000.0
2025-01-23,红利策略,98500000.0,0.0,2,406000000.0,1372000000.0
2025-01-23,军工,44000000.0,0.0,1,21000000.0,625000000.0
2025-01-23,新能源,19000000.0,0.0,3,-45500000.0,-333500000.0
2025-01-23,海外指数,9100000.0,0.0,1,36400000.0,163800000.0
2025-01-23,金融,-107800000.0,0.0,3,428500000.0,523000000.0
2025-01-24,宽基指数,521900000.0,0.0,6,-918800000.0,464300000.0
2025-01-24,未分类,306435392.0,0.0,1017,-3935953111.9999943,33321193159.0
2025-01-24,消费,132600000.0,0.0,3,480100000.0,-2258300000.0
2025-01-24,红利策略,41500000.0,0.0,2,422500000.0,1311000000.0
2025-01-24,海外指数,9100000.0,0.0,1,36400000.0,163800000.0
2025-01-24,军工,2000000.0,0.0,1,17000000.0,544000000.0
2025-01-24,新能源,1000000.0,0.0,3,-17500000.0,-382000000.0
2025-01-24,科技,-204000000.0,0.0,1,-422000000.0,-18000000.0
2025-01-24,金融,-291000000.0,0.0,3,79600000.0,-63900000.0
2025-01-27,未分类,2425133763.0,0.0,1019,418774202.0000019,33357932153.0
2025-01-27,金融,296700000.0,0.0,3,313000000.0,-111000000.0
2025-01-27,科技,286000000.0,0.0,1,-250000000.0,578000000.0
2025-01-27,红利策略,77500000.0,0.0,2,451000000.0,1274500000.0
2025-01-27,海外指数,9100000.0,0.0,1,45500000.0,163800000.0
2025-01-27,军工,-8000000.0,0.0,1,50000000.0,426000000.0
2025-01-27,新能源,-17000000.0,0.0,3,-17500000.0,-417000000.0
2025-01-27,消费,-40800000.0,0.0,3,490900000.0,-2220600000.0
2025-01-27,宽基指数,-1230200000.0,0.0,6,-1303500000.0,-1240500000.0
2025-02-05,消费,264600000.0,0.0,3,666900000.0,-1935600000.0
2025-02-05,宽基指数,264100000.0,0.0,6,-469500000.0,-749600000.0
2025-02-05,红利策略,114000000.0,0.0,2,390000000.0,1151000000.0
2025-02-05,海外指数,9100000.0,0.0,1,45500000.0,163800000.0
2025-02-05,新能源,5000000.0,0.0,3,-9000000.0,-345000000.0
2025-02-05,军工,-8000000.0,0.0,1,34000000.0,410000000.0
2025-02-05,金融,-76400000.0,0.0,3,164800000.0,284700000.0
2025-02-05,科技,-490000000.0,0.0,1,-390000000.0,138000000.0
2025-02-05,未分类,-6239144877.0,0.0,1022,408241049.0000019,26475493054.0
2025-02-06,宽基指数,923000000.0,0.0,6,1007800000.0,1655400000.0
2025-02-06,金融,139600000.0,0.0,3,-38900000.0,-245400000.0
2025-02-06,红利策略,106500000.0,0.0,2,438000000.0,1119500000.0
2025-02-06,新能源,61000000.0,0.0,3,69000000.0,-174500000.0
2025-02-06,消费,59600000.0,0.0,3,541100000.0,-1317400000.0
2025-02-06,海外指数,9100000.0,0.0,1,45500000.0,163800000.0
2025-02-06,军工,-169000000.0,0.0,1,-139000000.0,243000000.0
2025-02-06,科技,-966000000.0,0.0,1,-1272000000.0,-1614000000.0
2025-02-06,未分类,-10603450650.0,0.0,1023,-8334384315.999998,6175153349.000002
2025-02-07,金融,926100000.0,0.0,3,995000000.0,134100000.0
2025-02-07,消费,340300000.0,0.0,3,756300000.0,-841300000.0
2025-02-07,新能源,253000000.0,0.0,3,303000000.0,9500000.0
2025-02-07,海外指数,9100000.0,0.0,1,45500000.0,163800000.0
2025-02-07,红利策略,5500000.0,0.0,2,345000000.0,887500000.0
2025-02-07,科技,-72000000.0,0.0,1,-1446000000.0,-2576000000.0
2025-02-07,军工,-132000000.0,0.0,1,-315000000.0,-21000000.0
2025-02-07,宽基指数,-189700000.0,0.0,6,289100000.0,-65500000.0
2025-02-07,未分类,-7597502957.0,0.0,1026,-21708529329.0,-11209250631.999998
2025-02-10,金融,181900000.0,0.0,3,1467900000.0,219700000.0
2025-02-10,军工,31000000.0,0.0,1,-286000000.0,-111000000.0
2025-02-10,海外指数,9100000.0,0.0,1,45500000.0,163800000.0
2025-02-10,新能源,8500000.0,0.0,3,310500000.0,-34000000.0
2025-02-10,红利策略,-13000000.0,0.0,2,290500000.0,875000000.0
2025-02-10,消费,-118900000.0,0.0,3,504800000.0,-918200000.0
2025-02-10,科技,-530000000.0,0.0,1,-1772000000.0,-3614000000.0
2025-02-10,宽基指数,-1257800000.0,0.0,6,-1490600000.0,-2383100000.0
2025-02-10,未分类,-15663450234.0,0.0,1027,-37678414955.0,-38387743800.0
2025-02-11,消费,336200000.0,0.0,3,881800000.0,-458700000.0
2025-02-11,新能源,321500000.0,0.0,3,649000000.0,366500000.0
2025-02-11,金融,287200000.0,0.0,3,1458400000.0,759800000.0
2025-02-11,军工,59000000.0,0.0,1,-219000000.0,-27000000.0
2025-02-11,海外指数,10400000.0,0.0,1,46800000.0,165100000.0
2025-02-11,红利策略,-30500000.0,0.0,2,182500000.0,990500000.0
2025-02-11,科技,-54000000.0,0.0,1,-2112000000.0,-3918000000.0
2025-02-11,宽基指数,-1009900000.0,0.0,6,-1270300000.0,-4062200000.0
2025-02-11,未分类,-8201840113.0,0.0,1029,-48305388831.0,-53392112961.0
2025-02-12,军工,91000000.0,0.0,1,-120000000.0,104000000.0
2025-02-12,金融,84300000.0,0.0,3,1619100000.0,894200000.0
2025-02-12,新能源,79000000.0,0.0,3,723000000.0,470500000.0
2025-02-12,红利策略,18500000.0,0.0,2,87000000.0,864000000.0
2025-02-12,海外指数,10400000.0,0.0,1,48100000.0,166400000.0
2025-02-12,宽基指数,-193300000.0,0.0,6,-1727700000.0,-4151100000.0
2025-02-12,消费,-197900000.0,0.0,3,419300000.0,-367700000.0
2025-02-12,科技,-574000000.0,0.0,1,-2196000000.0,-4106000000.0
2025-02-12,未分类,-6903602951.0,0.0,1030,-48969846905.0,-55781017260.0
2025-02-13,科技,304000000.0,0.0,1,-926000000.0,-3804000000.0
2025-02-13,新能源,241500000.0,0.0,3,903500000.0,734000000.0
2025-02-13,金融,186900000.0,0.0,3,1666400000.0,1150500000.0
2025-02-13,军工,36000000.0,0.0,1,85000000.0,159000000.0
2025-02-13,海外指数,10400000.0,0.0,1,49400000.0,167700000.0
2025-02-13,红利策略,-13000000.0,0.0,2,-32500000.0,780000000.0
2025-02-13,消费,-244400000.0,0.0,3,115300000.0,-259200000.0
2025-02-13,宽基指数,-1188100000.0,0.0,6,-3838800000.0,-5308300000.0
2025-02-13,未分类,-5365260905.0,0.0,1032,-43731657160.0,-65053623260.0
2025-02-14,消费,478100000.0,0.0,3,253100000.0,434000000.0
2025-02-14,金融,170800000.0,0.0,3,911100000.0,1306100000.0
2025-02-14,科技,156000000.0,0.0,1,-698000000.0,-3214000000.0
2025-02-14,军工,63000000.0,0.0,1,280000000.0,260000000.0
2025-02-14,新能源,37000000.0,0.0,3,687500000.0,832000000.0
2025-02-14,海外指数,10400000.0,0.0,1,50700000.0,178100000.0
2025-02-14,红利策略,-56000000.0,0.0,2,-94000000.0,603500000.0
2025-02-14,宽基指数,-300400000.0,0.0,6,-3949500000.0,-4856400000.0
2025-02-14,未分类,-9508658086.0,0.0,1032,-45642812289.0,-69012882758.0
2025-02-17,消费,363700000.0,0.0,3,735700000.0,987800000.0
2025-02-17,金融,360200000.0,0.0,3,1089400000.0,1801100000.0
2025-02-17,新能源,150000000.0,0.0,3,829000000.0,973500000.0
2025-02-17,军工,66000000.0,0.0,1,315000000.0,262000000.0
2025-02-17,红利策略,36500000.0,0.0,2,-44500000.0,761000000.0
2025-02-17,海外指数,0.0,0.0,1,41600000.0,169000000.0
2025-02-17,科技,-200000000.0,0.0,1,-368000000.0,-2826000000.0
2025-02-17,宽基指数,-1621100000.0,0.0,6,-4312800000.0,-6520600000.0
2025-02-17,未分类,-6547622219.0,0.0,1032,-36526984274.0,-74000532100.0
2025-02-18,未分类,1835366752.0,0.0,1032,-26489777409.0,-78113111200.0
2025-02-18,金融,254800000.0,0.0,3,1057000000.0,2152600000.0
2025-02-18,消费,229000000.0,0.0,3,628500000.0,1485900000.0
2025-02-18,军工,196000000.0,0.0,1,452000000.0,431000000.0
2025-02-18,新能源,128000000.0,0.0,3,635500000.0,1095000000.0
2025-02-18,红利策略,15000000.0,0.0,2,1000000.0,734500000.0
2025-02-18,海外指数,10400000.0,0.0,1,41600000.0,170300000.0
2025-02-18,科技,-164000000.0,0.0,1,-478000000.0,-3034000000.0
2025-02-18,宽基指数,-578500000.0,0.0,6,-3881400000.0,-8322600000.0
2025-02-19,消费,127600000.0,0.0,3,954000000.0,1846900000.0
2025-02-19,红利策略,101500000.0,0.0,2,84000000.0,791500000.0
2025-02-19,海外指数,10400000.0,0.0,1,41600000.0,171600000.0
2025-02-19,军工,-32000000.0,0.0,1,329000000.0,393000000.0
2025-02-19,宽基指数,-88400000.0,0.0,6,-3776500000.0,-8349300000.0
2025-02-19,新能源,-109500000.0,0.0,3,447000000.0,1095000000.0
2025-02-19,金融,-588300000.0,0.0,3,384400000.0,2207700000.0
2025-02-19,科技,-854000000.0,0.0,1,-758000000.0,-3838000000.0
2025-02-19,未分类,-10792109795.0,0.0,1033,-30378284253.0,-89316806206.0
2025-02-20,金融,219800000.0,0.0,3,417300000.0,2564800000.0
2025-02-20,消费,130700000.0,0.0,3,1329100000.0,2089200000.0
2025-02-20,新能源,46500000.0,0.0,3,252000000.0,1138000000.0
2025-02-20,红利策略,17000000.0,0.0,2,114000000.0,811000000.0
2025-02-20,海外指数,10400000.0,0.0,1,41600000.0,172900000.0
2025-02-20,军工,-28000000.0,0.0,1,265000000.0,315000000.0
2025-02-20,科技,-60000000.0,0.0,1,-1122000000.0,-3738000000.0
2025-02-20,宽基指数,-926799999.9999981,0.0,6,-3515199999.999998,-9427099999.999998
2025-02-20,未分类,-8282824104.0,0.0,1034,-33295847452.0,-95796965439.0
2025-02-21,金融,1596700000.0,0.0,3,1843200000.0,4177800000.0
2025-02-21,消费,1314700000.0,0.0,3,2165700000.0,3315500000.0
2025-02-21,军工,64000000.0,0.0,1,266000000.0,252000000.0
2025-02-21,新能源,49500000.0,0.0,3,264500000.0,1209500000.0
2025-02-21,红利策略,19000000.0,0.0,2,189000000.0,846000000.0
2025-02-21,海外指数,10400000.0,0.0,1,41600000.0,174200000.0
2025-02-21,宽基指数,-73900000.0,0.0,6,-3288699999.999998,-8845199999.999998
2025-02-21,科技,-572000000.0,0.0,1,-1850000000.0,-4708000000.0
2025-02-21,未分类,-12388571837.0,0.0,1034,-36175761203.0,-110097220172.0
2025-02-24,金融,980100000.0,0.0,3,2463100000.0,5100000000.0
2025-02-24,消费,246500000.0,0.0,3,2048500000.0,3769100000.0
2025-02-24,海外指数,10400000.0,0.0,1,52000000.0,175500000.0
2025-02-24,科技,-20000000.0,0.0,1,-1670000000.0,-4232000000.0
2025-02-24,红利策略,-58500000.0,0.0,2,94000000.0,762500000.0
2025-02-24,新能源,-73000000.0,0.0,3,41500000.0,1163500000.0
2025-02-24,军工,-107000000.0,0.0,1,93000000.0,139000000.0
2025-02-24,未分类,-1196859412.9999952,0.0,1034,-30824998396.999992,-108966350737.99998
2025-02-24,宽基指数,-1703700000.0,0.0,6,-3371299999.999998,-10093499999.999998
2025-02-25,消费,588300000.0,0.0,3,2407800000.0,4409000000.0
2025-02-25,金融,500300000.0,0.0,3,2708600000.0,5537000000.0
2025-02-25,红利策略,125500000.0,0.0,2,204500000.0,839000000.0
2025-02-25,新能源,70000000.0,0.0,3,-16500000.0,1250500000.0
2025-02-25,军工,66000000.0,0.0,1,-37000000.0,246000000.0
2025-02-25,科技,40000000.0,0.0,1,-1466000000.0,-4306000000.0
2025-02-25,海外指数,10400000.0,0.0,1,52000000.0,185900000.0
2025-02-25,宽基指数,-413200000.0,0.0,6,-3205999999.999998,-9661199999.999998
2025-02-25,未分类,-1199768663.0000002,0.0,1035,-33860133811.999992,-108236525849.99998
2025-02-26,金融,393700000.0,0.0,3,3690600000.0,5858900000.0
2025-02-26,新能源,355000000.0,0.0,3,448000000.0,1609000000.0
2025-02-26,军工,31000000.0,0.0,1,26000000.0,269000000.0
2025-02-26,海外指数,10400000.0,0.0,1,52000000.0,187200000.0
2025-02-26,红利策略,-51000000.0,0.0,2,52000000.0,613000000.0
2025-02-26,消费,-91100000.0,0.0,3,2189100000.0,4229300000.0
2025-02-26,科技,-400000000.0,0.0,1,-1012000000.0,-4356000000.0
2025-02-26,宽基指数,-1319100000.0,0.0,6,-4436699999.999998,-10410399999.999998
2025-02-26,未分类,-1361574333.0,0.0,1037,-24429598349.999992,-103369488458.99998
2025-02-27,未分类,7013772576.0,0.0,1037,-9133001669.999992,-94494890597.99998
2025-02-27,金融,397800000.0,0.0,3,3868600000.0,5913400000.0
2025-02-27,新能源,322000000.0,0.0,3,723500000.0,1948000000.0
2025-02-27,军工,56000000.0,0.0,1,110000000.0,321000000.0
2025-02-27,海外指数,10400000.0,0.0,1,52000000.0,188500000.0
2025-02-27,科技,-8000000.0,0.0,1,-960000000.0,-4280000000.0
2025-02-27,红利策略,-85500000.0,0.0,2,-50500000.0,469000000.0
2025-02-27,宽基指数,-365600000.0,0.0,6,-3875500000.0,-10221699999.999998
2025-02-27,消费,-670300000.0,0.0,3,1388100000.0,3373600000.0
2025-02-28,未分类,16903119855.999996,0.0,1038,20158690023.000004,-83368412798.0
2025-02-28,新能源,431500000.0,0.0,3,1105500000.0,2360500000.0
2025-02-28,金融,426700000.0,0.0,3,2698600000.0,6447900000.0
2025-02-28,消费,357000000.0,0.0,3,430400000.0,3605500000.0
2025-02-28,军工,248000000.0,0.0,1,294000000.0,525000000.0
2025-02-28,科技,160000000.0,0.0,1,-228000000.0,-4222000000.0
2025-02-28,海外指数,10400000.0,0.0,1,52000000.0,189800000.0
2025-02-28,红利策略,-14500000.0,0.0,2,-84000000.0,356000000.0
2025-02-28,宽基指数,-182400000.0,0.0,6,-3984000000.0,-10933099999.999998
2025-03-03,金融,509500000.0,0.0,3,2228000000.0,7248400000.0
2025-03-03,未分类,489443145.9999999,0.0,1039,21844992582.0,-83185405044.0
2025-03-03,新能源,285000000.0,0.0,3,1463500000.0,2644500000.0
2025-03-03,科技,60000000.0,0.0,1,-148000000.0,-3958000000.0
2025-03-03,红利策略,41500000.0,0.0,2,16000000.0,356000000.0
2025-03-03,海外指数,10400000.0,0.0,1,52000000.0,191100000.0
2025-03-03,军工,-116000000.0,0.0,1,285000000.0,407000000.0
2025-03-03,消费,-182000000.0,0.0,3,1900000.0,3290900000.0
2025-03-03,宽基指数,-408600000.0,0.0,6,-2688900000.0,-11863599999.999998
2025-03-04,未分类,124141631.00000012,0.0,1040,23168902876.0,-85486397176.0
2025-03-04,军工,118000000.0,0.0,1,337000000.0,533000000.0
2025-03-04,消费,76200000.0,0.0,3,-510200000.0,3407900000.0
2025-03-04,新能源,25500000.0,0.0,3,1419000000.0,2687000000.0
2025-03-04,红利策略,14000000.0,0.0,2,-95500000.0,292500000.0
2025-03-04,海外指数,10400000.0,0.0,1,52000000.0,192400000.0
2025-03-04,宽基指数,-233200000.0,0.0,6,-2508900000.0,-10866599999.999998
2025-03-04,科技,-294000000.0,0.0,1,-482000000.0,-4538000000.0
2025-03-04,金融,-381800000.0,0.0,3,1345900000.0,6569900000.0
2025-03-05,新能源,137500000.0,0.0,3,1201500000.0,2819500000.0
2025-03-05,科技,66000000.0,0.0,1,-16000000.0,-3982000000.0
2025-03-05,海外指数,10400000.0,0.0,1,52000000.0,193700000.0
2025-03-05,红利策略,-1500000.0,0.0,2,-46000000.0,177000000.0
2025-03-05,消费,-3300000.0,0.0,3,-422400000.0,3140000000.0
2025-03-05,金融,-6800000.0,0.0,3,945400000.0,6639500000.0
2025-03-05,军工,-114000000.0,0.0,1,192000000.0,427000000.0
2025-03-05,未分类,-870486255.0,0.0,1049,23659990954.0,-80117738554.0
2025-03-05,宽基指数,-969700000.0,0.0,6,-2159500000.0,-12100399999.999998
2025-03-06,宽基指数,1176600000.0,0.0,6,-617300000.0,-11846799999.999998
2025-03-06,消费,199500000.0,0.0,3,447400000.0,3279900000.0
2025-03-06,海外指数,10400000.0,0.0,1,52000000.0,195000000.0
2025-03-06,红利策略,1000000.0,0.0,2,40500000.0,71500000.0
2025-03-06,军工,-71000000.0,0.0,1,65000000.0,525000000.0
2025-03-06,新能源,-154500000.0,0.0,3,725000000.0,2604000000.0
2025-03-06,科技,-198000000.0,0.0,1,-206000000.0,-3214000000.0
2025-03-06,金融,-808100000.0,0.0,3,-260500000.0,5691800000.0
2025-03-06,未分类,-8974938123.000004,0.0,1049,7671280254.999996,-78489226027.0
2025-03-07,金融,428800000.0,0.0,3,-258400000.0,5194500000.0
2025-03-07,科技,154000000.0,0.0,1,-212000000.0,-2988000000.0
2025-03-07,军工,96000000.0,0.0,1,-87000000.0,753000000.0
2025-03-07,新能源,53500000.0,0.0,3,347000000.0,2404500000.0
2025-03-07,海外指数,10400000.0,0.0,1,52000000.0,196300000.0
2025-03-07,红利策略,-163500000.0,0.0,2,-108500000.0,-97500000.0
2025-03-07,未分类,-282920941.0,0.0,1052,-9514760542.0,-71174644011.0
2025-03-07,消费,-351100000.0,0.0,3,-260700000.0,2588500000.0
2025-03-07,宽基指数,-925100000.0,0.0,6,-1360000000.0,-12582199999.999998
2025-03-10,金融,319200000.0,0.0,3,-448700000.0,5331800000.0
2025-03-10,军工,229000000.0,0.0,1,258000000.0,951000000.0
2025-03-10,科技,138000000.0,0.0,1,-134000000.0,-2320000000.0
2025-03-10,红利策略,55000000.0,0.0,2,-95000000.0,-29500000.0
2025-03-10,海外指数,10400000.0,0.0,1,52000000.0,197600000.0
2025-03-10,新能源,-2500000.0,0.0,3,59500000.0,2393500000.0
2025-03-10,消费,-404100000.0,0.0,3,-482800000.0,2303300000.0
2025-03-10,未分类,-551578444.9999961,0.0,1053,-10555782132.999996,-56062772221.99999
2025-03-10,宽基指数,-2400500000.0,0.0,6,-3351900000.0,-13724899999.999998
2025-03-11,未分类,4940758732.0,0.0,1053,-5739165031.999996,-42920173377.0
2025-03-11,宽基指数,816700000.0,0.0,6,-2302000000.0,-11898299999.999998
2025-03-11,新能源,405500000.0,0.0,3,439500000.0,2477500000.0
2025-03-11,科技,142000000.0,0.0,1,302000000.0,-2124000000.0
2025-03-11,军工,74000000.0,0.0,1,214000000.0,966000000.0
2025-03-11,金融,43300000.0,0.0,3,-23600000.0,5087900000.0
2025-03-11,海外指数,10400000.0,0.0,1,52000000.0,197600000.0
2025-03-11,红利策略,-10000000.0,0.0,2,-119000000.0,-9000000.0
2025-03-11,消费,-725000000.0,0.0,3,-1284000000.0,1242100000.0
2025-03-12,未分类,1366639272.0,0.0,1054,-3502039504.999996,-34649931154.0
2025-03-12,消费,192300000.0,0.0,3,-1088400000.0,1632300000.0
2025-03-12,军工,84000000.0,0.0,1,412000000.0,959000000.0
2025-03-12,海外指数,20800000.0,0.0,1,62400000.0,208000000.0
2025-03-12,红利策略,-15500000.0,0.0,2,-133000000.0,-43000000.0
2025-03-12,宽基指数,-23300000.0,0.0,6,-1355600000.0,-11728299999.999998
2025-03-12,新能源,-43000000.0,0.0,3,259000000.0,2355500000.0
2025-03-12,科技,-70000000.0,0.0,1,166000000.0,-1620000000.0
2025-03-12,金融,-339700000.0,0.0,3,-356500000.0,4663900000.0
2025-03-13,未分类,5917486113.0,0.0,1057,11390384731.000008,-23367184136.0
2025-03-13,科技,654000000.0,0.0,1,1018000000.0,-1270000000.0
2025-03-13,消费,115800000.0,0.0,3,-1172100000.0,1992500000.0
2025-03-13,宽基指数,47700000.0,0.0,6,-2484500000.0,-10492499999.999998
2025-03-13,红利策略,29500000.0,0.0,2,-104500000.0,-500000.0
2025-03-13,海外指数,20800000.0,0.0,1,72800000.0,218400000.0
2025-03-13,新能源,9500000.0,0.0,3,423000000.0,2123500000.0
2025-03-13,军工,1000000.0,0.0,1,484000000.0,924000000.0
2025-03-13,金融,-12300000.0,0.0,3,439300000.0,4464700000.0
2025-03-14,宽基指数,884200000.0,0.0,6,-675200000.0,-9307899999.999998
2025-03-14,军工,178000000.0,0.0,1,566000000.0,1039000000.0
2025-03-14,海外指数,20800000.0,0.0,1,83200000.0,228800000.0
2025-03-14,消费,7600000.0,0.0,3,-813400000.0,1522000000.0
2025-03-14,新能源,-12500000.0,0.0,3,357000000.0,2074000000.0
2025-03-14,红利策略,-131500000.0,0.0,2,-72500000.0,-76000000.0
2025-03-14,科技,-296000000.0,0.0,1,568000000.0,-1722000000.0
2025-03-14,未分类,-1220081977.0000062,0.0,1057,10453223695.000002,-15078608027.000006
2025-03-14,金融,-1376700000.0,0.0,3,-1366200000.0,2917200000.0
2025-03-17,金融,1013600000.0,0.0,3,-671800000.0,3570600000.0
2025-03-17,消费,662600000.0,0.0,3,253300000.0,1820900000.0
2025-03-17,新能源,248500000.0,0.0,3,608000000.0,2172500000.0
2025-03-17,军工,156000000.0,0.0,1,493000000.0,1129000000.0
2025-03-17,海外指数,20800000.0,0.0,1,93600000.0,249600000.0
2025-03-17,红利策略,-25000000.0,0.0,2,-152500000.0,-137500000.0
2025-03-17,科技,-28000000.0,0.0,1,402000000.0,-1550000000.0
2025-03-17,宽基指数,-239700000.0,0.0,6,1485600000.0,-7926499999.999998
2025-03-17,未分类,-1257783431.9999962,0.0,1058,9747018708.000002,-9788769240.000002
2025-03-18,金融,503300000.0,0.0,3,-211800000.0,3819100000.0
2025-03-18,新能源,174500000.0,0.0,3,377000000.0,2219000000.0
2025-03-18,军工,32000000.0,0.0,1,451000000.0,965000000.0
2025-03-18,海外指数,20800000.0,0.0,1,104000000.0,260000000.0
2025-03-18,红利策略,-18500000.0,0.0,2,-161000000.0,-171000000.0
2025-03-18,宽基指数,-19000000.0,0.0,6,649900000.0,-7366999999.999998
2025-03-18,科技,-22000000.0,0.0,1,238000000.0,-1408000000.0
2025-03-18,消费,-77300000.0,0.0,3,901000000.0,1514600000.0
2025-03-18,未分类,-4246496953.0,0.0,1058,559763023.0000014,-15870632945.000002
2025-03-19,金融,280000000.0,0.0,3,407900000.0,4687400000.0
2025-03-19,科技,162000000.0,0.0,1,470000000.0,-392000000.0
2025-03-19,消费,71900000.0,0.0,3,780600000.0,1458900000.0
2025-03-19,海外指数,20800000.0,0.0,1,104000000.0,270400000.0
2025-03-19,宽基指数,17200000.0,0.0,6,690400000.0,-7261399999.999998
2025-03-19,军工,-27000000.0,0.0,1,340000000.0,970000000.0
2025-03-19,红利策略,-37500000.0,0.0,2,-183000000.0,-310000000.0
2025-03-19,新能源,-204500000.0,0.0,3,215500000.0,2124000000.0
2025-03-19,未分类,-514209588.0,0.0,1057,-1321085836.9999986,-5592732738.000002
2025-03-20,消费,567900000.0,0.0,3,1232700000.0,1896100000.0
2025-03-20,金融,332900000.0,0.0,3,753100000.0,4800500000.0
2025-03-20,海外指数,20800000.0,0.0,1,104000000.0,280800000.0
2025-03-20,军工,-35000000.0,0.0,1,304000000.0,963000000.0
2025-03-20,新能源,-60000000.0,0.0,3,146000000.0,2017500000.0
2025-03-20,科技,-78000000.0,0.0,1,-262000000.0,-410000000.0
2025-03-20,红利策略,-114500000.0,0.0,2,-327000000.0,-441500000.0
2025-03-20,宽基指数,-161000000.0,0.0,6,481700000.0,-6495600000.0
2025-03-20,未分类,-2003308403.0,0.0,1057,-9241880352.999998,686782962.9999976
2025-03-21,未分类,7974741407.0,0.0,1060,-47056968.99999237,21050096207.0
2025-03-21,科技,350000000.0,0.0,1,384000000.0,512000000.0
2025-03-21,宽基指数,201300000.0,0.0,6,-201200000.0,-6220400000.0
2025-03-21,消费,156600000.0,0.0,3,1381700000.0,738000000.0
2025-03-21,新能源,145000000.0,0.0,3,303500000.0,2113000000.0
2025-03-21,金融,138400000.0,0.0,3,2268200000.0,3342200000.0
2025-03-21,海外指数,20800000.0,0.0,1,104000000.0,291200000.0
2025-03-21,军工,19000000.0,0.0,1,145000000.0,918000000.0
2025-03-21,红利策略,-113000000.0,0.0,2,-308500000.0,-573500000.0
2025-03-24,未分类,6026072399.0,0.0,1062,7236798862.000004,28273028018.999992
2025-03-24,金融,282200000.0,0.0,3,1536800000.0,2644300000.0
2025-03-24,科技,88000000.0,0.0,1,500000000.0,620000000.0
2025-03-24,军工,64000000.0,0.0,1,53000000.0,1089000000.0
2025-03-24,海外指数,20800000.0,0.0,1,104000000.0,301600000.0
2025-03-24,红利策略,-1000000.0,0.0,2,-284500000.0,-516000000.0
2025-03-24,新能源,-11000000.0,0.0,3,44000000.0,2175000000.0
2025-03-24,消费,-132200000.0,0.0,3,586900000.0,359300000.0
2025-03-24,宽基指数,-206200000.0,0.0,6,-167700000.0,-4722900000.0
2025-03-25,未分类,3678046916.0,0.0,1063,15161342731.000004,33150843597.999992
2025-03-25,科技,232000000.0,0.0,1,754000000.0,812000000.0
2025-03-25,消费,174300000.0,0.0,3,838500000.0,-54700000.0
2025-03-25,金融,40500000.0,0.0,3,1074000000.0,2184500000.0
2025-03-25,海外指数,20800000.0,0.0,1,104000000.0,312000000.0
2025-03-25,红利策略,14500000.0,0.0,2,-251500000.0,-627000000.0
2025-03-25,军工,-39000000.0,0.0,1,-18000000.0,984000000.0
2025-03-25,宽基指数,-195700000.0,0.0,6,-344400000.0,-4505400000.0
2025-03-25,新能源,-360000000.0,0.0,3,-490500000.0,1745000000.0
2025-03-26,未分类,3439579422.0,0.0,1063,19115131741.000004,37951997352.99999
2025-03-26,宽基指数,261900000.0,0.0,6,-99700000.0,-2924400000.0
2025-03-26,金融,166600000.0,0.0,3,960600000.0,1957400000.0
2025-03-26,海外指数,20800000.0,0.0,1,104000000.0,322400000.0
2025-03-26,红利策略,19000000.0,0.0,2,-195000000.0,-557000000.0
2025-03-26,军工,15000000.0,0.0,1,24000000.0,968000000.0
2025-03-26,消费,-15200000.0,0.0,3,751400000.0,21200000.0
2025-03-26,科技,-96000000.0,0.0,1,496000000.0,1116000000.0
2025-03-26,新能源,-416000000.0,0.0,3,-702000000.0,974000000.0
2025-03-27,宽基指数,127200000.0,0.0,6,188500000.0,-2431600000.0
2025-03-27,军工,50000000.0,0.0,1,109000000.0,962000000.0
2025-03-27,新能源,40000000.0,0.0,3,-602000000.0,692000000.0
2025-03-27,海外指数,20800000.0,0.0,1,104000000.0,332800000.0
2025-03-27,金融,11500000.0,0.0,3,639200000.0,1571100000.0
2025-03-27,红利策略,-11500000.0,0.0,2,-92000000.0,-483000000.0
2025-03-27,消费,-72900000.0,0.0,3,110600000.0,618600000.0
2025-03-27,科技,-114000000.0,0.0,1,460000000.0,1010000000.0
2025-03-27,未分类,-3271830344.0,0.0,1064,17846609800.000004,27666394432.999992
2025-03-28,未分类,1035805959.999999,0.0,1064,10907674353.000004,11799080536.999996
2025-03-28,科技,164000000.0,0.0,1,274000000.0,1014000000.0
2025-03-28,新能源,87500000.0,0.0,3,-659500000.0,348000000.0
2025-03-28,红利策略,61000000.0,0.0,2,82000000.0,-407500000.0
2025-03-28,消费,60100000.0,0.0,3,14100000.0,321700000.0
2025-03-28,军工,59000000.0,0.0,1,149000000.0,773000000.0
2025-03-28,海外指数,20800000.0,0.0,1,104000000.0,343200000.0
2025-03-28,金融,12200000.0,0.0,3,513000000.0,1156600000.0
2025-03-28,宽基指数,-603800000.0,0.0,6,-616600000.0,-2853000000.0
2025-03-31,未分类,8899201070.0,0.0,1064,13780803024.000004,20208838460.999996
2025-03-31,金融,540200000.0,0.0,3,771000000.0,1187300000.0
2025-03-31,宽基指数,229700000.0,0.0,6,-180700000.0,-2214700000.0
2025-03-31,新能源,186500000.0,0.0,3,-462000000.0,249500000.0
2025-03-31,军工,113000000.0,0.0,1,198000000.0,1002000000.0
2025-03-31,科技,104000000.0,0.0,1,290000000.0,1058000000.0
2025-03-31,海外指数,20800000.0,0.0,1,104000000.0,353600000.0
2025-03-31,红利策略,500000.0,0.0,2,83500000.0,-448500000.0
2025-03-31,消费,-56300000.0,0.0,3,90000000.0,447400000.0
2025-04-01,金融,463600000.0,0.0,3,1194100000.0,2032700000.0
2025-04-01,军工,213000000.0,0.0,1,450000000.0,1097000000.0
2025-04-01,宽基指数,167300000.0,0.0,6,182300000.0,-1814200000.0
2025-04-01,科技,74000000.0,0.0,1,132000000.0,1426000000.0
2025-04-01,海外指数,20800000.0,0.0,1,104000000.0,364000000.0
2025-04-01,红利策略,-38500000.0,0.0,2,30500000.0,-501000000.0
2025-04-01,新能源,-83000000.0,0.0,3,-185000000.0,141000000.0
2025-04-01,消费,-277100000.0,0.0,3,-361400000.0,94100000.0
2025-04-01,未分类,-817013259.9999998,0.0,1065,9285742848.000004,19267683569.999996
2025-04-02,未分类,5870037347.0,0.0,1067,11716200773.000004,26008207171.999996
2025-04-02,宽基指数,256200000.0,0.0,6,176600000.0,-588300000.0
2025-04-02,军工,212000000.0,0.0,1,647000000.0,1423000000.0
2025-04-02,科技,76000000.0,0.0,1,304000000.0,1436000000.0
2025-04-02,海外指数,20800000.0,0.0,1,104000000.0,374400000.0
2025-04-02,新能源,12000000.0,0.0,3,243000000.0,15500000.0
2025-04-02,消费,4800000.0,0.0,3,-341400000.0,102200000.0
2025-04-02,红利策略,-23000000.0,0.0,2,-11500000.0,-522500000.0
2025-04-02,金融,-286100000.0,0.0,3,741400000.0,1753400000.0
2025-04-03,未分类,11594094628.0,0.0,1070,26582125745.000004,46577239923.0
2025-04-03,宽基指数,883100000.0,0.0,6,932500000.0,-881800000.0
2025-04-03,军工,195000000.0,0.0,1,792000000.0,1689000000.0
2025-04-03,消费,86300000.0,0.0,3,-182200000.0,-11000000.0
2025-04-03,科技,72000000.0,0.0,1,490000000.0,1706000000.0
2025-04-03,红利策略,32000000.0,0.0,2,32000000.0,-491500000.0
2025-04-03,海外指数,20800000.0,0.0,1,104000000.0,384800000.0
2025-04-03,新能源,-55000000.0,0.0,3,148000000.0,115000000.0
2025-04-03,金融,-183600000.0,0.0,3,546300000.0,2377900000.0
2025-04-07,未分类,30593154305.999996,0.0,1073,56139474091.0,77453315170.0
2025-04-07,宽基指数,10651200000.0,0.0,6,12187500000.0,10694500000.0
2025-04-07,金融,849500000.0,0.0,3,1383600000.0,2798600000.0
2025-04-07,红利策略,412500000.0,0.0,2,383500000.0,84500000.0
2025-04-07,军工,214000000.0,0.0,1,947000000.0,1807000000.0
2025-04-07,科技,192000000.0,0.0,1,518000000.0,1744000000.0
2025-04-07,新能源,181500000.0,0.0,3,242000000.0,243000000.0
2025-04-07,海外指数,20800000.0,0.0,1,104000000.0,395200000.0
2025-04-07,消费,-113700000.0,0.0,3,-356000000.0,226400000.0
2025-04-08,未分类,31499405463.000008,0.0,1077,78739678484.0,109504299078.0
2025-04-08,宽基指数,12927899999.999998,0.0,6,24885700000.0,26022900000.0
2025-04-08,军工,310000000.0,0.0,1,1144000000.0,1888000000.0
2025-04-08,科技,140000000.0,0.0,1,554000000.0,1746000000.0
2025-04-08,海外指数,20800000.0,0.0,1,104000000.0,405600000.0
2025-04-08,红利策略,-5500000.0,0.0,2,377500000.0,24000000.0
2025-04-08,消费,-156300000.0,0.0,3,-456000000.0,474200000.0
2025-04-08,新能源,-188500000.0,0.0,3,-133000000.0,57000000.0
2025-04-08,金融,-594400000.0,0.0,3,249000000.0,1885000000.0
2025-04-09,未分类,10684888809.0,0.0,1078,90241580553.0,115248429155.0
2025-04-09,宽基指数,1738100000.0,0.0,6,26456500000.0,26944300000.0
2025-04-09,消费,898500000.0,0.0,3,719600000.0,2097700000.0
2025-04-09,军工,157000000.0,0.0,1,1088000000.0,1971000000.0
2025-04-09,红利策略,152000000.0,0.0,2,568000000.0,186000000.0
2025-04-09,海外指数,20800000.0,0.0,1,104000000.0,416000000.0
2025-04-09,新能源,-68000000.0,0.0,3,-118000000.0,-416500000.0
2025-04-09,科技,-596000000.0,0.0,1,-116000000.0,1008000000.0
2025-04-09,金融,-726100000.0,0.0,3,-940700000.0,1115600000.0
2025-04-10,未分类,1341893795.0000002,0.0,1079,85713437001.00002,115223683678.0
2025-04-10,消费,622100000.0,0.0,3,1336900000.0,2527500000.0
2025-04-10,军工,280000000.0,0.0,1,1156000000.0,2167000000.0
2025-04-10,科技,86000000.0,0.0,1,-106000000.0,1164000000.0
2025-04-10,海外指数,20800000.0,0.0,1,104000000.0,416000000.0
2025-04-10,红利策略,-146500000.0,0.0,2,444500000.0,55000000.0
2025-04-10,新能源,-271500000.0,0.0,3,-401500000.0,-645000000.0
2025-04-10,金融,-532700000.0,0.0,3,-1187300000.0,922600000.0
2025-04-10,宽基指数,-1174200000.0,0.0,6,25026100000.0,25793400000.0
2025-04-11,军工,416000000.0,0.0,1,1377000000.0,2582000000.0
2025-04-11,消费,402800000.0,0.0,3,1653400000.0,2814500000.0
2025-04-11,海外指数,20800000.0,0.0,1,104000000.0,416000000.0
2025-04-11,红利策略,-25500000.0,0.0,2,387000000.0,0.0
2025-04-11,新能源,-81000000.0,0.0,3,-427500000.0,-735500000.0
2025-04-11,金融,-242500000.0,0.0,3,-1246200000.0,692400000.0
2025-04-11,宽基指数,-454700000.0,0.0,6,23688300000.0,25291000000.0
2025-04-11,科技,-552000000.0,0.0,1,-730000000.0,-42000000.0
2025-04-11,未分类,-4010397340.0,0.0,1081,70108945033.0,105295800225.0
2025-04-14,科技,182000000.0,0.0,1,-740000000.0,436000000.0
2025-04-14,消费,175400000.0,0.0,3,1942500000.0,2982300000.0
2025-04-14,金融,120700000.0,0.0,3,-1975000000.0,2189800000.0
2025-04-14,海外指数,20800000.0,0.0,1,104000000.0,416000000.0
2025-04-14,新能源,-73000000.0,0.0,3,-682000000.0,-796000000.0
2025-04-14,红利策略,-89500000.0,0.0,2,-115000000.0,42000000.0
2025-04-14,军工,-190000000.0,0.0,1,973000000.0,2214000000.0
2025-04-14,宽基指数,-1132500000.0,0.0,6,11904599999.999998,23274300000.0
2025-04-14,未分类,-3696835651.9999995,0.0,1084,35818955075.00001,102819046550.0
2025-04-15,宽基指数,1106000000.0,0.0,6,82700000.0,24620000000.0
2025-04-15,未分类,423178661.99999976,0.0,1087,4742728274.000004,104500008644.0
2025-04-15,科技,212000000.0,0.0,1,-668000000.0,676000000.0
2025-04-15,消费,137900000.0,0.0,3,2236700000.0,2457600000.0
2025-04-15,军工,21000000.0,0.0,1,684000000.0,2079000000.0
2025-04-15,海外指数,20800000.0,0.0,1,104000000.0,416000000.0
2025-04-15,新能源,-6500000.0,0.0,3,-500000000.0,-1051000000.0
2025-04-15,红利策略,-11500000.0,0.0,2,-121000000.0,55500000.0
2025-04-15,金融,-120400000.0,0.0,3,-1501000000.0,1055800000.0
2025-04-16,未分类,6311265646.0,0.0,1089,369105111.0000038,115057771243.0
2025-04-16,宽基指数,4854500000.0,0.0,6,3199100000.0,29493500000.0
2025-04-16,海外指数,20800000.0,0.0,1,104000000.0,416000000.0
2025-04-16,科技,6000000.0,0.0,1,-66000000.0,704000000.0
2025-04-16,军工,-6000000.0,0.0,1,521000000.0,2041000000.0
2025-04-16,新能源,-22000000.0,0.0,3,-454000000.0,-1247500000.0
2025-04-16,红利策略,-74000000.0,0.0,2,-347000000.0,0.0
2025-04-16,金融,-351000000.0,0.0,3,-1125900000.0,201500000.0
2025-04-16,消费,-375800000.0,0.0,3,962400000.0,2159100000.0
2025-04-17,宽基指数,1245300000.0,0.0,6,5618600000.0,30721600000.0
2025-04-17,消费,34300000.0,0.0,3,374600000.0,2121500000.0
2025-04-17,海外指数,20800000.0,0.0,1,104000000.0,416000000.0
2025-04-17,新能源,1500000.0,0.0,3,-181000000.0,-1041500000.0
2025-04-17,红利策略,-18500000.0,0.0,2,-219000000.0,19000000.0
2025-04-17,军工,-137000000.0,0.0,1,104000000.0,1931000000.0
2025-04-17,金融,-161400000.0,0.0,3,-754600000.0,-239900000.0
2025-04-17,科技,-190000000.0,0.0,1,-342000000.0,352000000.0
2025-04-17,未分类,-2914877649.0,0.0,1090,-3887666332.999996,112657103182.0
2025-04-18,宽基指数,1580200000.0,0.0,6,7653500000.0,32462800000.0
2025-04-18,未分类,1391743401.000001,0.0,1092,1514474408.0000048,116052154986.0
2025-04-18,消费,208800000.0,0.0,3,180600000.0,1762400000.0
2025-04-18,科技,124000000.0,0.0,1,334000000.0,554000000.0
2025-04-18,军工,22000000.0,0.0,1,-290000000.0,1988000000.0
2025-04-18,海外指数,0.0,0.0,1,83200000.0,395200000.0
2025-04-18,红利策略,-29500000.0,0.0,2,-223000000.0,104000000.0
2025-04-18,新能源,-74000000.0,0.0,3,-174000000.0,-1055500000.0
2025-04-18,金融,-327300000.0,0.0,3,-839400000.0,-900100000.0
2025-04-21,宽基指数,168400000.0,0.0,6,8954400000.0,32429900000.0
2025-04-21,消费,46300000.0,0.0,3,51500000.0,1652100000.0
2025-04-21,海外指数,20800000.0,0.0,1,83200000.0,395200000.0
2025-04-21,红利策略,11500000.0,0.0,2,-122000000.0,228500000.0
2025-04-21,新能源,-26500000.0,0.0,3,-127500000.0,-1227000000.0
2025-04-21,科技,-96000000.0,0.0,1,56000000.0,108000000.0
2025-04-21,军工,-139000000.0,0.0,1,-239000000.0,1830000000.0
2025-04-21,金融,-337500000.0,0.0,3,-1297600000.0,-1376000000.0
2025-04-21,未分类,-3269549645.9999995,0.0,1092,1941760414.0000043,104807863933.0
2025-04-22,未分类,1908057687.0,0.0,1092,3426639439.000005,100689849221.0
2025-04-22,海外指数,20800000.0,0.0,1,83200000.0,395200000.0
2025-04-22,科技,-28000000.0,0.0,1,-184000000.0,-8000000.0
2025-04-22,新能源,-48500000.0,0.0,3,-169500000.0,-1264500000.0
2025-04-22,军工,-60000000.0,0.0,1,-320000000.0,1706000000.0
2025-04-22,红利策略,-84000000.0,0.0,2,-194500000.0,145500000.0
2025-04-22,金融,-379400000.0,0.0,3,-1556600000.0,-2037600000.0
2025-04-22,宽基指数,-779900000.0,0.0,6,7068500000.0,31856200000.0
2025-04-22,消费,-852400000.0,0.0,3,-938800000.0,931900000.0
2025-04-23,未分类,405922502.9999999,0.0,1092,-2478703703.999995,97417724808.0
2025-04-23,科技,166000000.0,0.0,1,-24000000.0,-74000000.0
2025-04-23,海外指数,20800000.0,0.0,1,83200000.0,395200000.0
2025-04-23,金融,-58800000.0,0.0,3,-1264400000.0,-2136900000.0
2025-04-23,新能源,-62000000.0,0.0,3,-209500000.0,-966500000.0
2025-04-23,红利策略,-63500000.0,0.0,2,-184000000.0,67500000.0
2025-04-23,军工,-236000000.0,0.0,1,-550000000.0,1509000000.0
2025-04-23,消费,-366800000.0,0.0,3,-929800000.0,390800000.0
2025-04-23,宽基指数,-548700000.0,0.0,6,1665300000.0,31503200000.0
2025-04-24,未分类,2106521093.0,0.0,1094,2542695038.000005,96084666479.0
2025-04-24,宽基指数,164800000.0,0.0,6,584800000.0,31406100000.0
2025-04-24,军工,120000000.0,0.0,1,-293000000.0,1614000000.0
2025-04-24,科技,30000000.0,0.0,1,196000000.0,52000000.0
2025-04-24,海外指数,20800000.0,0.0,1,83200000.0,395200000.0
2025-04-24,新能源,-6500000.0,0.0,3,-217500000.0,-557000000.0
2025-04-24,红利策略,-76000000.0,0.0,2,-241500000.0,-27500000.0
2025-04-24,金融,-100600000.0,0.0,3,-1203600000.0,-2404100000.0
2025-04-24,消费,-588700000.0,0.0,3,-1552800000.0,-182700000.0
2025-04-25,科技,96000000.0,0.0,1,168000000.0,262000000.0
2025-04-25,海外指数,3900000.0,0.0,1,87100000.0,378300000.0
2025-04-25,红利策略,-12000000.0,0.0,2,-224000000.0,-28000000.0
2025-04-25,军工,-42000000.0,0.0,1,-357000000.0,1522000000.0
2025-04-25,未分类,-91040608.99999952,0.0,1095,1059911028.0000043,99265456214.0
2025-04-25,消费,-97400000.0,0.0,3,-1859000000.0,-207200000.0
2025-04-25,新能源,-120000000.0,0.0,3,-263500000.0,-717000000.0
2025-04-25,金融,-241200000.0,0.0,3,-1117500000.0,-2656800000.0
2025-04-25,宽基指数,-256900000.0,0.0,6,-1252300000.0,31022000000.0
2025-04-28,军工,20000000.0,0.0,1,-198000000.0,1483000000.0
2025-04-28,海外指数,1300000.0,0.0,1,67600000.0,358800000.0
2025-04-28,金融,-51400000.0,0.0,3,-831400000.0,-2720400000.0
2025-04-28,红利策略,-84000000.0,0.0,2,-319500000.0,-173000000.0
2025-04-28,科技,-118000000.0,0.0,1,146000000.0,-20000000.0
2025-04-28,新能源,-135500000.0,0.0,3,-372500000.0,-940000000.0
2025-04-28,消费,-229500000.0,0.0,3,-2134800000.0,-496800000.0
2025-04-28,宽基指数,-588100000.0,0.0,6,-2008800000.0,31037700000.0
2025-04-28,未分类,-3371559883.0,0.0,1098,957900791.0000038,94858090371.0
2025-04-29,金融,116500000.0,0.0,3,-335500000.0,-3144100000.0
2025-04-29,军工,75000000.0,0.0,1,-63000000.0,1445000000.0
2025-04-29,消费,66200000.0,0.0,3,-1216200000.0,-374300000.0
2025-04-29,宽基指数,28700000.0,0.0,6,-1200200000.0,30836700000.0
2025-04-29,红利策略,11000000.0,0.0,2,-224500000.0,-162500000.0
2025-04-29,海外指数,1300000.0,0.0,1,48100000.0,339300000.0
2025-04-29,新能源,-25000000.0,0.0,3,-349000000.0,-1151500000.0
2025-04-29,科技,-96000000.0,0.0,1,78000000.0,-220000000.0
2025-04-29,未分类,-4181657873.0,0.0,1101,-5131814768.999996,81777231428.0
2025-04-30,军工,123000000.0,0.0,1,296000000.0,1355000000.0
2025-04-30,红利策略,30000000.0,0.0,2,-131000000.0,-94000000.0
2025-04-30,海外指数,1300000.0,0.0,1,28600000.0,319800000.0
2025-04-30,新能源,-21500000.0,0.0,3,-308500000.0,-1090000000.0
2025-04-30,金融,-38500000.0,0.0,3,-315200000.0,-3646200000.0
2025-04-30,科技,-94000000.0,0.0,1,-182000000.0,-388000000.0
2025-04-30,消费,-151700000.0,0.0,3,-1001100000.0,-248900000.0
2025-04-30,宽基指数,-312500000.0,0.0,6,-964000000.0,30356900000.0
2025-04-30,未分类,-4297560657.999998,0.0,1103,-9835297929.999994,78296684030.0
2025-05-06,消费,322200000.0,0.0,3,-90200000.0,68500000.0
2025-05-06,宽基指数,165900000.0,0.0,6,-962900000.0,30266600000.0
2025-05-06,军工,118000000.0,0.0,1,294000000.0,1261000000.0
2025-05-06,海外指数,1300000.0,0.0,1,9100000.0,300300000.0
2025-05-06,红利策略,-46000000.0,0.0,2,-101000000.0,-117000000.0
2025-05-06,新能源,-130500000.0,0.0,3,-432500000.0,-1232500000.0
2025-05-06,金融,-167600000.0,0.0,3,-382200000.0,-3527700000.0
2025-05-06,科技,-172000000.0,0.0,1,-384000000.0,-636000000.0
2025-05-06,未分类,-3355113341.000001,0.0,1103,-15296932363.999996,69071533342.0
2025-05-07,军工,106000000.0,0.0,1,442000000.0,1172000000.0
2025-05-07,科技,106000000.0,0.0,1,-374000000.0,-602000000.0
2025-05-07,金融,40300000.0,0.0,3,-100700000.0,-3303800000.0
2025-05-07,海外指数,1300000.0,0.0,1,6500000.0,280800000.0
2025-05-07,新能源,-38000000.0,0.0,3,-350500000.0,-1215500000.0
2025-05-07,红利策略,-113000000.0,0.0,2,-202000000.0,-262000000.0
2025-05-07,消费,-268100000.0,0.0,3,-260900000.0,-285900000.0
2025-05-07,宽基指数,-1007700000.0,0.0,6,-1713700000.0,28375800000.0
2025-05-07,未分类,-2050116477.0,0.0,1104,-17256008231.999996,55427322237.00001
2025-05-08,科技,162000000.0,0.0,1,-94000000.0,-632000000.0
2025-05-08,军工,123000000.0,0.0,1,545000000.0,1081000000.0
2025-05-08,新能源,2000000.0,0.0,3,-213000000.0,-1395000000.0
2025-05-08,海外指数,1300000.0,0.0,1,6500000.0,261300000.0
2025-05-08,金融,-65100000.0,0.0,3,-114400000.0,-4218400000.0
2025-05-08,红利策略,-111000000.0,0.0,2,-229000000.0,-785500000.0
2025-05-08,消费,-151800000.0,0.0,3,-183200000.0,-324000000.0
2025-05-08,宽基指数,-167300000.0,0.0,6,-1292900000.0,17557300000.0
2025-05-08,未分类,-2550932333.0000005,0.0,1105,-16435380681.999996,22283235598.00001
2025-05-09,科技,458000000.0,0.0,1,460000000.0,-314000000.0
2025-05-09,新能源,30500000.0,0.0,3,-157500000.0,-1176000000.0
2025-05-09,金融,6700000.0,0.0,3,-224200000.0,-3617300000.0
2025-05-09,海外指数,1300000.0,0.0,1,6500000.0,241800000.0
2025-05-09,红利策略,-114500000.0,0.0,2,-354500000.0,-894500000.0
2025-05-09,军工,-263000000.0,0.0,1,207000000.0,508000000.0
2025-05-09,宽基指数,-364200000.0,0.0,6,-1685800000.0,4265200000.0
2025-05-09,消费,-397800000.0,0.0,3,-647200000.0,-565500000.0
2025-05-09,未分类,-1806190244.0,0.0,1108,-14059913052.999996,-11022360108.999998
2025-05-12,新能源,386000000.0,0.0,3,250000000.0,-722000000.0
2025-05-12,科技,176000000.0,0.0,1,730000000.0,458000000.0
2025-05-12,海外指数,1300000.0,0.0,1,6500000.0,222300000.0
2025-05-12,红利策略,-4500000.0,0.0,2,-389000000.0,-1051000000.0
2025-05-12,金融,-41600000.0,0.0,3,-227300000.0,-2932800000.0
2025-05-12,军工,-254000000.0,0.0,1,-170000000.0,97000000.0
2025-05-12,消费,-402800000.0,0.0,3,-898300000.0,-1866800000.0
2025-05-12,宽基指数,-603600000.0,0.0,6,-1976900000.0,1923500000.0
2025-05-12,未分类,-6177010282.0,0.0,1111,-15939362676.999998,-27884259200.0
2025-05-13,科技,120000000.0,0.0,1,1022000000.0,492000000.0
2025-05-13,海外指数,1300000.0,0.0,1,6500000.0,202800000.0
2025-05-13,军工,-232000000.0,0.0,1,-520000000.0,-415000000.0
2025-05-13,金融,-243700000.0,0.0,3,-303400000.0,-2643800000.0
2025-05-13,红利策略,-267500000.0,0.0,2,-610500000.0,-1172000000.0
2025-05-13,消费,-286900000.0,0.0,3,-1507400000.0,-2775800000.0
2025-05-13,新能源,-612500000.0,0.0,3,-232000000.0,-1063000000.0
2025-05-13,宽基指数,-1165800000.0,0.0,6,-3308600000.0,1931900000.0
2025-05-13,未分类,-11114590121.0,0.0,1113,-23698839456.999996,-40340743116.0
2025-05-14,宽基指数,233300000.0,0.0,6,-2067600000.0,2619900000.0
2025-05-14,科技,186000000.0,0.0,1,1102000000.0,1230000000.0
2025-05-14,新能源,22000000.0,0.0,3,-172000000.0,-960000000.0
2025-05-14,海外指数,1300000.0,0.0,1,6500000.0,183300000.0
2025-05-14,军工,-58000000.0,0.0,1,-684000000.0,-889000000.0
2025-05-14,红利策略,-182500000.0,0.0,2,-680000000.0,-1329000000.0
2025-05-14,金融,-267200000.0,0.0,3,-610900000.0,-2668500000.0
2025-05-14,消费,-487300000.0,0.0,3,-1726600000.0,-3665900000.0
2025-05-14,未分类,-2787639714.0,0.0,1114,-24436362693.999996,-39117985490.0
2025-05-15,科技,280000000.0,0.0,1,1220000000.0,1328000000.0
2025-05-15,军工,92000000.0,0.0,1,-715000000.0,-607000000.0
2025-05-15,新能源,5000000.0,0.0,3,-169000000.0,-882000000.0
2025-05-15,海外指数,1300000.0,0.0,1,6500000.0,163800000.0
2025-05-15,金融,-107700000.0,0.0,3,-653500000.0,-2896900000.0
2025-05-15,红利策略,-173000000.0,0.0,2,-742000000.0,-1412500000.0
2025-05-15,消费,-337800000.0,0.0,3,-1912600000.0,-4179100000.0
2025-05-15,宽基指数,-768100000.0,0.0,6,-2668400000.0,2984300000.0
2025-05-15,未分类,-3204516789.0,0.0,1117,-25089947149.999996,-38625666627.0
2025-05-16,科技,60000000.0,0.0,1,822000000.0,1176000000.0
2025-05-16,军工,42000000.0,0.0,1,-410000000.0,-586000000.0
2025-05-16,新能源,12000000.0,0.0,3,-187500000.0,-863500000.0
2025-05-16,海外指数,1300000.0,0.0,1,6500000.0,144300000.0
2025-05-16,消费,-6000000.0,0.0,3,-1520800000.0,-4323000000.0
2025-05-16,金融,-40000000.0,0.0,3,-700200000.0,-2816500000.0
2025-05-16,红利策略,-41500000.0,0.0,2,-669000000.0,-1442500000.0
2025-05-16,宽基指数,-764000000.0,0.0,6,-3068200000.0,1114300000.0
2025-05-16,未分类,-4788796892.0,0.0,1119,-28072553797.999996,-43837642181.0
2025-05-19,消费,258300000.0,0.0,3,-859700000.0,-3688900000.0
2025-05-19,军工,113000000.0,0.0,1,-43000000.0,-467000000.0
2025-05-19,科技,4000000.0,0.0,1,650000000.0,1174000000.0
2025-05-19,新能源,-7000000.0,0.0,3,-580500000.0,-848500000.0
2025-05-19,红利策略,-31000000.0,0.0,2,-695500000.0,-1399500000.0
2025-05-19,金融,-117900000.0,0.0,3,-776500000.0,-2583400000.0
2025-05-19,宽基指数,-542700000.0,0.0,6,-3007300000.0,-4282900000.0
2025-05-19,未分类,-1279370882.0,0.0,1101,-23174914397.999996,-51428278709.0
2025-05-20,军工,150000000.0,0.0,1,339000000.0,-180000000.0
2025-05-20,金融,140600000.0,0.0,3,-392200000.0,-2281400000.0
2025-05-20,新能源,108000000.0,0.0,3,140000000.0,-742000000.0
2025-05-20,宽基指数,100800000.0,0.0,6,-1740700000.0,-5427400000.0
2025-05-20,海外指数,2600000.0,0.0,1,7800000.0,126100000.0
2025-05-20,消费,-22000000.0,0.0,3,-594800000.0,-3745200000.0
2025-05-20,科技,-58000000.0,0.0,1,472000000.0,1306000000.0
2025-05-20,红利策略,-62500000.0,0.0,2,-490500000.0,-1443500000.0
2025-05-20,未分类,-5593791427.0,0.0,1120,-17654115703.999996,-54107192487.0
2025-05-21,军工,412000000.0,0.0,1,809000000.0,210000000.0
2025-05-21,科技,244000000.0,0.0,1,530000000.0,1426000000.0
2025-05-21,金融,143000000.0,0.0,3,18000000.0,-1811100000.0
2025-05-21,海外指数,1300000.0,0.0,1,7800000.0,106600000.0
2025-05-21,红利策略,-10000000.0,0.0,2,-318000000.0,-1424000000.0
2025-05-21,新能源,-30500000.0,0.0,3,87500000.0,-698500000.0
2025-05-21,消费,-186700000.0,0.0,3,-294200000.0,-4140700000.0
2025-05-21,宽基指数,-795000000.0,0.0,6,-2769000000.0,-7802600000.0
2025-05-21,未分类,-5674311526.0,0.0,1121,-20540787515.999996,-61173247414.0
2025-05-22,金融,157100000.0,0.0,3,282800000.0,-1316500000.0
2025-05-22,科技,140000000.0,0.0,1,390000000.0,1662000000.0
2025-05-22,新能源,43500000.0,0.0,3,126000000.0,-628500000.0
2025-05-22,消费,11900000.0,0.0,3,55500000.0,-4175100000.0
2025-05-22,海外指数,1300000.0,0.0,1,7800000.0,107900000.0
2025-05-22,军工,-19000000.0,0.0,1,698000000.0,330000000.0
2025-05-22,红利策略,-41500000.0,0.0,2,-186500000.0,-1477000000.0
2025-05-22,宽基指数,-237000000.0,0.0,6,-2237900000.0,-8208000000.0
2025-05-22,未分类,-2289022786.0,0.0,1122,-19625293512.999996,-60192720554.0
2025-05-23,金融,214900000.0,0.0,3,537700000.0,-722200000.0
2025-05-23,科技,192000000.0,0.0,1,522000000.0,1882000000.0
2025-05-23,军工,67000000.0,0.0,1,723000000.0,457000000.0
2025-05-23,消费,48600000.0,0.0,3,110100000.0,-3274100000.0
2025-05-23,新能源,18500000.0,0.0,3,132500000.0,-561500000.0
2025-05-23,海外指数,1300000.0,0.0,1,7800000.0,88400000.0
2025-05-23,红利策略,-23500000.0,0.0,2,-168500000.0,-1416500000.0
2025-05-23,宽基指数,-118700000.0,0.0,6,-1592600000.0,-7546800000.0
2025-05-23,未分类,-3641575259.0,0.0,1122,-18478071879.999996,-65742353500.0
2025-05-26,宽基指数,1084500000.0,0.0,6,34600000.0,-5913600000.0
2025-05-26,未分类,774732974.0,0.0,1122,-16423968023.999996,-65373543029.0
2025-05-26,金融,40100000.0,0.0,3,695700000.0,-623300000.0
2025-05-26,海外指数,0.0,0.0,1,6500000.0,67600000.0
2025-05-26,新能源,-15500000.0,0.0,3,124000000.0,-515000000.0
2025-05-26,红利策略,-16000000.0,0.0,2,-153500000.0,-1369000000.0
2025-05-26,消费,-34300000.0,0.0,3,-182500000.0,-2941600000.0
2025-05-26,军工,-45000000.0,0.0,1,565000000.0,648000000.0
2025-05-26,科技,-180000000.0,0.0,1,338000000.0,1536000000.0
2025-05-27,未分类,1392502741.0,0.0,1123,-9437673855.999996,-66087561381.0
2025-05-27,科技,400000000.0,0.0,1,796000000.0,1906000000.0
2025-05-27,宽基指数,384300000.0,0.0,6,318100000.0,-5694100000.0
2025-05-27,红利策略,25500000.0,0.0,2,-65500000.0,-1267500000.0
2025-05-27,新能源,21000000.0,0.0,3,37000000.0,-487500000.0
2025-05-27,海外指数,1300000.0,0.0,1,5200000.0,48100000.0
2025-05-27,金融,-28200000.0,0.0,3,526900000.0,-550900000.0
2025-05-27,军工,-56000000.0,0.0,1,359000000.0,472000000.0
2025-05-27,消费,-228400000.0,0.0,3,-388900000.0,-2581300000.0
2025-05-28,科技,148000000.0,0.0,1,700000000.0,1958000000.0
2025-05-28,金融,135000000.0,0.0,3,518900000.0,-174700000.0
2025-05-28,新能源,16500000.0,0.0,3,84000000.0,-351000000.0
2025-05-28,军工,3000000.0,0.0,1,-50000000.0,517000000.0
2025-05-28,海外指数,1300000.0,0.0,1,5200000.0,28600000.0
2025-05-28,红利策略,-500000.0,0.0,2,-56000000.0,-1256000000.0
2025-05-28,宽基指数,-125100000.0,0.0,6,988000000.0,-5562300000.0
2025-05-28,消费,-239400000.0,0.0,3,-441600000.0,-2723300000.0
2025-05-28,未分类,-1235904153.0,0.0,1126,-4999266482.999996,-67232424925.0
2025-05-29,宽基指数,833900000.0,0.0,6,2058900000.0,-4140300000.0
2025-05-29,金融,208800000.0,0.0,3,570600000.0,85500000.0
2025-05-29,消费,78000000.0,0.0,3,-375500000.0,-2415800000.0
2025-05-29,新能源,15000000.0,0.0,3,55500000.0,-200500000.0
2025-05-29,海外指数,1300000.0,0.0,1,5200000.0,26000000.0
2025-05-29,红利策略,-27000000.0,0.0,2,-41500000.0,-1199000000.0
2025-05-29,军工,-93000000.0,0.0,1,-124000000.0,404000000.0
2025-05-29,科技,-136000000.0,0.0,1,424000000.0,1940000000.0
2025-05-29,未分类,-517790919.0,0.0,1129,-3228034615.999996,-64378655961.0
2025-05-30,科技,166000000.0,0.0,1,398000000.0,2202000000.0
2025-05-30,军工,92000000.0,0.0,1,-99000000.0,421000000.0
2025-05-30,新能源,43000000.0,0.0,3,80000000.0,-132500000.0
2025-05-30,金融,35600000.0,0.0,3,391300000.0,4600000.0
2025-05-30,消费,29900000.0,0.0,3,-394200000.0,-2452100000.0
2025-05-30,海外指数,1300000.0,0.0,1,5200000.0,26000000.0
2025-05-30,红利策略,-17000000.0,0.0,2,-35000000.0,-1227000000.0
2025-05-30,宽基指数,-947900000.0,0.0,6,1229700000.0,-5116900000.0
2025-05-30,未分类,-3431509372.0,0.0,1130,-3017968728.999996,-63628507460.0
2025-06-03,宽基指数,292700000.0,0.0,6,437900000.0,-4511700000.0
2025-06-03,军工,180000000.0,0.0,1,126000000.0,478000000.0
2025-06-03,消费,155100000.0,0.0,3,-204800000.0,-2145300000.0
2025-06-03,新能源,57000000.0,0.0,3,152500000.0,-54000000.0
2025-06-03,海外指数,1300000.0,0.0,1,6500000.0,26000000.0
2025-06-03,红利策略,-34500000.0,0.0,2,-53500000.0,-1291500000.0
2025-06-03,金融,-103500000.0,0.0,3,247700000.0,-60400000.0
2025-06-03,科技,-208000000.0,0.0,1,370000000.0,2088000000.0
2025-06-03,未分类,-2962489858.0,0.0,1133,-6755191560.999996,-62293436660.0
2025-06-04,消费,43200000.0,0.0,3,66800000.0,-2424300000.0
2025-06-04,军工,30000000.0,0.0,1,212000000.0,390000000.0
2025-06-04,新能源,14500000.0,0.0,3,146000000.0,91000000.0
2025-06-04,海外指数,1300000.0,0.0,1,6500000.0,26000000.0
2025-06-04,科技,-16000000.0,0.0,1,-46000000.0,2244000000.0
2025-06-04,红利策略,-42000000.0,0.0,2,-121000000.0,-1287500000.0
2025-06-04,金融,-203900000.0,0.0,3,72000000.0,-96700000.0
2025-06-04,宽基指数,-294500000.0,0.0,6,-240900000.0,-4972100000.0
2025-06-04,未分类,-1756151781.0,0.0,1134,-9903846082.999996,-60694475100.0
2025-06-05,消费,288500000.0,0.0,3,594700000.0,-1867700000.0
2025-06-05,军工,111000000.0,0.0,1,320000000.0,395000000.0
2025-06-05,新能源,46000000.0,0.0,3,175500000.0,175000000.0
2025-06-05,红利策略,15500000.0,0.0,2,-105000000.0,-1159000000.0
2025-06-05,海外指数,1300000.0,0.0,1,6500000.0,26000000.0
2025-06-05,科技,-60000000.0,0.0,1,-254000000.0,2078000000.0
2025-06-05,金融,-414000000.0,0.0,3,-477000000.0,-551000000.0
2025-06-05,宽基指数,-452500000.0,0.0,6,-568300000.0,-4416900000.0
2025-06-05,未分类,-4005448850.0,0.0,1135,-12673390779.999996,-62649807473.0
2025-06-06,未分类,401067205.99999976,0.0,1138,-11754532654.999996,-59697807934.0
2025-06-06,消费,258400000.0,0.0,3,775100000.0,-1457500000.0
2025-06-06,军工,79000000.0,0.0,1,492000000.0,351000000.0
2025-06-06,新能源,24000000.0,0.0,3,184500000.0,197000000.0
2025-06-06,海外指数,1300000.0,0.0,1,6500000.0,26000000.0
2025-06-06,金融,-13600000.0,0.0,3,-699400000.0,-499500000.0
2025-06-06,科技,-44000000.0,0.0,1,-162000000.0,1872000000.0
2025-06-06,红利策略,-87500000.0,0.0,2,-165500000.0,-1135500000.0
2025-06-06,宽基指数,-303800000.0,0.0,6,-1706000000.0,-4553400000.0
2025-06-09,宽基指数,649200000.0,0.0,6,-108900000.0,-3540000000.0
2025-06-09,金融,158400000.0,0.0,3,-576600000.0,-347800000.0
2025-06-09,科技,154000000.0,0.0,1,-174000000.0,1568000000.0
2025-06-09,消费,141700000.0,0.0,3,886900000.0,-918000000.0
2025-06-09,海外指数,1300000.0,0.0,1,6500000.0,26000000.0
2025-06-09,新能源,-21500000.0,0.0,3,120000000.0,145000000.0
2025-06-09,红利策略,-42500000.0,0.0,2,-191000000.0,-1063500000.0
2025-06-09,军工,-120000000.0,0.0,1,280000000.0,494000000.0
2025-06-09,未分类,-3061109897.0,0.0,1140,-11384133179.999996,-60952727587.0
2025-06-10,科技,252000000.0,0.0,1,286000000.0,1644000000.0
2025-06-10,金融,199400000.0,0.0,3,-273700000.0,-106800000.0
2025-06-10,军工,163000000.0,0.0,1,263000000.0,911000000.0
2025-06-10,新能源,52000000.0,0.0,3,115000000.0,-189000000.0
2025-06-10,海外指数,1300000.0,0.0,1,6500000.0,26000000.0
2025-06-10,红利策略,-22500000.0,0.0,2,-179000000.0,-1081500000.0
2025-06-10,消费,-154300000.0,0.0,3,577500000.0,-669500000.0
2025-06-10,宽基指数,-1123100000.0,0.0,6,-1524700000.0,-4059500000.0
2025-06-10,未分类,-6185396933.000001,0.0,1140,-14607040254.999996,-60961114238.0
2025-06-11,科技,90000000.0,0.0,1,392000000.0,1614000000.0
2025-06-11,军工,51000000.0,0.0,1,284000000.0,1194000000.0
2025-06-11,宽基指数,28100000.0,0.0,6,-1202100000.0,-2865600000.0
2025-06-11,消费,16800000.0,0.0,3,551100000.0,-365800000.0
2025-06-11,海外指数,1300000.0,0.0,1,6500000.0,26000000.0
2025-06-11,新能源,-29500000.0,0.0,3,71000000.0,394000000.0
2025-06-11,红利策略,-50000000.0,0.0,2,-187000000.0,-864000000.0
2025-06-11,金融,-371500000.0,0.0,3,-441300000.0,-234600000.0
2025-06-11,未分类,-4315293506.0,0.0,1142,-17166181979.999996,-54161817623.0
2025-06-12,消费,738200000.0,0.0,3,1000800000.0,859700000.0
2025-06-12,科技,300000000.0,0.0,1,752000000.0,1728000000.0
2025-06-12,军工,25000000.0,0.0,1,198000000.0,1277000000.0
2025-06-12,新能源,3000000.0,0.0,3,28000000.0,375000000.0
2025-06-12,海外指数,1300000.0,0.0,1,6500000.0,26000000.0
2025-06-12,红利策略,-7000000.0,0.0,2,-209500000.0,-688500000.0
2025-06-12,金融,-58400000.0,0.0,3,-85700000.0,-25800000.0
2025-06-12,宽基指数,-642400000.0,0.0,6,-1392000000.0,-3741300000.0
2025-06-12,未分类,-4191911913.0,0.0,1142,-17352645042.999996,-55566089822.0
2025-06-13,未分类,1328232230.0,0.0,1143,-16425480018.999996,-51033340803.0
2025-06-13,消费,649100000.0,0.0,3,1391500000.0,1846600000.0
2025-06-13,军工,214000000.0,0.0,1,333000000.0,1399000000.0
2025-06-13,科技,110000000.0,0.0,1,906000000.0,1558000000.0
2025-06-13,新能源,28000000.0,0.0,3,32000000.0,398000000.0
2025-06-13,海外指数,1300000.0,0.0,1,6500000.0,26000000.0
2025-06-13,红利策略,-22000000.0,0.0,2,-144000000.0,-537500000.0
2025-06-13,金融,-42000000.0,0.0,3,-114100000.0,39900000.0
2025-06-13,宽基指数,-334400000.0,0.0,6,-1422600000.0,-3307600000.0
2025-06-16,未分类,2775559245.999999,0.0,1146,-10588810875.999998,-43468984665.0
2025-06-16,宽基指数,928800000.0,0.0,6,-1143000000.0,-1614800000.0
2025-06-16,金融,524100000.0,0.0,3,251600000.0,604000000.0
2025-06-16,消费,509000000.0,0.0,3,1758800000.0,2361600000.0
2025-06-16,军工,42000000.0,0.0,1,495000000.0,1399000000.0
2025-06-16,海外指数,1300000.0,0.0,1,6500000.0,26000000.0
2025-06-16,科技,-26000000.0,0.0,1,726000000.0,1472000000.0
2025-06-16,红利策略,-37000000.0,0.0,2,-138500000.0,-533000000.0
2025-06-16,新能源,-51500000.0,0.0,3,2000000.0,334500000.0
2025-06-17,未分类,3831755389.0,0.0,1147,-571658553.9999971,-38357858394.0
2025-06-17,金融,392800000.0,0.0,3,445000000.0,1114700000.0
2025-06-17,科技,232000000.0,0.0,1,706000000.0,1700000000.0
2025-06-17,消费,191300000.0,0.0,3,2104400000.0,2294600000.0
2025-06-17,军工,11000000.0,0.0,1,343000000.0,1297000000.0
2025-06-17,宽基指数,7000000.0,0.0,6,-12900000.0,-1065100000.0
2025-06-17,海外指数,1300000.0,0.0,1,6500000.0,26000000.0
2025-06-17,红利策略,-34000000.0,0.0,2,-150000000.0,-536000000.0
2025-06-17,新能源,-159500000.0,0.0,3,-209500000.0,182000000.0
2025-06-18,未分类,1404348210.0,0.0,1148,5147983162.000003,-31359718757.0
2025-06-18,金融,25800000.0,0.0,3,842300000.0,999900000.0
2025-06-18,海外指数,1300000.0,0.0,1,6500000.0,24700000.0
2025-06-18,新能源,-2500000.0,0.0,3,-182500000.0,71500000.0
2025-06-18,科技,-36000000.0,0.0,1,580000000.0,1722000000.0
2025-06-18,军工,-45000000.0,0.0,1,247000000.0,1102000000.0
2025-06-18,红利策略,-46500000.0,0.0,2,-146500000.0,-520000000.0
2025-06-18,宽基指数,-90300000.0,0.0,6,-131300000.0,-1256200000.0
2025-06-18,消费,-106800000.0,0.0,3,1980800000.0,2209800000.0
2025-06-19,未分类,5593474555.0,0.0,1149,14933369630.000004,-20091932676.0
2025-06-19,金融,851100000.0,0.0,3,1751800000.0,1708000000.0
2025-06-19,军工,246000000.0,0.0,1,468000000.0,936000000.0
2025-06-19,新能源,149500000.0,0.0,3,-36000000.0,251500000.0
2025-06-19,宽基指数,144400000.0,0.0,6,655500000.0,-316800000.0
2025-06-19,红利策略,29500000.0,0.0,2,-110000000.0,-480500000.0
2025-06-19,海外指数,0.0,0.0,1,5200000.0,23400000.0
2025-06-19,消费,-67400000.0,0.0,3,1175200000.0,2329100000.0
2025-06-19,科技,-172000000.0,0.0,1,108000000.0,1306000000.0
2025-06-20,未分类,4438491424.0,0.0,1149,18043628824.000004,-13364418466.000002
2025-06-20,军工,278000000.0,0.0,1,532000000.0,1233000000.0
2025-06-20,金融,168800000.0,0.0,3,1962600000.0,1719700000.0
2025-06-20,科技,140000000.0,0.0,1,138000000.0,1306000000.0
2025-06-20,海外指数,1300000.0,0.0,1,5200000.0,23400000.0
2025-06-20,新能源,-2500000.0,0.0,3,-66500000.0,205500000.0
2025-06-20,宽基指数,-13800000.0,0.0,6,976100000.0,-93600000.0
2025-06-20,红利策略,-95500000.0,0.0,2,-183500000.0,-534500000.0
2025-06-20,消费,-425400000.0,0.0,3,100700000.0,1891800000.0
2025-06-23,未分类,3292271469.0,0.0,1149,18560341047.000004,-6430571738.000002
2025-06-23,宽基指数,562900000.0,0.0,6,610200000.0,588000000.0
2025-06-23,消费,287000000.0,0.0,3,-121300000.0,2130200000.0
2025-06-23,金融,233500000.0,0.0,3,1672000000.0,1738300000.0
2025-06-23,新能源,7000000.0,0.0,3,-8000000.0,194000000.0
2025-06-23,海外指数,1300000.0,0.0,1,5200000.0,23400000.0
2025-06-23,科技,-18000000.0,0.0,1,146000000.0,1096000000.0
2025-06-23,军工,-31000000.0,0.0,1,459000000.0,1135000000.0
2025-06-23,红利策略,-79000000.0,0.0,2,-225500000.0,-590000000.0
2025-06-24,宽基指数,258600000.0,0.0,6,861800000.0,-237900000.0
2025-06-24,海外指数,1300000.0,0.0,1,5200000.0,24700000.0
2025-06-24,红利策略,-31500000.0,0.0,2,-223000000.0,-605500000.0
2025-06-24,军工,-96000000.0,0.0,1,352000000.0,1084000000.0
2025-06-24,科技,-114000000.0,0.0,1,-200000000.0,1162000000.0
2025-06-24,金融,-119600000.0,0.0,3,1159600000.0,1578600000.0
2025-06-24,消费,-136600000.0,0.0,3,-449200000.0,2027900000.0
2025-06-24,新能源,-144000000.0,0.0,3,7500000.0,65500000.0
2025-06-24,未分类,-692495474.0,0.0,1150,14036090184.000004,-7897800186.000002
2025-06-25,未分类,1319288969.0,0.0,1150,13951030943.000004,-7971013958.000002
2025-06-25,消费,336700000.0,0.0,3,-5700000.0,2593000000.0
2025-06-25,新能源,57500000.0,0.0,3,67500000.0,102000000.0
2025-06-25,海外指数,1300000.0,0.0,1,5200000.0,24700000.0
2025-06-25,红利策略,-77500000.0,0.0,2,-254000000.0,-708500000.0
2025-06-25,军工,-233000000.0,0.0,1,164000000.0,907000000.0
2025-06-25,科技,-306000000.0,0.0,1,-470000000.0,456000000.0
2025-06-25,宽基指数,-871300000.0,0.0,6,80800000.0,-1493500000.0
2025-06-25,金融,-1693600000.0,0.0,3,-559800000.0,-86800000.0
2025-06-26,科技,202000000.0,0.0,1,-96000000.0,510000000.0
2025-06-26,消费,106100000.0,0.0,3,167800000.0,2938500000.0
2025-06-26,新能源,5000000.0,0.0,3,-77000000.0,90500000.0
2025-06-26,海外指数,1300000.0,0.0,1,6500000.0,24700000.0
2025-06-26,红利策略,-59500000.0,0.0,2,-343000000.0,-767500000.0
2025-06-26,军工,-185000000.0,0.0,1,-267000000.0,719000000.0
2025-06-26,金融,-615500000.0,0.0,3,-2026400000.0,-837300000.0
2025-06-26,宽基指数,-657600000.0,0.0,6,-721200000.0,-2026000000.0
2025-06-26,未分类,-2175682382.9999995,0.0,1150,6181874005.000004,-8910792188.000002
2025-06-27,新能源,415000000.0,0.0,3,340500000.0,490500000.0
2025-06-27,消费,59000000.0,0.0,3,652200000.0,2919500000.0
2025-06-27,海外指数,1300000.0,0.0,1,6500000.0,24700000.0
2025-06-27,红利策略,-18000000.0,0.0,2,-265500000.0,-758500000.0
2025-06-27,科技,-108000000.0,0.0,1,-344000000.0,538000000.0
2025-06-27,军工,-197000000.0,0.0,1,-742000000.0,615000000.0
2025-06-27,金融,-371200000.0,0.0,3,-2566400000.0,-1417300000.0
2025-06-27,宽基指数,-693600000.0,0.0,6,-1401000000.0,-3553500000.0
2025-06-27,未分类,-2423797410.0,0.0,1152,-680414828.9999957,-10816798679.000002
2025-06-30,未分类,2734547947.000005,0.0,1152,-1238138350.999991,-4650741359.999996
2025-06-30,金融,824900000.0,0.0,3,-1975000000.0,-628000000.0
2025-06-30,新能源,300000000.0,0.0,3,633500000.0,747500000.0
2025-06-30,消费,145700000.0,0.0,3,510900000.0,3035300000.0
2025-06-30,海外指数,1300000.0,0.0,1,6500000.0,24700000.0
2025-06-30,科技,-30000000.0,0.0,1,-356000000.0,342000000.0
2025-06-30,红利策略,-44500000.0,0.0,2,-231000000.0,-786000000.0
2025-06-30,军工,-187000000.0,0.0,1,-898000000.0,336000000.0
2025-06-30,宽基指数,-1499100000.0,0.0,6,-3463000000.0,-4104700000.0
2025-07-01,新能源,659000000.0,0.0,3,1436500000.0,1349500000.0
2025-07-01,军工,215000000.0,0.0,1,-587000000.0,371000000.0
2025-07-01,金融,201900000.0,0.0,3,-1653500000.0,-322600000.0
2025-07-01,消费,68500000.0,0.0,3,716000000.0,2948700000.0
2025-07-01,海外指数,1300000.0,0.0,1,6500000.0,24700000.0
2025-07-01,科技,-10000000.0,0.0,1,-252000000.0,540000000.0
2025-07-01,红利策略,-79000000.0,0.0,2,-278500000.0,-830500000.0
2025-07-01,宽基指数,-1026000000.0,0.0,6,-4747600000.0,-5423400000.0
2025-07-01,未分类,-9063486535.000006,0.0,1157,-9609129411.999996,-10751738037.000002
2025-07-02,未分类,3312834629.0,0.0,1160,-7615583751.999996,-5682751627.000002
2025-07-02,新能源,703000000.0,0.0,3,2082000000.0,2038000000.0
2025-07-02,科技,498000000.0,0.0,1,552000000.0,1054000000.0
2025-07-02,金融,214300000.0,0.0,3,254400000.0,95600000.0
2025-07-02,军工,17000000.0,0.0,1,-337000000.0,358000000.0
2025-07-02,海外指数,1300000.0,0.0,1,6500000.0,24700000.0
2025-07-02,消费,-42400000.0,0.0,3,336900000.0,2863100000.0
2025-07-02,红利策略,-81000000.0,0.0,2,-282000000.0,-869500000.0
2025-07-02,宽基指数,-347900000.0,0.0,6,-4224200000.0,-5476800000.0
2025-07-03,金融,353800000.0,0.0,3,1223700000.0,863400000.0
2025-07-03,新能源,122000000.0,0.0,3,2199000000.0,2114000000.0
2025-07-03,未分类,104399446.00000012,0.0,1160,-5335501922.999996,-1572903331.000002
2025-07-03,消费,93500000.0,0.0,3,324300000.0,2668100000.0
2025-07-03,科技,66000000.0,0.0,1,416000000.0,1180000000.0
2025-07-03,海外指数,1300000.0,0.0,1,6500000.0,24700000.0
2025-07-03,红利策略,-34500000.0,0.0,2,-257000000.0,-919500000.0
2025-07-03,军工,-55000000.0,0.0,1,-207000000.0,192000000.0
2025-07-03,宽基指数,-655800000.0,0.0,6,-4222400000.0,-5680100000.0
2025-07-04,金融,6981239900.0,0.0,3,8576139900.0,7858239900.0
2025-07-04,未分类,2317041353.000001,0.0,1163,-594663159.9999957,343070815.9999993
2025-07-04,新能源,324000000.0,0.0,3,2108000000.0,2414000000.0
2025-07-04,军工,171000000.0,0.0,1,161000000.0,284000000.0
2025-07-04,科技,10000000.0,0.0,1,534000000.0,1234000000.0
2025-07-04,海外指数,0.0,0.0,1,5200000.0,23400000.0
2025-07-04,红利策略,-130000000.0,0.0,2,-369000000.0,-962000000.0
2025-07-04,消费,-151300000.0,0.0,3,114000000.0,2258400000.0
2025-07-04,宽基指数,-582200000.0,0.0,6,-4111000000.0,-5958500000.0
2025-07-07,未分类,1601363665.0,0.0,1165,-1727847442.0000005,5005544377.999999
2025-07-07,金融,233500000.0,0.0,3,7984739900.0,7933339900.0
2025-07-07,军工,64000000.0,0.0,1,412000000.0,468000000.0
2025-07-07,消费,26800000.0,0.0,3,-4900000.0,2143500000.0
2025-07-07,海外指数,1300000.0,0.0,1,5200000.0,23400000.0
2025-07-07,科技,-40000000.0,0.0,1,524000000.0,1040000000.0
2025-07-07,宽基指数,-51700000.0,0.0,6,-2663600000.0,-6659400000.0
2025-07-07,红利策略,-91500000.0,0.0,2,-416000000.0,-1011000000.0
2025-07-07,新能源,-147000000.0,0.0,3,1661000000.0,2288500000.0
2025-07-08,金融,569900000.0,0.0,3,8352739900.0,8303839900.0
2025-07-08,军工,357000000.0,0.0,1,554000000.0,662000000.0
2025-07-08,宽基指数,162900000.0,0.0,6,-1474700000.0,-5373400000.0
2025-07-08,消费,43200000.0,0.0,3,-30200000.0,2341000000.0
2025-07-08,红利策略,10500000.0,0.0,2,-326500000.0,-978000000.0
2025-07-08,海外指数,1300000.0,0.0,1,5200000.0,23400000.0
2025-07-08,科技,-102000000.0,0.0,1,432000000.0,686000000.0
2025-07-08,新能源,-115500000.0,0.0,3,886500000.0,2121000000.0
2025-07-08,未分类,-2809106531.0,0.0,1166,4526532562.000006,8381834780.0
2025-07-09,科技,338000000.0,0.0,1,272000000.0,934000000.0
2025-07-09,金融,259700000.0,0.0,3,8398139900.0,8935039900.0
2025-07-09,消费,201100000.0,0.0,3,213300000.0,2525300000.0
2025-07-09,新能源,88500000.0,0.0,3,272000000.0,2239000000.0
2025-07-09,军工,71000000.0,0.0,1,608000000.0,682000000.0
2025-07-09,海外指数,1300000.0,0.0,1,5200000.0,23400000.0
2025-07-09,红利策略,-55500000.0,0.0,2,-301000000.0,-983500000.0
2025-07-09,宽基指数,-446000000.0,0.0,6,-1572800000.0,-5847500000.0
2025-07-09,未分类,-2155941638.0,0.0,1168,-942243704.9999943,10541186648.0
2025-07-10,消费,714900000.0,0.0,3,834700000.0,2502000000.0
2025-07-10,新能源,424500000.0,0.0,3,574500000.0,2660500000.0
2025-07-10,科技,372000000.0,0.0,1,578000000.0,1006000000.0
2025-07-10,军工,176000000.0,0.0,1,839000000.0,833000000.0
2025-07-10,红利策略,60000000.0,0.0,2,-206500000.0,-916500000.0
2025-07-10,海外指数,1300000.0,0.0,1,5200000.0,23400000.0
2025-07-10,金融,-21100000.0,0.0,3,8023239900.0,8972339900.0
2025-07-10,宽基指数,-146400000.0,0.0,6,-1063400000.0,-5351500000.0
2025-07-10,未分类,-251078386.00000042,0.0,1168,-1297721536.9999948,14482020175.0
2025-07-11,未分类,5249964028.999999,0.0,1168,1635201139.0000033,18403751974.0
2025-07-11,宽基指数,706600000.0,0.0,6,225400000.0,-4310500000.0
2025-07-11,新能源,400500000.0,0.0,3,651000000.0,3033000000.0
2025-07-11,红利策略,69500000.0,0.0,2,-7000000.0,-825000000.0
2025-07-11,军工,63000000.0,0.0,1,731000000.0,682000000.0
2025-07-11,消费,31700000.0,0.0,3,1017700000.0,1884600000.0
2025-07-11,海外指数,1300000.0,0.0,1,6500000.0,23400000.0
2025-07-11,科技,-18000000.0,0.0,1,550000000.0,878000000.0
2025-07-11,金融,-213400000.0,0.0,3,828600000.0,8800939900.0
2025-07-14,消费,711700000.0,0.0,3,1702600000.0,2087300000.0
2025-07-14,金融,536100000.0,0.0,3,1131200000.0,8812939900.0
2025-07-14,科技,392000000.0,0.0,1,982000000.0,1296000000.0
2025-07-14,新能源,329000000.0,0.0,3,1127000000.0,3413500000.0
2025-07-14,未分类,212435415.99999982,0.0,1169,246272890.00000316,15840628143.999998
2025-07-14,军工,51000000.0,0.0,1,718000000.0,691000000.0
2025-07-14,海外指数,0.0,0.0,1,5200000.0,22100000.0
2025-07-14,红利策略,-70500000.0,0.0,2,14000000.0,-858500000.0
2025-07-14,宽基指数,-549400000.0,0.0,6,-272300000.0,-5788700000.0
2025-07-15,科技,526000000.0,0.0,1,1610000000.0,1590000000.0
2025-07-15,消费,477400000.0,0.0,3,2136800000.0,2373400000.0
2025-07-15,金融,456600000.0,0.0,3,1017900000.0,8876739900.0
2025-07-15,军工,108000000.0,0.0,1,469000000.0,788000000.0
2025-07-15,红利策略,44000000.0,0.0,2,47500000.0,-780500000.0
2025-07-15,新能源,-63500000.0,0.0,3,1179000000.0,3509500000.0
2025-07-15,海外指数,-126100000.0,0.0,1,-122200000.0,-105300000.0
2025-07-15,宽基指数,-1286200000.0,0.0,6,-1721400000.0,-7081900000.0
2025-07-15,未分类,-1808530305.0,0.0,1169,1246849116.0000033,10200342450.0
2025-07-16,金融,748800000.0,0.0,3,1507000000.0,9599739900.0
2025-07-16,军工,139000000.0,0.0,1,537000000.0,972000000.0
2025-07-16,新能源,124500000.0,0.0,3,1215000000.0,3636500000.0
2025-07-16,科技,38000000.0,0.0,1,1310000000.0,1664000000.0
2025-07-16,海外指数,0.0,0.0,1,-123500000.0,-106600000.0
2025-07-16,红利策略,-46500000.0,0.0,2,56500000.0,-780500000.0
2025-07-16,宽基指数,-179200000.0,0.0,6,-1454600000.0,-7170800000.0
2025-07-16,消费,-380500000.0,0.0,3,1555200000.0,2099700000.0
2025-07-16,未分类,-1577957148.0000002,0.0,1173,1824833606.000003,7218037092.0
2025-07-17,金融,811800000.0,0.0,3,2339900000.0,9560439900.0
2025-07-17,新能源,462000000.0,0.0,3,1252500000.0,3949000000.0
2025-07-17,科技,252000000.0,0.0,1,1190000000.0,2088000000.0
2025-07-17,消费,85300000.0,0.0,3,925600000.0,2252400000.0
2025-07-17,红利策略,26500000.0,0.0,2,23000000.0,-783500000.0
2025-07-17,军工,2000000.0,0.0,1,363000000.0,728000000.0
2025-07-17,海外指数,-9100000.0,0.0,1,-133900000.0,-115700000.0
2025-07-17,宽基指数,-321900000.0,0.0,6,-1630100000.0,-7637100000.0
2025-07-17,未分类,-2098910066.0,0.0,1179,-22998073.999996424,-474347529.0000005
2025-07-18,金融,296300000.0,0.0,3,2849600000.0,9687939900.0
2025-07-18,科技,200000000.0,0.0,1,1408000000.0,2148000000.0
2025-07-18,红利策略,45500000.0,0.0,2,-1000000.0,-642500000.0
2025-07-18,新能源,38000000.0,0.0,3,890000000.0,3989500000.0
2025-07-18,海外指数,1300000.0,0.0,1,-133900000.0,-115700000.0
2025-07-18,军工,-2000000.0,0.0,1,298000000.0,448000000.0
2025-07-18,宽基指数,-219900000.0,0.0,6,-2556600000.0,-7843200000.0
2025-07-18,消费,-432700000.0,0.0,3,461200000.0,2245100000.0
2025-07-18,未分类,-3479405876.0,0.0,1181,-8752367978.999996,-8392244829.0
2025-07-21,未分类,2973906704.000001,0.0,1181,-5990896690.999994,-8710609594.0
2025-07-21,消费,218000000.0,0.0,3,-32500000.0,2176100000.0
2025-07-21,科技,58000000.0,0.0,1,1074000000.0,2224000000.0
2025-07-21,金融,22300000.0,0.0,3,2335800000.0,9476739900.0
2025-07-21,海外指数,6500000.0,0.0,1,-127400000.0,-110500000.0
2025-07-21,新能源,-5000000.0,0.0,3,556000000.0,3977500000.0
2025-07-21,红利策略,-9500000.0,0.0,2,60000000.0,-573000000.0
2025-07-21,宽基指数,-60600000.0,0.0,6,-2067800000.0,-8466700000.0
2025-07-21,军工,-168000000.0,0.0,1,79000000.0,311000000.0
2025-07-22,未分类,2918835771.0,0.0,1181,-1263530614.9999943,-5099278348.999999
2025-07-22,金融,1306000000.0,0.0,3,3185200000.0,10902339900.0
2025-07-22,新能源,624500000.0,0.0,3,1244000000.0,4746000000.0
2025-07-22,科技,194000000.0,0.0,1,742000000.0,2532000000.0
2025-07-22,海外指数,1300000.0,0.0,1,0.0,-110500000.0
2025-07-22,军工,-133000000.0,0.0,1,-162000000.0,274000000.0
2025-07-22,红利策略,-144500000.0,0.0,2,-128500000.0,-686000000.0
2025-07-22,宽基指数,-325600000.0,0.0,6,-1107200000.0,-9050900000.0
2025-07-22,消费,-636300000.0,0.0,3,-1146200000.0,1676400000.0
2025-07-23,未分类,235036232.0,0.0,1185,549462765.0000062,-6183531085.999999
2025-07-23,新能源,61000000.0,0.0,3,1180500000.0,4749500000.0
2025-07-23,红利策略,16500000.0,0.0,2,-65500000.0,-592000000.0
2025-07-23,消费,13800000.0,0.0,3,-751900000.0,1353500000.0
2025-07-23,海外指数,3900000.0,0.0,1,3900000.0,-107900000.0
2025-07-23,军工,-10000000.0,0.0,1,-311000000.0,497000000.0
2025-07-23,宽基指数,-73500000.0,0.0,6,-1001500000.0,-8253100000.0
2025-07-23,科技,-176000000.0,0.0,1,528000000.0,2662000000.0
2025-07-23,金融,-767500000.0,0.0,3,1668900000.0,11828439900.0
2025-07-24,宽基指数,375800000.0,0.0,6,-303800000.0,-7219700000.0
2025-07-24,消费,109400000.0,0.0,3,-727800000.0,1356800000.0
2025-07-24,红利策略,66000000.0,0.0,2,-26000000.0,-466500000.0
2025-07-24,金融,57000000.0,0.0,3,914100000.0,12500939900.0
2025-07-24,海外指数,2600000.0,0.0,1,15600000.0,-106600000.0
2025-07-24,科技,-110000000.0,0.0,1,166000000.0,2350000000.0
2025-07-24,军工,-195000000.0,0.0,1,-508000000.0,487000000.0
2025-07-24,新能源,-215500000.0,0.0,3,503000000.0,4529000000.0
2025-07-24,未分类,-2707501650.0,0.0,1185,-59128818.9999938,-6715350353.0
2025-07-25,消费,177500000.0,0.0,3,-117600000.0,1475300000.0
2025-07-25,海外指数,1300000.0,0.0,1,15600000.0,-106600000.0
2025-07-25,军工,-29000000.0,0.0,1,-535000000.0,655000000.0
2025-07-25,新能源,-73500000.0,0.0,3,391500000.0,4040500000.0
2025-07-25,红利策略,-90000000.0,0.0,2,-161500000.0,-538500000.0
2025-07-25,科技,-168000000.0,0.0,1,-202000000.0,2290000000.0
2025-07-25,宽基指数,-241700000.0,0.0,6,-325600000.0,-6767800000.0
2025-07-25,金融,-487100000.0,0.0,3,130700000.0,12385039900.0
2025-07-25,未分类,-662273495.9999998,0.0,1190,2758003561.0000067,-4953826438.999999
2025-07-28,消费,635200000.0,0.0,3,299600000.0,1964800000.0
2025-07-28,未分类,123484394.9999981,0.0,1191,-92418747.99999642,-7564889991.000006
2025-07-28,红利策略,30500000.0,0.0,2,-121500000.0,-463500000.0
2025-07-28,海外指数,1300000.0,0.0,1,10400000.0,-106600000.0
2025-07-28,军工,-80000000.0,0.0,1,-447000000.0,762000000.0
2025-07-28,科技,-122000000.0,0.0,1,-382000000.0,2198000000.0
2025-07-28,新能源,-295000000.0,0.0,3,101500000.0,3445500000.0
2025-07-28,金融,-420200000.0,0.0,3,-311800000.0,11139939900.0
2025-07-28,宽基指数,-806100000.0,0.0,6,-1071100000.0,-6074800000.0
2025-07-29,消费,405000000.0,0.0,3,1340900000.0,2301300000.0
2025-07-29,红利策略,103500000.0,0.0,2,126500000.0,-281000000.0
2025-07-29,军工,100000000.0,0.0,1,-214000000.0,647000000.0
2025-07-29,金融,82900000.0,0.0,3,-1534900000.0,11020939900.0
2025-07-29,海外指数,6500000.0,0.0,1,15600000.0,-101400000.0
2025-07-29,新能源,-208000000.0,0.0,3,-731000000.0,2578500000.0
2025-07-29,科技,-578000000.0,0.0,1,-1154000000.0,1630000000.0
2025-07-29,宽基指数,-716400000.0,0.0,6,-1461900000.0,-5765200000.0
2025-07-29,未分类,-1174048375.0,0.0,1191,-4185302893.999996,324548168.99999976
2025-07-30,未分类,6461406548.0,0.0,1191,2041067422.0000038,3473120088.0
2025-07-30,消费,698700000.0,0.0,3,2025800000.0,3042400000.0
2025-07-30,金融,311400000.0,0.0,3,-456000000.0,11118039900.0
2025-07-30,宽基指数,166600000.0,0.0,6,-1221800000.0,-5250700000.0
2025-07-30,军工,88000000.0,0.0,1,-116000000.0,718000000.0
2025-07-30,红利策略,50500000.0,0.0,2,160500000.0,-149500000.0
2025-07-30,海外指数,1300000.0,0.0,1,13000000.0,-101400000.0
2025-07-30,新能源,-113000000.0,0.0,3,-905000000.0,1762500000.0
2025-07-30,科技,-402000000.0,0.0,1,-1380000000.0,730000000.0
2025-07-31,消费,1273000000.0,0.0,3,3189400000.0,4221900000.0
2025-07-31,金融,116300000.0,0.0,3,-396700000.0,10880539900.0
2025-07-31,红利策略,105000000.0,0.0,2,199500000.0,-10000000.0
2025-07-31,海外指数,5200000.0,0.0,1,15600000.0,-97500000.0
2025-07-31,军工,-261000000.0,0.0,1,-182000000.0,512000000.0
2025-07-31,科技,-446000000.0,0.0,1,-1716000000.0,218000000.0
2025-07-31,宽基指数,-986500000.0,0.0,6,-2584100000.0,-5581400000.0
2025-07-31,新能源,-1276000000.0,0.0,3,-1965500000.0,364500000.0
2025-07-31,未分类,-4976747317.0,0.0,1194,-228178244.9999962,-1608026675.0
2025-08-01,金融,21651017700.0,0.0,3,21741417700.0,25550317700.0
2025-08-01,消费,586100000.0,0.0,3,3598000000.0,4959300000.0
2025-08-01,军工,68000000.0,0.0,1,-85000000.0,409000000.0
2025-08-01,红利策略,47000000.0,0.0,2,336500000.0,167000000.0
2025-08-01,海外指数,3900000.0,0.0,1,18200000.0,-93600000.0
2025-08-01,未分类,-34991957.00000006,0.0,1199,399103294.0000035,-3960059985.000001
2025-08-01,宽基指数,-38900000.0,0.0,6,-2381300000.0,-5038100000.0
2025-08-01,科技,-64000000.0,0.0,1,-1612000000.0,144000000.0
2025-08-01,新能源,-563500000.0,0.0,3,-2455500000.0,-523000000.0
2025-08-04,金融,952200000.0,0.0,3,23113817700.0,26269017700.0
2025-08-04,未分类,298672714.0,0.0,1199,574291613.0000055,-5262750936.000001
2025-08-04,消费,276700000.0,0.0,3,3239500000.0,5209200000.0
2025-08-04,新能源,104500000.0,0.0,3,-2056000000.0,-271500000.0
2025-08-04,宽基指数,63200000.0,0.0,6,-1512000000.0,-4923200000.0
2025-08-04,海外指数,2600000.0,0.0,1,19500000.0,-92300000.0
2025-08-04,红利策略,-20000000.0,0.0,2,286000000.0,238500000.0
2025-08-04,军工,-280000000.0,0.0,1,-285000000.0,65000000.0
2025-08-04,科技,-324000000.0,0.0,1,-1814000000.0,-140000000.0
2025-08-05,未分类,2175099436.0,0.0,1201,3923439424.0000057,-278544969.00000095
2025-08-05,金融,417200000.0,0.0,3,23448117700.0,26116317700.0
2025-08-05,新能源,136000000.0,0.0,3,-1712000000.0,-20000000.0
2025-08-05,消费,12400000.0,0.0,3,2846900000.0,5178400000.0
2025-08-05,海外指数,6500000.0,0.0,1,19500000.0,-87100000.0
2025-08-05,军工,-42000000.0,0.0,1,-427000000.0,-334000000.0
2025-08-05,红利策略,-47000000.0,0.0,2,135500000.0,181000000.0
2025-08-05,科技,-64000000.0,0.0,1,-1300000000.0,-102000000.0
2025-08-05,宽基指数,-488500000.0,0.0,6,-1284100000.0,-5574600000.0
2025-08-06,未分类,4628130584.0,0.0,1201,2090163460.0000057,6505527252.999999
2025-08-06,金融,693800000.0,0.0,3,23830517700.0,26550417700.0
2025-08-06,消费,223400000.0,0.0,3,2371600000.0,5200700000.0
2025-08-06,新能源,161000000.0,0.0,3,-1438000000.0,52500000.0
2025-08-06,宽基指数,125200000.0,0.0,6,-1325500000.0,-5003400000.0
2025-08-06,海外指数,6500000.0,0.0,1,24700000.0,-81900000.0
2025-08-06,红利策略,-25000000.0,0.0,2,60000000.0,211500000.0
2025-08-06,科技,-38000000.0,0.0,1,-936000000.0,-478000000.0
2025-08-06,军工,-389000000.0,0.0,1,-904000000.0,-794000000.0
2025-08-07,金融,200600000.0,0.0,3,23914817700.0,26772117700.0
2025-08-07,军工,167000000.0,0.0,1,-476000000.0,-803000000.0
2025-08-07,消费,130400000.0,0.0,3,1229000000.0,4616200000.0
2025-08-07,新能源,26500000.0,0.0,3,-135500000.0,-345500000.0
2025-08-07,海外指数,6500000.0,0.0,1,26000000.0,-76700000.0
2025-08-07,红利策略,-23000000.0,0.0,2,-68000000.0,128500000.0
2025-08-07,未分类,-177870630.0,0.0,1203,6889040147.000006,6578735008.999999
2025-08-07,宽基指数,-348700000.0,0.0,6,-687700000.0,-5205700000.0
2025-08-07,科技,-408000000.0,0.0,1,-898000000.0,-1258000000.0
2025-08-08,未分类,7369961311.0,0.0,1205,14293993415.000006,8698732291.0
2025-08-08,科技,248000000.0,0.0,1,-586000000.0,-992000000.0
2025-08-08,军工,11000000.0,0.0,1,-533000000.0,-855000000.0
2025-08-08,海外指数,6500000.0,0.0,1,28600000.0,-71500000.0
2025-08-08,红利策略,-27500000.0,0.0,2,-142500000.0,31500000.0
2025-08-08,金融,-77400000.0,0.0,3,2186400000.0,26908117700.0
2025-08-08,新能源,-254500000.0,0.0,3,173500000.0,-1000500000.0
2025-08-08,宽基指数,-447300000.0,0.0,6,-1096100000.0,-6359600000.0
2025-08-08,消费,-508400000.0,0.0,3,134500000.0,4076100000.0
2025-08-11,未分类,1533141707.0,0.0,1207,15528462408.000006,10019438582.0
2025-08-11,宽基指数,689500000.0,0.0,6,-469800000.0,-5120700000.0
2025-08-11,金融,406600000.0,0.0,3,1640800000.0,26778617700.0
2025-08-11,海外指数,6500000.0,0.0,1,32500000.0,-65000000.0
2025-08-11,军工,-31000000.0,0.0,1,-284000000.0,-937000000.0
2025-08-11,红利策略,-66000000.0,0.0,2,-188500000.0,36000000.0
2025-08-11,新能源,-163500000.0,0.0,3,-94500000.0,-1493000000.0
2025-08-11,科技,-220000000.0,0.0,1,-482000000.0,-1604000000.0
2025-08-11,消费,-445300000.0,0.0,3,-587500000.0,2919100000.0
2025-08-12,未分类,819249575.0,0.0,1207,14172612547.000006,12647218462.0
2025-08-12,金融,365400000.0,0.0,3,1589000000.0,26687417700.0
2025-08-12,新能源,62500000.0,0.0,3,-168000000.0,-1367000000.0
2025-08-12,海外指数,6500000.0,0.0,1,32500000.0,67600000.0
2025-08-12,军工,-39000000.0,0.0,1,-281000000.0,-1084000000.0
2025-08-12,红利策略,-61500000.0,0.0,2,-203000000.0,-69500000.0
2025-08-12,宽基指数,-308500000.0,0.0,6,-289800000.0,-4143000000.0
2025-08-12,消费,-510000000.0,0.0,3,-1109900000.0,1931700000.0
2025-08-12,科技,-726000000.0,0.0,1,-1144000000.0,-2856000000.0
2025-08-13,消费,1476000000.0,0.0,3,142700000.0,3788200000.0
2025-08-13,宽基指数,73200000.0,0.0,6,-341800000.0,-3890600000.0
2025-08-13,海外指数,6500000.0,0.0,1,32500000.0,74100000.0
2025-08-13,红利策略,-3500000.0,0.0,2,-181500000.0,-26500000.0
2025-08-13,新能源,-126500000.0,0.0,3,-455500000.0,-1618000000.0
2025-08-13,金融,-133800000.0,0.0,3,761400000.0,25804817700.0
2025-08-13,科技,-414000000.0,0.0,1,-1520000000.0,-3308000000.0
2025-08-13,军工,-500000000.0,0.0,1,-392000000.0,-1723000000.0
2025-08-13,未分类,-4534744688.0,0.0,1209,5009737275.000006,9690430922.0
2025-08-14,消费,578800000.0,0.0,3,591100000.0,4281700000.0
2025-08-14,红利策略,53000000.0,0.0,2,-105500000.0,0.0
2025-08-14,海外指数,6500000.0,0.0,1,32500000.0,89700000.0
2025-08-14,新能源,-151000000.0,0.0,3,-633000000.0,-2231000000.0
2025-08-14,军工,-370000000.0,0.0,1,-929000000.0,-2095000000.0
2025-08-14,宽基指数,-735500000.0,0.0,6,-728600000.0,-4304200000.0
2025-08-14,科技,-764000000.0,0.0,1,-1876000000.0,-4324000000.0
2025-08-14,金融,-1149600000.0,0.0,3,-588800000.0,23843417700.0
2025-08-14,未分类,-8501768004.999998,0.0,1209,-3314160099.9999924,3287572983.000002
2025-08-15,未分类,5154740776.0,0.0,1210,-5529380634.999992,11921719635.000002
2025-08-15,宽基指数,1561900000.0,0.0,6,1280600000.0,-2522400000.0
2025-08-15,消费,844800000.0,0.0,3,1944300000.0,5559200000.0
2025-08-15,红利策略,21000000.0,0.0,2,-57000000.0,-24500000.0
2025-08-15,海外指数,6500000.0,0.0,1,32500000.0,94900000.0
2025-08-15,科技,-184000000.0,0.0,1,-2308000000.0,-4708000000.0
2025-08-15,军工,-186000000.0,0.0,1,-1126000000.0,-2279000000.0
2025-08-15,新能源,-339000000.0,0.0,3,-717500000.0,-2608000000.0
2025-08-15,金融,-1034800000.0,0.0,3,-1546200000.0,22512317700.0
2025-08-18,金融,2330200000.0,0.0,3,377400000.0,24820217700.0
2025-08-18,宽基指数,549400000.0,0.0,6,1140500000.0,-1912400000.0
2025-08-18,新能源,534000000.0,0.0,3,-20000000.0,-2069000000.0
2025-08-18,消费,457900000.0,0.0,3,2847500000.0,5799100000.0
2025-08-18,军工,127000000.0,0.0,1,-968000000.0,-1984000000.0
2025-08-18,红利策略,38500000.0,0.0,2,47500000.0,23500000.0
2025-08-18,海外指数,6500000.0,0.0,1,32500000.0,94900000.0
2025-08-18,科技,-190000000.0,0.0,1,-2278000000.0,-4956000000.0
2025-08-18,未分类,-2307495919.0,0.0,1212,-9370018260.999992,6640317012.000002
2025-08-19,未分类,8820461368.0,0.0,1214,-1368806467.9999924,12541942609.000002
2025-08-19,金融,727200000.0,0.0,3,739200000.0,24241417700.0
2025-08-19,军工,135000000.0,0.0,1,-794000000.0,-1716000000.0
2025-08-19,红利策略,34500000.0,0.0,2,143500000.0,202500000.0
2025-08-19,新能源,27500000.0,0.0,3,-55000000.0,-2666000000.0
2025-08-19,海外指数,6500000.0,0.0,1,32500000.0,100100000.0
2025-08-19,科技,-30000000.0,0.0,1,-1582000000.0,-5180000000.0
2025-08-19,宽基指数,-79900000.0,0.0,6,1369100000.0,-1666700000.0
2025-08-19,消费,-691400000.0,0.0,3,2666100000.0,5744000000.0
2025-08-20,金融,589600000.0,0.0,3,1462600000.0,25598517700.0
2025-08-20,新能源,375000000.0,0.0,3,446500000.0,-2352000000.0
2025-08-20,海外指数,6500000.0,0.0,1,32500000.0,102700000.0
2025-08-20,红利策略,-63500000.0,0.0,2,83500000.0,122500000.0
2025-08-20,宽基指数,-143400000.0,0.0,6,1152500000.0,-1736600000.0
2025-08-20,军工,-213000000.0,0.0,1,-507000000.0,-1919000000.0
2025-08-20,未分类,-312571721.9999993,0.0,1217,2853366498.0000086,11994334655.000002
2025-08-20,科技,-352000000.0,0.0,1,-1520000000.0,-5356000000.0
2025-08-20,消费,-510300000.0,0.0,3,679800000.0,5219900000.0
2025-08-21,未分类,6732312519.0,0.0,1216,18087447022.000008,21434148824.000004
2025-08-21,金融,1122000000.0,0.0,3,3734200000.0,26663517700.0
2025-08-21,消费,884100000.0,0.0,3,985100000.0,5994600000.0
2025-08-21,新能源,562000000.0,0.0,3,1159500000.0,-1574500000.0
2025-08-21,红利策略,8500000.0,0.0,2,39000000.0,65000000.0
2025-08-21,海外指数,6500000.0,0.0,1,32500000.0,106600000.0
2025-08-21,宽基指数,-68500000.0,0.0,6,1819500000.0,-2180900000.0
2025-08-21,科技,-126000000.0,0.0,1,-882000000.0,-5372000000.0
2025-08-21,军工,-300000000.0,0.0,1,-437000000.0,-2024000000.0
2025-08-22,宽基指数,1770400000.0,0.0,6,2028000000.0,-168800000.0
2025-08-22,消费,1259300000.0,0.0,3,1399600000.0,7076400000.0
2025-08-22,金融,669800000.0,0.0,3,5438800000.0,27820417700.0
2025-08-22,新能源,355500000.0,0.0,3,1854000000.0,-1145500000.0
2025-08-22,红利策略,123500000.0,0.0,2,141500000.0,278500000.0
2025-08-22,海外指数,6500000.0,0.0,1,32500000.0,111800000.0
2025-08-22,军工,-101000000.0,0.0,1,-352000000.0,-2096000000.0
2025-08-22,科技,-950000000.0,0.0,1,-1648000000.0,-6154000000.0
2025-08-22,未分类,-3470537411.0,0.0,1216,9462168835.000008,18625884909.000004
2025-08-25,未分类,10447441564.0,0.0,1217,22217106318.000008,28949842078.000004
2025-08-25,金融,3008400000.0,0.0,3,6117000000.0,31249017700.0
2025-08-25,消费,1933700000.0,0.0,3,2875400000.0,8374900000.0
2025-08-25,新能源,46000000.0,0.0,3,1366000000.0,-804500000.0
2025-08-25,海外指数,6500000.0,0.0,1,32500000.0,117000000.0
2025-08-25,红利策略,-27000000.0,0.0,2,76000000.0,221000000.0
2025-08-25,科技,-40000000.0,0.0,1,-1498000000.0,-6072000000.0
2025-08-25,军工,-73000000.0,0.0,1,-552000000.0,-2089000000.0
2025-08-25,宽基指数,-168200000.0,0.0,6,1310400000.0,469100000.0
2025-08-26,未分类,11584093905.0,0.0,1218,24980738855.000008,41707984358.0
2025-08-26,消费,1800500000.0,0.0,3,5367300000.0,9770400000.0
2025-08-26,金融,776400000.0,0.0,3,6166200000.0,31942517700.0
2025-08-26,宽基指数,308400000.0,0.0,6,1698700000.0,1493900000.0
2025-08-26,新能源,236500000.0,0.0,3,1575000000.0,-360000000.0
2025-08-26,海外指数,6500000.0,0.0,1,32500000.0,117000000.0
2025-08-26,红利策略,-52500000.0,0.0,2,-11000000.0,65000000.0
2025-08-26,军工,-152000000.0,0.0,1,-839000000.0,-2341000000.0
2025-08-26,科技,-394000000.0,0.0,1,-1862000000.0,-5888000000.0
2025-08-27,未分类,2036393008.0,0.0,1220,27329703585.000008,37282970818.0
2025-08-27,消费,1977300000.0,0.0,3,7854900000.0,11049000000.0
2025-08-27,金融,236000000.0,0.0,3,5812600000.0,31867117700.0
2025-08-27,红利策略,59000000.0,0.0,2,111500000.0,73500000.0
2025-08-27,海外指数,6500000.0,0.0,1,32500000.0,122200000.0
2025-08-27,新能源,-159500000.0,0.0,3,1040500000.0,-406500000.0
2025-08-27,军工,-251000000.0,0.0,1,-877000000.0,-2680000000.0
2025-08-27,科技,-510000000.0,0.0,1,-2020000000.0,-5996000000.0
2025-08-27,宽基指数,-1214100000.0,0.0,6,628000000.0,113200000.0
2025-08-28,未分类,1535152760.999999,0.0,1221,22132543827.000008,43794870896.0
2025-08-28,金融,476400000.0,0.0,3,5167000000.0,32227217700.0
2025-08-28,红利策略,112500000.0,0.0,2,215500000.0,81000000.0
2025-08-28,军工,56000000.0,0.0,1,-521000000.0,-2363000000.0
2025-08-28,海外指数,6500000.0,0.0,1,32500000.0,123500000.0
2025-08-28,新能源,-215500000.0,0.0,3,263000000.0,654000000.0
2025-08-28,消费,-400300000.0,0.0,3,6570500000.0,9375700000.0
2025-08-28,科技,-530000000.0,0.0,1,-2424000000.0,-6080000000.0
2025-08-28,宽基指数,-810600000.0,0.0,6,-114100000.0,289100000.0
2025-08-29,未分类,19776924991.0,0.0,1224,45380006229.00001,63606787844.0
2025-08-29,金融,1281600000.0,0.0,3,5778800000.0,11857800000.0
2025-08-29,消费,772700000.0,0.0,3,6083900000.0,9562300000.0
2025-08-29,军工,298000000.0,0.0,1,-122000000.0,-2133000000.0
2025-08-29,科技,186000000.0,0.0,1,-1288000000.0,-5830000000.0
2025-08-29,新能源,113000000.0,0.0,3,20500000.0,1330500000.0
2025-08-29,红利策略,45000000.0,0.0,2,137000000.0,79000000.0
2025-08-29,海外指数,6500000.0,0.0,1,32500000.0,126100000.0
2025-08-29,宽基指数,-976400000.0,0.0,6,-2860900000.0,-648400000.0
2025-09-01,未分类,5812664962.0,0.0,1228,40745229627.00001,69120780092.0
2025-09-01,消费,1700400000.0,0.0,3,5850600000.0,10986000000.0
2025-09-01,金融,1509800000.0,0.0,3,4280200000.0,12415400000.0
2025-09-01,新能源,205000000.0,0.0,3,179500000.0,1431000000.0
2025-09-01,红利策略,32000000.0,0.0,2,196000000.0,131000000.0
2025-09-01,海外指数,0.0,0.0,1,26000000.0,123500000.0
2025-09-01,军工,-113000000.0,0.0,1,-162000000.0,-1966000000.0
2025-09-01,科技,-511999999.9999981,0.0,1,-1759999999.999998,-6017999999.999998
2025-09-01,宽基指数,-755900000.0,0.0,6,-3448600000.0,-1467500000.0
2025-09-02,未分类,12015529175.0,0.0,1229,41176664897.00001,78961209831.0
2025-09-02,金融,694000000.0,0.0,3,4197800000.0,12692200000.0
2025-09-02,军工,273000000.0,0.0,1,263000000.0,-1651000000.0
2025-09-02,新能源,258000000.0,0.0,3,201000000.0,1553000000.0
2025-09-02,消费,137800000.0,0.0,3,4187900000.0,11111400000.0
2025-09-02,海外指数,6500000.0,0.0,1,26000000.0,123500000.0
2025-09-02,红利策略,4000000.0,0.0,2,252500000.0,182000000.0
2025-09-02,宽基指数,-253100000.0,0.0,6,-4010100000.0,-1232100000.0
2025-09-02,科技,-472000000.0,0.0,1,-1837999999.999998,-6425999999.999998
2025-09-03,金融,2113200000.0,0.0,3,6075000000.0,14111600000.0
2025-09-03,红利策略,108000000.0,0.0,2,301500000.0,315000000.0
2025-09-03,消费,34800000.0,0.0,3,2245400000.0,10922800000.0
2025-09-03,海外指数,6500000.0,0.0,1,26000000.0,123500000.0
2025-09-03,新能源,-333000000.0,0.0,3,27500000.0,1059000000.0
2025-09-03,科技,-614000000.0,0.0,1,-1941999999.999998,-7001999999.999998
2025-09-03,军工,-761000000.0,0.0,1,-247000000.0,-2023000000.0
2025-09-03,宽基指数,-1413200000.0,0.0,6,-4209200000.0,-2770500000.0
2025-09-03,未分类,-3115917179.0,0.0,1231,36024354710.00001,71217162068.0
2025-09-04,未分类,4719542287.0,0.0,1232,39208744236.00001,76114574985.0
2025-09-04,新能源,432500000.0,0.0,3,675500000.0,1465000000.0
2025-09-04,金融,423600000.0,0.0,3,6022200000.0,14334600000.0
2025-09-04,消费,408200000.0,0.0,3,3053900000.0,11200600000.0
2025-09-04,宽基指数,362200000.0,0.0,6,-3036400000.0,-2059600000.0
2025-09-04,科技,110000000.0,0.0,1,-1301999999.999998,-6483999999.999998
2025-09-04,红利策略,30000000.0,0.0,2,219000000.0,368000000.0
2025-09-04,海外指数,6500000.0,0.0,1,26000000.0,123500000.0
2025-09-04,军工,-419000000.0,0.0,1,-722000000.0,-2609000000.0
2025-09-05,金融,1983400000.0,0.0,3,6724000000.0,16395400000.0
2025-09-05,消费,1219300000.0,0.0,3,3500500000.0,12928300000.0
2025-09-05,红利策略,67500000.0,0.0,2,241500000.0,463000000.0
2025-09-05,新能源,43000000.0,0.0,3,605500000.0,1762500000.0
2025-09-05,海外指数,6500000.0,0.0,1,26000000.0,123500000.0
2025-09-05,科技,-12000000.0,0.0,1,-1499999999.999998,-6743999999.999998
2025-09-05,宽基指数,-190800000.0,0.0,6,-2250800000.0,-1803100000.0
2025-09-05,军工,-271000000.0,0.0,1,-1291000000.0,-2891000000.0
2025-09-05,未分类,-1221970800.0,0.0,1235,18209848445.000008,67522642874.0
2025-09-08,未分类,5946903188.999999,0.0,1235,18344086672.000008,71936404356.0
2025-09-08,金融,858400000.0,0.0,3,6072600000.0,16847200000.0
2025-09-08,海外指数,6500000.0,0.0,1,32500000.0,123500000.0
2025-09-08,红利策略,-18000000.0,0.0,2,191500000.0,511000000.0
2025-09-08,军工,-164000000.0,0.0,1,-1342000000.0,-3024000000.0
2025-09-08,科技,-172000000.0,0.0,1,-1160000000.0,-6695999999.999998
2025-09-08,消费,-173800000.0,0.0,3,1626300000.0,13199800000.0
2025-09-08,宽基指数,-283600000.0,0.0,6,-1778500000.0,-2776200000.0
2025-09-08,新能源,-488500000.0,0.0,3,-88000000.0,1437500000.0
2025-09-09,未分类,3415888198.000002,0.0,1236,9744445695.000008,74533042979.0
2025-09-09,金融,1702600000.0,0.0,3,7081200000.0,18184400000.0
2025-09-09,消费,95900000.0,0.0,3,1584400000.0,13805700000.0
2025-09-09,海外指数,6500000.0,0.0,1,32500000.0,123500000.0
2025-09-09,科技,-18000000.0,0.0,1,-706000000.0,-5987999999.999998
2025-09-09,红利策略,-36500000.0,0.0,2,151000000.0,536000000.0
2025-09-09,军工,-130000000.0,0.0,1,-1745000000.0,-3115000000.0
2025-09-09,新能源,-205500000.0,0.0,3,-551500000.0,1169500000.0
2025-09-09,宽基指数,-985100000.0,0.0,6,-2510500000.0,-3452800000.0
2025-09-10,未分类,2551017802.0,0.0,1237,15411380676.000008,81618805469.0
2025-09-10,金融,947400000.0,0.0,3,5915400000.0,19265600000.0
2025-09-10,军工,28000000.0,0.0,1,-956000000.0,-2587000000.0
2025-09-10,海外指数,6500000.0,0.0,1,32500000.0,123500000.0
2025-09-10,红利策略,-3000000.0,0.0,2,40000000.0,536500000.0
2025-09-10,科技,-192000000.0,0.0,1,-284000000.0,-5765999999.999998
2025-09-10,消费,-453800000.0,0.0,3,1095800000.0,11875900000.0
2025-09-10,宽基指数,-469700000.0,0.0,6,-1567000000.0,-3995700000.0
2025-09-10,新能源,-539500000.0,0.0,3,-758000000.0,756500000.0
2025-09-11,未分类,9294694025.0,0.0,1237,19986532414.000008,99415267499.0
2025-09-11,宽基指数,1235600000.0,0.0,6,-693600000.0,-2024600000.0
2025-09-11,金融,765800000.0,0.0,3,6257600000.0,21181000000.0
2025-09-11,军工,73000000.0,0.0,1,-464000000.0,-2144000000.0
2025-09-11,红利策略,20500000.0,0.0,2,30500000.0,504000000.0
2025-09-11,海外指数,6500000.0,0.0,1,32500000.0,123500000.0
2025-09-11,消费,-13600000.0,0.0,3,674000000.0,11283500000.0
2025-09-11,科技,-412000000.0,0.0,1,-806000000.0,-5413999999.999998
2025-09-11,新能源,-601000000.0,0.0,3,-1791500000.0,306500000.0
2025-09-12,未分类,5080068176.0,0.0,1239,26288571390.000008,99340594899.0
2025-09-12,金融,1768200000.0,0.0,3,6042400000.0,23984000000.0
2025-09-12,消费,525100000.0,0.0,3,-20200000.0,10963800000.0
2025-09-12,宽基指数,432500000.0,0.0,6,-70300000.0,-3154000000.0
2025-09-12,红利策略,26500000.0,0.0,2,-10500000.0,509500000.0
2025-09-12,海外指数,6500000.0,0.0,1,32500000.0,123500000.0
2025-09-12,军工,4000000.0,0.0,1,-189000000.0,-1954000000.0
2025-09-12,科技,-322000000.0,0.0,1,-1116000000.0,-5551999999.999998
2025-09-12,新能源,-659500000.0,0.0,3,-2494000000.0,-14000000.0
2025-09-15,金融,531600000.0,0.0,3,5715600000.0,22185400000.0
2025-09-15,红利策略,54000000.0,0.0,2,61500000.0,525000000.0
2025-09-15,未分类,44697096.0,0.0,1241,20386365297.000008,101692787914.0
2025-09-15,海外指数,6500000.0,0.0,1,32500000.0,123500000.0
2025-09-15,军工,-18000000.0,0.0,1,-43000000.0,-2099000000.0
2025-09-15,科技,-18000000.0,0.0,1,-962000000.0,-5379999999.999998
2025-09-15,消费,-66900000.0,0.0,3,86700000.0,10439000000.0
2025-09-15,新能源,-373000000.0,0.0,3,-2378500000.0,-921000000.0
2025-09-15,宽基指数,-942300000.0,0.0,6,-729000000.0,-4645700000.0
2025-09-16,金融,1356400000.0,0.0,3,5369400000.0,22814600000.0
2025-09-16,消费,630100000.0,0.0,3,620900000.0,11760500000.0
2025-09-16,未分类,481374009.0,0.0,1242,17451851108.000008,93353700555.0
2025-09-16,红利策略,32000000.0,0.0,2,130000000.0,522500000.0
2025-09-16,海外指数,6500000.0,0.0,1,32500000.0,123500000.0
2025-09-16,宽基指数,-14700000.0,0.0,6,241400000.0,-4580500000.0
2025-09-16,新能源,-47500000.0,0.0,3,-2220500000.0,-996000000.0
2025-09-16,科技,-56000000.0,0.0,1,-1000000000.0,-5405999999.999998
2025-09-16,军工,-84000000.0,0.0,1,3000000.0,-2318000000.0
2025-09-17,未分类,3360218034.0,0.0,1243,18261051340.000008,97026490311.0
2025-09-17,金融,1532400000.0,0.0,3,5954400000.0,23757400000.0
2025-09-17,消费,887100000.0,0.0,3,1961800000.0,13157900000.0
2025-09-17,宽基指数,311700000.0,0.0,6,1022800000.0,-4125400000.0
2025-09-17,新能源,136500000.0,0.0,3,-1544500000.0,-1234500000.0
2025-09-17,军工,102000000.0,0.0,1,77000000.0,-2003000000.0
2025-09-17,海外指数,6500000.0,0.0,1,32500000.0,123500000.0
2025-09-17,红利策略,-6000000.0,0.0,2,127000000.0,580000000.0
2025-09-17,科技,-40000000.0,0.0,1,-848000000.0,-5093999999.999998
2025-09-18,未分类,6317845068.0,0.0,1245,15284202383.000008,96612022860.0
2025-09-18,金融,4097400000.0,0.0,3,9286000000.0,26732800000.0
2025-09-18,消费,676500000.0,0.0,3,2651900000.0,12950300000.0
2025-09-18,红利策略,209500000.0,0.0,2,316000000.0,781000000.0
2025-09-18,新能源,88500000.0,0.0,3,-855000000.0,-1708000000.0
2025-09-18,军工,88000000.0,0.0,1,92000000.0,-1615000000.0
2025-09-18,海外指数,6500000.0,0.0,1,32500000.0,123500000.0
2025-09-18,科技,-28000000.0,0.0,1,-464000000.0,-4995999999.999998
2025-09-18,宽基指数,-443800000.0,0.0,6,-656600000.0,-4500700000.0
2025-09-19,未分类,5349263905.0,0.0,1248,15553398112.000008,105431824176.0
2025-09-19,消费,346000000.0,0.0,3,2472800000.0,12037000000.0
2025-09-19,军工,270000000.0,0.0,1,358000000.0,-1244000000.0
2025-09-19,金融,134600000.0,0.0,3,7652400000.0,26197600000.0
2025-09-19,宽基指数,23500000.0,0.0,6,-1065600000.0,-6247600000.0
2025-09-19,海外指数,6500000.0,0.0,1,32500000.0,123500000.0
2025-09-19,红利策略,-24000000.0,0.0,2,265500000.0,633500000.0
2025-09-19,科技,-48000000.0,0.0,1,-190000000.0,-4093999999.999998
2025-09-19,新能源,-79500000.0,0.0,3,-275000000.0,-2143000000.0
2025-09-22,消费,227900000.0,0.0,3,2767600000.0,10331200000.0
2025-09-22,红利策略,68000000.0,0.0,2,279500000.0,728500000.0
2025-09-22,军工,46000000.0,0.0,1,422000000.0,-1125000000.0
2025-09-22,海外指数,6500000.0,0.0,1,32500000.0,123500000.0
2025-09-22,金融,-83600000.0,0.0,3,7037200000.0,23105600000.0
2025-09-22,科技,-242000000.0,0.0,1,-414000000.0,-4295999999.999998
2025-09-22,新能源,-253000000.0,0.0,3,-155000000.0,-2442000000.0
2025-09-22,宽基指数,-450900000.0,0.0,6,-574200000.0,-6530300000.0
2025-09-22,未分类,-3119583961.0,0.0,1249,12389117055.000008,91864798651.0
2025-09-23,未分类,8226550848.0,0.0,1255,20134293894.000008,88507255594.0
2025-09-23,金融,1586600000.0,0.0,3,7267400000.0,23915800000.0
2025-09-23,消费,259500000.0,0.0,3,2397000000.0,8790200000.0
2025-09-23,科技,164000000.0,0.0,1,-194000000.0,-3737999999.999998
2025-09-23,红利策略,36000000.0,0.0,2,283500000.0,817000000.0
2025-09-23,海外指数,6500000.0,0.0,1,32500000.0,123500000.0
2025-09-23,军工,-29000000.0,0.0,1,477000000.0,-1002000000.0
2025-09-23,新能源,-421500000.0,0.0,3,-529000000.0,-3100000000.0
2025-09-23,宽基指数,-677300000.0,0.0,6,-1236800000.0,-7516000000.0
2025-09-24,未分类,2235208510.000002,0.0,1263,19009284370.000008,88706071096.0
2025-09-24,金融,564600000.0,0.0,3,6299600000.0,24244400000.0
2025-09-24,军工,59000000.0,0.0,1,434000000.0,-692000000.0
2025-09-24,海外指数,6500000.0,0.0,1,32500000.0,123500000.0
2025-09-24,红利策略,-52000000.0,0.0,2,237500000.0,706000000.0
2025-09-24,消费,-53900000.0,0.0,3,1456000000.0,6759000000.0
2025-09-24,科技,-136000000.0,0.0,1,-290000000.0,-3363999999.999998
2025-09-24,新能源,-144500000.0,0.0,3,-810000000.0,-3085000000.0
2025-09-24,宽基指数,-218100000.0,0.0,6,-1766600000.0,-6520000000.0
2025-09-25,未分类,4364450683.0,0.0,1265,17055889985.00001,91535369018.0
2025-09-25,金融,597800000.0,0.0,3,2800000000.0,24365800000.0
2025-09-25,消费,148100000.0,0.0,3,927600000.0,7307400000.0
2025-09-25,军工,68000000.0,0.0,1,414000000.0,-680000000.0
2025-09-25,科技,26000000.0,0.0,1,-236000000.0,-2807999999.999998
2025-09-25,红利策略,23000000.0,0.0,2,51000000.0,616500000.0
2025-09-25,海外指数,6500000.0,0.0,1,32500000.0,123500000.0
2025-09-25,宽基指数,-31900000.0,0.0,6,-1354700000.0,-5741300000.0
2025-09-25,新能源,-184500000.0,0.0,3,-1083000000.0,-3054000000.0
2025-09-26,未分类,14679515996.999998,0.0,1269,26386142077.000008,86437960024.0
2025-09-26,宽基指数,596600000.0,0.0,6,-781600000.0,-4168300000.0
2025-09-26,金融,420400000.0,0.0,3,3085800000.0,23504600000.0
2025-09-26,消费,303100000.0,0.0,3,884700000.0,6837800000.0
2025-09-26,军工,166000000.0,0.0,1,310000000.0,-812000000.0
2025-09-26,科技,166000000.0,0.0,1,-22000000.0,-2827999999.999998
2025-09-26,海外指数,6500000.0,0.0,1,32500000.0,123500000.0
2025-09-26,红利策略,4000000.0,0.0,2,79000000.0,575500000.0
2025-09-26,新能源,-50000000.0,0.0,3,-1053500000.0,-3217000000.0
2025-09-29,未分类,14059705131.000004,0.0,1269,43565431169.000015,94685000193.0
2025-09-29,消费,353000000.0,0.0,3,1009800000.0,5490400000.0
2025-09-29,红利策略,142000000.0,0.0,2,153000000.0,685500000.0
2025-09-29,军工,122000000.0,0.0,1,386000000.0,-577000000.0
2025-09-29,宽基指数,113800000.0,0.0,6,-216900000.0,-3298600000.0
2025-09-29,科技,26000000.0,0.0,1,246000000.0,-2290000000.0
2025-09-29,新能源,23000000.0,0.0,3,-777500000.0,-3399000000.0
2025-09-29,海外指数,6500000.0,0.0,1,32500000.0,130000000.0
2025-09-29,金融,-3071200000.0,0.0,3,98200000.0,18923600000.0
2025-09-30,未分类,8358284581.0,0.0,1271,43697164902.000015,91027755599.0
2025-09-30,金融,915000000.0,0.0,3,-573400000.0,19144600000.0
2025-09-30,消费,401100000.0,0.0,3,1151400000.0,5753700000.0
2025-09-30,红利策略,66500000.0,0.0,2,183500000.0,748000000.0
2025-09-30,新能源,48500000.0,0.0,3,-307500000.0,-3608500000.0
2025-09-30,海外指数,6500000.0,0.0,1,32500000.0,130000000.0
2025-09-30,宽基指数,-36300000.0,0.0,6,424100000.0,-3081800000.0
2025-09-30,科技,-82000000.0,0.0,1,0.0,-1900000000.0
2025-09-30,军工,-117000000.0,0.0,1,298000000.0,-967000000.0
2025-10-09,未分类,4709197772.0,0.0,1273,46171154164.000015,98852870550.0
2025-10-09,金融,2944800000.0,0.0,3,1806800000.0,19976200000.0
2025-10-09,宽基指数,812000000.0,0.0,6,1454200000.0,-856600000.0
2025-10-09,消费,394600000.0,0.0,3,1599900000.0,6113500000.0
2025-10-09,军工,390000000.0,0.0,1,629000000.0,184000000.0
2025-10-09,新能源,142000000.0,0.0,3,-21000000.0,-3133500000.0
2025-10-09,红利策略,66500000.0,0.0,2,302000000.0,706500000.0
2025-10-09,科技,14000000.0,0.0,1,150000000.0,-1272000000.0
2025-10-09,海外指数,6500000.0,0.0,1,32500000.0,130000000.0
2025-10-10,未分类,22992805176.999996,0.0,1274,64799508658.00001,117126133440.0
2025-10-10,金融,667400000.0,0.0,3,1876400000.0,20220000000.0
2025-10-10,科技,620000000.0,0.0,1,744000000.0,-762000000.0
2025-10-10,宽基指数,608200000.0,0.0,6,2094300000.0,-610600000.0
2025-10-10,新能源,277500000.0,0.0,3,441000000.0,-3288500000.0
2025-10-10,军工,99000000.0,0.0,1,660000000.0,702000000.0
2025-10-10,海外指数,6500000.0,0.0,1,32500000.0,130000000.0
2025-10-10,红利策略,-24500000.0,0.0,2,254500000.0,652000000.0
2025-10-10,消费,-123100000.0,0.0,3,1328700000.0,5582200000.0
2025-10-13,未分类,20259778722.0,0.0,1275,70379771383.0,138607882962.0
2025-10-13,金融,3132600000.0,0.0,3,4588600000.0,21369200000.0
2025-10-13,消费,1094100000.0,0.0,3,2119700000.0,5457000000.0
2025-10-13,红利策略,169500000.0,0.0,2,420000000.0,754000000.0
2025-10-13,新能源,134000000.0,0.0,3,625000000.0,-3197500000.0
2025-10-13,军工,118000000.0,0.0,1,612000000.0,1091000000.0
2025-10-13,海外指数,6500000.0,0.0,1,32500000.0,130000000.0
2025-10-13,宽基指数,-190900000.0,0.0,6,1306800000.0,-610700000.0
2025-10-13,科技,-242000000.0,0.0,1,336000000.0,-992000000.0
2025-10-14,未分类,14603990355.0,0.0,1275,70924056607.0,147264970128.0
2025-10-14,金融,2025400000.0000038,0.0,3,9685200000.000004,22536200000.000004
2025-10-14,军工,218000000.0,0.0,1,708000000.0,1473000000.0
2025-10-14,科技,164000000.0,0.0,1,474000000.0,-656000000.0
2025-10-14,新能源,55500000.0,0.0,3,657500000.0,-2653500000.0
2025-10-14,海外指数,6500000.0,0.0,1,32500000.0,130000000.0
2025-10-14,消费,-122800000.0,0.0,3,1643900000.0,5508000000.0
2025-10-14,红利策略,-129500000.0,0.0,2,148500000.0,642500000.0
2025-10-14,宽基指数,-1045200000.0,0.0,6,147800000.0,-1372300000.0
2025-10-15,未分类,3752736059.0,0.0,1277,66318508085.00001,147601817989.0
2025-10-15,金融,1537800000.0,0.0,3,10308000000.000004,22371400000.000004
2025-10-15,消费,267200000.0,0.0,3,1510000000.0,5679300000.0
2025-10-15,军工,246000000.0,0.0,1,1071000000.0,1849000000.0
2025-10-15,宽基指数,206700000.0,0.0,6,390800000.0,-180500000.0
2025-10-15,红利策略,96500000.0,0.0,2,178500000.0,775500000.0
2025-10-15,新能源,95500000.0,0.0,3,704500000.0,-2352500000.0
2025-10-15,海外指数,6500000.0,0.0,1,32500000.0,130000000.0
2025-10-15,科技,-192000000.0,0.0,1,364000000.0,-830000000.0
2025-10-16,金融,1469400000.0,0.0,3,8832600000.000004,22893400000.000004
2025-10-16,新能源,66500000.0,0.0,3,629000000.0,-1746500000.0
2025-10-16,红利策略,52000000.0,0.0,2,164000000.0,830500000.0
2025-10-16,海外指数,6500000.0,0.0,1,32500000.0,130000000.0
2025-10-16,军工,-53000000.0,0.0,1,628000000.0,1768000000.0
2025-10-16,科技,-122000000.0,0.0,1,228000000.0,-760000000.0
2025-10-16,未分类,-448633303.0,0.0,1278,61160677010.0,144602166884.0
2025-10-16,消费,-519700000.0,0.0,3,595700000.0,5613400000.0
2025-10-16,宽基指数,-1061600000.0,0.0,6,-1482800000.0,-772400000.0
2025-10-17,未分类,8588274801.0,0.0,1281,46756146634.00001,143895747660.0
2025-10-17,金融,2975800000.0,0.0,3,11141000000.000004,25103400000.000004
2025-10-17,科技,188000000.0,0.0,1,-204000000.0,-160000000.0
2025-10-17,军工,32000000.0,0.0,1,561000000.0,1727000000.0
2025-10-17,宽基指数,10200000.0,0.0,6,-2080800000.0,-1997800000.0
2025-10-17,海外指数,6500000.0,0.0,1,32500000.0,130000000.0
2025-10-17,新能源,-59000000.0,0.0,3,292500000.0,-1204500000.0
2025-10-17,红利策略,-138500000.0,0.0,2,50000000.0,671500000.0
2025-10-17,消费,-316300000.0,0.0,3,402500000.0,5310700000.0
2025-10-20,金融,1195000000.0,0.0,3,9203400000.000004,24530200000.000004
2025-10-20,未分类,1022470778.9999995,0.0,1281,27518838691.000008,139838150263.0
2025-10-20,宽基指数,357400000.0,0.0,6,-1532500000.0,-2072900000.0
2025-10-20,海外指数,6500000.0,0.0,1,32500000.0,130000000.0
2025-10-20,军工,-5000000.0,0.0,1,438000000.0,1718000000.0
2025-10-20,红利策略,-57000000.0,0.0,2,-176500000.0,588000000.0
2025-10-20,消费,-58200000.0,0.0,3,-749800000.0,4727400000.0
2025-10-20,科技,-174000000.0,0.0,1,-136000000.0,-12000000.0
2025-10-20,新能源,-241000000.0,0.0,3,-82500000.0,-786000000.0
2025-10-21,红利策略,166500000.0,0.0,2,119500000.0,700500000.0
2025-10-21,海外指数,6500000.0,0.0,1,32500000.0,130000000.0
2025-10-21,科技,-4000000.0,0.0,1,-304000000.0,2000000.0
2025-10-21,消费,-42900000.0,0.0,3,-669900000.0,4751400000.0
2025-10-21,军工,-55000000.0,0.0,1,165000000.0,1681000000.0
2025-10-21,新能源,-177500000.0,0.0,3,-315500000.0,-590500000.0
2025-10-21,金融,-590000000.0,0.0,3,6588000000.0,23408600000.000004
2025-10-21,宽基指数,-594100000.0,0.0,6,-1081400000.0,-1724700000.0
2025-10-21,未分类,-6072384986.0,0.0,1282,6842463350.000008,133721068181.0
2025-10-22,金融,785200000.0,0.0,3,5835400000.0,22837400000.000004
2025-10-22,科技,68000000.0,0.0,1,-44000000.0,126000000.0
2025-10-22,海外指数,6500000.0,0.0,1,32500000.0,130000000.0
2025-10-22,军工,-6000000.0,0.0,1,-87000000.0,1759000000.0
2025-10-22,红利策略,-21500000.0,0.0,2,1500000.0,647000000.0
2025-10-22,新能源,-301500000.0,0.0,3,-712500000.0,-844500000.0
2025-10-22,消费,-335700000.0,0.0,3,-1272800000.0,3785600000.0
2025-10-22,未分类,-608439715.0000005,0.0,1284,2481287576.000007,132631254457.0
2025-10-22,宽基指数,-747100000.0,0.0,6,-2035200000.0,-2457100000.0
2025-10-23,未分类,3431120375.0000005,0.0,1284,6361041254.000008,132702156798.0
2025-10-23,金融,871000000.0,0.0,3,5237000000.0,22176000000.000004
2025-10-23,科技,212000000.0,0.0,1,290000000.0,378000000.0
2025-10-23,军工,41000000.0,0.0,1,7000000.0,1698000000.0
2025-10-23,红利策略,15500000.0,0.0,2,-35000000.0,668500000.0
2025-10-23,海外指数,6500000.0,0.0,1,32500000.0,130000000.0
2025-10-23,新能源,-57000000.0,0.0,3,-836000000.0,-1038000000.0
2025-10-23,宽基指数,-310700000.0,0.0,6,-1284300000.0,-3079500000.0
2025-10-23,消费,-530000000.0,0.0,3,-1283100000.0,2368500000.0
2025-10-24,消费,488400000.0,0.0,3,-478400000.0,2180400000.0
2025-10-24,红利策略,151000000.0,0.0,2,254500000.0,610000000.0
2025-10-24,军工,63000000.0,0.0,1,38000000.0,1673000000.0
2025-10-24,海外指数,6500000.0,0.0,1,32500000.0,130000000.0
2025-10-24,新能源,-214500000.0,0.0,3,-991500000.0,-1341000000.0
2025-10-24,宽基指数,-428400000.0,0.0,6,-1722900000.0,-3064100000.0
2025-10-24,科技,-490000000.0,0.0,1,-388000000.0,-84000000.0
2025-10-24,金融,-738000000.0,0.0,3,1523200000.0,17340600000.000004
2025-10-24,未分类,-4173145022.0000005,0.0,1284,-6400378568.999992,122211166708.0
2025-10-27,消费,414200000.0,0.0,3,-6000000.0,2248600000.0
2025-10-27,科技,398000000.0,0.0,1,184000000.0,362000000.0
2025-10-27,海外指数,13000000.0,0.0,1,39000000.0,136500000.0
2025-10-27,新能源,-26500000.0,0.0,3,-777000000.0,-1288000000.0
2025-10-27,红利策略,-42000000.0,0.0,2,269500000.0,592000000.0
2025-10-27,宽基指数,-81700000.0,0.0,6,-2162000000.0,-3169300000.0
2025-10-27,军工,-188000000.0,0.0,1,-145000000.0,1215000000.0
2025-10-27,未分类,-464023150.0,0.0,1284,-7886872497.999992,116397879653.0
2025-10-27,金融,-1389200000.0,0.0,3,-1061000000.0,15816800000.000004
2025-10-28,宽基指数,739900000.0,0.0,6,-828000000.0,-1978500000.0
2025-10-28,军工,82000000.0,0.0,1,-8000000.0,1251000000.0
2025-10-28,海外指数,13000000.0,0.0,1,45500000.0,143000000.0
2025-10-28,金融,-5600000.0,0.0,3,-476600000.0,15894800000.000004
2025-10-28,红利策略,-13000000.0,0.0,2,90000000.0,511000000.0
2025-10-28,科技,-14000000.0,0.0,1,174000000.0,590000000.0
2025-10-28,消费,-17300000.0,0.0,3,19600000.0,2003400000.0
2025-10-28,新能源,-160500000.0,0.0,3,-760000000.0,-1195500000.0
2025-10-28,未分类,-2168448183.9999995,0.0,1284,-3982935695.9999924,117349015430.0
2025-10-29,消费,571200000.0,0.0,3,926500000.0,2315100000.0
2025-10-29,科技,362000000.0,0.0,1,468000000.0,788000000.0
2025-10-29,红利策略,100000000.0,0.0,2,211500000.0,575000000.0
2025-10-29,海外指数,13000000.0,0.0,1,52000000.0,149500000.0
2025-10-29,宽基指数,-37300000.0,0.0,6,-118200000.0,-1338500000.0
2025-10-29,军工,-223000000.0,0.0,1,-225000000.0,1057000000.0
2025-10-29,新能源,-317500000.0,0.0,3,-776000000.0,-1091500000.0
2025-10-29,未分类,-1277365268.0,0.0,1285,-4651861248.999992,107845099314.0
2025-10-29,金融,-1563800000.0,0.0,3,-2825600000.0,12744400000.000004
2025-10-30,未分类,5309449170.0,0.0,1286,-2773532453.9999924,110919339974.0
2025-10-30,金融,1890400000.0,0.0,3,-1806200000.0,14070200000.000004
2025-10-30,消费,661600000.0,0.0,3,2118100000.0,3030600000.0
2025-10-30,科技,206000000.0,0.0,1,462000000.0,1130000000.0
2025-10-30,海外指数,13000000.0,0.0,1,58500000.0,156000000.0
2025-10-30,军工,12000000.0,0.0,1,-254000000.0,1010000000.0
2025-10-30,红利策略,-26500000.0,0.0,2,169500000.0,600500000.0
2025-10-30,新能源,-231500000.0,0.0,3,-950500000.0,-1178500000.0
2025-10-30,宽基指数,-496300000.0,0.0,6,-303800000.0,-1616700000.0
2025-10-31,未分类,11152778885.0,0.0,1290,12552391453.000008,117707668176.0
2025-10-31,宽基指数,2010900000.0,0.0,6,2135500000.0,426100000.0
2025-10-31,金融,1692200000.0,0.0,3,624000000.0,15164600000.000004
2025-10-31,科技,176000000.0,0.0,1,1128000000.0,1280000000.0
2025-10-31,红利策略,86500000.0,0.0,2,105000000.0,664000000.0
2025-10-31,海外指数,13000000.0,0.0,1,65000000.0,162500000.0
2025-10-31,军工,-76000000.0,0.0,1,-393000000.0,866000000.0
2025-10-31,新能源,-126500000.0,0.0,3,-862500000.0,-1120500000.0
2025-10-31,消费,-839600000.0,0.0,3,790100000.0,2042900000.0
2025-11-03,未分类,6002168932.000002,0.0,1292,19018583535.000008,109030321111.0
2025-11-03,金融,2353000000.0,0.0,3,4366200000.0,17097200000.000004
2025-11-03,消费,966700000.0,0.0,3,1342600000.0,2706500000.0
2025-11-03,新能源,165000000.0,0.0,3,-671000000.0,-905500000.0
2025-11-03,海外指数,13000000.0,0.0,1,65000000.0,169000000.0
2025-11-03,科技,-60000000.0,0.0,1,670000000.0,1054000000.0
2025-11-03,军工,-108000000.0,0.0,1,-313000000.0,592000000.0
2025-11-03,红利策略,-152500000.0,0.0,2,-5500000.0,507500000.0
2025-11-03,宽基指数,-534000000.0,0.0,6,1683200000.0,-704500000.0
2025-11-04,未分类,10395330355.000004,0.0,1292,31582362074.000015,105365946335.00002
2025-11-04,金融,1235800000.0,0.0,3,5607600000.0,21404200000.000004
2025-11-04,消费,289300000.0,0.0,3,1649200000.0,2642800000.0
2025-11-04,海外指数,13000000.0,0.0,1,65000000.0,175500000.0
2025-11-04,科技,-6000000.0,0.0,1,678000000.0,1022000000.0
2025-11-04,新能源,-36500000.0,0.0,3,-547000000.0,-965000000.0
2025-11-04,军工,-101000000.0,0.0,1,-496000000.0,369000000.0
2025-11-04,红利策略,-143000000.0,0.0,2,-135500000.0,222500000.0
2025-11-04,宽基指数,-1446200000.0,0.0,6,-502900000.0,-2264500000.0
2025-11-05,未分类,13265118439.0,0.0,1294,46124845781.000015,110272780193.00002
2025-11-05,金融,1382400000.0,0.0,3,8553800000.0,21871600000.000004
2025-11-05,红利策略,232000000.0,0.0,2,-3500000.0,388000000.0
2025-11-05,新能源,49500000.0,0.0,3,-180000000.0,-964000000.0
2025-11-05,军工,16000000.0,0.0,1,-257000000.0,502000000.0
2025-11-05,海外指数,13000000.0,0.0,1,65000000.0,182000000.0
2025-11-05,科技,10000000.0,0.0,1,326000000.0,1114000000.0
2025-11-05,宽基指数,-79900000.0,0.0,6,-545500000.0,-2308100000.0
2025-11-05,消费,-559500000.0,0.0,3,518500000.0,1682200000.0
2025-11-06,消费,255600000.0,0.0,3,112500000.0,1543200000.0
2025-11-06,军工,21000000.0,0.0,1,-248000000.0,133000000.0
2025-11-06,海外指数,13000000.0,0.0,1,65000000.0,188500000.0
2025-11-06,新能源,-4500000.0,0.0,3,47000000.0,-1110500000.0
2025-11-06,红利策略,-7500000.0,0.0,2,15500000.0,314000000.0
2025-11-06,科技,-460000000.0,0.0,1,-340000000.0,640000000.0
2025-11-06,金融,-533600000.0,0.0,3,6129800000.0,18393200000.000004
2025-11-06,宽基指数,-872600000.0,0.0,6,-921800000.0,-3992700000.0
2025-11-06,未分类,-6002673191.000001,0.0,1294,34812723420.000015,99560909230.00002
2025-11-07,未分类,3585460995.999996,0.0,1296,27245405531.000008,80153565049.0
2025-11-07,金融,330000000.0,0.0,3,4767600000.0,18055800000.000004
2025-11-07,消费,197200000.0,0.0,3,1149300000.0,1863500000.0
2025-11-07,科技,42000000.0,0.0,1,-474000000.0,62000000.0
2025-11-07,海外指数,19500000.0,0.0,1,71500000.0,201500000.0
2025-11-07,红利策略,-10500000.0,0.0,2,-81500000.0,328000000.0
2025-11-07,军工,-73000000.0,0.0,1,-245000000.0,-39000000.0
2025-11-07,新能源,-135000000.0,0.0,3,38500000.0,-1523000000.0
2025-11-07,宽基指数,-360900000.0,0.0,6,-3293600000.0,-4961800000.0
2025-11-10,未分类,5173905776.000004,0.0,1298,26417142375.00001,65067692103.00001
2025-11-10,宽基指数,231000000.0,0.0,6,-2528600000.0,-4539900000.0
2025-11-10,新能源,124000000.0,0.0,3,-2500000.0,-1533000000.0
2025-11-10,海外指数,19500000.0,0.0,1,78000000.0,214500000.0
2025-11-10,科技,18000000.0,0.0,1,-396000000.0,322000000.0
2025-11-10,军工,-20000000.0,0.0,1,-157000000.0,-177000000.0
2025-11-10,红利策略,-35500000.0,0.0,2,35500000.0,123000000.0
2025-11-10,消费,-1060700000.0,0.0,3,-878100000.0,-291300000.0
2025-11-10,金融,-2004600000.0,0.0,3,410000000.0,12918600000.000004
2025-11-11,未分类,5262961816.999996,0.0,1299,21284773837.000004,55726663565.00001
2025-11-11,金融,805000000.0,0.0,3,-20800000.0,11698200000.0
2025-11-11,消费,445900000.0,0.0,3,-721500000.0,277400000.0
2025-11-11,军工,128000000.0,0.0,1,72000000.0,-267000000.0
2025-11-11,海外指数,19500000.0,0.0,1,84500000.0,227500000.0
2025-11-11,红利策略,-4500000.0,0.0,2,174000000.0,248000000.0
2025-11-11,科技,-54000000.0,0.0,1,-444000000.0,104000000.0
2025-11-11,新能源,-92500000.0,0.0,3,-58500000.0,-1681000000.0
2025-11-11,宽基指数,-171900000.0,0.0,6,-1254300000.0,-3666600000.0
2025-11-12,未分类,6545744422.000005,0.0,1304,14565399820.000008,58519671928.00001
2025-11-12,金融,1293400000.0,0.0,3,-109800000.0,11453800000.0
2025-11-12,消费,197000000.0,0.0,3,35000000.0,207200000.0
2025-11-12,军工,133000000.0,0.0,1,189000000.0,-380000000.0
2025-11-12,海外指数,19500000.0,0.0,1,91000000.0,240500000.0
2025-11-12,新能源,-1500000.0,0.0,3,-109500000.0,-1778000000.0
2025-11-12,科技,-4000000.0,0.0,1,-458000000.0,292000000.0
2025-11-12,红利策略,-29000000.0,0.0,2,-87000000.0,122500000.0
2025-11-12,宽基指数,-142900000.0,0.0,6,-1317300000.0,-4016200000.0
2025-11-13,消费,510500000.0,0.0,3,289900000.0,1237400000.0
2025-11-13,红利策略,8000000.0,0.0,2,-71500000.0,78500000.0
2025-11-13,海外指数,1300000.0,0.0,1,79300000.0,235300000.0
2025-11-13,新能源,-116500000.0,0.0,3,-221500000.0,-1961000000.0
2025-11-13,军工,-124000000.0,0.0,1,44000000.0,-451000000.0
2025-11-13,科技,-148000000.0,0.0,1,-146000000.0,266000000.0
2025-11-13,金融,-247400000.0,0.0,3,176400000.0,9737000000.0
2025-11-13,宽基指数,-378600000.0,0.0,6,-823300000.0,-3333200000.0
2025-11-13,未分类,-3408991890.0000005,0.0,1306,17159081121.000008,55559313341.00001
2025-11-14,未分类,8398886570.999996,0.0,1307,21972506696.000008,55369925111.00001
2025-11-14,消费,679100000.0,0.0,3,771800000.0,2232800000.0
2025-11-14,科技,388000000.0,0.0,1,200000000.0,466000000.0
2025-11-14,宽基指数,284700000.0,0.0,6,-177700000.0,-3058700000.0
2025-11-14,军工,33000000.0,0.0,1,150000000.0,-450000000.0
2025-11-14,红利策略,25500000.0,0.0,2,-35500000.0,242500000.0
2025-11-14,海外指数,1300000.0,0.0,1,61100000.0,230100000.0
2025-11-14,金融,-7800000.0,0.0,3,-161400000.0,6753400000.0
2025-11-14,新能源,-111000000.0,0.0,3,-197500000.0,-2013000000.0
2025-11-17,未分类,9161507619.0,0.0,1308,25960108539.000004,63508961951.00001
2025-11-17,宽基指数,915600000.0,0.0,6,506900000.0,-2500500000.0
2025-11-17,金融,823800000.0,0.0,3,2667000000.0,6382200000.0
2025-11-17,军工,122000000.0,0.0,1,292000000.0,-323000000.0
2025-11-17,红利策略,68500000.0,0.0,2,68500000.0,368000000.0
2025-11-17,科技,64000000.0,0.0,1,246000000.0,704000000.0
2025-11-17,海外指数,1300000.0,0.0,1,42900000.0,224900000.0
2025-11-17,新能源,-75500000.0,0.0,3,-397000000.0,-1847500000.0
2025-11-17,消费,-364300000.0,0.0,3,1468200000.0,1926700000.0
2025-11-18,未分类,6644441002.000004,0.0,1309,27341587724.00001,76225787939.0
2025-11-18,宽基指数,383400000.0,0.0,6,1062200000.0,-1523000000.0
2025-11-18,军工,22000000.0,0.0,1,186000000.0,-246000000.0
2025-11-18,海外指数,1300000.0,0.0,1,24700000.0,219700000.0
2025-11-18,红利策略,-16000000.0,0.0,2,57000000.0,185500000.0
2025-11-18,新能源,-100500000.0,0.0,3,-405000000.0,-1770500000.0
2025-11-18,消费,-190100000.0,0.0,3,832200000.0,1779500000.0
2025-11-18,科技,-254000000.0,0.0,1,46000000.0,454000000.0
2025-11-18,金融,-909800000.0,0.0,3,952200000.0,6062400000.0
2025-11-19,未分类,5739927321.0,0.0,1310,26535770623.000008,82574154975.00002
2025-11-19,科技,202000000.0,0.0,1,252000000.0,588000000.0
2025-11-19,军工,82000000.0,0.0,1,135000000.0,-158000000.0
2025-11-19,新能源,10000000.0,0.0,3,-393500000.0,-1459000000.0
2025-11-19,海外指数,1300000.0,0.0,1,6500000.0,214500000.0
2025-11-19,红利策略,-47500000.0,0.0,2,38500000.0,159500000.0
2025-11-19,消费,-56100000.0,0.0,3,579100000.0,2059100000.0
2025-11-19,宽基指数,-502900000.0,0.0,6,702200000.0,-1278800000.0
2025-11-19,金融,-619000000.0,0.0,3,-960200000.0,4658200000.0
2025-11-20,未分类,8401649883.0,0.0,1310,38346412396.00001,87544684483.0
2025-11-20,科技,146000000.0,0.0,1,546000000.0,522000000.0
2025-11-20,宽基指数,145800000.0,0.0,6,1226600000.0,-822300000.0
2025-11-20,海外指数,1300000.0,0.0,1,6500000.0,209300000.0
2025-11-20,军工,-23000000.0,0.0,1,236000000.0,-222000000.0
2025-11-20,红利策略,-28000000.0,0.0,2,2500000.0,116000000.0
2025-11-20,新能源,-148000000.0,0.0,3,-425000000.0,-1550000000.0
2025-11-20,消费,-162900000.0,0.0,3,-94300000.0,2426200000.0
2025-11-20,金融,-600800000.0,0.0,3,-1313600000.0,3186400000.0
2025-11-21,未分类,24241303130.0,0.0,1313,54188828955.000015,115959132635.00002
2025-11-21,宽基指数,2749200000.0,0.0,6,3691100000.0,2355300000.0
2025-11-21,金融,1453800000.0,0.0,3,148000000.0,5378200000.0
2025-11-21,科技,276000000.0,0.0,1,434000000.0,1288000000.0
2025-11-21,红利策略,131000000.0,0.0,2,108000000.0,96000000.0
2025-11-21,海外指数,1300000.0,0.0,1,6500000.0,204100000.0
2025-11-21,新能源,-21500000.0,0.0,3,-335500000.0,-1357000000.0
2025-11-21,军工,-26000000.0,0.0,1,177000000.0,-311000000.0
2025-11-21,消费,-180800000.0,0.0,3,-954200000.0,1757000000.0
2025-11-24,未分类,3418411810.0,0.0,1314,48445733146.000015,119841567595.00002
2025-11-24,宽基指数,1662100000.0,0.0,6,4437600000.0,4099100000.0
2025-11-24,消费,300200000.0,0.0,3,-289700000.0,1643000000.0
2025-11-24,红利策略,95500000.0,0.0,2,135000000.0,233500000.0
2025-11-24,海外指数,1300000.0,0.0,1,6500000.0,192400000.0
2025-11-24,科技,-60000000.0,0.0,1,310000000.0,830000000.0
2025-11-24,军工,-150000000.0,0.0,1,-95000000.0,-273000000.0
2025-11-24,新能源,-227000000.0,0.0,3,-487000000.0,-1557500000.0
2025-11-24,金融,-259600000.0,0.0,3,-935400000.0,6507800000.0
2025-11-25,消费,170300000.0,0.0,3,70700000.0,1830600000.0
2025-11-25,金融,129600000.0,0.0,3,104000000.0,6643000000.0
2025-11-25,海外指数,1300000.0,0.0,1,6500000.0,180700000.0
2025-11-25,红利策略,-15500000.0,0.0,2,135500000.0,231000000.0
2025-11-25,军工,-73000000.0,0.0,1,-190000000.0,-428000000.0
2025-11-25,科技,-134000000.0,0.0,1,430000000.0,710000000.0
2025-11-25,新能源,-217000000.0,0.0,3,-603500000.0,-1614000000.0
2025-11-25,宽基指数,-1714000000.0,0.0,6,2340200000.0,1645200000.0
2025-11-25,未分类,-6205684576.0,0.0,1316,35595607568.000015,115804331203.0
2025-11-26,消费,614800000.0,0.0,3,741600000.0,1874200000.0
2025-11-26,金融,291800000.0,0.0,3,1014800000.0,8498600000.0
2025-11-26,红利策略,130500000.0,0.0,2,313500000.0,261500000.0
2025-11-26,军工,42000000.0,0.0,1,-230000000.0,-163000000.0
2025-11-26,海外指数,1300000.0,0.0,1,6500000.0,169000000.0
2025-11-26,新能源,-3000000.0,0.0,3,-616500000.0,-1299500000.0
2025-11-26,科技,-386000000.0,0.0,1,-158000000.0,-38000000.0
2025-11-26,宽基指数,-1715000000.0,0.0,6,1128100000.0,-32500000.0
2025-11-26,未分类,-10528554230.0,0.0,1319,19327126017.000008,106553142241.0
2025-11-27,消费,248700000.0,0.0,3,1153200000.0,1461300000.0
2025-11-27,红利策略,51000000.0,0.0,2,392500000.0,339000000.0
2025-11-27,海外指数,0.0,0.0,1,5200000.0,156000000.0
2025-11-27,军工,-21000000.0,0.0,1,-228000000.0,-196000000.0
2025-11-27,新能源,-58000000.0,0.0,3,-526500000.0,-1126000000.0
2025-11-27,金融,-85000000.0,0.0,3,1530600000.0,6523200000.0
2025-11-27,科技,-162000000.0,0.0,1,-466000000.0,-406000000.0
2025-11-27,宽基指数,-197900000.0,0.0,6,784400000.0,265900000.0
2025-11-27,未分类,-2436359502.0000005,0.0,1319,8489116632.000008,98807333569.0
2025-11-28,消费,283900000.0,0.0,3,1617900000.0,2584800000.0
2025-11-28,宽基指数,139500000.0,0.0,6,-1825300000.0,-1605500000.0
2025-11-28,红利策略,79500000.0,0.0,2,341000000.0,332000000.0
2025-11-28,海外指数,1300000.0,0.0,1,5200000.0,144300000.0
2025-11-28,军工,-21000000.0,0.0,1,-223000000.0,-141000000.0
2025-11-28,新能源,-38000000.0,0.0,3,-543000000.0,-1037500000.0
2025-11-28,科技,-94000000.0,0.0,1,-836000000.0,-676000000.0
2025-11-28,金融,-640600000.0,0.0,3,-563800000.0,4190400000.0
2025-11-28,未分类,-3230782221.0,0.0,1319,-18982968718.999992,84423772463.0
2025-12-01,消费,89800000.0,0.0,3,1407500000.0,1707900000.0
2025-12-01,新能源,65500000.0,0.0,3,-250500000.0,-1137000000.0
2025-12-01,海外指数,1300000.0,0.0,1,5200000.0,132600000.0
2025-12-01,红利策略,-37500000.0,0.0,2,208000000.0,447000000.0
2025-12-01,军工,-112000000.0,0.0,1,-185000000.0,-145000000.0
2025-12-01,科技,-184000000.0,0.0,1,-960000000.0,-800000000.0
2025-12-01,金融,-689400000.0,0.0,3,-993600000.0,1148000000.0
2025-12-01,宽基指数,-1072300000.0,0.0,6,-4559700000.0,-2143800000.0
2025-12-01,未分类,-1743072621.0,0.0,1321,-24144453149.999992,76678530910.0
2025-12-02,未分类,2393622012.0,0.0,1321,-15545146561.999992,68676822567.0
2025-12-02,消费,485300000.0,0.0,3,1722500000.0,1903900000.0
2025-12-02,金融,459600000.0,0.0,3,-663600000.0,371800000.0
2025-12-02,科技,124000000.0,0.0,1,-702000000.0,-670000000.0
2025-12-02,红利策略,111500000.0,0.0,2,335000000.0,701500000.0
2025-12-02,新能源,94000000.0,0.0,3,60500000.0,-1006500000.0
2025-12-02,海外指数,1300000.0,0.0,1,5200000.0,120900000.0
2025-12-02,军工,-131000000.0,0.0,1,-243000000.0,-175000000.0
2025-12-02,宽基指数,-324000000.0,0.0,6,-3169700000.0,-1021600000.0
2025-12-03,未分类,4608480117.0,0.0,1321,-408112214.9999924,60020184245.0
2025-12-03,军工,125000000.0,0.0,1,-160000000.0,-66000000.0
2025-12-03,科技,26000000.0,0.0,1,-290000000.0,-654000000.0
2025-12-03,红利策略,19000000.0,0.0,2,223500000.0,488500000.0
2025-12-03,金融,18599999.999996185,0.0,3,-936800000.0000038,-992000000.0000038
2025-12-03,海外指数,1300000.0,0.0,1,5200000.0,109200000.0
2025-12-03,新能源,-29500000.0,0.0,3,34000000.0,-1085500000.0
2025-12-03,宽基指数,-158500000.0,0.0,6,-1613200000.0,-1100200000.0
2025-12-03,消费,-333700000.0,0.0,3,774000000.0,2129700000.0
2025-12-04,未分类,2527552133.0,0.0,1321,4555799420.000008,68550409569.0
2025-12-04,宽基指数,294000000.0,0.0,6,-1121300000.0,66400000.0
2025-12-04,红利策略,13000000.0,0.0,2,185500000.0,509000000.0
2025-12-04,海外指数,1300000.0,0.0,1,6500000.0,97500000.0
2025-12-04,军工,-51000000.0,0.0,1,-190000000.0,-138000000.0
2025-12-04,科技,-76000000.0,0.0,1,-204000000.0,-270000000.0
2025-12-04,新能源,-103000000.0,0.0,3,-11000000.0,-1184000000.0
2025-12-04,消费,-115200000.0,0.0,3,410100000.0,1758900000.0
2025-12-04,金融,-670200000.0,0.0,3,-1522000000.0000038,-1128600000.0000038
2025-12-05,未分类,31198238134.0,0.0,1322,38984819775.00001,96163186707.0
2025-12-05,宽基指数,574200000.0,0.0,6,-686600000.0,1001500000.0
2025-12-05,科技,176000000.0,0.0,1,66000000.0,-136000000.0
2025-12-05,红利策略,47500000.0,0.0,2,153500000.0,567000000.0
2025-12-05,消费,13200000.0,0.0,3,139400000.0,1574900000.0
2025-12-05,海外指数,1300000.0,0.0,1,6500000.0,79300000.0
2025-12-05,新能源,-91500000.0,0.0,3,-64500000.0,-1140500000.0
2025-12-05,军工,-268000000.0,0.0,1,-437000000.0,-333000000.0
2025-12-05,金融,-1729800000.0,0.0,3,-2611200000.000004,-3188400000.000004
2025-12-08,未分类,594015367.0,0.0,1323,41321907763.00001,91583296298.0
2025-12-08,消费,576500000.0,0.0,3,626100000.0,3212100000.0
2025-12-08,红利策略,25000000.0,0.0,2,216000000.0,627500000.0
2025-12-08,海外指数,1300000.0,0.0,1,6500000.0,61100000.0
2025-12-08,宽基指数,-25200000.0,0.0,6,360500000.0,745300000.0
2025-12-08,新能源,-46000000.0,0.0,3,-176000000.0,-1310500000.0
2025-12-08,科技,-322000000.0,0.0,1,-72000000.0,-476000000.0
2025-12-08,军工,-336000000.0,0.0,1,-661000000.0,-649000000.0
2025-12-08,金融,-3789800000.0,0.0,3,-5711600000.000004,-4973600000.000004
2025-12-09,消费,119500000.0,0.0,3,260300000.0,2885700000.0
2025-12-09,红利策略,88000000.0,0.0,2,192500000.0,720000000.0
2025-12-09,科技,28000000.0,0.0,1,-168000000.0,-394000000.0
2025-12-09,海外指数,1300000.0,0.0,1,6500000.0,42900000.0
2025-12-09,金融,-101400000.0,0.0,3,-6272600000.000004,-5880000000.000004
2025-12-09,军工,-123000000.0,0.0,1,-653000000.0,-900000000.0
2025-12-09,新能源,-149500000.0,0.0,3,-419500000.0,-1367500000.0
2025-12-09,宽基指数,-880100000.0,0.0,6,-195600000.0,37100000.0
2025-12-09,未分类,-1263001707.0,0.0,1323,37665284044.00001,85057332774.0
2025-12-10,未分类,1912498687.000001,0.0,1324,34969302614.00001,80424087039.00002
2025-12-10,红利策略,100500000.0,0.0,2,274000000.0,849500000.0
2025-12-10,海外指数,1300000.0,0.0,1,6500000.0,24700000.0
2025-12-10,新能源,500000.0,0.0,3,-389500000.0,-1365500000.0
2025-12-10,军工,-47000000.0,0.0,1,-825000000.0,-1080000000.0
2025-12-10,科技,-62000000.0,0.0,1,-256000000.0,-452000000.0
2025-12-10,消费,-103500000.0,0.0,3,490500000.0,2585200000.0
2025-12-10,金融,-404200000.0,0.0,3,-6695400000.0,-7577600000.000004
2025-12-10,宽基指数,-767800000.0,0.0,6,-804900000.0,-587800000.0
2025-12-11,未分类,5398499253.0,0.0,1325,37840249734.00001,89231578182.00002
2025-12-11,红利策略,144000000.0,0.0,2,405000000.0,985500000.0
2025-12-11,新能源,25500000.0,0.0,3,-261000000.0,-1223500000.0
2025-12-11,海外指数,1300000.0,0.0,1,6500000.0,24700000.0
2025-12-11,科技,-16000000.0,0.0,1,-196000000.0,-320000000.0
2025-12-11,消费,-146000000.0,0.0,3,459700000.0,1928700000.0
2025-12-11,军工,-156000000.0,0.0,1,-930000000.0,-1112000000.0
2025-12-11,宽基指数,-206500000.0,0.0,6,-1305400000.0,-415700000.0
2025-12-11,金融,-298200000.0,0.0,3,-6323400000.0,-7628400000.000004
2025-12-12,未分类,7396977350.000004,0.0,1325,14038988950.000011,88229668961.00002
2025-12-12,宽基指数,1628800000.0,0.0,6,-250800000.0,928400000.0
2025-12-12,红利策略,144000000.0,0.0,2,501500000.0,1104000000.0
2025-12-12,海外指数,1300000.0,0.0,1,6500000.0,24700000.0
2025-12-12,新能源,-28500000.0,0.0,3,-198000000.0,-1141000000.0
2025-12-12,消费,-201300000.0,0.0,3,245200000.0,1048300000.0
2025-12-12,科技,-204000000.0,0.0,1,-576000000.0,-912000000.0
2025-12-12,军工,-300000000.0,0.0,1,-962000000.0,-1445000000.0
2025-12-12,金融,-369800000.0,0.0,3,-4963400000.0,-7990400000.000004
2025-12-15,未分类,8502875288.0,0.0,1326,21947848871.00001,87571036630.00002
2025-12-15,科技,72000000.0,0.0,1,-182000000.0,-904000000.0
2025-12-15,红利策略,57000000.0,0.0,2,533500000.0,1092500000.0
2025-12-15,海外指数,1300000.0,0.0,1,6500000.0,24700000.0
2025-12-15,新能源,-58000000.0,0.0,3,-210000000.0,-1123500000.0
2025-12-15,军工,-148000000.0,0.0,1,-774000000.0,-1715000000.0
2025-12-15,宽基指数,-221400000.0,0.0,6,-447000000.0,-208600000.0
2025-12-15,消费,-775200000.0,0.0,3,-1106500000.0,637400000.0
2025-12-15,金融,-1129800000.0,0.0,3,-2303400000.0,-9944000000.000004
2025-12-16,未分类,14482447210.0,0.0,1326,37693297788.000015,95409042838.00002
2025-12-16,金融,308200000.0,0.0,3,-1893800000.0,-8726000000.000004
2025-12-16,消费,185000000.0,0.0,3,-1041000000.0,1012500000.0
2025-12-16,红利策略,153500000.0,0.0,2,599000000.0,1262000000.0
2025-12-16,科技,138000000.0,0.0,1,-72000000.0,-512000000.0
2025-12-16,海外指数,1300000.0,0.0,1,6500000.0,24700000.0
2025-12-16,宽基指数,-85600000.0,0.0,6,347500000.0,-677600000.0
2025-12-16,军工,-186000000.0,0.0,1,-837000000.0,-1923000000.0
2025-12-16,新能源,-241000000.0,0.0,3,-301500000.0,-1264000000.0
2025-12-17,未分类,13189886858.0,0.0,1327,48970685959.000015,102859002375.00002
2025-12-17,宽基指数,591900000.0,0.0,6,1707200000.0,417200000.0
2025-12-17,消费,123600000.0,0.0,3,-813900000.0,1192200000.0
2025-12-17,红利策略,79500000.0,0.0,2,578000000.0,1389000000.0
2025-12-17,科技,36000000.0,0.0,1,26000000.0,-678000000.0
2025-12-17,海外指数,1300000.0,0.0,1,6500000.0,24700000.0
2025-12-17,军工,-7000000.0,0.0,1,-797000000.0,-2012000000.0
2025-12-17,新能源,-162000000.0,0.0,3,-464000000.0,-1436000000.0
2025-12-17,金融,-897400000.0,0.0,3,-2387000000.0,-9004400000.000004
2025-12-18,未分类,9095767386.0,0.0,1329,52667954092.000015,103553119878.00002
2025-12-18,宽基指数,764000000.0,0.0,6,2677700000.0,1035400000.0
2025-12-18,消费,190100000.0,0.0,3,-477800000.0,1545200000.0
2025-12-18,海外指数,1300000.0,0.0,1,6500000.0,24700000.0
2025-12-18,金融,-20600000.0,0.0,3,-2109400000.0,-8424200000.000004
2025-12-18,红利策略,-24000000.0,0.0,2,410000000.0,1393000000.0
2025-12-18,新能源,-70500000.0,0.0,3,-560000000.0,-1358500000.0
2025-12-18,科技,-100000000.0,0.0,1,-58000000.0,-924000000.0
2025-12-18,军工,-255000000.0,0.0,1,-896000000.0,-2244000000.0
2025-12-19,未分类,8782268865.0,0.0,1330,54053245607.0,88094085613.0
2025-12-19,宽基指数,492600000.0,0.0,6,1541500000.0,-1221200000.0
2025-12-19,消费,217100000.0,0.0,3,-59400000.0,1943100000.0
2025-12-19,科技,154000000.0,0.0,1,300000000.0,-1046000000.0
2025-12-19,红利策略,17000000.0,0.0,2,283000000.0,1279000000.0
2025-12-19,海外指数,1300000.0,0.0,1,6500000.0,24700000.0
2025-12-19,金融,-16600000.0,0.0,3,-1756200000.0,-9894600000.000004
2025-12-19,新能源,-66500000.0,0.0,3,-598000000.0,-1403500000.0
2025-12-19,军工,-158000000.0,0.0,1,-754000000.0,-2376000000.0
2025-12-22,未分类,8037044929.0,0.0,1332,53587415248.0,92712718732.0
2025-12-22,消费,182900000.0,0.0,3,898700000.0,1825800000.0
2025-12-22,金融,154400000.0,0.0,3,-472000000.0,-9480600000.000004
2025-12-22,海外指数,1300000.0,0.0,1,6500000.0,24700000.0
2025-12-22,红利策略,-13500000.0,0.0,2,212500000.0,1170000000.0
2025-12-22,新能源,-97000000.0,0.0,3,-637000000.0,-1273500000.0
2025-12-22,军工,-128000000.0,0.0,1,-734000000.0,-2354000000.0
2025-12-22,科技,-318000000.0,0.0,1,-90000000.0,-1304000000.0
2025-12-22,宽基指数,-1034500000.0,0.0,6,728400000.0,-3917800000.0
2025-12-23,未分类,9740870263.999998,0.0,1333,48845838302.0,108659273572.0
2025-12-23,消费,293300000.0,0.0,3,1007000000.0,1948800000.0
2025-12-23,海外指数,1300000.0,0.0,1,6500000.0,24700000.0
2025-12-23,红利策略,-44000000.0,0.0,2,15000000.0,1141500000.0
2025-12-23,科技,-54000000.0,0.0,1,-282000000.0,-1224000000.0
2025-12-23,新能源,-60000000.0,0.0,3,-456000000.0,-1116500000.0
2025-12-23,金融,-114600000.0,0.0,3,-894800000.0,-9724800000.000004
2025-12-23,军工,-179000000.0,0.0,1,-727000000.0,-2460000000.0
2025-12-23,宽基指数,-1343600000.0,0.0,6,-529600000.0,-3547400000.0
2025-12-24,未分类,9136766942.0,0.0,1334,44792718386.0,128324594744.0
2025-12-24,宽基指数,616400000.0,0.0,6,-505100000.0,-1216000000.0
2025-12-24,红利策略,49000000.0,0.0,2,-15500000.0,1060000000.0
2025-12-24,消费,21900000.0,0.0,3,905300000.0,1355900000.0
2025-12-24,海外指数,1300000.0,0.0,1,6500000.0,24700000.0
2025-12-24,新能源,-39500000.0,0.0,3,-333500000.0,-1153000000.0
2025-12-24,科技,-196000000.0,0.0,1,-514000000.0,-1034000000.0
2025-12-24,军工,-256000000.0,0.0,1,-976000000.0,-2758000000.0
2025-12-24,金融,-701400000.0,0.0,3,-698800000.0,-10718000000.000004
2025-12-25,未分类,4506033768.0,0.0,1335,40202984768.0,135266988014.00002
2025-12-25,宽基指数,85700000.0,0.0,6,-1183400000.0,-932400000.0
2025-12-25,科技,80000000.0,0.0,1,-334000000.0,-792000000.0
2025-12-25,红利策略,3000000.0,0.0,2,11500000.0,1012000000.0
2025-12-25,海外指数,0.0,0.0,1,5200000.0,24700000.0
2025-12-25,新能源,-131500000.0,0.0,3,-394500000.0,-1226500000.0
2025-12-25,金融,-384000000.0,0.0,3,-1062200000.0,-11017000000.000004
2025-12-25,军工,-417000000.0,0.0,1,-1138000000.0,-3154000000.0
2025-12-25,消费,-642400000.0,0.0,3,72800000.0,464800000.0
2025-12-26,未分类,1181335813.9999995,0.0,1335,32602051717.000004,139679106049.0
2025-12-26,宽基指数,1069400000.0,0.0,6,-606600000.0,-2500000.0
2025-12-26,新能源,78000000.0,0.0,3,-250000000.0,-1110500000.0
2025-12-26,海外指数,1300000.0,0.0,1,5200000.0,24700000.0
2025-12-26,科技,-54000000.0,0.0,1,-542000000.0,-752000000.0
2025-12-26,红利策略,-72500000.0,0.0,2,-78000000.0,860000000.0
2025-12-26,消费,-231300000.0,0.0,3,-375600000.0,-50400000.0
2025-12-26,金融,-257000000.0,0.0,3,-1302600000.0,-10633400000.000004
2025-12-26,军工,-268000000.0,0.0,1,-1248000000.0,-3401000000.0
2025-12-29,消费,21700000.0,0.0,3,-536800000.0,-118500000.0
2025-12-29,海外指数,1300000.0,0.0,1,5200000.0,24700000.0
2025-12-29,红利策略,-56000000.0,0.0,2,-120500000.0,841500000.0
2025-12-29,新能源,-157000000.0,0.0,3,-310000000.0,-1333000000.0
2025-12-29,金融,-251200000.0,0.0,3,-1708200000.0,-10195200000.000004
2025-12-29,军工,-431000000.0,0.0,1,-1551000000.0,-3720000000.0
2025-12-29,科技,-516000000.0,0.0,1,-740000000.0,-1084000000.0
2025-12-29,宽基指数,-1000200000.0,0.0,6,-572300000.0,69600000.0
2025-12-29,未分类,-5952261268.000001,0.0,1337,18612745520.000004,135469917402.0
2025-12-30,未分类,4197525268.9999995,0.0,1337,13069400525.000006,137273820659.0
2025-12-30,消费,271600000.0,0.0,3,-558500000.0,-332200000.0
2025-12-30,金融,230200000.0,0.0,3,-1363400000.0,-10424600000.000004
2025-12-30,红利策略,222000000.0,0.0,2,145500000.0,952000000.0
2025-12-30,新能源,29000000.0,0.0,3,-221000000.0,-1398000000.0
2025-12-30,宽基指数,6500000.0,0.0,6,777800000.0,400100000.0
2025-12-30,海外指数,1300000.0,0.0,1,5200000.0,24700000.0
2025-12-30,科技,-132000000.0,0.0,1,-818000000.0,-1340000000.0
2025-12-30,军工,-197000000.0,0.0,1,-1569000000.0,-3786000000.0
2025-12-31,未分类,7710361446.999996,0.0,1338,11642995030.000002,140375701989.0
2025-12-31,消费,335200000.0,0.0,3,-245200000.0,336700000.0
2025-12-31,红利策略,69000000.0,0.0,2,165500000.0,1002000000.0
2025-12-31,科技,50000000.0,0.0,1,-572000000.0,-1316000000.0
2025-12-31,海外指数,1300000.0,0.0,1,5200000.0,24700000.0
2025-12-31,新能源,-95500000.0,0.0,3,-277000000.0,-1464000000.0
2025-12-31,军工,-209000000.0,0.0,1,-1522000000.0,-4120000000.0
2025-12-31,金融,-276400000.0,0.0,3,-938400000.0,-10719600000.0
2025-12-31,宽基指数,-808400000.0,0.0,6,-647000000.0,-249800000.0
2026-01-05,宽基指数,608000000.0,0.0,6,-124700000.0,64200000.0
2026-01-05,新能源,84500000.0,0.0,3,-61000000.0,-1276500000.0
2026-01-05,军工,8000000.0,0.0,1,-1097000000.0,-4061000000.0
2026-01-05,海外指数,1300000.0,0.0,1,6500000.0,24700000.0
2026-01-05,红利策略,-162500000.0,0.0,2,0.0,826500000.0
2026-01-05,科技,-372000000.0,0.0,1,-1024000000.0,-1612000000.0
2026-01-05,金融,-422800000.0,0.0,3,-977200000.0,-10472200000.0
2026-01-05,消费,-1399600000.0,0.0,3,-1002400000.0,-947700000.0
2026-01-05,未分类,-7802063508.999996,0.0,1341,-665102246.9999943,130046086347.0
2026-01-06,未分类,3342016822.000001,0.0,1343,1495578761.0000072,102189865035.00002
2026-01-06,宽基指数,755200000.0,0.0,6,-438900000.0,245200000.0
2026-01-06,消费,453300000.0,0.0,3,-317800000.0,-507600000.0
2026-01-06,海外指数,1300000.0,0.0,1,6500000.0,24700000.0
2026-01-06,新能源,-9500000.0,0.0,3,-148500000.0,-1194500000.0
2026-01-06,军工,-56000000.0,0.0,1,-885000000.0,-3849000000.0
2026-01-06,科技,-62000000.0,0.0,1,-1032000000.0,-1850000000.0
2026-01-06,红利策略,-97500000.0,0.0,2,-25000000.0,681500000.0
2026-01-06,金融,-4040000000.0,0.0,3,-4760200000.0,-12782400000.0
2026-01-07,金融,668600000.0,0.0,3,-3840400000.0,-8324000000.0
2026-01-07,海外指数,1300000.0,0.0,1,6500000.0,24700000.0
2026-01-07,消费,-73300000.0,0.0,3,-412800000.0,-1157400000.0
2026-01-07,红利策略,-78500000.0,0.0,2,-47500000.0,578000000.0
2026-01-07,新能源,-111500000.0,0.0,3,-103000000.0,-1260000000.0
2026-01-07,军工,-127000000.0,0.0,1,-581000000.0,-3640000000.0
2026-01-07,科技,-268000000.0,0.0,1,-784000000.0,-1796000000.0
2026-01-07,宽基指数,-965200000.0,0.0,6,-403900000.0,-694800000.0
2026-01-07,未分类,-3213835147.0,0.0,1344,4234004882.0000076,98382014521.0
2026-01-08,未分类,4256732075.000005,0.0,1346,4293211688.000014,103901748303.0
2026-01-08,金融,2466800000.0,0.0,3,-1603800000.0,-5755800000.0
2026-01-08,消费,284200000.0,0.0,3,-400200000.0,-992700000.0
2026-01-08,宽基指数,263200000.0,0.0,6,-147200000.0,448500000.0
2026-01-08,海外指数,1300000.0,0.0,1,6500000.0,24700000.0
2026-01-08,新能源,-86000000.0,0.0,3,-218000000.0,-1196500000.0
2026-01-08,科技,-172000000.0,0.0,1,-824000000.0,-1996000000.0
2026-01-08,军工,-186000000.0,0.0,1,-570000000.0,-3703000000.0
2026-01-08,红利策略,-227500000.0,0.0,2,-497000000.0,262500000.0
2026-01-09,未分类,9930190184.000002,0.0,1349,6513040425.000019,111919439800.0
2026-01-09,金融,1050600000.0,0.0,3,-276800000.0,-4301000000.0
2026-01-09,宽基指数,553000000.0,0.0,6,1214200000.0,1769300000.0
2026-01-09,消费,267500000.0,0.0,3,-467900000.0,-621700000.0
2026-01-09,军工,116000000.0,0.0,1,-245000000.0,-3540000000.0
2026-01-09,海外指数,1300000.0,0.0,1,6500000.0,24700000.0
2026-01-09,科技,0.0,0.0,1,-874000000.0,-1934000000.0
2026-01-09,红利策略,-66500000.0,0.0,2,-632500000.0,95500000.0
2026-01-09,新能源,-241500000.0,0.0,3,-364000000.0,-1438500000.0
2026-01-12,未分类,13321383868.999998,0.0,1352,27636487803.000015,119842324416.0
2026-01-12,军工,125000000.0,0.0,1,-128000000.0,-3259000000.0
2026-01-12,消费,92800000.0,0.0,3,1024500000.0,-382900000.0
2026-01-12,海外指数,1300000.0,0.0,1,6500000.0,24700000.0
2026-01-12,科技,-44000000.0,0.0,1,-546000000.0,-1962000000.0
2026-01-12,红利策略,-89000000.0,0.0,2,-559000000.0,-137500000.0
2026-01-12,新能源,-505500000.0,0.0,3,-954000000.0,-1969500000.0
2026-01-12,宽基指数,-945500000.0,0.0,6,-339300000.0,1030300000.0
2026-01-12,金融,-1902800000.0,0.0,3,-1756800000.0,-5905600000.0
2026-01-13,未分类,12258276557.999998,0.0,1354,36552747539.000015,124703623624.0
2026-01-13,消费,983000000.0,0.0,3,1554200000.0,801400000.0
2026-01-13,海外指数,1300000.0,0.0,1,6500000.0,24700000.0
2026-01-13,红利策略,-33000000.0,0.0,2,-494500000.0,-314500000.0
2026-01-13,军工,-66000000.0,0.0,1,-138000000.0,-3025000000.0
2026-01-13,科技,-92000000.0,0.0,1,-576000000.0,-1850000000.0
2026-01-13,新能源,-292000000.0,0.0,3,-1236500000.0,-2233000000.0
2026-01-13,金融,-623600000.0,0.0,3,1659600000.0,-6159400000.0
2026-01-13,宽基指数,-1248100000.0,0.0,6,-2342600000.0,-1846600000.0
2026-01-14,未分类,960080384.000001,0.0,1354,40726663070.000015,117160828720.0
2026-01-14,消费,828800000.0,0.0,3,2456300000.0,2405400000.0
2026-01-14,红利策略,145000000.0,0.0,2,-271000000.0,-226500000.0
2026-01-14,金融,96200000.0,0.0,3,1087200000.0,-4933400000.0
2026-01-14,海外指数,1300000.0,0.0,1,6500000.0,24700000.0
2026-01-14,科技,-184000000.0,0.0,1,-492000000.0,-2106000000.0
2026-01-14,军工,-374000000.0,0.0,1,-385000000.0,-3251000000.0
2026-01-14,新能源,-389500000.0,0.0,3,-1514500000.0,-2564500000.0
2026-01-14,宽基指数,-1738900000.0,0.0,6,-3116300000.0,-3364100000.0
2026-01-15,金融,563400000.0,0.0,3,-816200000.0,-4678200000.0
2026-01-15,消费,306500000.0,0.0,3,2478600000.0,2526900000.0
2026-01-15,海外指数,1300000.0,0.0,1,6500000.0,24700000.0
2026-01-15,军工,-40000000.0,0.0,1,-239000000.0,-3105000000.0
2026-01-15,红利策略,-67500000.0,0.0,2,-111000000.0,-447500000.0
2026-01-15,新能源,-91000000.0,0.0,3,-1519500000.0,-2414500000.0
2026-01-15,科技,-110000000.0,0.0,1,-430000000.0,-2354000000.0
2026-01-15,未分类,-6313063257.000001,0.0,1355,30156867738.000004,96365318253.0
2026-01-15,宽基指数,-11388500000.0,0.0,6,-14768000000.0,-14667000000.0
2026-01-16,金融,1255600000.0,0.0,3,-611200000.0,-2525200000.0
2026-01-16,消费,564600000.0,0.0,3,2775700000.0,2967900000.0
2026-01-16,科技,206000000.0,0.0,1,-224000000.0,-2184000000.0
2026-01-16,红利策略,130500000.0,0.0,2,86000000.0,-396500000.0
2026-01-16,海外指数,1300000.0,0.0,1,6500000.0,24700000.0
2026-01-16,新能源,-96500000.0,0.0,3,-1374500000.0,-2349000000.0
2026-01-16,军工,-128000000.0,0.0,1,-483000000.0,-3226000000.0
2026-01-16,未分类,-5263626934.999992,0.0,1356,14963050619.000011,77911804460.0
2026-01-16,宽基指数,-11824400000.0,0.0,6,-27145400000.0,-27083300000.0
2026-01-19,未分类,2013408986.9999905,0.0,1360,3655075737.000004,70829446061.0
2026-01-19,消费,528100000.0,0.0,3,3211000000.0,3305900000.0
2026-01-19,科技,170000000.0,0.0,1,-10000000.0,-1914000000.0
2026-01-19,红利策略,36500000.0,0.0,2,211500000.0,-336000000.0
2026-01-19,金融,2800000.0,0.0,3,1294400000.0,-2501800000.0
2026-01-19,海外指数,0.0,0.0,1,5200000.0,23400000.0
2026-01-19,军工,-35000000.0,0.0,1,-643000000.0,-3006000000.0
2026-01-19,新能源,-77000000.0,0.0,3,-946000000.0,-2355500000.0
2026-01-19,宽基指数,-6193200000.0,0.0,6,-32393100000.0,-34040500000.0
2026-01-20,未分类,2164047752.0,0.0,1361,-6439153068.999994,64211224947.99999
2026-01-20,消费,354300000.0,0.0,3,2582300000.0,3443100000.0
2026-01-20,海外指数,1300000.0,0.0,1,5200000.0,23400000.0
2026-01-20,红利策略,-10500000.0,0.0,2,234000000.0,-363500000.0
2026-01-20,科技,-12000000.0,0.0,1,70000000.0,-2080000000.0
2026-01-20,军工,-37000000.0,0.0,1,-614000000.0,-2885000000.0
2026-01-20,新能源,-146000000.0,0.0,3,-800000000.0,-2435000000.0
2026-01-20,金融,-408000000.0,0.0,3,1510000000.0,-2893200000.0
2026-01-20,宽基指数,-7698999999.999998,0.0,6,-38844000000.0,-42232100000.0
2026-01-21,消费,1601200000.0,0.0,3,3354700000.0,4861400000.0
2026-01-21,红利策略,201000000.0,0.0,2,290000000.0,-149000000.0
2026-01-21,金融,79600000.0,0.0,3,1493400000.0,-2968000000.0
2026-01-21,海外指数,1300000.0,0.0,1,5200000.0,23400000.0
2026-01-21,军工,-34000000.0,0.0,1,-274000000.0,-2791000000.0
2026-01-21,新能源,-220500000.0,0.0,3,-631000000.0,-2558500000.0
2026-01-21,科技,-420000000.0,0.0,1,-166000000.0,-2182000000.0
2026-01-21,宽基指数,-10427500000.0,0.0,6,-47532600000.0,-51625100000.0
2026-01-21,未分类,-12569115615.999996,0.0,1361,-19968349068.999992,43605064403.00001
2026-01-22,科技,244000000.0,0.0,1,188000000.0,-1884000000.0
2026-01-22,消费,101600000.0,0.0,3,3149800000.0,4669700000.0
2026-01-22,海外指数,1300000.0,0.0,1,5200000.0,23400000.0
2026-01-22,红利策略,-18500000.0,0.0,2,339000000.0,-123500000.0
2026-01-22,军工,-31000000.0,0.0,1,-265000000.0,-2643000000.0
2026-01-22,新能源,-70000000.0,0.0,3,-610000000.0,-2568500000.0
2026-01-22,金融,-225600000.0,0.0,3,704400000.0,-3079000000.0
2026-01-22,未分类,-2590353754.0,0.0,1362,-16245639565.999992,31273840385.000008
2026-01-22,宽基指数,-7301500000.000008,0.0,6,-43445600000.00001,-57583000000.00001
2026-01-23,新能源,681000000.0,0.0,3,167500000.0,-1848000000.0
2026-01-23,消费,367700000.0,0.0,3,2952900000.0,5015500000.0
2026-01-23,未分类,244971611.00000095,0.0,1363,-10737041020.0,22382045054.000008
2026-01-23,科技,236000000.0,0.0,1,218000000.0,-1452000000.0
2026-01-23,金融,66400000.0,0.0,3,-484800000.0,-2311200000.0
2026-01-23,红利策略,14000000.0,0.0,2,222500000.0,-158500000.0
2026-01-23,海外指数,1300000.0,0.0,1,5200000.0,23400000.0
2026-01-23,军工,-105000000.0,0.0,1,-242000000.0,-2492000000.0
2026-01-23,宽基指数,-8459100000.0,0.0,6,-40080300000.00001,-66658500000.00001
2026-01-26,消费,677200000.0,0.0,3,3102000000.0,6335100000.0
2026-01-26,军工,63000000.0,0.0,1,-144000000.0,-2012000000.0
2026-01-26,海外指数,1300000.0,0.0,1,6500000.0,24700000.0
2026-01-26,科技,-32000000.0,0.0,1,16000000.0,-1564000000.0
2026-01-26,红利策略,-172500000.0,0.0,2,13500000.0,-334000000.0
2026-01-26,新能源,-526000000.0,0.0,3,-281500000.0,-2242500000.0
2026-01-26,金融,-2048400000.0,0.0,3,-2536000000.0,-3975600000.0
2026-01-26,未分类,-3215079969.0,0.0,1366,-15965529975.999989,14660931317.000008
2026-01-26,宽基指数,-12484700000.0,0.0,6,-46371800000.00001,-79228900000.0
2026-01-27,金融,1650600000.0,0.0,3,-477400000.0,-2068000000.0
2026-01-27,消费,870300000.0,0.0,3,3618000000.0,7436700000.0
2026-01-27,红利策略,190000000.0,0.0,2,214000000.0,-71500000.0
2026-01-27,海外指数,1300000.0,0.0,1,6500000.0,24700000.0
2026-01-27,军工,-53000000.0,0.0,1,-160000000.0,-1797000000.0
2026-01-27,新能源,-93500000.0,0.0,3,-229000000.0,-2414000000.0
2026-01-27,科技,-244000000.0,0.0,1,-216000000.0,-1754000000.0
2026-01-27,未分类,-1949297727.0,0.0,1368,-20078875454.99999,11530297776.000004
2026-01-27,宽基指数,-6314300000.0,0.0,6,-44987100000.00001,-86612600000.0
2026-01-28,科技,186000000.0,0.0,1,390000000.0,-1052000000.0
2026-01-28,新能源,102000000.0,0.0,3,93500000.0,-2155000000.0
2026-01-28,消费,52200000.0,0.0,3,2069000000.0,7467200000.0
2026-01-28,金融,38600000.0,0.0,3,-518400000.0,-1778200000.0
2026-01-28,军工,29000000.0,0.0,1,-97000000.0,-1337000000.0
2026-01-28,海外指数,1300000.0,0.0,1,6500000.0,24700000.0
2026-01-28,红利策略,-131500000.0,0.0,2,-118500000.0,-147000000.0
2026-01-28,未分类,-4731316239.0,0.0,1369,-12241076077.999992,12751242805.000008
2026-01-28,宽基指数,-16545700000.0,0.0,6,-51105300000.00001,-102158100000.0
2026-01-29,未分类,8886564675.0,0.0,1369,-764157648.9999924,17440282211.000008
2026-01-29,科技,460000000.0,0.0,1,606000000.0,-460000000.0
2026-01-29,金融,286000000.0,0.0,3,-6800000.0,-1722400000.0
2026-01-29,海外指数,1300000.0,0.0,1,6500000.0,24700000.0
2026-01-29,新能源,-21500000.0,0.0,3,142000000.0,-2205500000.0
2026-01-29,军工,-38000000.0,0.0,1,-104000000.0,-1178000000.0
2026-01-29,红利策略,-333500000.0,0.0,2,-433500000.0,-702500000.0
2026-01-29,消费,-987000000.0,0.0,3,980400000.0,6208600000.0
2026-01-29,宽基指数,-6959900000.0,0.0,6,-50763700000.0,-109124500000.0
2026-01-30,未分类,11232190447.0,0.0,1371,10223061187.000008,20962111211.000008
2026-01-30,金融,1001400000.0,0.0,3,928200000.0,-444600000.0
2026-01-30,海外指数,1300000.0,0.0,1,6500000.0,24700000.0
2026-01-30,红利策略,-2500000.0,0.0,2,-450000000.0,-774000000.0
2026-01-30,新能源,-4000000.0,0.0,3,-543000000.0,-2114000000.0
2026-01-30,科技,-6000000.0,0.0,1,364000000.0,-516000000.0
2026-01-30,军工,-50000000.0,0.0,1,-49000000.0,-1019000000.0
2026-01-30,消费,-297200000.0,0.0,3,315500000.0,5576200000.0
2026-01-30,宽基指数,-2526900000.0,0.0,6,-44831500000.0,-110843000000.0
2026-02-02,未分类,19479838007.0,0.0,1374,32917979163.000008,48244012727.0
2026-02-02,金融,1335400000.0,0.0,3,4312000000.0,1313600000.0
2026-02-02,消费,454500000.0,0.0,3,92800000.0,7430300000.0
2026-02-02,科技,452000000.0,0.0,1,848000000.0,308000000.0
2026-02-02,红利策略,302500000.0,0.0,2,25000000.0,-309000000.0
2026-02-02,海外指数,1300000.0,0.0,1,6500000.0,24700000.0
2026-02-02,军工,-27000000.0,0.0,1,-139000000.0,-1054000000.0
2026-02-02,新能源,-215500000.0,0.0,3,-232500000.0,-2414000000.0
2026-02-02,宽基指数,-3189000000.0,0.0,6,-35535800000.0,-114640000000.0
2026-02-03,未分类,4362455123.0,0.0,1375,39229732013.00001,49264451028.0
2026-02-03,金融,1877600000.0,0.0,3,4539000000.0,7231200000.0
2026-02-03,消费,833300000.0,0.0,3,55800000.0,7810300000.0
2026-02-03,宽基指数,748700000.0,0.0,6,-28472800000.0,-114646500000.0
2026-02-03,红利策略,164500000.0,0.0,2,-500000.0,-47000000.0
2026-02-03,新能源,90000000.0,0.0,3,-49000000.0,-2314500000.0
2026-02-03,科技,16000000.0,0.0,1,1108000000.0,386000000.0
2026-02-03,海外指数,1300000.0,0.0,1,6500000.0,24700000.0
2026-02-03,军工,-117000000.0,0.0,1,-203000000.0,-1115000000.0
2026-02-04,未分类,9008919142.0,0.0,1375,52969967394.00001,61487205317.0
2026-02-04,新能源,310500000.0,0.0,3,159500000.0,-1892500000.0
2026-02-04,科技,186000000.0,0.0,1,1108000000.0,840000000.0
2026-02-04,海外指数,1300000.0,0.0,1,6500000.0,24700000.0
2026-02-04,军工,-59000000.0,0.0,1,-291000000.0,-1047000000.0
2026-02-04,红利策略,-89500000.0,0.0,2,41500000.0,-58000000.0
2026-02-04,消费,-398100000.0,0.0,3,-394500000.0,7485500000.0
2026-02-04,宽基指数,-952700000.0,0.0,6,-12879800000.0,-114634000000.0
2026-02-04,金融,-1055200000.0,0.0,3,3445200000.0,5507400000.0
2026-02-05,未分类,11335796176.0,0.0,1376,55419198895.00001,68566269418.0
2026-02-05,金融,207800000.0,0.0,3,3367000000.0,3248400000.0
2026-02-05,新能源,103000000.0,0.0,3,284000000.0,-1703500000.0
2026-02-05,红利策略,29500000.0,0.0,2,404500000.0,199000000.0
2026-02-05,科技,20000000.0,0.0,1,668000000.0,1032000000.0
2026-02-05,军工,19000000.0,0.0,1,-234000000.0,-842000000.0
2026-02-05,海外指数,1300000.0,0.0,1,6500000.0,24700000.0
2026-02-05,宽基指数,-4000000.0,0.0,6,-5923900000.0,-114901200000.0
2026-02-05,消费,-250600000.0,0.0,3,341900000.0,6950700000.0
2026-02-06,未分类,9122426294.0,0.0,1382,53309434742.00001,67758505528.0
2026-02-06,宽基指数,534700000.0,0.0,6,-2862300000.0,-114919500000.0
2026-02-06,金融,345400000.0,0.0,3,2711000000.0,2543200000.0
2026-02-06,科技,62000000.0,0.0,1,736000000.0,1094000000.0
2026-02-06,军工,58000000.0,0.0,1,-126000000.0,-900000000.0
2026-02-06,海外指数,1300000.0,0.0,1,6500000.0,24700000.0
2026-02-06,红利策略,-9500000.0,0.0,2,397500000.0,256000000.0
2026-02-06,消费,-222100000.0,0.0,3,417000000.0,6461100000.0
2026-02-06,新能源,-242000000.0,0.0,3,46000000.0,-1704000000.0
2026-02-09,新能源,136000000.0,0.0,3,397500000.0,-1062500000.0
2026-02-09,军工,4000000.0,0.0,1,-95000000.0,-1021000000.0
2026-02-09,海外指数,1300000.0,0.0,1,6500000.0,24700000.0
2026-02-09,红利策略,-8500000.0,0.0,2,86500000.0,336500000.0
2026-02-09,消费,-213900000.0,0.0,3,-251400000.0,6154400000.0
2026-02-09,科技,-226000000.0,0.0,1,58000000.0,912000000.0
2026-02-09,宽基指数,-254700000.0,0.0,6,72000000.0,-114228700000.0
2026-02-09,金融,-460600000.0,0.0,3,915000000.0,3985400000.0
2026-02-09,未分类,-1954380133.0,0.0,1383,31875216602.000008,52482741526.0
2026-02-10,消费,513100000.0,0.0,3,-571600000.0,5684500000.0
2026-02-10,军工,114000000.0,0.0,1,136000000.0,-841000000.0
2026-02-10,新能源,84500000.0,0.0,3,392000000.0,-686000000.0
2026-02-10,海外指数,1300000.0,0.0,1,6500000.0,24700000.0
2026-02-10,红利策略,-35000000.0,0.0,2,-113000000.0,334500000.0
2026-02-10,科技,-56000000.0,0.0,1,-14000000.0,948000000.0
2026-02-10,金融,-236000000.0,0.0,3,-1198600000.0,4373000000.0
2026-02-10,宽基指数,-809400000.0,0.0,6,-1486100000.0,-113790000000.0
2026-02-10,未分类,-4381189265.0,0.0,1386,23131572214.000008,35843275703.0
2026-02-11,宽基指数,115900000.0,0.0,6,-417500000.0,-111935200000.0
2026-02-11,科技,102000000.0,0.0,1,-98000000.0,1234000000.0
2026-02-11,新能源,56000000.0,0.0,3,137500000.0,-240500000.0
2026-02-11,军工,45000000.0,0.0,1,240000000.0,-422000000.0
2026-02-11,海外指数,1300000.0,0.0,1,6500000.0,24700000.0
2026-02-11,红利策略,-173000000.0,0.0,2,-196500000.0,16500000.0
2026-02-11,消费,-247500000.0,0.0,3,-421000000.0,4608200000.0
2026-02-11,未分类,-368662538.0,0.0,1391,13753990534.000008,34514532781.0
2026-02-11,金融,-396800000.0,0.0,3,-540200000.0,3880000000.0
2026-02-12,金融,328400000.0,0.0,3,-419600000.0,3645000000.0
2026-02-12,海外指数,1300000.0,0.0,1,6500000.0,24700000.0
2026-02-12,军工,-12000000.0,0.0,1,209000000.0,-394000000.0
2026-02-12,新能源,-32500000.0,0.0,3,2000000.0,-182000000.0
2026-02-12,红利策略,-52000000.0,0.0,2,-278000000.0,32000000.0
2026-02-12,科技,-160000000.0,0.0,1,-278000000.0,1184000000.0
2026-02-12,宽基指数,-214400000.0,0.0,6,-627900000.0,-100761100000.0
2026-02-12,消费,-242500000.0,0.0,3,-412900000.0,4059200000.0
2026-02-12,未分类,-2022123148.0000012,0.0,1392,396071210.00000644,38805472889.99999
2026-02-13,金融,353800000.0,0.0,3,-411200000.0,2743200000.0
2026-02-13,军工,148000000.0,0.0,1,299000000.0,-118000000.0
2026-02-13,新能源,97500000.0,0.0,3,341500000.0,12000000.0
2026-02-13,红利策略,82500000.0,0.0,2,-186000000.0,-16000000.0
2026-02-13,海外指数,1300000.0,0.0,1,6500000.0,24700000.0
2026-02-13,消费,-157000000.0,0.0,3,-347800000.0,3337600000.0
2026-02-13,科技,-166000000.0,0.0,1,-506000000.0,812000000.0
2026-02-13,未分类,-1595238892.9999962,0.0,1392,-10321593976.99999,42473860931.99999
2026-02-13,宽基指数,-2361300000.0,0.0,6,-3523900000.0,-91298000000.0
2026-02-24,未分类,12720150180.000004,0.0,1393,4352936336.000013,53180602125.00001
2026-02-24,金融,456200000.0,0.0,3,505600000.0,3196600000.0
2026-02-24,军工,134000000.0,0.0,1,429000000.0,51000000.0
2026-02-24,科技,68000000.0,0.0,1,-212000000.0,710000000.0
2026-02-24,海外指数,1300000.0,0.0,1,6500000.0,26000000.0
2026-02-24,新能源,-87500000.0,0.0,3,118000000.0,1500000.0
2026-02-24,红利策略,-146500000.0,0.0,2,-324000000.0,-199000000.0
2026-02-24,消费,-419600000.0,0.0,3,-553500000.0,2389900000.0
2026-02-24,宽基指数,-522000000.0,0.0,6,-3791200000.0,-85626800000.0
2026-02-25,未分类,889056066.0,0.0,1393,9623181667.000013,51905610439.00001
2026-02-25,军工,78000000.0,0.0,1,393000000.0,166000000.0
2026-02-25,海外指数,1300000.0,0.0,1,6500000.0,26000000.0
2026-02-25,科技,-16000000.0,0.0,1,-172000000.0,706000000.0
2026-02-25,新能源,-56500000.0,0.0,3,-23000000.0,91000000.0
2026-02-25,金融,-131400000.0,0.0,3,610200000.0,3473200000.0
2026-02-25,宽基指数,-147800000.0,0.0,6,-3129600000.0,-78075600000.0
2026-02-25,红利策略,-256000000.0,0.0,2,-545000000.0,-444500000.0
2026-02-25,消费,-695200000.0,0.0,3,-1761800000.0,1340400000.0
2026-02-26,金融,1104800000.0,0.0,3,2111800000.0,4498400000.0
2026-02-26,海外指数,1300000.0,0.0,1,6500000.0,26000000.0
2026-02-26,军工,-6000000.0,0.0,1,342000000.0,194000000.0
2026-02-26,新能源,-36500000.0,0.0,3,-115500000.0,275000000.0
2026-02-26,红利策略,-94500000.0,0.0,2,-466500000.0,-740000000.0
2026-02-26,科技,-130000000.0,0.0,1,-404000000.0,996000000.0
2026-02-26,消费,-335600000.0,0.0,3,-1849900000.0,-596400000.0
2026-02-26,宽基指数,-1318000000.000002,0.0,6,-4563500000.000002,-68966100000.0
2026-02-26,未分类,-7005355919.0,0.0,1395,2986488286.0000134,57469370136.0
2026-02-27,未分类,763325956.0,0.0,1396,5771937390.000014,60823049846.0
2026-02-27,科技,128000000.0,0.0,1,-116000000.0,880000000.0
2026-02-27,军工,23000000.0,0.0,1,377000000.0,248000000.0
2026-02-27,金融,9400000.0,0.0,3,1792800000.0,4733400000.0
2026-02-27,海外指数,1300000.0,0.0,1,6500000.0,26000000.0
2026-02-27,新能源,-50000000.0,0.0,3,-133000000.0,295000000.0
2026-02-27,消费,-100000000.0,0.0,3,-1707400000.0,-798000000.0
2026-02-27,红利策略,-143500000.0,0.0,2,-558000000.0,-865000000.0
2026-02-27,宽基指数,-331200000.0,0.0,6,-4680300000.000002,-61995800000.0
2026-03-02,未分类,8431977437.999999,0.0,1398,15799153721.00001,69010055673.0
2026-03-02,军工,565000000.0,0.0,1,794000000.0,918000000.0
2026-03-02,金融,447200000.0,0.0,3,1886200000.0,5114200000.0
2026-03-02,海外指数,1300000.0,0.0,1,6500000.0,26000000.0
2026-03-02,消费,-61100000.0,0.0,3,-1611500000.0,-1226800000.0
2026-03-02,新能源,-87000000.0,0.0,3,-317500000.0,-473000000.0
2026-03-02,科技,-110000000.0,0.0,1,-60000000.0,534000000.0
2026-03-02,红利策略,-241000000.0,0.0,2,-881500000.0,-1120000000.0
2026-03-02,宽基指数,-3031900000.0,0.0,6,-5350900000.000002,-56568600000.0
2026-03-03,未分类,19363191054.0,0.0,1399,22442194595.000008,91588326696.0
2026-03-03,科技,462000000.0,0.0,1,334000000.0,1028000000.0
2026-03-03,金融,335000000.0,0.0,3,1765000000.0,7497600000.0
2026-03-03,军工,202000000.0,0.0,1,862000000.0,1057000000.0
2026-03-03,消费,193900000.0,0.0,3,-998000000.0,-1710100000.0
2026-03-03,新能源,99000000.0,0.0,3,-131000000.0,152000000.0
2026-03-03,海外指数,1300000.0,0.0,1,6500000.0,26000000.0
2026-03-03,红利策略,-313999999.99999905,0.0,2,-1048999999.999999,-1261499999.999999
2026-03-03,宽基指数,-794200000.0,0.0,6,-5623100000.000002,-44878100000.0
2026-03-04,未分类,8035155109.0,0.0,1402,29588293638.000008,101572779532.0
2026-03-04,宽基指数,1007200000.0,0.0,6,-4468100000.000002,-37556600000.0
2026-03-04,金融,871800000.0,0.0,3,2768200000.0,6718800000.0
2026-03-04,红利策略,166500000.0,0.0,2,-626499999.999999,-1284999999.999999
2026-03-04,军工,12000000.0,0.0,1,796000000.0,1122000000.0
2026-03-04,海外指数,1300000.0,0.0,1,6500000.0,26000000.0
2026-03-04,消费,-135000000.0,0.0,3,-437800000.0,-2715400000.0
2026-03-04,新能源,-173500000.0,0.0,3,-248000000.0,72000000.0
2026-03-04,科技,-252000000.0,0.0,1,98000000.0,1020000000.0
2026-03-05,红利策略,51500000.0,0.0,2,-480499999.99999905,-1101999999.999999
2026-03-05,海外指数,1300000.0,0.0,1,6500000.0,26000000.0
2026-03-05,军工,-67000000.0,0.0,1,735000000.0,1026000000.0
2026-03-05,新能源,-75500000.0,0.0,3,-287000000.0,-105500000.0
2026-03-05,金融,-153000000.0,0.0,3,1510400000.0,6527200000.0
2026-03-05,科技,-240000000.0,0.0,1,-12000000.0,594000000.0
2026-03-05,消费,-388700000.0,0.0,3,-490900000.0,-3156300000.0
2026-03-05,宽基指数,-1901200000.0,0.0,6,-5051300000.0,-22912100000.0
2026-03-05,未分类,-11624497974.999998,0.0,1402,24969151582.000008,94679597796.0
2026-03-06,消费,829400000.0,0.0,3,438500000.0,-1339900000.0
2026-03-06,宽基指数,505600000.0,0.0,6,-4214500000.0,-15446600000.000002
2026-03-06,新能源,70500000.0,0.0,3,-166500000.0,-13500000.0
2026-03-06,海外指数,1300000.0,0.0,1,6500000.0,26000000.0
2026-03-06,军工,-3000000.0,0.0,1,709000000.0,1061000000.0
2026-03-06,科技,-14000000.0,0.0,1,-154000000.0,120000000.0
2026-03-06,红利策略,-20500000.0,0.0,2,-357499999.99999905,-788999999.999999
2026-03-06,金融,-566800000.0,0.0,3,934200000.0,5674400000.0
2026-03-06,未分类,-835322017.000001,0.0,1403,23370503609.000008,84957711104.0
2026-03-09,未分类,10992563632.999996,0.0,1403,25931089804.000004,84718084290.0
2026-03-09,新能源,479500000.0,0.0,3,400000000.0,470000000.0
2026-03-09,金融,254600000.0,0.0,3,741600000.0,4927600000.0
2026-03-09,科技,222000000.0,0.0,1,178000000.0,348000000.0
2026-03-09,军工,101000000.0,0.0,1,245000000.0,1212000000.0
2026-03-09,海外指数,1300000.0,0.0,1,6500000.0,26000000.0
2026-03-09,红利策略,-106000000.0,0.0,2,-222499999.99999905,-892499999.999999
2026-03-09,宽基指数,-277200000.0,0.0,6,-1459800000.0,-13196900000.000002
2026-03-09,消费,-518600000.0,0.0,3,-19000000.0,-1561300000.0
2026-03-10,新能源,111000000.0,0.0,3,412000000.0,796500000.0
2026-03-10,红利策略,109500000.0,0.0,2,201000000.0,-1085499999.999999
2026-03-10,金融,57200000.0,0.0,3,463800000.0,3649400000.0
2026-03-10,海外指数,1300000.0,0.0,1,6500000.0,26000000.0
2026-03-10,消费,-79200000.0,0.0,3,-292100000.0,-2095000000.0
2026-03-10,军工,-98000000.0,0.0,1,-55000000.0,1141000000.0
2026-03-10,科技,-264000000.0,0.0,1,-548000000.0,-368000000.0
2026-03-10,宽基指数,-376500000.0,0.0,6,-1042100000.0,-10384400000.000002
2026-03-10,未分类,-11422978181.0,0.0,1403,-4855079430.999996,53815268102.0
2026-03-11,新能源,247500000.0,0.0,3,833000000.0,954000000.0
2026-03-11,科技,220000000.0,0.0,1,-76000000.0,-164000000.0
2026-03-11,红利策略,41000000.0,0.0,2,75500000.0,-1208999999.999999
2026-03-11,海外指数,1300000.0,0.0,1,6500000.0,26000000.0
2026-03-11,消费,-21000000.0,0.0,3,-178100000.0,-2949300000.0
2026-03-11,军工,-41000000.0,0.0,1,-108000000.0,1217000000.0
2026-03-11,金融,-233000000.0,0.0,3,-641000000.0,1538800000.0
2026-03-11,宽基指数,-1291600000.0,0.0,6,-3340900000.0,-12424700000.000002
2026-03-11,未分类,-5199100023.0,0.0,1402,-18089334562.999996,44253712956.0
2026-03-12,新能源,282000000.0,0.0,3,1190500000.0,925500000.0
2026-03-12,科技,202000000.0,0.0,1,366000000.0,-148000000.0
2026-03-12,消费,124200000.0,0.0,3,334800000.0,-2427000000.0
2026-03-12,未分类,116504900.99999973,0.0,1402,-6348331686.999998,35361298714.99999
2026-03-12,海外指数,1300000.0,0.0,1,6500000.0,26000000.0
2026-03-12,军工,-63000000.0,0.0,1,-104000000.0,1213000000.0
2026-03-12,红利策略,-85500000.0,0.0,2,-61500000.0,-1204999999.999999
2026-03-12,金融,-346600000.0,0.0,3,-834600000.0,2247400000.0
2026-03-12,宽基指数,-554800000.0,0.0,6,-1994500000.0,-12026800000.000002
2026-03-13,未分类,5439085975.0,0.0,1402,-73923694.99999714,29464588513.999996
2026-03-13,金融,499000000.0,0.0,3,231200000.0,2538600000.0
2026-03-13,宽基指数,200700000.0,0.0,6,-2299400000.0,-11822100000.000002
2026-03-13,消费,107800000.0,0.0,3,-386800000.0,-2068600000.0
2026-03-13,红利策略,86000000.0,0.0,2,45000000.0,-1148499999.999999
2026-03-13,新能源,9500000.0,0.0,3,1129500000.0,832000000.0
2026-03-13,海外指数,1300000.0,0.0,1,6500000.0,26000000.0
2026-03-13,科技,-36000000.0,0.0,1,344000000.0,-204000000.0
2026-03-13,军工,-46000000.0,0.0,1,-147000000.0,1148000000.0
2026-03-16,宽基指数,750700000.0,0.0,6,-1271500000.0,-11606100000.000002
2026-03-16,金融,617200000.0,0.0,3,593800000.0,2810400000.0
2026-03-16,红利策略,111000000.0,0.0,2,262000000.0,-1027999999.999999
2026-03-16,海外指数,1300000.0,0.0,1,6500000.0,26000000.0
2026-03-16,新能源,-28000000.0,0.0,3,622000000.0,1046000000.0
2026-03-16,科技,-36000000.0,0.0,1,86000000.0,-302000000.0
2026-03-16,军工,-38000000.0,0.0,1,-286000000.0,1052000000.0
2026-03-16,消费,-218800000.0,0.0,3,-87000000.0,-2065300000.0
2026-03-16,未分类,-2684957449.0,0.0,1403,-13751444776.999992,17657204770.999996
2026-03-17,宽基指数,388400000.0,0.0,6,-506600000.0,-10963000000.000002
2026-03-17,科技,152000000.0,0.0,1,502000000.0,76000000.0
2026-03-17,红利策略,47000000.0,0.0,2,199500000.0,-972499999.999999
2026-03-17,军工,23000000.0,0.0,1,-165000000.0,1071000000.0
2026-03-17,海外指数,1300000.0,0.0,1,6500000.0,26000000.0
2026-03-17,新能源,-229000000.0,0.0,3,282000000.0,681000000.0
2026-03-17,消费,-509500000.0,0.0,3,-517300000.0,-2360900000.0
2026-03-17,金融,-906400000.0,0.0,3,-369800000.0,2364600000.0
2026-03-17,未分类,-2576588931.0,0.0,1404,-4905055526.999992,17034995972.999996
2026-03-18,金融,725600000.0,0.0,3,588800000.0,3326200000.0
2026-03-18,宽基指数,356900000.0,0.0,6,1141900000.0,-9796700000.000002
2026-03-18,红利策略,108500000.0,0.0,2,267000000.0,-828999999.999999
2026-03-18,海外指数,1300000.0,0.0,1,6500000.0,26000000.0
2026-03-18,新能源,-48500000.0,0.0,3,-14000000.0,548000000.0
2026-03-18,军工,-119000000.0,0.0,1,-243000000.0,838000000.0
2026-03-18,消费,-140100000.0,0.0,3,-636400000.0,-3014100000.0
2026-03-18,科技,-244000000.0,0.0,1,38000000.0,-112000000.0
2026-03-18,未分类,-9052548815.0,0.0,1408,-8758504318.999992,12363636422.999996
2026-03-19,未分类,4410639353.0,0.0,1410,-4464369866.999992,17142938313.999996
2026-03-19,金融,837000000.0,0.0,3,1772400000.0,4560000000.0
2026-03-19,宽基指数,491800000.0,0.0,6,2188500000.0,-9420800000.000002
2026-03-19,科技,404000000.0,0.0,1,240000000.0,190000000.0
2026-03-19,消费,91500000.0,0.0,3,-669100000.0,-2675100000.0
2026-03-19,海外指数,1300000.0,0.0,1,6500000.0,26000000.0
2026-03-19,军工,-28000000.0,0.0,1,-208000000.0,765000000.0
2026-03-19,红利策略,-34000000.0,0.0,2,318500000.0,-689999999.999999
2026-03-19,新能源,-70000000.0,0.0,3,-366000000.0,422000000.0
2026-03-20,宽基指数,357700000.0,0.0,6,2345500000.0,-8848700000.000002
2026-03-20,金融,228200000.0,0.0,3,1501600000.0,4459800000.0
2026-03-20,科技,120000000.0,0.0,1,396000000.0,470000000.0
2026-03-20,海外指数,1300000.0,0.0,1,6500000.0,26000000.0
2026-03-20,军工,-4000000.0,0.0,1,-166000000.0,773000000.0
2026-03-20,红利策略,-27500000.0,0.0,2,205000000.0,-665499999.999999
2026-03-20,新能源,-133000000.0,0.0,3,-508500000.0,321500000.0
2026-03-20,消费,-266100000.0,0.0,3,-1043000000.0,-2698700000.0
2026-03-20,未分类,-2947826747.0000005,0.0,1412,-12851282588.999992,16217234714.999996
2026-03-23,未分类,13627295874.0,0.0,1413,3460970734.0000076,31439769481.999992
2026-03-23,宽基指数,1835600000.0,0.0,6,3430400000.0,-4651800000.000002
2026-03-23,金融,858400000.0,0.0,3,1742800000.0,4964400000.0
2026-03-23,新能源,368500000.0,0.0,3,-112000000.0,592500000.0
2026-03-23,消费,312200000.0,0.0,3,-512000000.0,-2229500000.0
2026-03-23,科技,292000000.0,0.0,1,724000000.0,928000000.0
2026-03-23,红利策略,68000000.0,0.0,2,162000000.0,-679999999.999999
2026-03-23,军工,15000000.0,0.0,1,-113000000.0,640000000.0
2026-03-23,海外指数,1300000.0,0.0,1,6500000.0,26000000.0
2026-03-24,红利策略,93000000.0,0.0,2,208000000.0,-440499999.99999905
2026-03-24,消费,82300000.0,0.0,3,79800000.0,-1727600000.0
2026-03-24,新能源,78500000.0,0.0,3,195500000.0,758500000.0
2026-03-24,海外指数,1300000.0,0.0,1,6500000.0,26000000.0
2026-03-24,军工,-44000000.0,0.0,1,-180000000.0,462000000.0
2026-03-24,科技,-58000000.0,0.0,1,514000000.0,802000000.0
2026-03-24,宽基指数,-238500000.0,0.0,6,2803500000.0,-4368300000.000002
2026-03-24,金融,-398200000.0,0.0,3,2251000000.0,4110000000.0
2026-03-24,未分类,-9175855001.0,0.0,1413,-3138295335.9999924,9543764300.999992
2026-03-25,红利策略,184500000.0,0.0,2,284000000.0,9.5367431640625e-07
2026-03-25,海外指数,1300000.0,0.0,1,6500000.0,26000000.0
2026-03-25,军工,-25000000.0,0.0,1,-86000000.0,359000000.0
2026-03-25,新能源,-97000000.0,0.0,3,147000000.0,718000000.0
2026-03-25,消费,-105800000.0,0.0,3,114100000.0,-1138200000.0
2026-03-25,科技,-392000000.0,0.0,1,366000000.0,426000000.0
2026-03-25,金融,-779800000.0,0.0,3,745600000.0,3461600000.0
2026-03-25,宽基指数,-1881400000.0,0.0,6,565200000.0,-6101900000.000002
2026-03-25,未分类,-10457425492.0,0.0,1414,-4543172012.999992,-1802717257.0000095
2026-03-26,未分类,3618468053.0,0.0,1416,-5335343312.999992,8821106714.99999
2026-03-26,金融,166800000.0,0.0,3,75400000.0,2523600000.0
2026-03-26,科技,96000000.0,0.0,1,58000000.0,652000000.0
2026-03-26,新能源,46500000.0,0.0,3,263500000.0,801000000.0
2026-03-26,红利策略,37500000.0,0.0,2,355500000.0,132000000.00000095
2026-03-26,海外指数,1300000.0,0.0,1,6500000.0,26000000.0
2026-03-26,军工,-3000000.0,0.0,1,-61000000.0,362000000.0
2026-03-26,宽基指数,-98600000.0,0.0,6,-25200000.0,-4882500000.0
2026-03-26,消费,-452700000.0,0.0,3,-430100000.0,-1255300000.0
2026-03-27,未分类,8976825752.0,0.0,1417,6589309186.000008,17034606510.99999
2026-03-27,红利策略,119000000.0,0.0,2,502000000.0,394500000.00000095
2026-03-27,新能源,88500000.0,0.0,3,485000000.0,939500000.0
2026-03-27,宽基指数,64700000.0,0.0,6,-318200000.0,-4486600000.0
2026-03-27,海外指数,1300000.0,0.0,1,6500000.0,26000000.0
2026-03-27,军工,-16000000.0,0.0,1,-73000000.0,323000000.0
2026-03-27,科技,-74000000.0,0.0,1,-136000000.0,450000000.0
2026-03-27,金融,-207400000.0,0.0,3,-360200000.0,2306800000.0
2026-03-27,消费,-229500000.0,0.0,3,-393500000.0,-1384800000.0
2026-03-30,新能源,17000000.0,0.0,3,133500000.0,1043500000.0
2026-03-30,海外指数,1300000.0,0.0,1,6500000.0,26000000.0
2026-03-30,红利策略,-1000000.0,0.0,2,433000000.0,634500000.000001
2026-03-30,科技,-72000000.0,0.0,1,-500000000.0,488000000.0
2026-03-30,军工,-161000000.0,0.0,1,-249000000.0,-403000000.0
2026-03-30,消费,-242000000.0,0.0,3,-947700000.0,-1565700000.0
2026-03-30,金融,-307000000.0,0.0,3,-1525600000.0,1552600000.0
2026-03-30,宽基指数,-584200000.0,0.0,6,-2738000000.0,-2038900000.0
2026-03-30,未分类,-3815678747.9999995,0.0,1418,-10853665435.999992,4786950324.999992
2026-03-31,未分类,1754721582.9999988,0.0,1419,76911148.00000691,-12821519146.000008
2026-03-31,科技,156000000.0,0.0,1,-286000000.0,182000000.0
2026-03-31,红利策略,132999999.99999905,0.0,2,472999999.99999905,1081499999.999999
2026-03-31,宽基指数,10100000.0,0.0,6,-2489400000.0,-1234600000.0
2026-03-31,海外指数,1300000.0,0.0,1,6500000.0,26000000.0
2026-03-31,军工,-87000000.0,0.0,1,-292000000.0,-692000000.0
2026-03-31,金融,-119800000.0,0.0,3,-1247200000.0,1097800000.0
2026-03-31,新能源,-137500000.0,0.0,3,-82500000.0,807000000.0
2026-03-31,消费,-276800000.0,0.0,3,-1306800000.0,-2036400000.0
2026-04-01,红利策略,146000000.0,0.0,2,434499999.99999905,1060999999.999999
2026-04-01,消费,43100000.0,0.0,3,-1157900000.0,-1858300000.0
2026-04-01,新能源,8000000.0,0.0,3,22500000.0,988500000.0
2026-04-01,海外指数,1300000.0,0.0,1,6500000.0,26000000.0
2026-04-01,军工,-18000000.0,0.0,1,-285000000.0,-722000000.0
2026-04-01,宽基指数,-176000000.0,0.0,6,-784000000.0,-2417800000.0
2026-04-01,金融,-385400000.0,0.0,3,-852800000.0,-159400000.0
2026-04-01,科技,-402000000.0,0.0,1,-296000000.0,32000000.0
2026-04-01,未分类,-11803640505.0,0.0,1425,-1269303864.9999924,-32660314760.000008
2026-04-02,金融,336800000.0,0.0,3,-682800000.0,330400000.0
2026-04-02,科技,270000000.0,0.0,1,-122000000.0,542000000.0
2026-04-02,红利策略,50500000.0,0.0,2,447499999.99999905,1059999999.999999
2026-04-02,军工,20000000.0,0.0,1,-262000000.0,-635000000.0
2026-04-02,海外指数,1300000.0,0.0,1,6500000.0,26000000.0
2026-04-02,新能源,-68500000.0,0.0,3,-92500000.0,995500000.0
2026-04-02,消费,-364900000.0,0.0,3,-1070100000.0,-1834500000.0
2026-04-02,宽基指数,-614300000.0,0.0,6,-1299700000.0,-1130900000.0
2026-04-02,未分类,-1314402006.9999995,0.0,1430,-6202173924.999992,-22350218792.000008
2026-04-03,宽基指数,363500000.0,0.0,6,-1000900000.0,-1273000000.0
2026-04-03,红利策略,198500000.0,0.0,2,526999999.99999905,1278999999.999999
2026-04-03,金融,178200000.0,0.0,3,-297200000.0,1075400000.0
2026-04-03,军工,154000000.0,0.0,1,-92000000.0,-478000000.0
2026-04-03,海外指数,0.0,0.0,1,5200000.0,24700000.0
2026-04-03,消费,-11500000.0,0.0,3,-852100000.0,-2675400000.0
2026-04-03,科技,-60000000.0,0.0,1,-108000000.0,496000000.0
2026-04-03,新能源,-193500000.0,0.0,3,-374500000.0,731500000.0
2026-04-03,未分类,-1484660407.0,0.0,1431,-16663660083.999992,-22999557182.000008
2026-04-07,宽基指数,344800000.0,0.0,6,-71900000.0,-651000000.0
2026-04-07,消费,97300000.0,0.0,3,-512800000.0,-2059500000.0
2026-04-07,红利策略,87000000.0,0.0,2,614999999.999999,1471999999.999999
2026-04-07,军工,26000000.0,0.0,1,95000000.0,-553000000.0
2026-04-07,海外指数,1300000.0,0.0,1,5200000.0,24700000.0
2026-04-07,新能源,-56500000.0,0.0,3,-448000000.0,195500000.0
2026-04-07,金融,-170800000.0,0.0,3,-161000000.0,650000000.0
2026-04-07,科技,-200000000.0,0.0,1,-236000000.0,74000000.0
2026-04-07,未分类,-638541314.0,0.0,1431,-13486522649.999992,-34630662129.0
2026-04-08,宽基指数,1235100000.000002,0.0,6,1153100000.000002,960600000.0000019
2026-04-08,海外指数,1300000.0,0.0,1,5200000.0,24700000.0
2026-04-08,红利策略,-47500000.0,0.0,2,434500000.0,1314999999.999999
2026-04-08,新能源,-48000000.0,0.0,3,-358500000.0,36500000.0
2026-04-08,军工,-51000000.0,0.0,1,131000000.0,-506000000.0
2026-04-08,科技,-272000000.0,0.0,1,-664000000.0,66000000.0
2026-04-08,消费,-338500000.0,0.0,3,-574500000.0,-2318800000.0
2026-04-08,金融,-1539200000.0,0.0,3,-1580400000.0,-946400000.0
2026-04-08,未分类,-7820661549.0,0.0,1432,-23061905781.999992,-31028345497.000004
2026-04-09,消费,55300000.0,0.0,3,-562300000.0,-2242500000.0
2026-04-09,红利策略,22000000.0,0.0,2,310500000.0,1295999999.999999
2026-04-09,海外指数,1300000.0,0.0,1,5200000.0,24700000.0
2026-04-09,军工,-3000000.0,0.0,1,146000000.0,-468000000.0
2026-04-09,科技,-98000000.0,0.0,1,-360000000.0,-252000000.0
2026-04-09,新能源,-106000000.0,0.0,3,-472500000.0,-317000000.0
2026-04-09,金融,-209600000.0,0.0,3,-1404600000.0,-923000000.0
2026-04-09,宽基指数,-1325400000.000002,0.0,6,3700000.0,926800000.0
2026-04-09,未分类,-7062669333.0,0.0,1433,-18320934609.999992,-32891914807.000004
2026-04-10,军工,4000000.0,0.0,1,130000000.0,-401000000.0
2026-04-10,海外指数,1300000.0,0.0,1,5200000.0,24700000.0
2026-04-10,红利策略,-5000000.0,0.0,2,255000000.0,1376499999.999999
2026-04-10,科技,-160000000.0,0.0,1,-790000000.0,-614000000.0
2026-04-10,新能源,-179000000.0,0.0,3,-583000000.0,-778000000.0
2026-04-10,消费,-494300000.0,0.0,3,-691700000.0,-2861000000.0
2026-04-10,宽基指数,-1115400000.0,0.0,6,-497400000.0,366200000.0
2026-04-10,金融,-3188200000.0,0.0,3,-4929600000.0,-3764600000.0
2026-04-10,未分类,-11387070116.0,0.0,1434,-28393602718.999992,-44395489824.0
2026-04-13,消费,263300000.0,0.0,3,-416900000.0,-2705500000.0
2026-04-13,红利策略,27000000.0,0.0,2,83500000.0,1317499999.999999
2026-04-13,金融,2200000.0,0.0,3,-5105600000.0,-4261400000.0
2026-04-13,海外指数,1300000.0,0.0,1,6500000.0,24700000.0
2026-04-13,新能源,-26000000.0,0.0,3,-415500000.0,-813500000.0
2026-04-13,军工,-51000000.0,0.0,1,-75000000.0,-406000000.0
2026-04-13,科技,-152000000.0,0.0,1,-882000000.0,-730000000.0
2026-04-13,宽基指数,-792100000.0,0.0,6,-1653000000.0,-626600000.0
2026-04-13,未分类,-8785758290.0,0.0,1435,-35694700601.99999,-58620334089.0
2026-04-14,金融,101000000.0,0.0,3,-4833800000.0,-4777600000.0
2026-04-14,新能源,98500000.0,0.0,3,-260500000.0,-687000000.0
2026-04-14,红利策略,74000000.0,0.0,2,70500000.0,1280499999.999999
2026-04-14,军工,53000000.0,0.0,1,-48000000.0,-315000000.0
2026-04-14,海外指数,1300000.0,0.0,1,6500000.0,24700000.0
2026-04-14,科技,-268000000.0,0.0,1,-950000000.0,-962000000.0
2026-04-14,宽基指数,-279000000.0,0.0,6,-2276800000.0,-1656300000.0
2026-04-14,消费,-695500000.0,0.0,3,-1209700000.0,-3182200000.0
2026-04-14,未分类,-6639485492.0,0.0,1435,-41695644779.99999,-62574862132.0
2026-04-15,红利策略,119000000.0,0.0,2,237000000.0,1352499999.999999
2026-04-15,金融,94200000.0,0.0,3,-3200400000.0,-3777000000.0
2026-04-15,军工,89000000.0,0.0,1,92000000.0,-249000000.0
2026-04-15,海外指数,1300000.0,0.0,1,6500000.0,24700000.0
2026-04-15,宽基指数,-38700000.0,0.0,6,-3550600000.000002,-2083400000.0
2026-04-15,新能源,-102500000.0,0.0,3,-315000000.0,-560500000.0
2026-04-15,科技,-158000000.0,0.0,1,-836000000.0,-1272000000.0
2026-04-15,消费,-427000000.0,0.0,3,-1298200000.0,-3099700000.0
2026-04-15,未分类,-3154727393.0,0.0,1435,-37029710623.99999,-63153000594.0
2026-04-16,红利策略,189000000.0,0.0,2,404000000.0,1432999999.999999
2026-04-16,金融,46600000.0,0.0,3,-2944200000.0,-4456000000.0
2026-04-16,海外指数,1300000.0,0.0,1,6500000.0,24700000.0
2026-04-16,科技,-14000000.0,0.0,1,-752000000.0,-1042000000.0
2026-04-16,军工,-29000000.0,0.0,1,66000000.0,-159000000.0
2026-04-16,消费,-105000000.0,0.0,3,-1458500000.0,-3064600000.0
2026-04-16,新能源,-122500000.0,0.0,3,-331500000.0,-634500000.0
2026-04-16,宽基指数,-162400000.0,0.0,6,-2387600000.0,-2602700000.0
2026-04-16,未分类,-5152780061.000004,0.0,1436,-35119821352.0,-59253231840.00001
2026-04-17,消费,514600000.0,0.0,3,-449600000.0,-2641500000.0
2026-04-17,红利策略,146500000.0,0.0,2,555500000.0,1613499999.999999
2026-04-17,金融,47000000.0,0.0,3,291000000.0,-5246000000.0
2026-04-17,海外指数,1300000.0,0.0,1,6500000.0,24700000.0
2026-04-17,军工,-75000000.0,0.0,1,-13000000.0,-206000000.0
2026-04-17,科技,-92000000.0,0.0,1,-684000000.0,-1538000000.0
2026-04-17,新能源,-92500000.0,0.0,3,-245000000.0,-657000000.0
2026-04-17,宽基指数,-1170900000.0,0.0,6,-2443100000.0,-4265400000.0
2026-04-17,未分类,-3541706730.9999995,0.0,1439,-27274457966.999996,-67205577924.00001
2026-04-20,金融,227000000.0,0.0,3,515800000.0,-5247200000.0
2026-04-20,红利策略,70000000.0,0.0,2,598500000.0,1710999999.999999
2026-04-20,海外指数,1300000.0,0.0,1,6500000.0,24700000.0
2026-04-20,新能源,-9000000.0,0.0,3,-228000000.0,-533000000.0
2026-04-20,消费,-81600000.0,0.0,3,-794500000.0,-2457000000.0
2026-04-20,科技,-102000000.0,0.0,1,-634000000.0,-1760000000.0
2026-04-20,军工,-104000000.0,0.0,1,-66000000.0,-306000000.0
2026-04-20,宽基指数,-1457200000.0,0.0,6,-3108200000.0,-6080300000.0
2026-04-20,未分类,-3503745027.0,0.0,1439,-21992444703.999996,-67761496204.00001
2026-04-21,金融,169000000.0,0.0,3,583800000.0,-5936600000.0
2026-04-21,红利策略,36000000.0,0.0,2,560500000.0,1678999999.999999
2026-04-21,海外指数,1300000.0,0.0,1,6500000.0,24700000.0
2026-04-21,军工,-7000000.0,0.0,1,-126000000.0,-328000000.0
2026-04-21,科技,-46000000.0,0.0,1,-412000000.0,-2098000000.0
2026-04-21,新能源,-101000000.0,0.0,3,-427500000.0,-1002500000.0
2026-04-21,消费,-533400000.0,0.0,3,-632400000.0,-3302600000.0
2026-04-21,宽基指数,-1754900000.0,0.0,6,-4584100000.0,-9670800000.0
2026-04-21,未分类,-1842230184.0,0.0,1439,-17195189395.999996,-83231022262.0
2026-04-22,消费,352400000.0,0.0,3,147000000.0,-3032500000.0
2026-04-22,红利策略,67000000.0,0.0,2,508500000.0,1652999999.999999
2026-04-22,军工,37000000.0,0.0,1,-178000000.0,-247000000.0
2026-04-22,海外指数,1300000.0,0.0,1,6500000.0,24700000.0
2026-04-22,新能源,-50000000.0,0.0,3,-375000000.0,-1131000000.0
2026-04-22,科技,-374000000.0,0.0,1,-628000000.0,-2414000000.0
2026-04-22,金融,-557800000.0,0.0,3,-68200000.0,-6096200000.0
2026-04-22,宽基指数,-2176599999.9999924,0.0,6,-6721999999.999992,-11608899999.999992
2026-04-22,未分类,-3893934604.0,0.0,1440,-17934396606.999996,-77949101865.0
2026-04-23,红利策略,17500000.0,0.0,2,337000000.0,1485999999.999999
2026-04-23,海外指数,1300000.0,0.0,1,6500000.0,24700000.0
2026-04-23,科技,-44000000.0,0.0,1,-658000000.0,-2066000000.0
2026-04-23,新能源,-62000000.0,0.0,3,-314500000.0,-1096000000.0
2026-04-23,军工,-91000000.0,0.0,1,-240000000.0,-313000000.0
2026-04-23,金融,-549000000.0,0.0,3,-663800000.0,-5865400000.0
2026-04-23,消费,-1174900000.0,0.0,3,-922900000.0,-4101600000.0
2026-04-23,宽基指数,-2733500000.0,0.0,6,-9293099999.999992,-12460999999.999992
2026-04-23,未分类,-5432820997.0,0.0,1443,-18214437542.999992,-72924497370.0
2026-04-24,红利策略,186000000.0,0.0,2,376500000.0,1634499999.999999
2026-04-24,金融,172200000.0,0.0,3,-538600000.0,-5860000000.0
2026-04-24,海外指数,1300000.0,0.0,1,6500000.0,24700000.0
2026-04-24,新能源,-53500000.0,0.0,3,-275500000.0,-1196000000.0
2026-04-24,军工,-69000000.0,0.0,1,-234000000.0,-379000000.0
2026-04-24,科技,-340000000.0,0.0,1,-906000000.0,-2502000000.0
2026-04-24,消费,-392700000.0,0.0,3,-1830200000.0,-4041600000.0
2026-04-24,宽基指数,-674100000.0,0.0,6,-8796299999.999992,-13036499999.999992
2026-04-24,未分类,-3442019744.0,0.0,1446,-18114750555.999992,-79984985167.0
2026-04-27,金融,252200000.0,0.0,3,-513400000.0,-5400400000.0
2026-04-27,消费,200700000.0,0.0,3,-1547900000.0,-3611400000.0
2026-04-27,红利策略,55500000.0,0.0,2,362000000.0,1570999999.999999
2026-04-27,海外指数,1300000.0,0.0,1,6500000.0,24700000.0
2026-04-27,军工,-13000000.0,0.0,1,-143000000.0,-376000000.0
2026-04-27,新能源,-22000000.0,0.0,3,-288500000.0,-1306500000.0
2026-04-27,科技,-294000000.0,0.0,1,-1098000000.0,-2722000000.0
2026-04-27,宽基指数,-1564200000.0,0.0,6,-8903299999.999992,-14665399999.999992
2026-04-27,未分类,-7725760178.999999,0.0,1449,-22336765707.999992,-96687571098.0
2026-04-28,新能源,4500000.0,0.0,3,-183000000.0,-1319000000.0
2026-04-28,海外指数,1300000.0,0.0,1,6500000.0,24700000.0
2026-04-28,军工,-27000000.0,0.0,1,-163000000.0,-242000000.0
2026-04-28,消费,-50700000.0,0.0,3,-1065200000.0,-3420100000.0
2026-04-28,红利策略,-70500000.0,0.0,2,255500000.0,1501499999.999999
2026-04-28,科技,-124000000.0,0.0,1,-1176000000.0,-2774000000.0
2026-04-28,金融,-859600000.0,0.0,3,-1542000000.0,-5953000000.0
2026-04-28,宽基指数,-2331600000.0,0.0,6,-9479999999.999992,-16412799999.999992
2026-04-28,未分类,-3945314549.0,0.0,1450,-24439850072.999992,-96817206899.0
2026-04-29,金融,805200000.0,0.0,3,-179000000.0,-5028000000.0
2026-04-29,科技,116000000.0,0.0,1,-686000000.0,-2814000000.0
2026-04-29,海外指数,1300000.0,0.0,1,6500000.0,24700000.0
2026-04-29,军工,-16000000.0,0.0,1,-216000000.0,-171000000.0
2026-04-29,新能源,-34500000.0,0.0,3,-167500000.0,-1216000000.0
2026-04-29,红利策略,-64500000.0,0.0,2,124000000.0,1304000000.0
2026-04-29,消费,-868800000.0,0.0,3,-2286400000.0,-4012100000.0
2026-04-29,未分类,-1039823541.9999995,0.0,1451,-21585739010.999992,-99611752024.0
2026-04-29,宽基指数,-1211600000.0,0.0,6,-8515000000.0,-17634499999.999992
2026-04-30,金融,243200000.0,0.0,3,613200000.0,-4399400000.0
2026-04-30,新能源,133500000.0,0.0,3,28000000.0,-1090500000.0
2026-04-30,红利策略,19000000.0,0.0,2,125500000.0,1177000000.0
2026-04-30,海外指数,1300000.0,0.0,1,6500000.0,24700000.0
2026-04-30,军工,-58000000.0,0.0,1,-183000000.0,-211000000.0
2026-04-30,科技,-550000000.0,0.0,1,-1192000000.0,-2962000000.0
2026-04-30,消费,-717500000.0,0.0,3,-1829000000.0,-4772700000.0
2026-04-30,宽基指数,-3571900000.0,0.0,6,-9353400000.0,-21030399999.999992
2026-04-30,未分类,-10672977626.0,0.0,1456,-26825895639.999992,-98481089145.0
2026-05-06,金融,830400000.0,0.0,3,1271400000.0,-3905800000.0
2026-05-06,消费,629600000.0,0.0,3,-806700000.0,-3778200000.0
2026-05-06,新能源,191000000.0,0.0,3,272500000.0,-831000000.0
2026-05-06,红利策略,184000000.0,0.0,2,123500000.0,1310500000.0
2026-05-06,军工,63000000.0,0.0,1,-51000000.0,-168000000.0
2026-05-06,海外指数,1300000.0,0.0,1,6500000.0,24700000.0
2026-05-06,科技,-276000000.0000019,0.0,1,-1128000000.000002,-3508000000.000002
2026-05-06,宽基指数,-1681400000.0,0.0,6,-10360700000.0,-22097499999.999992
2026-05-06,未分类,-7204001967.999999,0.0,1456,-30587877863.99999,-104370689106.0
2026-05-07,金融,1128200000.0,0.0,3,2147400000.0,-2955800000.0
2026-05-07,红利策略,367500000.0,0.0,2,435500000.0,1479500000.0
2026-05-07,新能源,4000000.0,0.0,3,298500000.0,-633500000.0
2026-05-07,海外指数,1300000.0,0.0,1,6500000.0,26000000.0
2026-05-07,军工,-45000000.0,0.0,1,-83000000.0,-367000000.0
2026-05-07,科技,-74000000.0,0.0,1,-908000000.0000019,-3522000000.000002
2026-05-07,消费,-413500000.0,0.0,3,-1420900000.0,-4180200000.0
2026-05-07,宽基指数,-3927000000.0,0.0,6,-12723500000.0,-26387999999.999992
2026-05-07,未分类,-9682750949.0,0.0,1459,-32544868633.99999,-112568779648.0
2026-05-08,金融,460400000.0,0.0,3,3467400000.0,-2324600000.0
2026-05-08,红利策略,212000000.0,0.0,2,718000000.0,1604500000.0
2026-05-08,军工,37000000.0,0.0,1,-19000000.0,-356000000.0
2026-05-08,海外指数,1300000.0,0.0,1,6500000.0,26000000.0
2026-05-08,科技,-32000000.0,0.0,1,-816000000.0000019,-3354000000.000002
2026-05-08,新能源,-54000000.0,0.0,3,240000000.0,-631000000.0
2026-05-08,消费,-381500000.0,0.0,3,-1751700000.0,-4659000000.0
2026-05-08,宽基指数,-3347800000.0,0.0,6,-13739700000.0,-30080599999.999992
2026-05-08,未分类,-4523542553.000001,0.0,1460,-33123096637.99999,-116453780887.0
2026-05-11,金融,312800000.0,0.0,3,2975000000.0,-472600000.0
2026-05-11,红利策略,182000000.0,0.0,2,964500000.0,1834000000.0
2026-05-11,海外指数,1300000.0,0.0,1,6500000.0,26000000.0
2026-05-11,军工,-7000000.0,0.0,1,-10000000.0,-312000000.0
2026-05-11,新能源,-115000000.0,0.0,3,159500000.0,-698000000.0
2026-05-11,消费,-301400000.0,0.0,3,-1184300000.0,-4621900000.0
2026-05-11,科技,-378000000.0,0.0,1,-1310000000.000002,-3460000000.000002
2026-05-11,宽基指数,-3780800000.0,0.0,6,-16308900000.0,-35096499999.99999
2026-05-11,未分类,-14457420426.999998,0.0,1462,-46540693522.999985,-123090539765.0
2026-05-12,金融,1706800000.0,0.0,3,4438600000.0,1443800000.0
2026-05-12,消费,899800000.0,0.0,3,433000000.0,-3777400000.0
2026-05-12,红利策略,47500000.0,0.0,2,993000000.0,1859500000.0
2026-05-12,海外指数,1300000.0,0.0,1,6500000.0,26000000.0
2026-05-12,科技,-86000000.0,0.0,1,-846000000.0000019,-3448000000.000002
2026-05-12,新能源,-168000000.0,0.0,3,-142000000.0,-760000000.0
2026-05-12,军工,-190000000.0,0.0,1,-142000000.0,-499000000.0
2026-05-12,未分类,-888819444.0000002,0.0,1465,-36756535340.99999,-116916689876.0
2026-05-12,宽基指数,-1898400000.0,0.0,6,-14635400000.0,-35669499999.99999
2026-05-13,金融,1507600000.0,0.0,3,5115800000.0,6139600000.0
2026-05-13,新能源,77000000.0,0.0,3,-256000000.0,-504000000.0
2026-05-13,海外指数,1300000.0,0.0,1,6500000.0,26000000.0
2026-05-13,科技,-84000000.0,0.0,1,-654000000.0,-3372000000.000002
2026-05-13,消费,-129800000.0,0.0,3,-326400000.0,-3412900000.0
2026-05-13,军工,-193000000.0,0.0,1,-398000000.0,-696000000.0
2026-05-13,红利策略,-211000000.0,0.0,2,598000000.0,1653500000.0
2026-05-13,宽基指数,-1303900000.0,0.0,6,-14257900000.0,-35857999999.99999
2026-05-13,未分类,-7932221049.000002,0.0,1469,-37484754421.99999,-113461840809.0
2026-05-14,金融,363200000.0,0.0,3,4350800000.0,6500600000.0
2026-05-14,红利策略,26500000.0,0.0,2,257000000.0,1653000000.0
2026-05-14,海外指数,1300000.0,0.0,1,6500000.0,26000000.0
2026-05-14,科技,-52000000.0,0.0,1,-632000000.0,-3272000000.000002
2026-05-14,军工,-105000000.0,0.0,1,-458000000.0,-750000000.0
2026-05-14,新能源,-308500000.0,0.0,3,-568500000.0,-786500000.0
2026-05-14,消费,-454900000.0,0.0,3,-367800000.0,-4131100000.0
2026-05-14,宽基指数,-1566700000.0,0.0,6,-11897600000.0,-36632599999.99999
2026-05-14,未分类,-6911014634.0,0.0,1473,-34713018106.99999,-111587097153.0
2026-05-15,金融,376800000.0,0.0,3,4267200000.0,6776400000.0
2026-05-15,消费,292900000.0,0.0,3,306600000.0,-3142700000.0
2026-05-15,宽基指数,217200000.0,0.0,6,-8332600000.0,-36136399999.99999
2026-05-15,红利策略,161000000.0,0.0,2,206000000.0,1740000000.0
2026-05-15,海外指数,1300000.0,0.0,1,6500000.0,26000000.0
2026-05-15,军工,-111000000.0,0.0,1,-606000000.0,-914000000.0
2026-05-15,科技,-428000000.0,0.0,1,-1028000000.0,-3432000000.000002
2026-05-15,新能源,-506000000.0,0.0,3,-1020500000.0,-1391000000.0
2026-05-15,未分类,-4736965232.999999,0.0,1475,-34926440786.99999,-109684576894.0
2026-05-18,红利策略,137500000.0,0.0,2,161500000.0,1758500000.0
2026-05-18,宽基指数,37300000.0,0.0,6,-4514500000.0,-36060399999.99999
2026-05-18,海外指数,1300000.0,0.0,1,6500000.0,26000000.0
2026-05-18,军工,-66000000.0,0.0,1,-665000000.0,-1069000000.0
2026-05-18,金融,-98800000.0,0.0,3,3855600000.0,6583400000.0
2026-05-18,新能源,-143500000.0,0.0,3,-1049000000.0,-1432000000.0
2026-05-18,科技,-258000000.0,0.0,1,-908000000.0,-3532000000.000002
2026-05-18,消费,-335800000.0,0.0,3,272200000.0,-3051500000.0
2026-05-18,未分类,-6270748591.0,0.0,1476,-26739768950.999992,-112800598092.0
2026-05-19,红利策略,119000000.0,0.0,2,233000000.0,1688500000.0
2026-05-19,海外指数,1300000.0,0.0,1,6500000.0,26000000.0
2026-05-19,军工,-9000000.0,0.0,1,-484000000.0,-1049000000.0
2026-05-19,新能源,-46000000.0,0.0,3,-927000000.0,-1355500000.0
2026-05-19,金融,-152000000.0,0.0,3,1996800000.0,6384800000.0
2026-05-19,科技,-268000000.0,0.0,1,-1090000000.0,-3786000000.000002
2026-05-19,消费,-284900000.0,0.0,3,-912500000.0,-3231400000.0
2026-05-19,宽基指数,-2406900000.0,0.0,6,-5023000000.0,-38304899999.99999
2026-05-19,未分类,-3966710803.0,0.0,1478,-29817660309.999992,-111614528834.0
2026-05-20,红利策略,101000000.0,0.0,2,545000000.0,1643000000.0
2026-05-20,海外指数,1300000.0,0.0,1,6500000.0,26000000.0
2026-05-20,军工,-47000000.0,0.0,1,-338000000.0,-1021000000.0
2026-05-20,新能源,-121500000.0,0.0,3,-1125500000.0,-1384500000.0
2026-05-20,科技,-128000000.0,0.0,1,-1134000000.0,-3822000000.000002
2026-05-20,消费,-315000000.0,0.0,3,-1097700000.0,-4061000000.0
2026-05-20,金融,-429400000.0,0.0,3,59800000.0,5908400000.0
2026-05-20,宽基指数,-2405400000.0,0.0,6,-6124500000.0,-39539399999.99999
2026-05-20,未分类,-5350442154.0,0.0,1481,-27235881414.999992,-113423264257.0
2026-05-21,红利策略,292000000.0,0.0,2,810500000.0,1865000000.0
2026-05-21,科技,6000000.0,0.0,1,-1076000000.0,-3714000000.000002
2026-05-21,海外指数,1300000.0,0.0,1,6500000.0,26000000.0
2026-05-21,未分类,-829834.9999995232,0.0,1482,-20325696615.999992,-109920349065.0
2026-05-21,军工,-17000000.0,0.0,1,-250000000.0,-934000000.0
2026-05-21,消费,-103500000.0,0.0,3,-746300000.0,-4082900000.0
2026-05-21,新能源,-110000000.0,0.0,3,-927000000.0,-1485500000.0
2026-05-21,宽基指数,-1318700000.0,0.0,6,-5876500000.0,-39400899999.99999
2026-05-21,金融,-1761400000.0,0.0,3,-2064800000.0,3920000000.0
2026-05-22,金融,1678800000.0,0.0,3,-762800000.0,5429800000.0
2026-05-22,消费,470000000.0,0.0,3,-569200000.0,-3079500000.0
2026-05-22,红利策略,217000000.0,0.0,2,866500000.0,2046000000.0
2026-05-22,海外指数,1300000.0,0.0,1,6500000.0,26000000.0
2026-05-22,新能源,-102500000.0,0.0,3,-523500000.0,-1487000000.0
2026-05-22,科技,-132000000.0,0.0,1,-780000000.0,-3800000000.000002
2026-05-22,军工,-151000000.0,0.0,1,-290000000.0,-1078000000.0
2026-05-22,宽基指数,-1134900000.0,0.0,6,-7228600000.0,-38780899999.99999
2026-05-22,未分类,-2994295254.000001,0.0,1484,-18583026636.999992,-111072414135.0
2026-05-25,金融,120200000.0,0.0,3,-543800000.0,6107800000.0
2026-05-25,红利策略,31000000.0,0.0,2,760000000.0,2010000000.0
2026-05-25,海外指数,0.0,0.0,1,5200000.0,24700000.0
2026-05-25,军工,-16000000.0,0.0,1,-240000000.0,-1131000000.0
2026-05-25,科技,-30000000.0,0.0,1,-552000000.0,-3456000000.000002
2026-05-25,新能源,-94500000.0,0.0,3,-474500000.0,-1531500000.0
2026-05-25,消费,-722200000.0,0.0,3,-955600000.0,-4154100000.0
2026-05-25,宽基指数,-4052299999.999999,0.0,6,-11318200000.0,-40656600000.0
2026-05-25,未分类,-10059406301.0,0.0,1486,-22371684346.999992,-117237885832.0
2026-05-26,科技,376000000.0,0.0,1,92000000.0,-3036000000.000002
2026-05-26,红利策略,41500000.0,0.0,2,682500000.0,2034000000.0
2026-05-26,海外指数,1300000.0,0.0,1,5200000.0,24700000.0
2026-05-26,消费,-41500000.0,0.0,3,-712200000.0,-3020700000.0
2026-05-26,军工,-49000000.0,0.0,1,-280000000.0,-1089000000.0
2026-05-26,新能源,-87500000.0,0.0,3,-516000000.0,-1557000000.0
2026-05-26,金融,-823800000.0,0.0,3,-1215600000.0,5833000000.0
2026-05-26,宽基指数,-1058400000.0,0.0,6,-9969700000.0,-38981500000.0
2026-05-26,未分类,-2285358205.999999,0.0,1489,-20690331749.999992,-114090423041.0
2026-05-27,金融,747200000.0,0.0,3,-39000000.0,6408000000.0
2026-05-27,红利策略,215500000.0,0.0,2,797000000.0,2063500000.0
2026-05-27,科技,116000000.0,0.0,1,336000000.0,-2580000000.000002
2026-05-27,海外指数,1300000.0,0.0,1,5200000.0,24700000.0
2026-05-27,军工,-20000000.0,0.0,1,-253000000.0,-1040000000.0
2026-05-27,新能源,-154000000.0,0.0,3,-548500000.0,-1657500000.0
2026-05-27,消费,-652400000.0,0.0,3,-1049600000.0,-3280400000.0
2026-05-27,宽基指数,-1267000000.0,0.0,6,-8831300000.0,-39574400000.0
2026-05-27,未分类,-6774740649.000004,0.0,1489,-22114630244.999996,-117423143946.00002
2026-05-28,金融,1181000000.0,0.0,3,2903400000.0,7336800000.0
2026-05-28,红利策略,190500000.0,0.0,2,695500000.0,2198500000.0
2026-05-28,海外指数,1300000.0,0.0,1,5200000.0,24700000.0
2026-05-28,宽基指数,-9100000.0,0.0,6,-7521699999.999999,-38019300000.0
2026-05-28,新能源,-88000000.0,0.0,3,-526500000.0,-1723500000.0
2026-05-28,军工,-162000000.0,0.0,1,-398000000.0,-1189000000.0
2026-05-28,科技,-166000000.0,0.0,1,164000000.0,-2452000000.000002
2026-05-28,消费,-580500000.0,0.0,3,-1526600000.0,-4061600000.0
2026-05-28,未分类,-14852657233.0,0.0,1491,-36966457643.0,-124550041000.0
2026-05-29,军工,2000000.0,0.0,1,-245000000.0,-1160000000.0
2026-05-29,海外指数,1300000.0,0.0,1,5200000.0,24700000.0
2026-05-29,科技,0.0,0.0,1,296000000.0,-2328000000.000002
2026-05-29,红利策略,-3500000.0,0.0,2,475000000.0,2265500000.0
2026-05-29,新能源,-138000000.0,0.0,3,-562000000.0,-1866000000.0
2026-05-29,宽基指数,-218700000.0,0.0,6,-6605499999.999999,-35906400000.0
2026-05-29,消费,-780900000.0,0.0,3,-2777500000.0,-4791800000.0
2026-05-29,金融,-1278600000.0,0.0,3,-54000000.0,6917800000.0
2026-05-29,未分类,-6312969122.0,0.0,1496,-40285131511.0,-126917695573.0
2026-06-01,宽基指数,1305800000.0,0.0,6,-1247400000.0,-33389000000.0
2026-06-01,金融,509800000.0,0.0,3,335600000.0,6622400000.0
2026-06-01,未分类,148092544.00000048,0.0,1498,-30077632665.999996,-125729779487.0
2026-06-01,消费,77000000.0,0.0,3,-1978300000.0,-3846000000.0
2026-06-01,海外指数,1300000.0,0.0,1,6500000.0,24700000.0
2026-06-01,科技,-50000000.0,0.0,1,276000000.0,-2494000000.000002
2026-06-01,军工,-59000000.0,0.0,1,-288000000.0,-1203000000.0
2026-06-01,红利策略,-122000000.0,0.0,2,322000000.0,2208000000.0
2026-06-01,新能源,-219000000.0,0.0,3,-686500000.0,-2050500000.0
2026-06-02,消费,707600000.0,0.0,3,-1229200000.0,-2420900000.0
2026-06-02,金融,665200000.0,0.0,3,1824600000.0,7044400000.0
2026-06-02,军工,78000000.0,0.0,1,-161000000.0,-1067000000.0
2026-06-02,海外指数,1300000.0,0.0,1,6500000.0,24700000.0
2026-06-02,红利策略,-54500000.0,0.0,2,226000000.0,2134500000.0
2026-06-02,宽基指数,-82700000.0,0.0,6,-271700000.0,-29899800000.0
2026-06-02,新能源,-171000000.0,0.0,3,-770000000.0,-2355000000.0
2026-06-02,科技,-238000000.0,0.0,1,-338000000.0,-2182000000.000002
2026-06-02,未分类,-9975696401.0,0.0,1498,-37767970861.0,-125032498262.0
2026-06-03,金融,781000000.0,0.0,3,1858400000.0,6995000000.0
2026-06-03,消费,414900000.0,0.0,3,-161900000.0,-2635600000.0
2026-06-03,红利策略,148500000.0,0.0,2,159000000.0,2099000000.0
2026-06-03,海外指数,1300000.0,0.0,1,6500000.0,24700000.0
2026-06-03,新能源,-57000000.0,0.0,3,-673000000.0,-2603000000.0
2026-06-03,科技,-112000000.0,0.0,1,-566000000.0,-2018000000.0
2026-06-03,军工,-246000000.0,0.0,1,-387000000.0,-1376000000.0
2026-06-03,宽基指数,-856700000.0,0.0,6,138600000.0,-29075100000.0
2026-06-03,未分类,-9654779321.0,0.0,1499,-40648009532.99999,-127483275615.0
2026-06-04,金融,1130200000.0,0.0,3,1807600000.0,6997000000.0
2026-06-04,消费,155900000.0,0.0,3,574500000.0,-2066200000.0
2026-06-04,红利策略,124500000.0,0.0,2,93000000.0,1856000000.0
2026-06-04,海外指数,1300000.0,0.0,1,6500000.0,24700000.0
2026-06-04,军工,-35000000.0,0.0,1,-260000000.0,-1366000000.0
2026-06-04,科技,-98000000.0,0.0,1,-498000000.0,-2042000000.0
2026-06-04,宽基指数,-285700000.0,0.0,6,-138000000.0,-25433800000.0
2026-06-04,新能源,-585000000.0,0.0,3,-1170000000.0,-3192000000.0
2026-06-04,未分类,-4086893589.0,0.0,1500,-29882245888.999992,-121887418255.0
2026-06-05,未分类,429877650.0,0.0,1501,-23139399116.999992,-116933998052.0
2026-06-05,金融,282800000.0,0.0,3,3369000000.0,6819400000.0
2026-06-05,科技,148000000.0,0.0,1,-350000000.0,-1862000000.0
2026-06-05,海外指数,1300000.0,0.0,1,6500000.0,24700000.0
2026-06-05,宽基指数,-37100000.0,0.0,6,43600000.0,-22123100000.0
2026-06-05,军工,-45000000.0,0.0,1,-307000000.0,-1448000000.0
2026-06-05,新能源,-100500000.0,0.0,3,-1132500000.0,-3238500000.0
2026-06-05,红利策略,-191500000.0,0.0,2,-95000000.0,1452500000.0
2026-06-05,消费,-385500000.0,0.0,3,969900000.0,-2070200000.0
2026-06-08,未分类,10927790892.0,0.0,1509,-12359700768.999992,-91548786733.0
2026-06-08,宽基指数,1561300000.0,0.0,6,299100000.0,-16781000000.0
2026-06-08,金融,1202000000.0,0.0,3,4061200000.0,7708600000.0
2026-06-08,红利策略,188500000.0,0.0,2,215500000.0,1459000000.0
2026-06-08,军工,66000000.0,0.0,1,-182000000.0,-1375000000.0
2026-06-08,消费,47000000.0,0.0,3,939900000.0,-1721800000.0
2026-06-08,新能源,8000000.0,0.0,3,-905500000.0,-3115500000.0
2026-06-08,海外指数,1300000.0,0.0,1,6500000.0,24700000.0
2026-06-08,科技,-16000000.0,0.0,1,-316000000.0,-1500000000.0
2026-06-09,金融,416200000.0,0.0,3,3812200000.0,6418000000.0
2026-06-09,红利策略,76500000.0,0.0,2,346500000.0,1488000000.0
2026-06-09,海外指数,1300000.0,0.0,1,6500000.0,24700000.0
2026-06-09,军工,-68000000.0,0.0,1,-328000000.0,-1253000000.0
2026-06-09,新能源,-81500000.0,0.0,3,-816000000.0,-3029000000.0
2026-06-09,科技,-98000000.0,0.0,1,-176000000.0,-1512000000.0
2026-06-09,消费,-313300000.0,0.0,3,-81000000.0,-2934900000.0
2026-06-09,宽基指数,-1368400000.0,0.0,6,-986600000.0,-16251000000.0
2026-06-09,未分类,-11644115440.0,0.0,1512,-14028119807.999992,-102304082729.0
2026-06-10,宽基指数,176400000.0,0.0,6,46500000.0,-14770700000.0
2026-06-10,海外指数,1300000.0,0.0,1,6500000.0,24700000.0
2026-06-10,军工,-76000000.0,0.0,1,-158000000.0,-1136000000.0
2026-06-10,科技,-84000000.0,0.0,1,-148000000.0,-1512000000.0
2026-06-10,红利策略,-143500000.0,0.0,2,54500000.0,1555500000.0
2026-06-10,新能源,-171500000.0,0.0,3,-930500000.0,-3277500000.0
2026-06-10,消费,-487400000.0,0.0,3,-983300000.0,-3292500000.0
2026-06-10,金融,-616200000.0,0.0,3,2415000000.0,4294200000.0
2026-06-10,未分类,-5281454222.0,0.0,1516,-9654794708.999992,-99653315902.0
2026-06-11,金融,1214000000.0,0.0,3,2498800000.0,5145000000.0
2026-06-11,宽基指数,589800000.0,0.0,6,922000000.0,-12614200000.0
2026-06-11,海外指数,1300000.0,0.0,1,6500000.0,24700000.0
2026-06-11,军工,-12000000.0,0.0,1,-135000000.0,-1043000000.0
2026-06-11,科技,-18000000.0,0.0,1,-68000000.0,-1478000000.0
2026-06-11,消费,-28200000.0,0.0,3,-1167400000.0,-2865800000.0
2026-06-11,新能源,-82000000.0,0.0,3,-427500000.0,-3051000000.0
2026-06-11,红利策略,-375500000.0,0.0,2,-445500000.0,1153500000.0
2026-06-11,未分类,-1520977734.9999995,0.0,1516,-7088878854.999992,-94263279003.0
2026-06-12,宽基指数,340900000.0,0.0,6,1300000000.0,-12490500000.0
2026-06-12,消费,161900000.0,0.0,3,-620000000.0,-2996800000.0
2026-06-12,新能源,119500000.0,0.0,3,-207500000.0,-2425500000.0
2026-06-12,科技,80000000.0,0.0,1,-136000000.0,-970000000.0
2026-06-12,军工,6000000.0,0.0,1,-84000000.0,-926000000.0
2026-06-12,海外指数,1300000.0,0.0,1,6500000.0,24700000.0
2026-06-12,红利策略,-99000000.0,0.0,2,-353000000.0,893500000.0
2026-06-12,金融,-1704600000.0,0.0,3,511400000.0,3063600000.0
2026-06-12,未分类,-4487905736.0,0.0,1519,-12006662240.999992,-94014219506.0
2026-06-15,金融,900600000.0,0.0,3,210000000.0,4063000000.0
2026-06-15,消费,277300000.0,0.0,3,-389700000.0,-2383700000.0
2026-06-15,红利策略,205000000.0,0.0,2,-336500000.0,961000000.0
2026-06-15,军工,60000000.0,0.0,1,-90000000.0,-800000000.0
2026-06-15,海外指数,1300000.0,0.0,1,6500000.0,24700000.0
2026-06-15,科技,-34000000.0,0.0,1,-154000000.0,-746000000.0
2026-06-15,新能源,-113000000.0,0.0,3,-328500000.0,-2395000000.0
2026-06-15,宽基指数,-343500000.0,0.0,6,-604800000.0,-12871300000.0
2026-06-15,未分类,-2636809834.0,0.0,1520,-25571262966.999992,-90380280749.0
2026-06-16,红利策略,207000000.0,0.0,2,-206000000.0,1049000000.0
2026-06-16,科技,52000000.0,0.0,1,-4000000.0,-426000000.0
2026-06-16,消费,7900000.0,0.0,3,-68500000.0,-2090900000.0
2026-06-16,海外指数,1300000.0,0.0,1,6500000.0,24700000.0
2026-06-16,军工,-17000000.0,0.0,1,-39000000.0,-808000000.0
2026-06-16,新能源,-175500000.0,0.0,3,-422500000.0,-2524500000.0
2026-06-16,宽基指数,-1040000000.0,0.0,6,-276400000.0,-11504400000.0
2026-06-16,金融,-1051800000.0,0.0,3,-1258000000.0,3163200000.0
2026-06-16,未分类,-4140637384.0,0.0,1520,-18067784910.999992,-90554207330.0
2026-06-17,红利策略,192500000.0,0.0,2,130000000.0,1140500000.0
2026-06-17,海外指数,1300000.0,0.0,1,6500000.0,24700000.0
2026-06-17,新能源,-18500000.0,0.0,3,-269500000.0,-2421500000.0
2026-06-17,军工,-69000000.0,0.0,1,-32000000.0,-830000000.0
2026-06-17,科技,-102000000.0,0.0,1,-22000000.0,-400000000.0
2026-06-17,消费,-200800000.0,0.0,3,218100000.0,-1976700000.0
2026-06-17,金融,-849000000.0,0.0,3,-1490800000.0,2743600000.0
2026-06-17,宽基指数,-1963800000.0,0.0,6,-2416600000.0,-11062800000.0
2026-06-17,未分类,-11712766875.0,0.0,1523,-24499097563.999992,-96916532051.0
2026-06-18,红利策略,360000000.0,0.0,2,865500000.0,1208500000.0
2026-06-18,海外指数,1300000.0,0.0,1,6500000.0,24700000.0
2026-06-18,科技,-2000000.0,0.0,1,-6000000.0,-408000000.0
2026-06-18,新能源,-63000000.0,0.0,3,-250500000.0,-2374500000.0
2026-06-18,军工,-75000000.0,0.0,1,-95000000.0,-888000000.0
2026-06-18,消费,-179500000.0,0.0,3,66800000.0,-2052700000.0
2026-06-18,金融,-239000000.0,0.0,3,-2943800000.0,4266000000.0
2026-06-18,宽基指数,-1054800000.0,0.0,6,-4061200000.0,-10798900000.0
2026-06-18,未分类,-10527639461.0,0.0,1523,-33505759289.999992,-107443341677.0
2026-06-22,红利策略,272500000.0,0.0,2,1237000000.0,1264000000.0
2026-06-22,消费,192800000.0,0.0,3,97700000.0,-2329900000.0
2026-06-22,科技,140000000.0,0.0,1,54000000.0,-136000000.0
2026-06-22,海外指数,1300000.0,0.0,1,6500000.0,24700000.0
2026-06-22,新能源,-22500000.0,0.0,3,-392500000.0,-2294500000.0
2026-06-22,军工,-30000000.0,0.0,1,-131000000.0,-767000000.0
2026-06-22,宽基指数,-512100000.0,0.0,6,-4914200000.0,-10176100000.0
2026-06-22,金融,-3020200000.0,0.0,3,-4259400000.0,-433000000.0
2026-06-22,未分类,-5152883693.0,0.0,1523,-34170737246.999992,-109601930116.0
2026-06-23,红利策略,93500000.0,0.0,2,1125500000.0,1326500000.0
2026-06-23,军工,18000000.0,0.0,1,-173000000.0,-733000000.0
2026-06-23,海外指数,1300000.0,0.0,1,6500000.0,26000000.0
2026-06-23,科技,-2000000.0,0.0,1,86000000.0,-108000000.0
2026-06-23,消费,-12200000.0,0.0,3,-191800000.0,-1619900000.0
2026-06-23,新能源,-18000000.0,0.0,3,-297500000.0,-2218000000.0
2026-06-23,未分类,-1081326209.0,0.0,1525,-32615253621.999992,-100623850024.0
2026-06-23,宽基指数,-2258100000.0,0.0,6,-6828800000.0,-8381900000.0
2026-06-23,金融,-3413600000.0,0.0,3,-8573600000.0,-3966800000.0
2026-06-24,金融,1344400000.0,0.0,3,-6177400000.0,-1798600000.0
2026-06-24,消费,397600000.0,0.0,3,197900000.0,-1180800000.0
2026-06-24,红利策略,262500000.0,0.0,2,1181000000.0,1547500000.0
2026-06-24,海外指数,1300000.0,0.0,1,6500000.0,26000000.0
2026-06-24,新能源,-500000.0,0.0,3,-122500000.0,-2131000000.0
2026-06-24,科技,-2000000.0,0.0,1,32000000.0,-486000000.0
2026-06-24,军工,-4000000.0,0.0,1,-160000000.0,-688000000.0
2026-06-24,未分类,-2314643799.0,0.0,1525,-30789260036.999992,-100653135617.0
2026-06-24,宽基指数,-3395100000.0,0.0,6,-9183900000.0,-10718600000.0
2026-06-25,未分类,2016205414.0,0.0,1528,-17060287747.999992,-91862189554.0
2026-06-25,红利策略,389500000.0,0.0,2,1378000000.0,1721500000.0
2026-06-25,科技,196000000.0,0.0,1,330000000.0,-406000000.0
2026-06-25,海外指数,1300000.0,0.0,1,6500000.0,26000000.0
2026-06-25,军工,-28000000.0,0.0,1,-119000000.0,-696000000.0
2026-06-25,新能源,-108000000.0,0.0,3,-212000000.0,-2085000000.0
2026-06-25,金融,-322800000.0,0.0,3,-5651200000.0,-2868600000.0
2026-06-25,消费,-558600000.0,0.0,3,-159900000.0,-1087000000.0
2026-06-25,宽基指数,-3413200000.0,0.0,6,-10633300000.0,-12864800000.0
2026-06-26,未分类,5103333014.0,0.0,1531,-1429315272.9999924,-71906199307.0
2026-06-26,金融,2220600000.0,0.0,3,-3191600000.0,-1829000000.0
2026-06-26,红利策略,448000000.0,0.0,2,1466000000.0,1979000000.0
2026-06-26,科技,106000000.0,0.0,1,438000000.0,-134000000.0
2026-06-26,海外指数,1300000.0,0.0,1,6500000.0,26000000.0
2026-06-26,军工,-22000000.0,0.0,1,-66000000.0,-556000000.0
2026-06-26,新能源,-195500000.0,0.0,3,-344500000.0,-2192500000.0
2026-06-26,宽基指数,-263700000.0,0.0,6,-9842200000.0,-13119400000.0
2026-06-26,消费,-267600000.0,0.0,3,-248000000.0,-774100000.0
2026-06-29,金融,744600000.0,0.0,3,573200000.0,194200000.0
2026-06-29,红利策略,129500000.0,0.0,2,1323000000.0,2112000000.0
2026-06-29,消费,71800000.0,0.0,3,-369000000.0,78600000.0
2026-06-29,海外指数,1300000.0,0.0,1,6500000.0,26000000.0
2026-06-29,军工,-46000000.0,0.0,1,-82000000.0,-604000000.0
2026-06-29,新能源,-106000000.0,0.0,3,-428000000.0,-2160500000.0
2026-06-29,科技,-176000000.0,0.0,1,122000000.0,-310000000.0
2026-06-29,宽基指数,-1691500000.0,0.0,6,-11021600000.0,-14592200000.0
2026-06-29,未分类,-8107436666.0,0.0,1531,-4383868245.999992,-73700666851.0
2026-06-30,金融,597400000.0,0.0,3,4584200000.0,281800000.0
2026-06-30,消费,189500000.0,0.0,3,-167300000.0,191100000.0
2026-06-30,红利策略,161000000.0,0.0,2,1390500000.0,2395000000.0
2026-06-30,海外指数,1300000.0,0.0,1,6500000.0,26000000.0
2026-06-30,科技,-6000000.0,0.0,1,118000000.0,-266000000.0
2026-06-30,军工,-35000000.0,0.0,1,-135000000.0,-580000000.0
2026-06-30,新能源,-108500000.0,0.0,3,-518500000.0,-2050000000.0
2026-06-30,宽基指数,-1180100000.0,0.0,6,-9943600000.0,-17078100000.0
2026-06-30,未分类,-4247961486.000003,0.0,1533,-7550503522.999995,-78096720881.00002
2026-07-01,未分类,3913303627.0,0.0,1533,-1322556096.9999952,-64207720853.00001
2026-07-01,科技,184000000.0,0.0,1,304000000.0,156000000.0
2026-07-01,红利策略,48500000.0,0.0,2,1176500000.0,2498000000.0
2026-07-01,海外指数,1300000.0,0.0,1,6500000.0,26000000.0
2026-07-01,军工,1000000.0,0.0,1,-130000000.0,-657000000.0
2026-07-01,新能源,-25500000.0,0.0,3,-543500000.0,-1904500000.0
2026-07-01,消费,-204300000.0,0.0,3,-769200000.0,-720800000.0
2026-07-01,宽基指数,-1023800000.0,0.0,6,-7572300000.0,-18019200000.0
2026-07-01,金融,-1553200000.0,0.0,3,1686600000.0,-1936600000.0
2026-07-02,未分类,12237123268.0,0.0,1533,8898361757.000004,-42315818264.0
2026-07-02,科技,8677003600.0,0.0,1,8785003600.0,8945003600.0
2026-07-02,金融,3872600000.0,0.0,3,5882000000.0,1155000000.0
2026-07-02,宽基指数,1113700000.0,0.0,6,-3045400000.0,-16048800000.0
2026-07-02,红利策略,409000000.0,0.0,2,1196000000.0,2758500000.0
2026-07-02,消费,281300000.0,0.0,3,70700000.0,-854400000.0
2026-07-02,新能源,119500000.0,0.0,3,-316000000.0,-1728000000.0
2026-07-02,军工,43000000.0,0.0,1,-59000000.0,-368000000.0
2026-07-02,海外指数,1300000.0,0.0,1,6500000.0,26000000.0
2026-07-03,未分类,56520445858.0,0.0,1538,60315474601.0,18291521183.0
2026-07-03,红利策略,528000000.0,0.0,2,1276000000.0,3162000000.0
2026-07-03,金融,294800000.0,0.0,3,3956200000.0,319600000.0
2026-07-03,消费,174600000.0,0.0,3,512900000.0,-835700000.0
2026-07-03,军工,41000000.0,0.0,1,4000000.0,-292000000.0
2026-07-03,新能源,19000000.0,0.0,3,-101500000.0,-1124000000.0
2026-07-03,海外指数,0.0,0.0,1,5200000.0,24700000.0
2026-07-03,科技,-240000000.0,0.0,1,8439003600.0,8803003600.0
2026-07-03,宽基指数,-2655900000.0,0.0,6,-5437600000.0,-18419000000.0
2026-07-06,未分类,17102504499.0,0.0,1540,85525415766.0,34964148032.0
2026-07-06,金融,594200000.0,0.0,3,3805800000.0,631000000.0
2026-07-06,红利策略,213500000.0,0.0,2,1360000000.0,3567000000.0
2026-07-06,军工,62000000.0,0.0,1,112000000.0,-185000000.0
2026-07-06,海外指数,1300000.0,0.0,1,5200000.0,24700000.0
2026-07-06,新能源,-29000000.0,0.0,3,-24500000.0,-1052500000.0
2026-07-06,消费,-76700000.0,0.0,3,364400000.0,-526900000.0
2026-07-06,科技,-148000000.0,0.0,1,8467003600.0,8507003600.0
2026-07-06,宽基指数,-373100000.0,0.0,6,-4119200000.0,-18755000000.0
2026-07-07,未分类,8184386378.0,0.0,1544,97957763630.0,32220743517.999996
2026-07-07,金融,922000000.0,0.0,3,4130400000.0,351000000.0
2026-07-07,宽基指数,920800000.0,0.0,6,-2018300000.0,-19395500000.0
2026-07-07,消费,524300000.0,0.0,3,699200000.0,-49600000.0
2026-07-07,红利策略,302500000.0,0.0,2,1501500000.0,3681000000.0
2026-07-07,科技,60000000.0,0.0,1,8533003600.0,8583003600.0
2026-07-07,军工,56000000.0,0.0,1,203000000.0,-195000000.0
2026-07-07,新能源,8500000.0,0.0,3,92500000.0,-1052000000.0
2026-07-07,海外指数,1300000.0,0.0,1,5200000.0,24700000.0
2026-07-08,未分类,20587849172.0,0.0,1546,114632309175.0,64452708130.0
2026-07-08,宽基指数,538200000.0,0.0,6,-456300000.0,-17488900000.0
2026-07-08,金融,429600000.0,0.0,3,6113200000.0,364400000.0
2026-07-08,消费,96100000.0,0.0,3,999600000.0,359800000.0
2026-07-08,新能源,8500000.0,0.0,3,126500000.0,-962000000.0
2026-07-08,红利策略,6000000.0,0.0,2,1459000000.0,3610500000.0
2026-07-08,海外指数,1300000.0,0.0,1,5200000.0,24700000.0
2026-07-08,军工,-4000000.0,0.0,1,198000000.0,-131000000.0
2026-07-08,科技,-128000000.0,0.0,1,8221003600.0,8553003600.0
2026-07-09,未分类,31031815688.0,0.0,1550,133427001595.0,100765978040.0
2026-07-09,宽基指数,200700000.0,0.0,6,-1369300000.0,-17464600000.0
2026-07-09,红利策略,66500000.0,0.0,2,1116500000.0,3820500000.0
2026-07-09,消费,51500000.0,0.0,3,769800000.0,898700000.0
2026-07-09,海外指数,1300000.0,0.0,1,5200000.0,24700000.0
2026-07-09,科技,-40000000.0,0.0,1,-496000000.0,8597003600.0
2026-07-09,军工,-58000000.0,0.0,1,97000000.0,-113000000.0
2026-07-09,新能源,-76500000.0,0.0,3,-69500000.0,-867000000.0
2026-07-09,金融,-251200000.0,0.0,3,1989400000.0,729400000.0
2026-07-10,未分类,9121139386.0,0.0,1553,86027695123.0,111408095161.0
2026-07-10,金融,1218000000.0,0.0,3,2912600000.0,733400000.0
2026-07-10,科技,972000000.0,0.0,1,716000000.0,9587003600.0
2026-07-10,红利策略,27500000.0,0.0,2,616000000.0,4223500000.0
2026-07-10,海外指数,1300000.0,0.0,1,6500000.0,24700000.0
2026-07-10,新能源,-64500000.0,0.0,3,-153000000.0,-849500000.0
2026-07-10,军工,-151000000.0,0.0,1,-95000000.0,-252000000.0
2026-07-10,宽基指数,-464900000.0,0.0,6,821700000.0,-18519300000.0
2026-07-10,消费,-1047000000.0,0.0,3,-451800000.0,-120100000.0
2026-07-13,未分类,26723484647.0,0.0,1553,95648675271.0,142619485544.0
2026-07-13,宽基指数,3158400000.0,0.0,6,4353200000.0,-15701800000.0
2026-07-13,金融,752400000.0,0.0,3,3070800000.0,3190400000.0
2026-07-13,消费,245000000.0,0.0,3,-130100000.0,-37000000.0
2026-07-13,科技,228000000.0,0.0,1,1092000000.0,9735003600.0
2026-07-13,军工,188000000.0,0.0,1,31000000.0,-70000000.0
2026-07-13,红利策略,69000000.0,0.0,2,471500000.0,4391500000.0
2026-07-13,新能源,27500000.0,0.0,3,-96500000.0,-941500000.0
2026-07-13,海外指数,1300000.0,0.0,1,6500000.0,24700000.0
2026-07-14,未分类,9718182105.0,0.0,1553,97182470998.0,154974477483.0
2026-07-14,宽基指数,754100000.0,0.0,6,4186500000.0,-14604200000.0
2026-07-14,金融,471400000.0,0.0,3,2620200000.0,2761200000.0
2026-07-14,科技,136000000.0,0.0,1,1168000000.0,9905003600.0
2026-07-14,军工,92000000.0,0.0,1,67000000.0,-38000000.0
2026-07-14,新能源,12500000.0,0.0,3,-92500000.0,-816000000.0
2026-07-14,海外指数,1300000.0,0.0,1,6500000.0,24700000.0
2026-07-14,消费,-50100000.0,0.0,3,-704500000.0,-364400000.0
2026-07-14,红利策略,-59000000.0,0.0,2,110000000.0,4127500000.0
2026-07-15,未分类,4310840348.0,0.0,1553,80905462174.0,163425955215.0
2026-07-15,宽基指数,335300000.0,0.0,6,3983600000.0,-13228900000.0
2026-07-15,科技,288000000.0,0.0,1,1584000000.0,10141003600.0
2026-07-15,军工,84000000.0,0.0,1,155000000.0,63000000.0
2026-07-15,新能源,10500000.0,0.0,3,-90500000.0,-630000000.0
2026-07-15,红利策略,8500000.0,0.0,2,112500000.0,3929000000.0
2026-07-15,海外指数,1300000.0,0.0,1,6500000.0,24700000.0
2026-07-15,消费,-75200000.0,0.0,3,-875800000.0,-447500000.0
2026-07-15,金融,-200400000.0,0.0,3,1990200000.0,3612600000.0
2026-07-16,未分类,11061328946.0,0.0,1557,60934975432.0,186200051036.0
2026-07-16,宽基指数,3669900000.0,0.0,6,7452800000.0,-7595200000.0
2026-07-16,金融,2203800000.0,0.0,3,4445200000.0,6665400000.0
2026-07-16,红利策略,238000000.0,0.0,2,284000000.0,3974500000.0
2026-07-16,军工,104000000.0,0.0,1,317000000.0,236000000.0
2026-07-16,科技,16000000.0,0.0,1,1640000000.0,10259003600.0
2026-07-16,海外指数,1300000.0,0.0,1,6500000.0,24700000.0
2026-07-16,新能源,-17000000.0,0.0,3,-31000000.0,-628500000.0
2026-07-16,消费,-259700000.0,0.0,3,-1187000000.0,-506400000.0
2026-07-17,未分类,45851523964.0,0.0,1560,97665360010.0,242579214461.0
2026-07-17,宽基指数,4566300000.0,0.0,6,12484000000.0,-1974100000.0
2026-07-17,金融,1110200000.0,0.0,3,4337400000.0,8014600000.0
2026-07-17,科技,380000000.0,0.0,1,1048000000.0,10641003600.0
2026-07-17,军工,63000000.0,0.0,1,531000000.0,374000000.0
2026-07-17,海外指数,1300000.0,0.0,1,6500000.0,24700000.0
2026-07-17,新能源,-47500000.0,0.0,3,-14000000.0,-613000000.0
2026-07-17,红利策略,-53000000.0,0.0,2,203500000.0,3561500000.0
2026-07-17,消费,-542100000.0,0.0,3,-682100000.0,-869000000.0
2026-07-20,未分类,53460973076.0,0.0,1561,124402848439.0,301193071230.0
2026-07-20,宽基指数,5748800000.0,0.0,6,15074400000.0,4286800000.0
2026-07-20,科技,284000000.0,0.0,1,1104000000.0,10785003600.0
2026-07-20,军工,117000000.0,0.0,1,460000000.0,521000000.0
2026-07-20,海外指数,1300000.0,0.0,1,6500000.0,24700000.0
2026-07-20,新能源,-94500000.0,0.0,3,-136000000.0,-685000000.0
2026-07-20,消费,-123600000.0,0.0,3,-1050700000.0,-1185400000.0
2026-07-20,红利策略,-244500000.0,0.0,2,-110000000.0,3044500000.0
2026-07-20,金融,-462400000.0,0.0,3,3122600000.0,10572400000.0
2026-07-21,消费,488200000.0,0.0,3,-512400000.0,-685000000.0
2026-07-21,红利策略,58500000.0,0.0,2,7500000.0,3009500000.0
2026-07-21,金融,46400000.0,0.0,3,2697600000.0,14032400000.0
2026-07-21,海外指数,1300000.0,0.0,1,6500000.0,24700000.0
2026-07-21,军工,-43000000.0,0.0,1,325000000.0,460000000.0
2026-07-21,新能源,-351000000.0,0.0,3,-499500000.0,-1018000000.0
2026-07-21,科技,-996000000.0,0.0,1,-28000000.0,9791003600.0
2026-07-21,宽基指数,-1716900000.0,0.0,6,12603400000.0,4828000000.0
2026-07-21,未分类,-7782450650.0,0.0,1561,106902215684.0,294491946789.0
2026-07-22,金融,546400000.0,0.0,3,3444400000.0,13234400000.0
2026-07-22,消费,21500000.0,0.0,3,-415700000.0,-1061100000.0
2026-07-22,海外指数,1300000.0,0.0,1,6500000.0,24700000.0
2026-07-22,科技,-16000000.0,0.0,1,-332000000.0,9777003600.0
2026-07-22,红利策略,-83000000.0,0.0,2,-84000000.0,2664000000.0
2026-07-22,军工,-118000000.0,0.0,1,123000000.0,346000000.0
2026-07-22,新能源,-209000000.0,0.0,3,-719000000.0,-1226500000.0
2026-07-22,宽基指数,-1243400000.0,0.0,6,11024700000.0,6979700000.0
2026-07-22,未分类,-9970130305.0,0.0,1563,92621245031.0,286836460283.0
2026-07-23,未分类,11845272789.0,0.0,1564,93405188874.0,296665527658.0
2026-07-23,科技,624000000.0,0.0,1,276000000.0,10205003600.0
2026-07-23,宽基指数,314300000.0,0.0,6,7669100000.0,10707200000.0
2026-07-23,消费,44300000.0,0.0,3,-111700000.0,-458200000.0
2026-07-23,新能源,33500000.0,0.0,3,-668500000.0,-1085000000.0
2026-07-23,海外指数,1300000.0,0.0,1,6500000.0,24700000.0
2026-07-23,军工,1000000.0,0.0,1,20000000.0,375000000.0
2026-07-23,红利策略,-210000000.0,0.0,2,-532000000.0,2064500000.0
2026-07-23,金融,-1131400000.0,0.0,3,109200000.0,12425800000.0
2026-07-24,未分类,11640560849.0,0.0,1564,59194225759.0,303202755493.0
2026-07-24,金融,283200000.0,0.0,3,-717800000.0,10488400000.0
2026-07-24,红利策略,58000000.0,0.0,2,-421000000.0,1674500000.0
2026-07-24,军工,43000000.0,0.0,1,0.0,440000000.0
2026-07-24,宽基指数,10000000.0,0.0,6,3112800000.0,10980900000.0
2026-07-24,海外指数,1300000.0,0.0,1,6500000.0,24700000.0
2026-07-24,新能源,-1000000.0,0.0,3,-622000000.0,-890500000.0
2026-07-24,科技,-184000000.0,0.0,1,-288000000.0,9915003600.0
2026-07-24,消费,-489600000.0,0.0,3,-59200000.0,-680200000.0
2026-07-27,宽基指数,1397000000.0,0.0,6,-1239000000.0,14069400000.0
2026-07-27,未分类,644940007.0,0.0,1564,6378192690.0,311955132166.0
2026-07-27,科技,96000000.0,0.0,1,-476000000.0,10187003600.0
2026-07-27,消费,46400000.0,0.0,3,110800000.0,-705600000.0
2026-07-27,海外指数,1300000.0,0.0,1,6500000.0,24700000.0
2026-07-27,红利策略,-42000000.0,0.0,2,-218500000.0,1503000000.0
2026-07-27,军工,-53000000.0,0.0,1,-170000000.0,433000000.0
2026-07-27,新能源,-57000000.0,0.0,3,-584500000.0,-841500000.0
2026-07-27,金融,-109400000.0,0.0,3,-364800000.0,9634400000.0
2026-07-28,未分类,18237163836.0,0.0,1564,32397807176.0,334440257488.0
2026-07-28,宽基指数,1984400000.0,0.0,6,2462300000.0,17233900000.0
2026-07-28,科技,360000000.0,0.0,1,880000000.0,10553003600.0
2026-07-28,金融,151600000.0,0.0,3,-259600000.0,9188600000.0
2026-07-28,军工,68000000.0,0.0,1,-59000000.0,536000000.0
2026-07-28,海外指数,1300000.0,0.0,1,6500000.0,24700000.0
2026-07-28,新能源,-32000000.0,0.0,3,-265500000.0,-765000000.0
2026-07-28,红利策略,-306500000.0,0.0,2,-583500000.0,1035500000.0
2026-07-28,消费,-463400000.0,0.0,3,-840800000.0,-1358500000.0
2026-07-29,未分类,14375404682.0,0.0,1568,56743342163.0,344902358543.0
2026-07-29,宽基指数,2391000000.0,0.0,6,6096700000.0,20648700000.0
2026-07-29,科技,292000000.0,0.0,1,1188000000.0,10661003600.0
2026-07-29,新能源,60000000.0,0.0,3,3500000.0,-679500000.0
2026-07-29,军工,21000000.0,0.0,1,80000000.0,556000000.0
2026-07-29,海外指数,1300000.0,0.0,1,6500000.0,24700000.0
2026-07-29,消费,-218800000.0,0.0,3,-1081100000.0,-1373000000.0
2026-07-29,红利策略,-292500000.0,0.0,2,-793000000.0,694500000.0
2026-07-29,金融,-1313800000.0,0.0,3,-2119800000.0,9428000000.0
2026-07-30,未分类,21324156154.0,0.0,1568,66222225528.0,353989391429.0
2026-07-30,宽基指数,2124000000.0,0.0,6,7906400000.0,21659000000.0
2026-07-30,科技,680000000.0,0.0,1,1244000000.0,2664000000.0
2026-07-30,军工,77000000.0,0.0,1,156000000.0,590000000.0
2026-07-30,新能源,19500000.0,0.0,3,-10500000.0,-779500000.0
2026-07-30,海外指数,1300000.0,0.0,1,6500000.0,24700000.0
2026-07-30,红利策略,-161000000.0,0.0,2,-744000000.0,124500000.0
2026-07-30,金融,-297000000.0,0.0,3,-1285400000.0,5258400000.0
2026-07-30,消费,-452300000.0,0.0,3,-1577700000.0,-2106600000.0
2026-07-31,消费,506500000.0,0.0,3,-581600000.0,-1774700000.0
2026-07-31,海外指数,1300000.0,0.0,1,6500000.0,26000000.0
2026-07-31,军工,-46000000.0,0.0,1,67000000.0,503000000.0
2026-07-31,新能源,-49000000.0,0.0,3,-58500000.0,-847500000.0
2026-07-31,红利策略,-100500000.0,0.0,2,-902500000.0,-504000000.0
2026-07-31,金融,-157600000.0,0.0,3,-1726200000.0,4806000000.0
2026-07-31,科技,-708000000.0,0.0,1,720000000.0,2196000000.0
2026-07-31,宽基指数,-1283000000.0,0.0,6,6613400000.0,23031900000.0
2026-07-31,未分类,-13596063033.0,0.0,1571,40985601646.0,283872882538.0
2026-08-03,未分类,20086667310.0,0.0,1573,60427328949.0,286857045349.0
2026-08-03,宽基指数,1288700000.0,0.0,6,6505100000.0,24693700000.0
2026-08-03,科技,976000000.0,0.0,1,1600000000.0,3320000000.0
2026-08-03,军工,57000000.0,0.0,1,177000000.0,498000000.0
2026-08-03,金融,21000000.0,0.0,3,-1595800000.0,4232800000.0
2026-08-03,红利策略,20000000.0,0.0,2,-840500000.0,-697500000.0
2026-08-03,消费,10000000.0,0.0,3,-618000000.0,-1688000000.0
2026-08-03,海外指数,1300000.0,0.0,1,6500000.0,26000000.0
2026-08-03,新能源,-32500000.0,0.0,3,-34000000.0,-851000000.0
2026-08-04,新能源,93000000.0,0.0,3,91000000.0,-766500000.0
2026-08-04,海外指数,1300000.0,0.0,1,6500000.0,26000000.0
2026-08-04,军工,-45000000.0,0.0,1,64000000.0,397000000.0
2026-08-04,金融,-111600000.0,0.0,3,-1859000000.0,3199200000.0
2026-08-04,红利策略,-301500000.0,0.0,2,-835500000.0,-1301500000.0
2026-08-04,消费,-333000000.0,0.0,3,-487600000.0,-2545300000.0
2026-08-04,科技,-616000000.0,0.0,1,624000000.0,2644000000.0
2026-08-04,宽基指数,-1673200000.0,0.0,6,2847500000.0,22099700000.0
2026-08-04,未分类,-18689130464.0,0.0,1574,23501034649.0,259983528507.0
2026-08-05,消费,422700000.0,0.0,3,153900000.0,-2218700000.0
2026-08-05,新能源,112500000.0,0.0,3,143500000.0,-662500000.0
2026-08-05,海外指数,1300000.0,0.0,1,6500000.0,26000000.0
2026-08-05,军工,-10000000.0,0.0,1,33000000.0,391000000.0
2026-08-05,金融,-104000000.0,0.0,3,-649200000.0,2665600000.0
2026-08-05,红利策略,-217500000.0,0.0,2,-760500000.0,-1525000000.0
2026-08-05,科技,-416000000.0,0.0,1,-84000000.0,2356000000.0
2026-08-05,宽基指数,-1748400000.0,0.0,6,-1291900000.0,19813100000.0
2026-08-05,未分类,-20392712177.0,0.0,1576,-11267082210.0,219002967158.0
2026-08-06,消费,659200000.0,0.0,3,1265400000.0,-1611000000.0
2026-08-06,金融,597200000.0,0.0,3,245000000.0,3514000000.0
2026-08-06,海外指数,1300000.0,0.0,1,6500000.0,26000000.0
2026-08-06,军工,-36000000.0,0.0,1,-80000000.0,413000000.0
2026-08-06,新能源,-52500000.0,0.0,3,71500000.0,-638500000.0
2026-08-06,科技,-292000000.0,0.0,1,-1056000000.0,2104000000.0
2026-08-06,红利策略,-756000000.0,0.0,2,-1355500000.0,-2347500000.0
2026-08-06,宽基指数,-950300000.0,0.0,6,-4366200000.0,18662100000.0
2026-08-06,未分类,-9965249890.0,0.0,1577,-42556488254.0,178005901580.0
2026-08-07,金融,222800000.0,0.0,3,625400000.0,2518800000.0
2026-08-07,消费,177800000.0,0.0,3,936700000.0,-386200000.0
2026-08-07,海外指数,1300000.0,0.0,1,6500000.0,26000000.0
2026-08-07,军工,-23000000.0,0.0,1,-57000000.0,541000000.0
2026-08-07,新能源,-42000000.0,0.0,3,78500000.0,-616000000.0
2026-08-07,红利策略,-49000000.0,0.0,2,-1304000000.0,-2424000000.0
2026-08-07,科技,-288000000.0,0.0,1,-636000000.0,844000000.0
2026-08-07,宽基指数,-1536600000.0,0.0,6,-4619800000.0,17590400000.0
2026-08-07,未分类,-17727565116.0,0.0,1580,-46687990337.0,151157197078.0
2026-08-10,科技,172000000.0,0.0,1,-1440000000.0,788000000.0
2026-08-10,军工,4000000.0,0.0,1,-110000000.0,357000000.0
2026-08-10,海外指数,1300000.0,0.0,1,6500000.0,26000000.0
2026-08-10,新能源,-96500000.0,0.0,3,14500000.0,-740000000.0
2026-08-10,红利策略,-239500000.0,0.0,2,-1563500000.0,-2732500000.0
2026-08-10,消费,-311300000.0,0.0,3,615400000.0,-942500000.0
2026-08-10,宽基指数,-507000000.0,0.0,6,-6415500000.0,13925000000.0
2026-08-10,金融,-539400000.0,0.0,3,65000000.0,1227000000.0
2026-08-10,未分类,-6444030768.0,0.0,1581,-73218688415.0,117989681663.0
2026-08-11,红利策略,114500000.0,0.0,2,-1147500000.0,-2559000000.0
2026-08-11,科技,20000000.0,0.0,1,-804000000.0,672000000.0
2026-08-11,海外指数,1300000.0,0.0,1,6500000.0,26000000.0
2026-08-11,军工,0.0,0.0,1,-65000000.0,265000000.0
2026-08-11,新能源,-43000000.0,0.0,3,-121500000.0,-795500000.0
2026-08-11,消费,-82700000.0,0.0,3,865700000.0,-975100000.0
2026-08-11,宽基指数,-151100000.0,0.0,6,-4893400000.0,13019800000.0
2026-08-11,金融,-446600000.0,0.0,3,-270000000.0,309000000.0
2026-08-11,未分类,-6462349746.0,0.0,1582,-60991907697.0,101809149812.0
2026-08-12,红利策略,66000000.0,0.0,2,-864000000.0,-2501500000.0
2026-08-12,金融,65200000.0,0.0,3,-100800000.0,574600000.0
2026-08-12,军工,40000000.0,0.0,1,-15000000.0,221000000.0
2026-08-12,新能源,4500000.0,0.0,3,-229500000.0,-801500000.0
2026-08-12,海外指数,1300000.0,0.0,1,6500000.0,26000000.0
2026-08-12,科技,-108000000.0,0.0,1,-496000000.0,276000000.0
2026-08-12,消费,-137500000.0,0.0,3,305500000.0,-1037400000.0
2026-08-12,宽基指数,-1089800000.0,0.0,6,-4234800000.0,11594700000.0
2026-08-12,未分类,-6258255677.0,0.0,1584,-46857451197.0,91240053787.0
2026-08-13,科技,152000000.0,0.0,1,-52000000.0,412000000.0
2026-08-13,红利策略,131500000.0,0.0,2,23500000.0,-2608000000.0
2026-08-13,海外指数,1300000.0,0.0,1,6500000.0,26000000.0
2026-08-13,军工,-16000000.0,0.0,1,5000000.0,101000000.0
2026-08-13,新能源,-54500000.0,0.0,3,-231500000.0,-839000000.0
2026-08-13,金融,-204400000.0,0.0,3,-902400000.0,-1833600000.0
2026-08-13,消费,-296500000.0,0.0,3,-650200000.0,-1074200000.0
2026-08-13,宽基指数,-1052300000.0,0.0,6,-4336800000.0,6872500000.0
2026-08-13,未分类,-9858833180.0,0.0,1585,-46751034487.0,70319891661.0
2026-08-14,未分类,2427538034.000001,0.0,1585,-26595931337.0,26895905731.0
2026-08-14,金融,1471200000.0,0.0,3,346000000.0,-1472600000.0
2026-08-14,军工,21000000.0,0.0,1,49000000.0,59000000.0
2026-08-14,红利策略,19500000.0,0.0,2,92000000.0,-2535500000.0
2026-08-14,海外指数,1300000.0,0.0,1,6500000.0,26000000.0
2026-08-14,科技,-44000000.0,0.0,1,192000000.0,-12000000.0
2026-08-14,新能源,-79500000.0,0.0,3,-269000000.0,-871000000.0
2026-08-14,消费,-244900000.0,0.0,3,-1072900000.0,-777000000.0
2026-08-14,宽基指数,-326400000.0,0.0,6,-3126600000.0,1979800000.0
2026-08-17,新能源,4500000.0,0.0,3,-168000000.0,-772000000.0
2026-08-17,海外指数,1300000.0,0.0,1,6500000.0,26000000.0
2026-08-17,军工,-27000000.0,0.0,1,18000000.0,-85000000.0
2026-08-17,红利策略,-37500000.0,0.0,2,294000000.0,-2328500000.0
2026-08-17,金融,-90200000.0,0.0,3,795200000.0,-1100400000.0
2026-08-17,科技,-396000000.0,0.0,1,-376000000.0,-692000000.0
2026-08-17,消费,-432800000.0,0.0,3,-1194400000.0,-1086200000.0
2026-08-17,宽基指数,-973500000.0,0.0,6,-3593100000.0,-4742500000.0
2026-08-17,未分类,-12195612418.0,0.0,1587,-32347512987.0,-38760679763.0
2026-08-18,金融,409400000.0,0.0,3,1651200000.0,-737400000.0
2026-08-18,科技,132000000.0,0.0,1,-264000000.0,436000000.0
2026-08-18,新能源,38500000.0,0.0,3,-86500000.0,-382500000.0
2026-08-18,海外指数,1300000.0,0.0,1,6500000.0,26000000.0
2026-08-18,军工,-34000000.0,0.0,1,-16000000.0,-76000000.0
2026-08-18,消费,-161300000.0,0.0,3,-1273000000.0,-1735700000.0
2026-08-18,红利策略,-190500000.0,0.0,2,-11000000.0,-2577500000.0
2026-08-18,宽基指数,-784900000.0,0.0,6,-4226900000.0,-3810500000.0
2026-08-18,未分类,-4841405932.0,0.0,1588,-30726569173.0,-35819635045.0
2026-08-19,未分类,24422886014.0,0.0,1590,-45427482.0,-1426618726.0
2026-08-19,宽基指数,3055500000.0,0.0,6,-81600000.0,488400000.0
2026-08-19,科技,608000000.0,0.0,1,452000000.0,1060000000.0
2026-08-19,军工,113000000.0,0.0,1,57000000.0,155000000.0
2026-08-19,新能源,16500000.0,0.0,3,-74500000.0,-157000000.0
2026-08-19,海外指数,1300000.0,0.0,1,6500000.0,26000000.0
2026-08-19,金融,-71200000.0,0.0,3,1514800000.0,-1355000000.0
2026-08-19,消费,-133400000.0,0.0,3,-1268900000.0,-1890600000.0
2026-08-19,红利策略,-169000000.0,0.0,2,-246000000.0,-2663500000.0
2026-08-20,金融,161200000.0,0.0,3,1880400000.0,-62400000.0
2026-08-20,军工,41000000.0,0.0,1,114000000.0,195000000.0
2026-08-20,科技,28000000.0,0.0,1,328000000.0,464000000.0
2026-08-20,海外指数,1300000.0,0.0,1,6500000.0,26000000.0
2026-08-20,新能源,-13000000.0,0.0,3,-33000000.0,-203500000.0
2026-08-20,红利策略,-49500000.0,0.0,2,-427000000.0,-2503000000.0
2026-08-20,消费,-70500000.0,0.0,3,-1042900000.0,-2005400000.0
2026-08-20,宽基指数,-123700000.0,0.0,6,847000000.0,50400000.0
2026-08-20,未分类,-7616399300.000001,0.0,1592,2197006397.999999,-20888290815.0
2026-08-21,消费,60800000.0,0.0,3,-737200000.0,-1455000000.0
2026-08-21,海外指数,1300000.0,0.0,1,6500000.0,26000000.0
2026-08-21,红利策略,-11500000.0,0.0,2,-458000000.0,-2572500000.0
2026-08-21,新能源,-27000000.0,0.0,3,19500000.0,-229500000.0
2026-08-21,科技,-48000000.0,0.0,1,324000000.0,600000000.0
2026-08-21,军工,-51000000.0,0.0,1,42000000.0,101000000.0
2026-08-21,金融,-458400000.0,0.0,3,-49200000.0,-804000000.0
2026-08-21,宽基指数,-718800000.0,0.0,6,454600000.0,-678400000.0
2026-08-21,未分类,-1402546354.000002,0.0,1595,-1633077990.0000038,-33931398018.000004
2026-08-24,未分类,9774259067.0,0.0,1596,20336793494.999996,-24802078958.0
2026-08-24,宽基指数,988100000.0,0.0,6,2416200000.0,-1087300000.0
2026-08-24,科技,176000000.0,0.0,1,896000000.0,680000000.0
2026-08-24,海外指数,1300000.0,0.0,1,6500000.0,26000000.0
2026-08-24,军工,-5000000.0,0.0,1,64000000.0,149000000.0
2026-08-24,新能源,-33000000.0,0.0,3,-18000000.0,-205500000.0
2026-08-24,红利策略,-99000000.0,0.0,2,-519500000.0,-2629500000.0
2026-08-24,消费,-185400000.0,0.0,3,-489800000.0,-1686800000.0
2026-08-24,金融,-740000000.0,0.0,3,-699000000.0,-1434600000.0
2026-08-25,未分类,7217565641.0,0.0,1597,32395765067.999996,-35821677153.0
2026-08-25,宽基指数,1451600000.0,0.0,6,4652700000.0,-1620100000.0
2026-08-25,科技,188000000.0,0.0,1,952000000.0,508000000.0
2026-08-25,红利策略,7500000.0,0.0,2,-321500000.0,-2315500000.0
2026-08-25,海外指数,1300000.0,0.0,1,6500000.0,26000000.0
2026-08-25,新能源,-13000000.0,0.0,3,-69500000.0,-186500000.0
2026-08-25,军工,-20000000.0,0.0,1,78000000.0,61000000.0
2026-08-25,消费,-99500000.0,0.0,3,-428000000.0,-1322900000.0
2026-08-25,金融,-145400000.0,0.0,3,-1253800000.0,-1731600000.0
2026-08-26,消费,85700000.0,0.0,3,-208900000.0,-1018400000.0
2026-08-26,红利策略,19000000.0,0.0,2,-133500000.0,-2004000000.0
2026-08-26,海外指数,1300000.0,0.0,1,6500000.0,26000000.0
2026-08-26,军工,-7000000.0,0.0,1,-42000000.0,33000000.0
2026-08-26,新能源,-18500000.0,0.0,3,-104500000.0,-265000000.0
2026-08-26,科技,-132000000.0,0.0,1,212000000.0,84000000.0
2026-08-26,宽基指数,-901000000.0,0.0,6,696200000.0,-4912100000.0
2026-08-26,金融,-2182800000.0,0.0,3,-3365400000.0,-2600600000.0
2026-08-26,未分类,-8881249542.999998,0.0,1601,-908370489.0000019,-59078331378.0
2026-08-27,消费,168700000.0,0.0,3,30300000.0,-397400000.0
2026-08-27,红利策略,66500000.0,0.0,2,-17500000.0,-1776500000.0
2026-08-27,新能源,39500000.0,0.0,3,-52000000.0,-245000000.0
2026-08-27,军工,4000000.0,0.0,1,-79000000.0,-40000000.0
2026-08-27,海外指数,1300000.0,0.0,1,6500000.0,26000000.0
2026-08-27,科技,-276000000.0,0.0,1,-92000000.0,-872000000.0
2026-08-27,宽基指数,-307400000.0,0.0,6,512500000.0,-7343500000.0
2026-08-27,金融,-1051600000.0,0.0,3,-4578200000.0,-3355200000.0
2026-08-27,未分类,-7219726923.0,0.0,1603,-511698112.00000095,-87622214455.0
2026-08-28,军工,209000000.0,0.0,1,181000000.0,215000000.0
2026-08-28,科技,40000000.0,0.0,1,-4000000.0,-124000000.0
2026-08-28,海外指数,1300000.0,0.0,1,6500000.0,26000000.0
2026-08-28,红利策略,-28500000.0,0.0,2,-34500000.0,-1704500000.0
2026-08-28,新能源,-40500000.0,0.0,3,-65500000.0,-236500000.0
2026-08-28,消费,-130100000.0,0.0,3,-160600000.0,-1034000000.0
2026-08-28,宽基指数,-516500000.0,0.0,6,714800000.0,-6577000000.0
2026-08-28,金融,-781200000.0,0.0,3,-4901000000.0,-3978800000.0
2026-08-28,未分类,-982476089.9999998,0.0,1604,-91627847.99999881,-75008627512.0
2026-08-31,宽基指数,431800000.0,0.0,6,158500000.0,-7433900000.0
2026-08-31,军工,169000000.0,0.0,1,355000000.0,327000000.0
2026-08-31,消费,13400000.0,0.0,3,38200000.0,-1030600000.0
2026-08-31,海外指数,1300000.0,0.0,1,6500000.0,26000000.0
2026-08-31,新能源,-24000000.0,0.0,3,-56500000.0,-228000000.0
2026-08-31,红利策略,-50000000.0,0.0,2,14500000.0,-1774500000.0
2026-08-31,科技,-80000000.0,0.0,1,-260000000.0,-1180000000.0
2026-08-31,金融,-419800000.0,0.0,3,-4580800000.0,-4419600000.0
2026-08-31,未分类,-2124153582.000002,0.0,1604,-11990040497.0,-97219448404.0
2026-09-01,未分类,901162631.0,0.0,1605,-18306443507.0,-77629155309.0
2026-09-01,科技,436000000.0,0.0,1,-12000000.0,-128000000.0
2026-09-01,海外指数,1300000.0,0.0,1,6500000.0,26000000.0
2026-09-01,军工,-17000000.0,0.0,1,358000000.0,355000000.0
2026-09-01,新能源,-29000000.0,0.0,3,-72500000.0,-350000000.0
2026-09-01,红利策略,-181000000.0,0.0,2,-174000000.0,-1654000000.0
2026-09-01,消费,-397500000.0,0.0,3,-259800000.0,-1095100000.0
2026-09-01,金融,-1000200000.0,0.0,3,-5435600000.0,-5308200000.0
2026-09-01,宽基指数,-1006700000.0,0.0,6,-2299800000.0,-6767400000.0
2026-09-02,金融,302400000.0,0.0,3,-2950400000.0,-4901800000.0
2026-09-02,军工,231000000.0,0.0,1,596000000.0,596000000.0
2026-09-02,宽基指数,180000000.0,0.0,6,-1218800000.0,-4839000000.0
2026-09-02,消费,55100000.0,0.0,3,-290400000.0,-1462700000.0
2026-09-02,新能源,8000000.0,0.0,3,-46000000.0,-454500000.0
2026-09-02,海外指数,1300000.0,0.0,1,6500000.0,26000000.0
2026-09-02,科技,-36000000.0,0.0,1,84000000.0,252000000.0
2026-09-02,红利策略,-100000000.0,0.0,2,-293000000.0,-1536500000.0
2026-09-02,未分类,-1274023918.0,0.0,1606,-10699217882.000002,-58510467050.0
2026-09-03,未分类,2707126673.0,0.0,1608,-772364286.0000019,-45838090487.0
2026-09-03,宽基指数,627000000.0,0.0,6,-284400000.0,-3261700000.0
2026-09-03,科技,264000000.0,0.0,1,624000000.0,808000000.0
2026-09-03,消费,59700000.0,0.0,3,-399400000.0,-2062200000.0
2026-09-03,军工,45000000.0,0.0,1,637000000.0,677000000.0
2026-09-03,新能源,7500000.0,0.0,3,-78000000.0,-394500000.0
2026-09-03,海外指数,1300000.0,0.0,1,6500000.0,26000000.0
2026-09-03,红利策略,-109000000.0,0.0,2,-468500000.0,-889500000.0
2026-09-03,金融,-721200000.0,0.0,3,-2620000000.0,-6220200000.0
2026-09-04,未分类,6394086716.999999,0.0,1610,6604198520.999997,-21716438654.000004
2026-09-04,宽基指数,934700000.0,0.0,6,1166800000.0,-790400000.0
2026-09-04,科技,768000000.0,0.0,1,1352000000.0,1864000000.0
2026-09-04,新能源,32000000.0,0.0,3,-5500000.0,-320500000.0
2026-09-04,海外指数,1300000.0,0.0,1,6500000.0,26000000.0
2026-09-04,军工,-10000000.0,0.0,1,418000000.0,690000000.0
2026-09-04,红利策略,-26500000.0,0.0,2,-466500000.0,-867000000.0
2026-09-04,消费,-233100000.0,0.0,3,-502400000.0,-2473100000.0
2026-09-04,金融,-1049600000.0,0.0,3,-2888400000.0,-7492600000.0
