date,source,market,code,name,shares,share_unit,close,industry,source_file
2026-08-26,akshare_fund_etf_scale_sse,SH,510010,治理ETF,130524400.0,份,,,akshare:20260826
2026-08-26,akshare_fund_etf_scale_sse,SH,510020,超大ETF,35848000.0,份,,,akshare:20260826
2026-08-26,akshare_fund_etf_scale_sse,SH,510030,价值ETF,148229800.0,份,,,akshare:20260826
2026-08-26,akshare_fund_etf_scale_sse,SH,510040,上证180E,28480000.0,份,,,akshare:20260826
2026-08-26,akshare_fund_etf_scale_sse,SH,510050,50ETF,7246566800.000001,份,,,akshare:20260826
2026-08-26,akshare_fund_etf_scale_sse,SH,510060,央企ETF,35959200.0,份,,,akshare:20260826
2026-08-26,akshare_fund_etf_scale_sse,SH,510090,ESG建信,24081100.0,份,,,akshare:20260826
2026-08-26,akshare_fund_etf_scale_sse,SH,510100,SZ50ETF,998606799.9999999,份,,,akshare:20260826
2026-08-26,akshare_fund_etf_scale_sse,SH,510130,中盘ETF,31485100.000000004,份,,,akshare:20260826
2026-08-26,akshare_fund_etf_scale_sse,SH,510140,上证指,80230500.0,份,,,akshare:20260826
2026-08-26,akshare_fund_etf_scale_sse,SH,510150,消费ETF,2899178600.0,份,,,akshare:20260826
2026-08-26,akshare_fund_etf_scale_sse,SH,510160,产业升级,192057400.00000003,份,,,akshare:20260826
2026-08-26,akshare_fund_etf_scale_sse,SH,510170,商品ETF,338914800.00000006,份,,,akshare:20260826
2026-08-26,akshare_fund_etf_scale_sse,SH,510180,180ETF,4420557700.0,份,,,akshare:20260826
2026-08-26,akshare_fund_etf_scale_sse,SH,510190,上证50基,23650800.0,份,,,akshare:20260826
2026-08-26,akshare_fund_etf_scale_sse,SH,510200,上证券商,151385500.0,份,,,akshare:20260826
2026-08-26,akshare_fund_etf_scale_sse,SH,510210,综指ETF,15884192600.0,份,,,akshare:20260826
2026-08-26,akshare_fund_etf_scale_sse,SH,510230,金融ETF,648808000.0,份,,,akshare:20260826
2026-08-26,akshare_fund_etf_scale_sse,SH,510270,国企ETF,16832100.0,份,,,akshare:20260826
2026-08-26,akshare_fund_etf_scale_sse,SH,510290,380ETF,56448900.0,份,,,akshare:20260826
2026-08-26,akshare_fund_etf_scale_sse,SH,510300,300ETF,23853187700.0,份,,,akshare:20260826
2026-08-26,akshare_fund_etf_scale_sse,SH,510310,HS300ETF,11572844000.0,份,,,akshare:20260826
2026-08-26,akshare_fund_etf_scale_sse,SH,510320,300中金,631068500.0,份,,,akshare:20260826
2026-08-26,akshare_fund_etf_scale_sse,SH,510330,华夏300,8428749800.0,份,,,akshare:20260826
2026-08-26,akshare_fund_etf_scale_sse,SH,510350,工银300,676914700.0,份,,,akshare:20260826
2026-08-26,akshare_fund_etf_scale_sse,SH,510360,广发300,1790381200.0,份,,,akshare:20260826
2026-08-26,akshare_fund_etf_scale_sse,SH,510370,兴业300,87258100.0,份,,,akshare:20260826
2026-08-26,akshare_fund_etf_scale_sse,SH,510380,国寿300,1461802400.0,份,,,akshare:20260826
2026-08-26,akshare_fund_etf_scale_sse,SH,510390,平安300,135650000.0,份,,,akshare:20260826
2026-08-26,akshare_fund_etf_scale_sse,SH,510410,资源ETF,432258399.99999994,份,,,akshare:20260826
2026-08-26,akshare_fund_etf_scale_sse,SH,510500,500ETF,5173368600.0,份,,,akshare:20260826
2026-08-26,akshare_fund_etf_scale_sse,SH,510510,广发500,861038300.0,份,,,akshare:20260826
2026-08-26,akshare_fund_etf_scale_sse,SH,510530,工银500,46979399.99999999,份,,,akshare:20260826
2026-08-26,akshare_fund_etf_scale_sse,SH,510550,方正500,23743300.0,份,,,akshare:20260826
2026-08-26,akshare_fund_etf_scale_sse,SH,510560,国寿500,52318700.0,份,,,akshare:20260826
2026-08-26,akshare_fund_etf_scale_sse,SH,510570,兴业500,33060600.0,份,,,akshare:20260826
2026-08-26,akshare_fund_etf_scale_sse,SH,510580,ZZ500ETF,1143768300.0,份,,,akshare:20260826
2026-08-26,akshare_fund_etf_scale_sse,SH,510590,平安500,116386100.0,份,,,akshare:20260826
2026-08-26,akshare_fund_etf_scale_sse,SH,510600,沪50ETF,13615100.0,份,,,akshare:20260826
2026-08-26,akshare_fund_etf_scale_sse,SH,510630,消费30,551361500.0,份,,,akshare:20260826
2026-08-26,akshare_fund_etf_scale_sse,SH,510650,金融行业,11952500.0,份,,,akshare:20260826
2026-08-26,akshare_fund_etf_scale_sse,SH,510660,医药行业,52379700.0,份,,,akshare:20260826
2026-08-26,akshare_fund_etf_scale_sse,SH,510670,180指,177993000.0,份,,,akshare:20260826
2026-08-26,akshare_fund_etf_scale_sse,SH,510680,万家50,19924700.0,份,,,akshare:20260826
2026-08-26,akshare_fund_etf_scale_sse,SH,510710,上50ETF,103718900.0,份,,,akshare:20260826
2026-08-26,akshare_fund_etf_scale_sse,SH,510720,红利国泰,1681766000.0,份,,,akshare:20260826
2026-08-26,akshare_fund_etf_scale_sse,SH,510760,上证ETF,3338503700.0,份,,,akshare:20260826
2026-08-26,akshare_fund_etf_scale_sse,SH,510770,G60创新,21610700.0,份,,,akshare:20260826
2026-08-26,akshare_fund_etf_scale_sse,SH,510800,上证50,174576000.0,份,,,akshare:20260826
2026-08-26,akshare_fund_etf_scale_sse,SH,510810,上海国企,5965393700.0,份,,,akshare:20260826
2026-08-26,akshare_fund_etf_scale_sse,SH,510850,工银上50,47898900.0,份,,,akshare:20260826
2026-08-26,akshare_fund_etf_scale_sse,SH,510880,红利ETF,5850175699.999999,份,,,akshare:20260826
2026-08-26,akshare_fund_etf_scale_sse,SH,510900,恒生中国,3238021900.0,份,,,akshare:20260826
2026-08-26,akshare_fund_etf_scale_sse,SH,510910,上证指CS,171796000.0,份,,,akshare:20260826
2026-08-26,akshare_fund_etf_scale_sse,SH,510950,上证广发,115420800.0,份,,,akshare:20260826
2026-08-26,akshare_fund_etf_scale_sse,SH,510980,上证综合,734798000.0,份,,,akshare:20260826
2026-08-26,akshare_fund_etf_scale_sse,SH,510990,ESG180,38948600.0,份,,,akshare:20260826
2026-08-26,akshare_fund_etf_scale_sse,SH,511010,国债ETF,47166300.0,份,,,akshare:20260826
2026-08-26,akshare_fund_etf_scale_sse,SH,511020,活跃国债,38317500.0,份,,,akshare:20260826
2026-08-26,akshare_fund_etf_scale_sse,SH,511030,公司债,402470700.0,份,,,akshare:20260826
2026-08-26,akshare_fund_etf_scale_sse,SH,511060,5年地债,21436300.0,份,,,akshare:20260826
2026-08-26,akshare_fund_etf_scale_sse,SH,511070,沪公司债,289941000.0,份,,,akshare:20260826
2026-08-26,akshare_fund_etf_scale_sse,SH,511090,30年国债,282378100.0,份,,,akshare:20260826
2026-08-26,akshare_fund_etf_scale_sse,SH,511100,基准国债,110360500.0,份,,,akshare:20260826
2026-08-26,akshare_fund_etf_scale_sse,SH,511110,公司债易,317699600.0,份,,,akshare:20260826
2026-08-26,akshare_fund_etf_scale_sse,SH,511120,科创债基,117710600.0,份,,,akshare:20260826
2026-08-26,akshare_fund_etf_scale_sse,SH,511130,国债30年,197779700.0,份,,,akshare:20260826
2026-08-26,akshare_fund_etf_scale_sse,SH,511150,科债永赢,113030900.0,份,,,akshare:20260826
2026-08-26,akshare_fund_etf_scale_sse,SH,511160,国债东财,21970900.0,份,,,akshare:20260826
2026-08-26,akshare_fund_etf_scale_sse,SH,511180,上证转债,993959700.0,份,,,akshare:20260826
2026-08-26,akshare_fund_etf_scale_sse,SH,511190,信用债,145854300.0,份,,,akshare:20260826
2026-08-26,akshare_fund_etf_scale_sse,SH,511200,信用债基,235977500.0,份,,,akshare:20260826
2026-08-26,akshare_fund_etf_scale_sse,SH,511220,城投ETF,5311881400.0,份,,,akshare:20260826
2026-08-26,akshare_fund_etf_scale_sse,SH,511260,十年国债,169056500.0,份,,,akshare:20260826
2026-08-26,akshare_fund_etf_scale_sse,SH,511270,10年地债,89667500.0,份,,,akshare:20260826
2026-08-26,akshare_fund_etf_scale_sse,SH,511360,短融ETF,735638600.0,份,,,akshare:20260826
2026-08-26,akshare_fund_etf_scale_sse,SH,511380,转债ETF,4576586700.0,份,,,akshare:20260826
2026-08-26,akshare_fund_etf_scale_sse,SH,511520,政金债,381086500.0,份,,,akshare:20260826
2026-08-26,akshare_fund_etf_scale_sse,SH,511580,国债政金,68890800.0,份,,,akshare:20260826
2026-08-26,akshare_fund_etf_scale_sse,SH,512000,券商ETF,73473635400.0,份,,,akshare:20260826
2026-08-26,akshare_fund_etf_scale_sse,SH,512010,医药ETF,40263694900.0,份,,,akshare:20260826
2026-08-26,akshare_fund_etf_scale_sse,SH,512020,A500,1127012700.0,份,,,akshare:20260826
2026-08-26,akshare_fund_etf_scale_sse,SH,512030,A50增,44240000.0,份,,,akshare:20260826
2026-08-26,akshare_fund_etf_scale_sse,SH,512040,国信价值,4526715900.0,份,,,akshare:20260826
2026-08-26,akshare_fund_etf_scale_sse,SH,512050,A500E,16483992200.0,份,,,akshare:20260826
2026-08-26,akshare_fund_etf_scale_sse,SH,512060,A100指基,10928000.0,份,,,akshare:20260826
2026-08-26,akshare_fund_etf_scale_sse,SH,512070,证券保险,16598479700.0,份,,,akshare:20260826
2026-08-26,akshare_fund_etf_scale_sse,SH,512080,A500中金,797186100.0,份,,,akshare:20260826
2026-08-26,akshare_fund_etf_scale_sse,SH,512090,MSCI易基,337592300.00000006,份,,,akshare:20260826
2026-08-26,akshare_fund_etf_scale_sse,SH,512100,1000ETF,6623217600.0,份,,,akshare:20260826
2026-08-26,akshare_fund_etf_scale_sse,SH,512120,医药50,776241900.0,份,,,akshare:20260826
2026-08-26,akshare_fund_etf_scale_sse,SH,512130,现金全指,14895000.0,份,,,akshare:20260826
2026-08-26,akshare_fund_etf_scale_sse,SH,512140,电力事业,144049000.0,份,,,akshare:20260826
2026-08-26,akshare_fund_etf_scale_sse,SH,512150,A50ETF,18073400.0,份,,,akshare:20260826
2026-08-26,akshare_fund_etf_scale_sse,SH,512160,MSCI基金,121777800.0,份,,,akshare:20260826
2026-08-26,akshare_fund_etf_scale_sse,SH,512170,医疗ETF,71509820500.0,份,,,akshare:20260826
2026-08-26,akshare_fund_etf_scale_sse,SH,512180,建信MSCI,48048000.0,份,,,akshare:20260826
2026-08-26,akshare_fund_etf_scale_sse,SH,512190,之江凤凰,200118400.0,份,,,akshare:20260826
2026-08-26,akshare_fund_etf_scale_sse,SH,512200,地产ETF,2836597900.0,份,,,akshare:20260826
2026-08-26,akshare_fund_etf_scale_sse,SH,512220,TMTETF,209967599.99999997,份,,,akshare:20260826
2026-08-26,akshare_fund_etf_scale_sse,SH,512240,A50龙头,21686000.0,份,,,akshare:20260826
2026-08-26,akshare_fund_etf_scale_sse,SH,512250,A50指数E,119600100.0,份,,,akshare:20260826
2026-08-26,akshare_fund_etf_scale_sse,SH,512260,500低波,20497700.0,份,,,akshare:20260826
2026-08-26,akshare_fund_etf_scale_sse,SH,512290,生物医药,3139820700.0,份,,,akshare:20260826
2026-08-26,akshare_fund_etf_scale_sse,SH,512330,信息ETF,356688000.0,份,,,akshare:20260826
2026-08-26,akshare_fund_etf_scale_sse,SH,512360,MSCI国际,27337700.0,份,,,akshare:20260826
2026-08-26,akshare_fund_etf_scale_sse,SH,512370,A500增指,302313000.0,份,,,akshare:20260826
2026-08-26,akshare_fund_etf_scale_sse,SH,512380,MSCI中国,75805600.0,份,,,akshare:20260826
2026-08-26,akshare_fund_etf_scale_sse,SH,512390,MSCI低波,15682000.0,份,,,akshare:20260826
2026-08-26,akshare_fund_etf_scale_sse,SH,512400,有色ETF,13562039000.0,份,,,akshare:20260826
2026-08-26,akshare_fund_etf_scale_sse,SH,512410,银行广发,44371700.0,份,,,akshare:20260826
2026-08-26,akshare_fund_etf_scale_sse,SH,512420,机械华安,75238900.0,份,,,akshare:20260826
2026-08-26,akshare_fund_etf_scale_sse,SH,512430,家电家居,28720000.0,份,,,akshare:20260826
2026-08-26,akshare_fund_etf_scale_sse,SH,512450,广发养殖,109367000.0,份,,,akshare:20260826
2026-08-26,akshare_fund_etf_scale_sse,SH,512460,电池主题,291823000.0,份,,,akshare:20260826
2026-08-26,akshare_fund_etf_scale_sse,SH,512480,半导体,19434007200.0,份,,,akshare:20260826
2026-08-26,akshare_fund_etf_scale_sse,SH,512500,中证500,1860808800.0,份,,,akshare:20260826
2026-08-26,akshare_fund_etf_scale_sse,SH,512510,ETF500,433429800.00000006,份,,,akshare:20260826
2026-08-26,akshare_fund_etf_scale_sse,SH,512520,MSCIETF,45056400.0,份,,,akshare:20260826
2026-08-26,akshare_fund_etf_scale_sse,SH,512530,300红利,96502000.0,份,,,akshare:20260826
2026-08-26,akshare_fund_etf_scale_sse,SH,512550,A50基金,109906000.0,份,,,akshare:20260826
2026-08-26,akshare_fund_etf_scale_sse,SH,512560,中证军工,955127000.0,份,,,akshare:20260826
2026-08-26,akshare_fund_etf_scale_sse,SH,512570,中证证券,4120806100.0,份,,,akshare:20260826
2026-08-26,akshare_fund_etf_scale_sse,SH,512580,环保ETF,565471700.0,份,,,akshare:20260826
2026-08-26,akshare_fund_etf_scale_sse,SH,512600,必选消费,1698656099.9999998,份,,,akshare:20260826
2026-08-26,akshare_fund_etf_scale_sse,SH,512620,农业TH,1427666000.0,份,,,akshare:20260826
2026-08-26,akshare_fund_etf_scale_sse,SH,512630,卫星基金,1712426000.0,份,,,akshare:20260826
2026-08-26,akshare_fund_etf_scale_sse,SH,512640,金融地产,20240900.0,份,,,akshare:20260826
2026-08-26,akshare_fund_etf_scale_sse,SH,512650,长三角,32941600.0,份,,,akshare:20260826
2026-08-26,akshare_fund_etf_scale_sse,SH,512660,军工ETF,5860080000.0,份,,,akshare:20260826
2026-08-26,akshare_fund_etf_scale_sse,SH,512670,国防ETF,2167652600.0,份,,,akshare:20260826
2026-08-26,akshare_fund_etf_scale_sse,SH,512680,军工基金,3116930100.0,份,,,akshare:20260826
2026-08-26,akshare_fund_etf_scale_sse,SH,512690,酒ETF,32093350200.0,份,,,akshare:20260826
2026-08-26,akshare_fund_etf_scale_sse,SH,512700,银行基金,666081000.0,份,,,akshare:20260826
2026-08-26,akshare_fund_etf_scale_sse,SH,512710,军工龙头,11850658400.0,份,,,akshare:20260826
2026-08-26,akshare_fund_etf_scale_sse,SH,512720,计算机,366453399.99999994,份,,,akshare:20260826
2026-08-26,akshare_fund_etf_scale_sse,SH,512730,银行FUND,53583900.0,份,,,akshare:20260826
2026-08-26,akshare_fund_etf_scale_sse,SH,512750,基本面50,46554900.0,份,,,akshare:20260826
2026-08-26,akshare_fund_etf_scale_sse,SH,512760,芯片ETF,9511445500.0,份,,,akshare:20260826
2026-08-26,akshare_fund_etf_scale_sse,SH,512770,战略新兴,98267800.0,份,,,akshare:20260826
2026-08-26,akshare_fund_etf_scale_sse,SH,512800,银行ETF,12371679900.0,份,,,akshare:20260826
2026-08-26,akshare_fund_etf_scale_sse,SH,512810,国防军工,1009583500.0,份,,,akshare:20260826
2026-08-26,akshare_fund_etf_scale_sse,SH,512820,银行股基,388901900.0,份,,,akshare:20260826
2026-08-26,akshare_fund_etf_scale_sse,SH,512870,杭州湾区,22410600.0,份,,,akshare:20260826
2026-08-26,akshare_fund_etf_scale_sse,SH,512880,证券ETF,57694291500.0,份,,,akshare:20260826
2026-08-26,akshare_fund_etf_scale_sse,SH,512890,红利低波,27941110800.0,份,,,akshare:20260826
2026-08-26,akshare_fund_etf_scale_sse,SH,512900,证券基金,7468406000.0,份,,,akshare:20260826
2026-08-26,akshare_fund_etf_scale_sse,SH,512910,100ETF,131128799.99999999,份,,,akshare:20260826
2026-08-26,akshare_fund_etf_scale_sse,SH,512930,AIETF,5004521300.0,份,,,akshare:20260826
2026-08-26,akshare_fund_etf_scale_sse,SH,512940,有色矿业,2149705000.0,份,,,akshare:20260826
2026-08-26,akshare_fund_etf_scale_sse,SH,512950,央企改革,4042551000.0,份,,,akshare:20260826
2026-08-26,akshare_fund_etf_scale_sse,SH,512960,央调ETF,3856657300.0,份,,,akshare:20260826
2026-08-26,akshare_fund_etf_scale_sse,SH,512970,湾区ETF,5987600.0,份,,,akshare:20260826
2026-08-26,akshare_fund_etf_scale_sse,SH,512980,传媒ETF,4712924400.0,份,,,akshare:20260826
2026-08-26,akshare_fund_etf_scale_sse,SH,512990,MSCIA股,99015400.00000001,份,,,akshare:20260826
2026-08-26,akshare_fund_etf_scale_sse,SH,513000,225ETF,1000911400.0,份,,,akshare:20260826
2026-08-26,akshare_fund_etf_scale_sse,SH,513010,港股科技,44243307000.0,份,,,akshare:20260826
2026-08-26,akshare_fund_etf_scale_sse,SH,513020,科技HK,2248145400.0,份,,,akshare:20260826
2026-08-26,akshare_fund_etf_scale_sse,SH,513030,德国ETF,1013779000.0,份,,,akshare:20260826
2026-08-26,akshare_fund_etf_scale_sse,SH,513040,HK互联网,6798841300.0,份,,,akshare:20260826
2026-08-26,akshare_fund_etf_scale_sse,SH,513050,中概互联,34345432700.0,份,,,akshare:20260826
2026-08-26,akshare_fund_etf_scale_sse,SH,513060,恒生医疗,8587893300.0,份,,,akshare:20260826
2026-08-26,akshare_fund_etf_scale_sse,SH,513070,HK消费50,1336760799.9999998,份,,,akshare:20260826
2026-08-26,akshare_fund_etf_scale_sse,SH,513080,法国ETF,656916000.0,份,,,akshare:20260826
2026-08-26,akshare_fund_etf_scale_sse,SH,513090,香港证券,9937488000.0,份,,,akshare:20260826
2026-08-26,akshare_fund_etf_scale_sse,SH,513100,纳指ETF,9465110600.0,份,,,akshare:20260826
2026-08-26,akshare_fund_etf_scale_sse,SH,513110,纳指100,2198435000.0,份,,,akshare:20260826
2026-08-26,akshare_fund_etf_scale_sse,SH,513120,HK创新药,19293135400.0,份,,,akshare:20260826
2026-08-26,akshare_fund_etf_scale_sse,SH,513130,恒生科技,56517347000.0,份,,,akshare:20260826
2026-08-26,akshare_fund_etf_scale_sse,SH,513140,港股金融,78868000.0,份,,,akshare:20260826
2026-08-26,akshare_fund_etf_scale_sse,SH,513150,港科技50,100559800.0,份,,,akshare:20260826
2026-08-26,akshare_fund_etf_scale_sse,SH,513160,科技30,3191189300.0,份,,,akshare:20260826
2026-08-26,akshare_fund_etf_scale_sse,SH,513170,恒生央企,189573000.0,份,,,akshare:20260826
2026-08-26,akshare_fund_etf_scale_sse,SH,513180,恒指科技,69549759500.0,份,,,akshare:20260826
2026-08-26,akshare_fund_etf_scale_sse,SH,513190,H股金融,996936000.0,份,,,akshare:20260826
2026-08-26,akshare_fund_etf_scale_sse,SH,513200,港股医药,893282100.0000001,份,,,akshare:20260826
2026-08-26,akshare_fund_etf_scale_sse,SH,513210,恒生E,40942000.0,份,,,akshare:20260826
2026-08-26,akshare_fund_etf_scale_sse,SH,513220,互联网30,521109400.0,份,,,akshare:20260826
2026-08-26,akshare_fund_etf_scale_sse,SH,513230,H股消费,328422699.99999994,份,,,akshare:20260826
2026-08-26,akshare_fund_etf_scale_sse,SH,513240,港信息,109496000.0,份,,,akshare:20260826
2026-08-26,akshare_fund_etf_scale_sse,SH,513260,恒科技,4733243000.0,份,,,akshare:20260826
2026-08-26,akshare_fund_etf_scale_sse,SH,513280,恒生生物,366114500.0,份,,,akshare:20260826
2026-08-26,akshare_fund_etf_scale_sse,SH,513290,纳指生物,1038572100.0000001,份,,,akshare:20260826
2026-08-26,akshare_fund_etf_scale_sse,SH,513300,纳斯达克,5321921000.0,份,,,akshare:20260826
2026-08-26,akshare_fund_etf_scale_sse,SH,513310,中韩芯片,2415427000.0,份,,,akshare:20260826
2026-08-26,akshare_fund_etf_scale_sse,SH,513320,HK新经济,91010600.0,份,,,akshare:20260826
2026-08-26,akshare_fund_etf_scale_sse,SH,513330,恒生互联,69471480000.0,份,,,akshare:20260826
2026-08-26,akshare_fund_etf_scale_sse,SH,513350,油气ETF,840746000.0,份,,,akshare:20260826
2026-08-26,akshare_fund_etf_scale_sse,SH,513360,教育ETF,617713900.0,份,,,akshare:20260826
2026-08-26,akshare_fund_etf_scale_sse,SH,513380,科技恒生,17835784900.0,份,,,akshare:20260826
2026-08-26,akshare_fund_etf_scale_sse,SH,513390,纳指基金,2141379100.0,份,,,akshare:20260826
2026-08-26,akshare_fund_etf_scale_sse,SH,513400,道琼斯,2682062000.0,份,,,akshare:20260826
2026-08-26,akshare_fund_etf_scale_sse,SH,513500,标普500,10210638600.0,份,,,akshare:20260826
2026-08-26,akshare_fund_etf_scale_sse,SH,513520,日经ETF,1075387200.0,份,,,akshare:20260826
2026-08-26,akshare_fund_etf_scale_sse,SH,513530,港股红利,2783438700.0,份,,,akshare:20260826
2026-08-26,akshare_fund_etf_scale_sse,SH,513550,港股通50,1685992000.0,份,,,akshare:20260826
2026-08-26,akshare_fund_etf_scale_sse,SH,513560,香港科技,531386000.0,份,,,akshare:20260826
2026-08-26,akshare_fund_etf_scale_sse,SH,513580,HS科技,6063118000.0,份,,,akshare:20260826
2026-08-26,akshare_fund_etf_scale_sse,SH,513590,香港消费,139518900.0,份,,,akshare:20260826
2026-08-26,akshare_fund_etf_scale_sse,SH,513600,恒指ETF,609829500.0,份,,,akshare:20260826
2026-08-26,akshare_fund_etf_scale_sse,SH,513620,港医疗指,57216000.0,份,,,akshare:20260826
2026-08-26,akshare_fund_etf_scale_sse,SH,513630,香港红利,7544359000.0,份,,,akshare:20260826
2026-08-26,akshare_fund_etf_scale_sse,SH,513650,标普ETF,4357734000.0,份,,,akshare:20260826
2026-08-26,akshare_fund_etf_scale_sse,SH,513660,恒生通,1814000200.0,份,,,akshare:20260826
2026-08-26,akshare_fund_etf_scale_sse,SH,513690,恒生股息,3149979900.0,份,,,akshare:20260826
2026-08-26,akshare_fund_etf_scale_sse,SH,513700,香港医药,794846000.0,份,,,akshare:20260826
2026-08-26,akshare_fund_etf_scale_sse,SH,513720,香港互联,250859000.0,份,,,akshare:20260826
2026-08-26,akshare_fund_etf_scale_sse,SH,513730,东南亚,798355000.0,份,,,akshare:20260826
2026-08-26,akshare_fund_etf_scale_sse,SH,513750,港股非银,8105338000.0,份,,,akshare:20260826
2026-08-26,akshare_fund_etf_scale_sse,SH,513770,港股互联,14614137900.0,份,,,akshare:20260826
2026-08-26,akshare_fund_etf_scale_sse,SH,513780,港股新药,1863657000.0,份,,,akshare:20260826
2026-08-26,akshare_fund_etf_scale_sse,SH,513800,东证ETF,1037044400.0,份,,,akshare:20260826
2026-08-26,akshare_fund_etf_scale_sse,SH,513810,港股国企,41992000.0,份,,,akshare:20260826
2026-08-26,akshare_fund_etf_scale_sse,SH,513820,XD港股分,1703169000.0,份,,,akshare:20260826
2026-08-26,akshare_fund_etf_scale_sse,SH,513830,红利港股,54311000.0,份,,,akshare:20260826
2026-08-26,akshare_fund_etf_scale_sse,SH,513850,美国50,1240892600.0,份,,,akshare:20260826
2026-08-26,akshare_fund_etf_scale_sse,SH,513860,HKC科技,2849470600.0,份,,,akshare:20260826
2026-08-26,akshare_fund_etf_scale_sse,SH,513870,纳指指数,1373671000.0,份,,,akshare:20260826
2026-08-26,akshare_fund_etf_scale_sse,SH,513880,日经225,1309970000.0,份,,,akshare:20260826
2026-08-26,akshare_fund_etf_scale_sse,SH,513890,HK科技,898128000.0,份,,,akshare:20260826
2026-08-26,akshare_fund_etf_scale_sse,SH,513900,港股100,91978000.0,份,,,akshare:20260826
2026-08-26,akshare_fund_etf_scale_sse,SH,513910,红利央企,1978276000.0,份,,,akshare:20260826
2026-08-26,akshare_fund_etf_scale_sse,SH,513920,央企40,2628731000.0,份,,,akshare:20260826
2026-08-26,akshare_fund_etf_scale_sse,SH,513930,香港生科,102908000.0,份,,,akshare:20260826
2026-08-26,akshare_fund_etf_scale_sse,SH,513950,恒生红利,2437619000.0,份,,,akshare:20260826
2026-08-26,akshare_fund_etf_scale_sse,SH,513970,恒生消费,1415041000.0,份,,,akshare:20260826
2026-08-26,akshare_fund_etf_scale_sse,SH,513980,科技港股,16873204000.0,份,,,akshare:20260826
2026-08-26,akshare_fund_etf_scale_sse,SH,513990,港股通综,43000000.0,份,,,akshare:20260826
2026-08-26,akshare_fund_etf_scale_sse,SH,515000,科技ETF,3132579300.0,份,,,akshare:20260826
2026-08-26,akshare_fund_etf_scale_sse,SH,515010,华夏证券,2024271600.0,份,,,akshare:20260826
2026-08-26,akshare_fund_etf_scale_sse,SH,515020,银行指数,399345300.0,份,,,akshare:20260826
2026-08-26,akshare_fund_etf_scale_sse,SH,515030,新汽车,1495384000.0,份,,,akshare:20260826
2026-08-26,akshare_fund_etf_scale_sse,SH,515040,工业金属,54319600.0,份,,,akshare:20260826
2026-08-26,akshare_fund_etf_scale_sse,SH,515050,5GETF,17415205400.0,份,,,akshare:20260826
2026-08-26,akshare_fund_etf_scale_sse,SH,515060,华夏地产,942478100.0,份,,,akshare:20260826
2026-08-26,akshare_fund_etf_scale_sse,SH,515070,AI智能,7586940400.0,份,,,akshare:20260826
2026-08-26,akshare_fund_etf_scale_sse,SH,515080,中证红利,7120148900.0,份,,,akshare:20260826
2026-08-26,akshare_fund_etf_scale_sse,SH,515090,可持续,10801700.0,份,,,akshare:20260826
2026-08-26,akshare_fund_etf_scale_sse,SH,515100,红利100,3760691500.0,份,,,akshare:20260826
2026-08-26,akshare_fund_etf_scale_sse,SH,515110,国企方达,214295000.0,份,,,akshare:20260826
2026-08-26,akshare_fund_etf_scale_sse,SH,515120,创新药,17066993600.000002,份,,,akshare:20260826
2026-08-26,akshare_fund_etf_scale_sse,SH,515130,HS300E,97463200.0,份,,,akshare:20260826
2026-08-26,akshare_fund_etf_scale_sse,SH,515150,国企富国,397703200.0,份,,,akshare:20260826
2026-08-26,akshare_fund_etf_scale_sse,SH,515160,MSCI招商,243955099.99999997,份,,,akshare:20260826
2026-08-26,akshare_fund_etf_scale_sse,SH,515170,食品饮料,8599757900.0,份,,,akshare:20260826
2026-08-26,akshare_fund_etf_scale_sse,SH,515180,100红利,12797637000.0,份,,,akshare:20260826
2026-08-26,akshare_fund_etf_scale_sse,SH,515190,BOCI500,293466100.0,份,,,akshare:20260826
2026-08-26,akshare_fund_etf_scale_sse,SH,515200,创新100,38943200.0,份,,,akshare:20260826
2026-08-26,akshare_fund_etf_scale_sse,SH,515210,钢铁ETF,994226100.0,份,,,akshare:20260826
2026-08-26,akshare_fund_etf_scale_sse,SH,515220,煤炭ETF,10630176900.0,份,,,akshare:20260826
2026-08-26,akshare_fund_etf_scale_sse,SH,515230,软件ETF,7950690900.0,份,,,akshare:20260826
2026-08-26,akshare_fund_etf_scale_sse,SH,515250,智能汽车,340944500.0,份,,,akshare:20260826
2026-08-26,akshare_fund_etf_scale_sse,SH,515260,电子ETF,884568400.0,份,,,akshare:20260826
2026-08-26,akshare_fund_etf_scale_sse,SH,515290,银行,2676472900.0,份,,,akshare:20260826
2026-08-26,akshare_fund_etf_scale_sse,SH,515300,红利300,3419675200.0,份,,,akshare:20260826
2026-08-26,akshare_fund_etf_scale_sse,SH,515310,添富300,328611200.0,份,,,akshare:20260826
2026-08-26,akshare_fund_etf_scale_sse,SH,515320,电子50,89309000.0,份,,,akshare:20260826
2026-08-26,akshare_fund_etf_scale_sse,SH,515330,天弘300,6182709500.0,份,,,akshare:20260826
2026-08-26,akshare_fund_etf_scale_sse,SH,515350,民生300,12599200.0,份,,,akshare:20260826
2026-08-26,akshare_fund_etf_scale_sse,SH,515360,方正300,37779300.0,份,,,akshare:20260826
2026-08-26,akshare_fund_etf_scale_sse,SH,515370,中证光伏,959713000.0,份,,,akshare:20260826
2026-08-26,akshare_fund_etf_scale_sse,SH,515380,泰康300,664299800.0,份,,,akshare:20260826
2026-08-26,akshare_fund_etf_scale_sse,SH,515390,HS300,1834683000.0,份,,,akshare:20260826
2026-08-26,akshare_fund_etf_scale_sse,SH,515400,大数据,1631631400.0000002,份,,,akshare:20260826
2026-08-26,akshare_fund_etf_scale_sse,SH,515450,红利50,14196335000.0,份,,,akshare:20260826
2026-08-26,akshare_fund_etf_scale_sse,SH,515460,质量红利,278091000.0,份,,,akshare:20260826
2026-08-26,akshare_fund_etf_scale_sse,SH,515480,红利一百,24340700.0,份,,,akshare:20260826
2026-08-26,akshare_fund_etf_scale_sse,SH,515530,泰康500,12242700.0,份,,,akshare:20260826
2026-08-26,akshare_fund_etf_scale_sse,SH,515550,国联500,20345700.0,份,,,akshare:20260826
2026-08-26,akshare_fund_etf_scale_sse,SH,515560,证券E,195883300.00000003,份,,,akshare:20260826
2026-08-26,akshare_fund_etf_scale_sse,SH,515580,中证科技,304031400.0,份,,,akshare:20260826
2026-08-26,akshare_fund_etf_scale_sse,SH,515590,500ETFEW,36113700.0,份,,,akshare:20260826
2026-08-26,akshare_fund_etf_scale_sse,SH,515600,央企创新,1037797400.0,份,,,akshare:20260826
2026-08-26,akshare_fund_etf_scale_sse,SH,515630,保险证券,946717700.0,份,,,akshare:20260826
2026-08-26,akshare_fund_etf_scale_sse,SH,515640,家电指数,17050000.0,份,,,akshare:20260826
2026-08-26,akshare_fund_etf_scale_sse,SH,515650,消费50,3087184000.0,份,,,akshare:20260826
2026-08-26,akshare_fund_etf_scale_sse,SH,515660,沪深300E,432694200.0,份,,,akshare:20260826
2026-08-26,akshare_fund_etf_scale_sse,SH,515680,创新央企,1099264700.0,份,,,akshare:20260826
2026-08-26,akshare_fund_etf_scale_sse,SH,515700,新能车,679510200.0,份,,,akshare:20260826
2026-08-26,akshare_fund_etf_scale_sse,SH,515710,食品ETF,2320099800.0,份,,,akshare:20260826
2026-08-26,akshare_fund_etf_scale_sse,SH,515720,金科富国,447611000.0,份,,,akshare:20260826
2026-08-26,akshare_fund_etf_scale_sse,SH,515730,家居家电,39892000.0,份,,,akshare:20260826
2026-08-26,akshare_fund_etf_scale_sse,SH,515750,科技50,264140500.0,份,,,akshare:20260826
2026-08-26,akshare_fund_etf_scale_sse,SH,515760,浙江国资,95388100.0,份,,,akshare:20260826
2026-08-26,akshare_fund_etf_scale_sse,SH,515770,MSCIAETF,39727300.0,份,,,akshare:20260826
2026-08-26,akshare_fund_etf_scale_sse,SH,515790,光伏ETF,5993494000.0,份,,,akshare:20260826
2026-08-26,akshare_fund_etf_scale_sse,SH,515800,800ETF,3984437199.9999995,份,,,akshare:20260826
2026-08-26,akshare_fund_etf_scale_sse,SH,515810,ZZ800ETF,266908800.0,份,,,akshare:20260826
2026-08-26,akshare_fund_etf_scale_sse,SH,515840,食品南方,34426400.0,份,,,akshare:20260826
2026-08-26,akshare_fund_etf_scale_sse,SH,515850,证券龙头,480791000.0,份,,,akshare:20260826
2026-08-26,akshare_fund_etf_scale_sse,SH,515860,科技100,101878900.0,份,,,akshare:20260826
2026-08-26,akshare_fund_etf_scale_sse,SH,515880,通信ETF,62857774000.0,份,,,akshare:20260826
2026-08-26,akshare_fund_etf_scale_sse,SH,515890,红利博时,365443900.0,份,,,akshare:20260826
2026-08-26,akshare_fund_etf_scale_sse,SH,515900,央创ETF,2227846500.0,份,,,akshare:20260826
2026-08-26,akshare_fund_etf_scale_sse,SH,515910,质量ETF,227507000.0,份,,,akshare:20260826
2026-08-26,akshare_fund_etf_scale_sse,SH,515920,智能消费,65905700.0,份,,,akshare:20260826
2026-08-26,akshare_fund_etf_scale_sse,SH,515950,医药龙头,532200600.0,份,,,akshare:20260826
2026-08-26,akshare_fund_etf_scale_sse,SH,515960,医药100,239991900.0,份,,,akshare:20260826
2026-08-26,akshare_fund_etf_scale_sse,SH,515970,华夏机械,669088000.0,份,,,akshare:20260826
2026-08-26,akshare_fund_etf_scale_sse,SH,515980,人工智能,6299129000.0,份,,,akshare:20260826
2026-08-26,akshare_fund_etf_scale_sse,SH,515990,添富国企,52350200.00000001,份,,,akshare:20260826
2026-08-26,akshare_fund_etf_scale_sse,SH,516000,数据ETF,441855000.0,份,,,akshare:20260826
2026-08-26,akshare_fund_etf_scale_sse,SH,516010,游戏ETF,2406693000.0,份,,,akshare:20260826
2026-08-26,akshare_fund_etf_scale_sse,SH,516020,化工ETF,3437826200.0,份,,,akshare:20260826
2026-08-26,akshare_fund_etf_scale_sse,SH,516050,科技龙头,166228000.0,份,,,akshare:20260826
2026-08-26,akshare_fund_etf_scale_sse,SH,516060,新药ETF,292237400.0,份,,,akshare:20260826
2026-08-26,akshare_fund_etf_scale_sse,SH,516070,碳中和50,290646000.0,份,,,akshare:20260826
2026-08-26,akshare_fund_etf_scale_sse,SH,516080,创新医药,5231554800.0,份,,,akshare:20260826
2026-08-26,akshare_fund_etf_scale_sse,SH,516090,新能源E,1668844800.0,份,,,akshare:20260826
2026-08-26,akshare_fund_etf_scale_sse,SH,516100,科技金融,1120759700.0,份,,,akshare:20260826
2026-08-26,akshare_fund_etf_scale_sse,SH,516110,汽车ETF,206623100.0,份,,,akshare:20260826
2026-08-26,akshare_fund_etf_scale_sse,SH,516120,化工50,5112082000.0,份,,,akshare:20260826
2026-08-26,akshare_fund_etf_scale_sse,SH,516130,消费龙头,1618890000.0,份,,,akshare:20260826
2026-08-26,akshare_fund_etf_scale_sse,SH,516150,稀土基金,3835577000.0,份,,,akshare:20260826
2026-08-26,akshare_fund_etf_scale_sse,SH,516160,新能源,1540642000.0,份,,,akshare:20260826
2026-08-26,akshare_fund_etf_scale_sse,SH,516180,光伏产业,149987000.0,份,,,akshare:20260826
2026-08-26,akshare_fund_etf_scale_sse,SH,516190,文娱ETF,101818500.0,份,,,akshare:20260826
2026-08-26,akshare_fund_etf_scale_sse,SH,516200,证券行业,451604000.0,份,,,akshare:20260826
2026-08-26,akshare_fund_etf_scale_sse,SH,516210,银行股,79931000.0,份,,,akshare:20260826
2026-08-26,akshare_fund_etf_scale_sse,SH,516220,化工龙头,262170000.0,份,,,akshare:20260826
2026-08-26,akshare_fund_etf_scale_sse,SH,516230,光伏招商,742921000.0,份,,,akshare:20260826
2026-08-26,akshare_fund_etf_scale_sse,SH,516250,富国机械,77878000.0,份,,,akshare:20260826
2026-08-26,akshare_fund_etf_scale_sse,SH,516260,物联网50,43882600.0,份,,,akshare:20260826
2026-08-26,akshare_fund_etf_scale_sse,SH,516270,新能源50,277409000.0,份,,,akshare:20260826
2026-08-26,akshare_fund_etf_scale_sse,SH,516290,光伏基金,739196900.0,份,,,akshare:20260826
2026-08-26,akshare_fund_etf_scale_sse,SH,516300,中证1000,43012600.0,份,,,akshare:20260826
2026-08-26,akshare_fund_etf_scale_sse,SH,516310,银行指基,1638558500.0,份,,,akshare:20260826
2026-08-26,akshare_fund_etf_scale_sse,SH,516320,装备ETF,87589300.0,份,,,akshare:20260826
2026-08-26,akshare_fund_etf_scale_sse,SH,516330,物联网,8471300.0,份,,,akshare:20260826
2026-08-26,akshare_fund_etf_scale_sse,SH,516350,芯片50,1488415300.0,份,,,akshare:20260826
2026-08-26,akshare_fund_etf_scale_sse,SH,516360,新材料,57551800.0,份,,,akshare:20260826
2026-08-26,akshare_fund_etf_scale_sse,SH,516370,全指电力,300408000.0,份,,,akshare:20260826
2026-08-26,akshare_fund_etf_scale_sse,SH,516380,智能电车,83449300.0,份,,,akshare:20260826
2026-08-26,akshare_fund_etf_scale_sse,SH,516390,电动车,182761000.0,份,,,akshare:20260826
2026-08-26,akshare_fund_etf_scale_sse,SH,516440,南方机械,139626600.0,份,,,akshare:20260826
2026-08-26,akshare_fund_etf_scale_sse,SH,516460,现金流E,422693000.0,份,,,akshare:20260826
2026-08-26,akshare_fund_etf_scale_sse,SH,516500,生物ETF,201937200.0,份,,,akshare:20260826
2026-08-26,akshare_fund_etf_scale_sse,SH,516510,云计算,1529890000.0,份,,,akshare:20260826
2026-08-26,akshare_fund_etf_scale_sse,SH,516520,智能驾驶,815765500.0,份,,,akshare:20260826
2026-08-26,akshare_fund_etf_scale_sse,SH,516530,物流快递,17802300.0,份,,,akshare:20260826
2026-08-26,akshare_fund_etf_scale_sse,SH,516550,农业ETF,261414400.0,份,,,akshare:20260826
2026-08-26,akshare_fund_etf_scale_sse,SH,516560,养老ETF,206758000.0,份,,,akshare:20260826
2026-08-26,akshare_fund_etf_scale_sse,SH,516570,石化ETF,1121357600.0,份,,,akshare:20260826
2026-08-26,akshare_fund_etf_scale_sse,SH,516580,新能源BS,144124100.0,份,,,akshare:20260826
2026-08-26,akshare_fund_etf_scale_sse,SH,516590,电动汽车,52015000.0,份,,,akshare:20260826
2026-08-26,akshare_fund_etf_scale_sse,SH,516600,消服ETF,110332099.99999999,份,,,akshare:20260826
2026-08-26,akshare_fund_etf_scale_sse,SH,516610,医服ETF,233974800.0,份,,,akshare:20260826
2026-08-26,akshare_fund_etf_scale_sse,SH,516620,影视ETF,197267500.0,份,,,akshare:20260826
2026-08-26,akshare_fund_etf_scale_sse,SH,516630,云计算50,494156000.0,份,,,akshare:20260826
2026-08-26,akshare_fund_etf_scale_sse,SH,516640,芯片龙头,1324482800.0,份,,,akshare:20260826
2026-08-26,akshare_fund_etf_scale_sse,SH,516650,有色50,5245464800.0,份,,,akshare:20260826
2026-08-26,akshare_fund_etf_scale_sse,SH,516660,新能汽车,154689000.0,份,,,akshare:20260826
2026-08-26,akshare_fund_etf_scale_sse,SH,516670,畜牧养殖,3447266300.0,份,,,akshare:20260826
2026-08-26,akshare_fund_etf_scale_sse,SH,516700,数据产业,190622000.0,份,,,akshare:20260826
2026-08-26,akshare_fund_etf_scale_sse,SH,516710,新材料50,74272000.0,份,,,akshare:20260826
2026-08-26,akshare_fund_etf_scale_sse,SH,516720,ESGETF,12337800.0,份,,,akshare:20260826
2026-08-26,akshare_fund_etf_scale_sse,SH,516730,证券公司,226880800.00000003,份,,,akshare:20260826
2026-08-26,akshare_fund_etf_scale_sse,SH,516750,建材ETF,139667300.0,份,,,akshare:20260826
2026-08-26,akshare_fund_etf_scale_sse,SH,516760,养殖ETF,308215100.0,份,,,akshare:20260826
2026-08-26,akshare_fund_etf_scale_sse,SH,516770,游戏动漫,263048000.0,份,,,akshare:20260826
2026-08-26,akshare_fund_etf_scale_sse,SH,516780,稀土ETF,2420599700.0,份,,,akshare:20260826
2026-08-26,akshare_fund_etf_scale_sse,SH,516790,保健ETF,182682200.0,份,,,akshare:20260826
2026-08-26,akshare_fund_etf_scale_sse,SH,516800,智能制造,182308000.0,份,,,akshare:20260826
2026-08-26,akshare_fund_etf_scale_sse,SH,516810,农业,521478900.0,份,,,akshare:20260826
2026-08-26,akshare_fund_etf_scale_sse,SH,516820,医疗创新,4579415200.0,份,,,akshare:20260826
2026-08-26,akshare_fund_etf_scale_sse,SH,516830,300ESG,89676900.0,份,,,akshare:20260826
2026-08-26,akshare_fund_etf_scale_sse,SH,516840,汽车基金,137277000.0,份,,,akshare:20260826
2026-08-26,akshare_fund_etf_scale_sse,SH,516850,新能源80,141237000.0,份,,,akshare:20260826
2026-08-26,akshare_fund_etf_scale_sse,SH,516860,金融科技,1176522000.0,份,,,akshare:20260826
2026-08-26,akshare_fund_etf_scale_sse,SH,516880,光伏50,915944100.0,份,,,akshare:20260826
2026-08-26,akshare_fund_etf_scale_sse,SH,516890,新材ETF,33311400.0,份,,,akshare:20260826
2026-08-26,akshare_fund_etf_scale_sse,SH,516900,食品50,280229000.0,份,,,akshare:20260826
2026-08-26,akshare_fund_etf_scale_sse,SH,516910,物流ETF,66141800.0,份,,,akshare:20260826
2026-08-26,akshare_fund_etf_scale_sse,SH,516920,芯片基金,484463000.0,份,,,akshare:20260826
2026-08-26,akshare_fund_etf_scale_sse,SH,516930,生科ETF,106139599.99999999,份,,,akshare:20260826
2026-08-26,akshare_fund_etf_scale_sse,SH,516950,基建ETF,114821000.0,份,,,akshare:20260826
2026-08-26,akshare_fund_etf_scale_sse,SH,516960,机械ETF,16051099.999999998,份,,,akshare:20260826
2026-08-26,akshare_fund_etf_scale_sse,SH,516970,基建50,1177542500.0,份,,,akshare:20260826
2026-08-26,akshare_fund_etf_scale_sse,SH,516980,证券先锋,57516000.0,份,,,akshare:20260826
2026-08-26,akshare_fund_etf_scale_sse,SH,517000,沪港深,122793000.0,份,,,akshare:20260826
2026-08-26,akshare_fund_etf_scale_sse,SH,517010,HGS500E,78144200.0,份,,,akshare:20260826
2026-08-26,akshare_fund_etf_scale_sse,SH,517030,HGS300,84040300.0,份,,,akshare:20260826
2026-08-26,akshare_fund_etf_scale_sse,SH,517050,互联网50,347605000.0,份,,,akshare:20260826
2026-08-26,akshare_fund_etf_scale_sse,SH,517080,HGS500,173166000.0,份,,,akshare:20260826
2026-08-26,akshare_fund_etf_scale_sse,SH,517090,共赢ETF,55075000.0,份,,,akshare:20260826
2026-08-26,akshare_fund_etf_scale_sse,SH,517100,AH500ETF,148102100.0,份,,,akshare:20260826
2026-08-26,akshare_fund_etf_scale_sse,SH,517110,创新药HK,1354098500.0,份,,,akshare:20260826
2026-08-26,akshare_fund_etf_scale_sse,SH,517120,创新药50,576966400.0,份,,,akshare:20260826
2026-08-26,akshare_fund_etf_scale_sse,SH,517130,云计算JS,188654000.0,份,,,akshare:20260826
2026-08-26,akshare_fund_etf_scale_sse,SH,517160,长江ETF,1826777500.0,份,,,akshare:20260826
2026-08-26,akshare_fund_etf_scale_sse,SH,517170,沪港深E,16131800.0,份,,,akshare:20260826
2026-08-26,akshare_fund_etf_scale_sse,SH,517180,中国国企,96496299.99999999,份,,,akshare:20260826
2026-08-26,akshare_fund_etf_scale_sse,SH,517200,互联网,144782000.0,份,,,akshare:20260826
2026-08-26,akshare_fund_etf_scale_sse,SH,517230,云计算MW,184545800.00000003,份,,,akshare:20260826
2026-08-26,akshare_fund_etf_scale_sse,SH,517300,AH300ETF,1005434500.0,份,,,akshare:20260826
2026-08-26,akshare_fund_etf_scale_sse,SH,517330,长江保护,1809169000.0,份,,,akshare:20260826
2026-08-26,akshare_fund_etf_scale_sse,SH,517350,龙头科技,49042000.0,份,,,akshare:20260826
2026-08-26,akshare_fund_etf_scale_sse,SH,517360,AH科技,26583000.0,份,,,akshare:20260826
2026-08-26,akshare_fund_etf_scale_sse,SH,517380,创新药AH,2988326300.0,份,,,akshare:20260826
2026-08-26,akshare_fund_etf_scale_sse,SH,517390,云计算AH,131112600.0,份,,,akshare:20260826
2026-08-26,akshare_fund_etf_scale_sse,SH,517400,黄金股票,1006792000.0,份,,,akshare:20260826
2026-08-26,akshare_fund_etf_scale_sse,SH,517520,黄金股,6925404000.0,份,,,akshare:20260826
2026-08-26,akshare_fund_etf_scale_sse,SH,517550,消费主题,80417400.0,份,,,akshare:20260826
2026-08-26,akshare_fund_etf_scale_sse,SH,517660,物联网AH,39880700.0,份,,,akshare:20260826
2026-08-26,akshare_fund_etf_scale_sse,SH,517770,游戏传媒,185947800.0,份,,,akshare:20260826
2026-08-26,akshare_fund_etf_scale_sse,SH,517800,AI50,219539700.0,份,,,akshare:20260826
2026-08-26,akshare_fund_etf_scale_sse,SH,517850,张江ETF,38185200.0,份,,,akshare:20260826
2026-08-26,akshare_fund_etf_scale_sse,SH,517880,品牌消费,49337100.0,份,,,akshare:20260826
2026-08-26,akshare_fund_etf_scale_sse,SH,517900,银行优选,403993500.0,份,,,akshare:20260826
2026-08-26,akshare_fund_etf_scale_sse,SH,517950,交银科技,48623200.0,份,,,akshare:20260826
2026-08-26,akshare_fund_etf_scale_sse,SH,517990,医药基金,47987900.0,份,,,akshare:20260826
2026-08-26,akshare_fund_etf_scale_sse,SH,518600,上海金,811516300.0,份,,,akshare:20260826
2026-08-26,akshare_fund_etf_scale_sse,SH,518660,工银黄金,961052700.0,份,,,akshare:20260826
2026-08-26,akshare_fund_etf_scale_sse,SH,518680,金ETF,779069500.0,份,,,akshare:20260826
2026-08-26,akshare_fund_etf_scale_sse,SH,518800,黄金基金,3747679200.0,份,,,akshare:20260826
2026-08-26,akshare_fund_etf_scale_sse,SH,518850,黄金9999,1867878700.0,份,,,akshare:20260826
2026-08-26,akshare_fund_etf_scale_sse,SH,518860,上海金E,467259800.00000006,份,,,akshare:20260826
2026-08-26,akshare_fund_etf_scale_sse,SH,518880,黄金ETF,11670140800.0,份,,,akshare:20260826
2026-08-26,akshare_fund_etf_scale_sse,SH,518890,中银黄金,380054800.00000006,份,,,akshare:20260826
2026-08-26,akshare_fund_etf_scale_sse,SH,520500,恒生新药,1904305000.0,份,,,akshare:20260826
2026-08-26,akshare_fund_etf_scale_sse,SH,520510,港股医疗,243728000.0,份,,,akshare:20260826
2026-08-26,akshare_fund_etf_scale_sse,SH,520520,HK消费,53106000.0,份,,,akshare:20260826
2026-08-26,akshare_fund_etf_scale_sse,SH,520530,港科ETF,235776000.0,份,,,akshare:20260826
2026-08-26,akshare_fund_etf_scale_sse,SH,520550,红利恒生,1149524000.0,份,,,akshare:20260826
2026-08-26,akshare_fund_etf_scale_sse,SH,520560,香港30,608419000.0,份,,,akshare:20260826
2026-08-26,akshare_fund_etf_scale_sse,SH,520570,科技恒指,3483876000.0,份,,,akshare:20260826
2026-08-26,akshare_fund_etf_scale_sse,SH,520580,新兴亚洲,290983900.0,份,,,akshare:20260826
2026-08-26,akshare_fund_etf_scale_sse,SH,520590,恒科,196235000.0,份,,,akshare:20260826
2026-08-26,akshare_fund_etf_scale_sse,SH,520600,汽车港股,235868000.0,份,,,akshare:20260826
2026-08-26,akshare_fund_etf_scale_sse,SH,520610,港红利指,355963000.0,份,,,akshare:20260826
2026-08-26,akshare_fund_etf_scale_sse,SH,520620,港股消费,291409000.0,份,,,akshare:20260826
2026-08-26,akshare_fund_etf_scale_sse,SH,520630,互联港股,596110000.0,份,,,akshare:20260826
2026-08-26,akshare_fund_etf_scale_sse,SH,520650,互联网HK,2483255000.0,份,,,akshare:20260826
2026-08-26,akshare_fund_etf_scale_sse,SH,520660,港红利CS,2271485500.0,份,,,akshare:20260826
2026-08-26,akshare_fund_etf_scale_sse,SH,520670,港科基金,213928100.0,份,,,akshare:20260826
2026-08-26,akshare_fund_etf_scale_sse,SH,520680,港股通车,69369000.0,份,,,akshare:20260826
2026-08-26,akshare_fund_etf_scale_sse,SH,520690,恒生港药,634454000.0,份,,,akshare:20260826
2026-08-26,akshare_fund_etf_scale_sse,SH,520700,创新药WJ,434076000.0,份,,,akshare:20260826
2026-08-26,akshare_fund_etf_scale_sse,SH,520710,信息港股,97029000.0,份,,,akshare:20260826
2026-08-26,akshare_fund_etf_scale_sse,SH,520720,香港汽车,121942000.0,份,,,akshare:20260826
2026-08-26,akshare_fund_etf_scale_sse,SH,520730,汽车WJ,118394400.0,份,,,akshare:20260826
2026-08-26,akshare_fund_etf_scale_sse,SH,520740,互联香港,48012600.0,份,,,akshare:20260826
2026-08-26,akshare_fund_etf_scale_sse,SH,520750,HK信息,138384000.0,份,,,akshare:20260826
2026-08-26,akshare_fund_etf_scale_sse,SH,520760,港股生物,130466000.0,份,,,akshare:20260826
2026-08-26,akshare_fund_etf_scale_sse,SH,520770,港股恒指,213373800.0,份,,,akshare:20260826
2026-08-26,akshare_fund_etf_scale_sse,SH,520780,港股车50,39460000.0,份,,,akshare:20260826
2026-08-26,akshare_fund_etf_scale_sse,SH,520790,港互联网,535075000.0,份,,,akshare:20260826
2026-08-26,akshare_fund_etf_scale_sse,SH,520810,港高股息,281360000.0,份,,,akshare:20260826
2026-08-26,akshare_fund_etf_scale_sse,SH,520820,恒指通,58682000.0,份,,,akshare:20260826
2026-08-26,akshare_fund_etf_scale_sse,SH,520830,沙特ETF,1102119000.0,份,,,akshare:20260826
2026-08-26,akshare_fund_etf_scale_sse,SH,520840,港科技,1126549000.0,份,,,akshare:20260826
2026-08-26,akshare_fund_etf_scale_sse,SH,520850,港医疗,143249600.0,份,,,akshare:20260826
2026-08-26,akshare_fund_etf_scale_sse,SH,520860,港股通科,338195000.0,份,,,akshare:20260826
2026-08-26,akshare_fund_etf_scale_sse,SH,520870,巴西ETF,509977200.0,份,,,akshare:20260826
2026-08-26,akshare_fund_etf_scale_sse,SH,520880,港创新药,4585618000.0,份,,,akshare:20260826
2026-08-26,akshare_fund_etf_scale_sse,SH,520890,港红利,80508000.0,份,,,akshare:20260826
2026-08-26,akshare_fund_etf_scale_sse,SH,520900,红利香港,1536175000.0,份,,,akshare:20260826
2026-08-26,akshare_fund_etf_scale_sse,SH,520910,HK互联,751445000.0,份,,,akshare:20260826
2026-08-26,akshare_fund_etf_scale_sse,SH,520920,恒生科TH,18834019000.0,份,,,akshare:20260826
2026-08-26,akshare_fund_etf_scale_sse,SH,520930,恒生生科,162733000.0,份,,,akshare:20260826
2026-08-26,akshare_fund_etf_scale_sse,SH,520940,恒指基金,22297000.0,份,,,akshare:20260826
2026-08-26,akshare_fund_etf_scale_sse,SH,520950,港股50,325421000.0,份,,,akshare:20260826
2026-08-26,akshare_fund_etf_scale_sse,SH,520960,恒指港通,49603400.0,份,,,akshare:20260826
2026-08-26,akshare_fund_etf_scale_sse,SH,520970,港股通药,1250358000.0,份,,,akshare:20260826
2026-08-26,akshare_fund_etf_scale_sse,SH,520980,港科技30,3187387000.0,份,,,akshare:20260826
2026-08-26,akshare_fund_etf_scale_sse,SH,520990,国新红利,3373470500.0,份,,,akshare:20260826
2026-08-26,akshare_fund_etf_scale_sse,SH,526000,港股信息,176142000.0,份,,,akshare:20260826
2026-08-26,akshare_fund_etf_scale_sse,SH,526010,香港医疗,38458000.0,份,,,akshare:20260826
2026-08-26,akshare_fund_etf_scale_sse,SH,526030,港信息基,151465000.0,份,,,akshare:20260826
2026-08-26,akshare_fund_etf_scale_sse,SH,526050,香港信息,53630000.0,份,,,akshare:20260826
2026-08-26,akshare_fund_etf_scale_sse,SH,526070,恒生博时,52377000.0,份,,,akshare:20260826
2026-08-26,akshare_fund_etf_scale_sse,SH,530000,50ETF基,975029400.0,份,,,akshare:20260826
2026-08-26,akshare_fund_etf_scale_sse,SH,530050,SH50ETF,132813000.0,份,,,akshare:20260826
2026-08-26,akshare_fund_etf_scale_sse,SH,530060,上证综E,930193000.0,份,,,akshare:20260826
2026-08-26,akshare_fund_etf_scale_sse,SH,530080,180指基,28917000.0,份,,,akshare:20260826
2026-08-26,akshare_fund_etf_scale_sse,SH,530100,上证580,120696000.0,份,,,akshare:20260826
2026-08-26,akshare_fund_etf_scale_sse,SH,530180,上证180,57952000.0,份,,,akshare:20260826
2026-08-26,akshare_fund_etf_scale_sse,SH,530280,180ETF指,29934000.0,份,,,akshare:20260826
2026-08-26,akshare_fund_etf_scale_sse,SH,530300,180指数,33643000.0,份,,,akshare:20260826
2026-08-26,akshare_fund_etf_scale_sse,SH,530380,上证380,134705000.0,份,,,akshare:20260826
2026-08-26,akshare_fund_etf_scale_sse,SH,530530,580ETF,134460000.0,份,,,akshare:20260826
2026-08-26,akshare_fund_etf_scale_sse,SH,530580,180基金,65149000.0,份,,,akshare:20260826
2026-08-26,akshare_fund_etf_scale_sse,SH,530680,180E,108891900.0,份,,,akshare:20260826
2026-08-26,akshare_fund_etf_scale_sse,SH,530800,上180ETF,18201800.0,份,,,akshare:20260826
2026-08-26,akshare_fund_etf_scale_sse,SH,530880,上证红利,38836000.0,份,,,akshare:20260826
2026-08-26,akshare_fund_etf_scale_sse,SH,551000,科创债,79904100.0,份,,,akshare:20260826
2026-08-26,akshare_fund_etf_scale_sse,SH,551030,科创债券,183340000.0,份,,,akshare:20260826
2026-08-26,akshare_fund_etf_scale_sse,SH,551060,科创债沪,57351000.0,份,,,akshare:20260826
2026-08-26,akshare_fund_etf_scale_sse,SH,551300,科创债摩,50957500.0,份,,,akshare:20260826
2026-08-26,akshare_fund_etf_scale_sse,SH,551500,科创债易,128220000.0,份,,,akshare:20260826
2026-08-26,akshare_fund_etf_scale_sse,SH,551510,科债AAA,141716100.0,份,,,akshare:20260826
2026-08-26,akshare_fund_etf_scale_sse,SH,551520,科创债汇,216151600.0,份,,,akshare:20260826
2026-08-26,akshare_fund_etf_scale_sse,SH,551550,科创AAA,178298200.0,份,,,akshare:20260826
2026-08-26,akshare_fund_etf_scale_sse,SH,551560,科创债兴,171658800.0,份,,,akshare:20260826
2026-08-26,akshare_fund_etf_scale_sse,SH,551580,科创债TK,107026800.0,份,,,akshare:20260826
2026-08-26,akshare_fund_etf_scale_sse,SH,551800,国泰科债,116021400.0,份,,,akshare:20260826
2026-08-26,akshare_fund_etf_scale_sse,SH,551900,科创债指,138931700.0,份,,,akshare:20260826
2026-08-26,akshare_fund_etf_scale_sse,SH,560010,1000基金,1848621700.0000002,份,,,akshare:20260826
2026-08-26,akshare_fund_etf_scale_sse,SH,560020,红利添富,133562000.0,份,,,akshare:20260826
2026-08-26,akshare_fund_etf_scale_sse,SH,560030,800价值,23432000.0,份,,,akshare:20260826
2026-08-26,akshare_fund_etf_scale_sse,SH,560050,MSCIA50,2174934400.0,份,,,akshare:20260826
2026-08-26,akshare_fund_etf_scale_sse,SH,560060,碳中和基,76090000.0,份,,,akshare:20260826
2026-08-26,akshare_fund_etf_scale_sse,SH,560070,央企分红,83362300.0,份,,,akshare:20260826
2026-08-26,akshare_fund_etf_scale_sse,SH,560080,中药ETF,2249765000.0,份,,,akshare:20260826
2026-08-26,akshare_fund_etf_scale_sse,SH,560090,证券指数,2357865000.0,份,,,akshare:20260826
2026-08-26,akshare_fund_etf_scale_sse,SH,560100,增强ETF,56580300.0,份,,,akshare:20260826
2026-08-26,akshare_fund_etf_scale_sse,SH,560110,ZZ1000,364903500.0,份,,,akshare:20260826
2026-08-26,akshare_fund_etf_scale_sse,SH,560120,500现金,579689000.0,份,,,akshare:20260826
2026-08-26,akshare_fund_etf_scale_sse,SH,560130,食品基金,69776200.0,份,,,akshare:20260826
2026-08-26,akshare_fund_etf_scale_sse,SH,560150,红利TK,684279299.9999999,份,,,akshare:20260826
2026-08-26,akshare_fund_etf_scale_sse,SH,560160,食品E,112706000.0,份,,,akshare:20260826
2026-08-26,akshare_fund_etf_scale_sse,SH,560170,央企科技,376495500.0,份,,,akshare:20260826
2026-08-26,akshare_fund_etf_scale_sse,SH,560180,ESG300,15603000.0,份,,,akshare:20260826
2026-08-26,akshare_fund_etf_scale_sse,SH,560190,公用事业,26334000.0,份,,,akshare:20260826
2026-08-26,akshare_fund_etf_scale_sse,SH,560210,景顺农牧,525522000.0,份,,,akshare:20260826
2026-08-26,akshare_fund_etf_scale_sse,SH,560220,2000基金,63717000.0,份,,,akshare:20260826
2026-08-26,akshare_fund_etf_scale_sse,SH,560230,光伏富国,83889000.0,份,,,akshare:20260826
2026-08-26,akshare_fund_etf_scale_sse,SH,560250,红利质量,155833000.0,份,,,akshare:20260826
2026-08-26,akshare_fund_etf_scale_sse,SH,560260,医疗50,1716664700.0,份,,,akshare:20260826
2026-08-26,akshare_fund_etf_scale_sse,SH,560270,电力指数,166439000.0,份,,,akshare:20260826
2026-08-26,akshare_fund_etf_scale_sse,SH,560280,工程机械,1543252000.0,份,,,akshare:20260826
2026-08-26,akshare_fund_etf_scale_sse,SH,560290,景顺有色,369694000.0,份,,,akshare:20260826
2026-08-26,akshare_fund_etf_scale_sse,SH,560300,电信50,26803400.0,份,,,akshare:20260826
2026-08-26,akshare_fund_etf_scale_sse,SH,560310,光伏博时,185122000.0,份,,,akshare:20260826
2026-08-26,akshare_fund_etf_scale_sse,SH,560320,食品富国,122332000.0,份,,,akshare:20260826
2026-08-26,akshare_fund_etf_scale_sse,SH,560330,300价值E,17130000.0,份,,,akshare:20260826
2026-08-26,akshare_fund_etf_scale_sse,SH,560350,A50指数,839532100.0000001,份,,,akshare:20260826
2026-08-26,akshare_fund_etf_scale_sse,SH,560360,软件指数,223345000.0,份,,,akshare:20260826
2026-08-26,akshare_fund_etf_scale_sse,SH,560370,全指红利,205584000.0,份,,,akshare:20260826
2026-08-26,akshare_fund_etf_scale_sse,SH,560380,A100,140861000.0,份,,,akshare:20260826
2026-08-26,akshare_fund_etf_scale_sse,SH,560390,电网E,2017258000.0,份,,,akshare:20260826
2026-08-26,akshare_fund_etf_scale_sse,SH,560400,证券华泰,177493000.0,份,,,akshare:20260826
2026-08-26,akshare_fund_etf_scale_sse,SH,560410,电池鹏华,59786100.0,份,,,akshare:20260826
2026-08-26,akshare_fund_etf_scale_sse,SH,560420,食品Q,132780200.0,份,,,akshare:20260826
2026-08-26,akshare_fund_etf_scale_sse,SH,560450,电力TH,249569000.0,份,,,akshare:20260826
2026-08-26,akshare_fund_etf_scale_sse,SH,560460,电力平安,291537000.0,份,,,akshare:20260826
2026-08-26,akshare_fund_etf_scale_sse,SH,560470,有色E,308340000.0,份,,,akshare:20260826
2026-08-26,akshare_fund_etf_scale_sse,SH,560480,中证电力,142803000.0,份,,,akshare:20260826
2026-08-26,akshare_fund_etf_scale_sse,SH,560490,华泰有色,111482000.0,份,,,akshare:20260826
2026-08-26,akshare_fund_etf_scale_sse,SH,560500,500质量,295339000.0,份,,,akshare:20260826
2026-08-26,akshare_fund_etf_scale_sse,SH,560510,中证A500,2537026900.0,份,,,akshare:20260826
2026-08-26,akshare_fund_etf_scale_sse,SH,560520,红利大成,51751000.0,份,,,akshare:20260826
2026-08-26,akshare_fund_etf_scale_sse,SH,560530,A500ETF,3907623700.0,份,,,akshare:20260826
2026-08-26,akshare_fund_etf_scale_sse,SH,560550,碳中和,125597400.0,份,,,akshare:20260826
2026-08-26,akshare_fund_etf_scale_sse,SH,560560,碳中和TK,70190100.0,份,,,akshare:20260826
2026-08-26,akshare_fund_etf_scale_sse,SH,560570,A500低波,1158541200.0,份,,,akshare:20260826
2026-08-26,akshare_fund_etf_scale_sse,SH,560580,电力指基,457003000.0,份,,,akshare:20260826
2026-08-26,akshare_fund_etf_scale_sse,SH,560590,1000鹏华,28710000.0,份,,,akshare:20260826
2026-08-26,akshare_fund_etf_scale_sse,SH,560610,A500指数,5305988400.0,份,,,akshare:20260826
2026-08-26,akshare_fund_etf_scale_sse,SH,560620,公用WJ,26367000.0,份,,,akshare:20260826
2026-08-26,akshare_fund_etf_scale_sse,SH,560630,机器人WJ,162394000.0,份,,,akshare:20260826
2026-08-26,akshare_fund_etf_scale_sse,SH,560650,核心50,0.0,份,,,akshare:20260826
2026-08-26,akshare_fund_etf_scale_sse,SH,560660,云50ETF,129938000.0,份,,,akshare:20260826
2026-08-26,akshare_fund_etf_scale_sse,SH,560670,中证银行,47974000.0,份,,,akshare:20260826
2026-08-26,akshare_fund_etf_scale_sse,SH,560680,龙头消费,336725600.0,份,,,akshare:20260826
2026-08-26,akshare_fund_etf_scale_sse,SH,560690,电信主题,20389000.0,份,,,akshare:20260826
2026-08-26,akshare_fund_etf_scale_sse,SH,560700,央红利50,450536900.0,份,,,akshare:20260826
2026-08-26,akshare_fund_etf_scale_sse,SH,560710,船舶ETF,1751580000.0,份,,,akshare:20260826
2026-08-26,akshare_fund_etf_scale_sse,SH,560720,工银红利,100548000.0,份,,,akshare:20260826
2026-08-26,akshare_fund_etf_scale_sse,SH,560730,红利GTHT,89836299.99999999,份,,,akshare:20260826
2026-08-26,akshare_fund_etf_scale_sse,SH,560750,A500申万,78554800.0,份,,,akshare:20260826
2026-08-26,akshare_fund_etf_scale_sse,SH,560770,机器人ZS,1665133000.0,份,,,akshare:20260826
2026-08-26,akshare_fund_etf_scale_sse,SH,560780,半导设备,12961488000.0,份,,,akshare:20260826
2026-08-26,akshare_fund_etf_scale_sse,SH,560790,软件服务,226455900.0,份,,,akshare:20260826
2026-08-26,akshare_fund_etf_scale_sse,SH,560800,数字ETF,297951100.0,份,,,akshare:20260826
2026-08-26,akshare_fund_etf_scale_sse,SH,560810,央企ESG,182116000.0,份,,,akshare:20260826
2026-08-26,akshare_fund_etf_scale_sse,SH,560820,A50新华,40926000.0,份,,,akshare:20260826
2026-08-26,akshare_fund_etf_scale_sse,SH,560830,电指数,709519000.0,份,,,akshare:20260826
2026-08-26,akshare_fund_etf_scale_sse,SH,560850,信创50,70164000.0,份,,,akshare:20260826
2026-08-26,akshare_fund_etf_scale_sse,SH,560860,工业有色,5319233000.0,份,,,akshare:20260826
2026-08-26,akshare_fund_etf_scale_sse,SH,560870,中银有色,93351900.0,份,,,akshare:20260826
2026-08-26,akshare_fund_etf_scale_sse,SH,560880,家电基金,198232000.0,份,,,akshare:20260826
2026-08-26,akshare_fund_etf_scale_sse,SH,560900,创新药企,205969100.0,份,,,akshare:20260826
2026-08-26,akshare_fund_etf_scale_sse,SH,560910,中证电池,192721000.0,份,,,akshare:20260826
2026-08-26,akshare_fund_etf_scale_sse,SH,560920,招商机械,44373300.0,份,,,akshare:20260826
2026-08-26,akshare_fund_etf_scale_sse,SH,560930,电力E,211524000.0,份,,,akshare:20260826
2026-08-26,akshare_fund_etf_scale_sse,SH,560950,500增,15483000.0,份,,,akshare:20260826
2026-08-26,akshare_fund_etf_scale_sse,SH,560970,有色金属,71138000.0,份,,,akshare:20260826
2026-08-26,akshare_fund_etf_scale_sse,SH,560980,光伏龙头,337522000.0,份,,,akshare:20260826
2026-08-26,akshare_fund_etf_scale_sse,SH,560990,科技先锋,16187100.0,份,,,akshare:20260826
2026-08-26,akshare_fund_etf_scale_sse,SH,561000,300指增,52420000.0,份,,,akshare:20260826
2026-08-26,akshare_fund_etf_scale_sse,SH,561010,软件开发,302356000.0,份,,,akshare:20260826
2026-08-26,akshare_fund_etf_scale_sse,SH,561020,食品招商,33022199.999999996,份,,,akshare:20260826
2026-08-26,akshare_fund_etf_scale_sse,SH,561030,机械华泰,186550000.0,份,,,akshare:20260826
2026-08-26,akshare_fund_etf_scale_sse,SH,561050,稀金属E,237250000.0,份,,,akshare:20260826
2026-08-26,akshare_fund_etf_scale_sse,SH,561060,红利国企,54565000.0,份,,,akshare:20260826
2026-08-26,akshare_fund_etf_scale_sse,SH,561080,现金自由,24250000.0,份,,,akshare:20260826
2026-08-26,akshare_fund_etf_scale_sse,SH,561090,A500增,212974000.0,份,,,akshare:20260826
2026-08-26,akshare_fund_etf_scale_sse,SH,561100,电子龙头,590746900.0,份,,,akshare:20260826
2026-08-26,akshare_fund_etf_scale_sse,SH,561120,家电ETF,28159899.999999996,份,,,akshare:20260826
2026-08-26,akshare_fund_etf_scale_sse,SH,561130,国货ETF,83935200.0,份,,,akshare:20260826
2026-08-26,akshare_fund_etf_scale_sse,SH,561160,锂电池,2285335000.0,份,,,akshare:20260826
2026-08-26,akshare_fund_etf_scale_sse,SH,561170,绿电50,541532700.0,份,,,akshare:20260826
2026-08-26,akshare_fund_etf_scale_sse,SH,561180,A100ETF,49609600.0,份,,,akshare:20260826
2026-08-26,akshare_fund_etf_scale_sse,SH,561190,双碳ETF,193318000.0,份,,,akshare:20260826
2026-08-26,akshare_fund_etf_scale_sse,SH,561200,A100基金,31470500.0,份,,,akshare:20260826
2026-08-26,akshare_fund_etf_scale_sse,SH,561220,国企数字,46053000.0,份,,,akshare:20260826
2026-08-26,akshare_fund_etf_scale_sse,SH,561230,A50,452477800.0,份,,,akshare:20260826
2026-08-26,akshare_fund_etf_scale_sse,SH,561250,稀金属PH,95752200.0,份,,,akshare:20260826
2026-08-26,akshare_fund_etf_scale_sse,SH,561260,能源ETF,23695200.0,份,,,akshare:20260826
2026-08-26,akshare_fund_etf_scale_sse,SH,561280,增强1000,87847700.0,份,,,akshare:20260826
2026-08-26,akshare_fund_etf_scale_sse,SH,561300,300增ETF,475965000.0,份,,,akshare:20260826
2026-08-26,akshare_fund_etf_scale_sse,SH,561310,消电ETF,107833100.0,份,,,akshare:20260826
2026-08-26,akshare_fund_etf_scale_sse,SH,561320,交运ETF,34369000.0,份,,,akshare:20260826
2026-08-26,akshare_fund_etf_scale_sse,SH,561330,矿业ETF,1805392100.0,份,,,akshare:20260826
2026-08-26,akshare_fund_etf_scale_sse,SH,561350,国泰500,94700000.0,份,,,akshare:20260826
2026-08-26,akshare_fund_etf_scale_sse,SH,561360,石油ETF,1339148000.0,份,,,akshare:20260826
2026-08-26,akshare_fund_etf_scale_sse,SH,561370,2000ETF,32356000.0,份,,,akshare:20260826
2026-08-26,akshare_fund_etf_scale_sse,SH,561380,电网ETF,6801034000.0,份,,,akshare:20260826
2026-08-26,akshare_fund_etf_scale_sse,SH,561390,稀金属PA,92128100.0,份,,,akshare:20260826
2026-08-26,akshare_fund_etf_scale_sse,SH,561400,鑫元养殖,53519000.0,份,,,akshare:20260826
2026-08-26,akshare_fund_etf_scale_sse,SH,561410,光伏工银,212613300.00000003,份,,,akshare:20260826
2026-08-26,akshare_fund_etf_scale_sse,SH,561420,300现金,1018237000.0,份,,,akshare:20260826
2026-08-26,akshare_fund_etf_scale_sse,SH,561430,全指质量,38723200.0,份,,,akshare:20260826
2026-08-26,akshare_fund_etf_scale_sse,SH,561450,华泰红利,83624300.0,份,,,akshare:20260826
2026-08-26,akshare_fund_etf_scale_sse,SH,561460,AITH,786020000.0,份,,,akshare:20260826
2026-08-26,akshare_fund_etf_scale_sse,SH,561470,畜牧TH,47936000.0,份,,,akshare:20260826
2026-08-26,akshare_fund_etf_scale_sse,SH,561490,红利财通,97631299.99999999,份,,,akshare:20260826
2026-08-26,akshare_fund_etf_scale_sse,SH,561500,漂亮50,56100300.0,份,,,akshare:20260826
2026-08-26,akshare_fund_etf_scale_sse,SH,561510,中医药,64206000.0,份,,,akshare:20260826
2026-08-26,akshare_fund_etf_scale_sse,SH,561550,500指增,1283989600.0,份,,,akshare:20260826
2026-08-26,akshare_fund_etf_scale_sse,SH,561560,电力ETF,1960624200.0000002,份,,,akshare:20260826
2026-08-26,akshare_fund_etf_scale_sse,SH,561570,油气基金,72147000.0,份,,,akshare:20260826
2026-08-26,akshare_fund_etf_scale_sse,SH,561580,央企红利,1963370700.0,份,,,akshare:20260826
2026-08-26,akshare_fund_etf_scale_sse,SH,561590,1000增强,101499599.99999999,份,,,akshare:20260826
2026-08-26,akshare_fund_etf_scale_sse,SH,561600,消费电子,288548000.0,份,,,akshare:20260826
2026-08-26,akshare_fund_etf_scale_sse,SH,561620,华泰化工,41727000.0,份,,,akshare:20260826
2026-08-26,akshare_fund_etf_scale_sse,SH,561630,华泰质量,44898000.0,份,,,akshare:20260826
2026-08-26,akshare_fund_etf_scale_sse,SH,561660,通航基金,69710000.0,份,,,akshare:20260826
2026-08-26,akshare_fund_etf_scale_sse,SH,561680,A500红低,58169000.0,份,,,akshare:20260826
2026-08-26,akshare_fund_etf_scale_sse,SH,561700,电力基金,352813600.0,份,,,akshare:20260826
2026-08-26,akshare_fund_etf_scale_sse,SH,561750,A50博时,61496000.0,份,,,akshare:20260826
2026-08-26,akshare_fund_etf_scale_sse,SH,561760,油气博时,156195000.0,份,,,akshare:20260826
2026-08-26,akshare_fund_etf_scale_sse,SH,561770,指基A100,37550000.0,份,,,akshare:20260826
2026-08-26,akshare_fund_etf_scale_sse,SH,561780,1000指增,21355800.0,份,,,akshare:20260826
2026-08-26,akshare_fund_etf_scale_sse,SH,561790,现代能源,57534000.0,份,,,akshare:20260826
2026-08-26,akshare_fund_etf_scale_sse,SH,561800,稀金属,207577200.0,份,,,akshare:20260826
2026-08-26,akshare_fund_etf_scale_sse,SH,561810,华泰医疗,70638400.0,份,,,akshare:20260826
2026-08-26,akshare_fund_etf_scale_sse,SH,561870,现金流指,93765000.0,份,,,akshare:20260826
2026-08-26,akshare_fund_etf_scale_sse,SH,561880,A100指数,82389000.0,份,,,akshare:20260826
2026-08-26,akshare_fund_etf_scale_sse,SH,561890,A股E,46112600.0,份,,,akshare:20260826
2026-08-26,akshare_fund_etf_scale_sse,SH,561900,沪深ESG,26334400.0,份,,,akshare:20260826
2026-08-26,akshare_fund_etf_scale_sse,SH,561910,电池ETF,4679076600.0,份,,,akshare:20260826
2026-08-26,akshare_fund_etf_scale_sse,SH,561920,疫苗龙头,64692000.0,份,,,akshare:20260826
2026-08-26,akshare_fund_etf_scale_sse,SH,561930,招商300,178260600.0,份,,,akshare:20260826
2026-08-26,akshare_fund_etf_scale_sse,SH,561950,500增强A,72156000.0,份,,,akshare:20260826
2026-08-26,akshare_fund_etf_scale_sse,SH,561960,央企回报,57385200.00000001,份,,,akshare:20260826
2026-08-26,akshare_fund_etf_scale_sse,SH,561980,芯片设备,8410550000.0,份,,,akshare:20260826
2026-08-26,akshare_fund_etf_scale_sse,SH,561990,300增强,334649200.0,份,,,akshare:20260826
2026-08-26,akshare_fund_etf_scale_sse,SH,562000,中证A100,596737900.0,份,,,akshare:20260826
2026-08-26,akshare_fund_etf_scale_sse,SH,562010,绿色能源,18298700.0,份,,,akshare:20260826
2026-08-26,akshare_fund_etf_scale_sse,SH,562030,信创基金,144973900.0,份,,,akshare:20260826
2026-08-26,akshare_fund_etf_scale_sse,SH,562050,药ETF,99468000.0,份,,,akshare:20260826
2026-08-26,akshare_fund_etf_scale_sse,SH,562060,标普红利,5095792600.0,份,,,akshare:20260826
2026-08-26,akshare_fund_etf_scale_sse,SH,562070,300ETF增,555542000.0,份,,,akshare:20260826
2026-08-26,akshare_fund_etf_scale_sse,SH,562080,自由现金,604757200.0,份,,,akshare:20260826
2026-08-26,akshare_fund_etf_scale_sse,SH,562300,低碳ETF,57495000.0,份,,,akshare:20260826
2026-08-26,akshare_fund_etf_scale_sse,SH,562310,300成长,448572300.00000006,份,,,akshare:20260826
2026-08-26,akshare_fund_etf_scale_sse,SH,562320,300价值A,55295500.0,份,,,akshare:20260826
2026-08-26,akshare_fund_etf_scale_sse,SH,562330,500价值,11018900.000000002,份,,,akshare:20260826
2026-08-26,akshare_fund_etf_scale_sse,SH,562340,500成长,8144299.999999999,份,,,akshare:20260826
2026-08-26,akshare_fund_etf_scale_sse,SH,562350,电力,132410900.0,份,,,akshare:20260826
2026-08-26,akshare_fund_etf_scale_sse,SH,562360,机器人YH,300474000.0,份,,,akshare:20260826
2026-08-26,akshare_fund_etf_scale_sse,SH,562380,科技引领,73128900.0,份,,,akshare:20260826
2026-08-26,akshare_fund_etf_scale_sse,SH,562390,中药,78429000.0,份,,,akshare:20260826
2026-08-26,akshare_fund_etf_scale_sse,SH,562500,机器人,18661187300.0,份,,,akshare:20260826
2026-08-26,akshare_fund_etf_scale_sse,SH,562510,旅游ETF,1073595000.0,份,,,akshare:20260826
2026-08-26,akshare_fund_etf_scale_sse,SH,562520,1000成长,26568000.0,份,,,akshare:20260826
2026-08-26,akshare_fund_etf_scale_sse,SH,562530,1000价值,184144000.0,份,,,akshare:20260826
2026-08-26,akshare_fund_etf_scale_sse,SH,562550,绿电ETF,1545919300.0,份,,,akshare:20260826
2026-08-26,akshare_fund_etf_scale_sse,SH,562560,信息技术,22765500.0,份,,,akshare:20260826
2026-08-26,akshare_fund_etf_scale_sse,SH,562570,信创ETF,306281000.0,份,,,akshare:20260826
2026-08-26,akshare_fund_etf_scale_sse,SH,562580,可选消费,37723300.0,份,,,akshare:20260826
2026-08-26,akshare_fund_etf_scale_sse,SH,562590,半导材料,9112989000.0,份,,,akshare:20260826
2026-08-26,akshare_fund_etf_scale_sse,SH,562600,医疗器械,449937400.0,份,,,akshare:20260826
2026-08-26,akshare_fund_etf_scale_sse,SH,562660,ZZ2000,334874000.0,份,,,akshare:20260826
2026-08-26,akshare_fund_etf_scale_sse,SH,562700,汽车零件,101750000.0,份,,,akshare:20260826
2026-08-26,akshare_fund_etf_scale_sse,SH,562800,稀有金属,5745145000.0,份,,,akshare:20260826
2026-08-26,akshare_fund_etf_scale_sse,SH,562810,上证增强,52951000.0,份,,,akshare:20260826
2026-08-26,akshare_fund_etf_scale_sse,SH,562820,集成电路,416408000.0,份,,,akshare:20260826
2026-08-26,akshare_fund_etf_scale_sse,SH,562850,央企能源,190981500.0,份,,,akshare:20260826
2026-08-26,akshare_fund_etf_scale_sse,SH,562860,疫苗ETF,338895000.0,份,,,akshare:20260826
2026-08-26,akshare_fund_etf_scale_sse,SH,562870,证券全指,604005200.0,份,,,akshare:20260826
2026-08-26,akshare_fund_etf_scale_sse,SH,562880,电池基金,883399600.0000001,份,,,akshare:20260826
2026-08-26,akshare_fund_etf_scale_sse,SH,562890,A50中证,269051000.0,份,,,akshare:20260826
2026-08-26,akshare_fund_etf_scale_sse,SH,562900,现代农业,235706300.0,份,,,akshare:20260826
2026-08-26,akshare_fund_etf_scale_sse,SH,562910,高端制造,293227300.0,份,,,akshare:20260826
2026-08-26,akshare_fund_etf_scale_sse,SH,562920,信息安全,93069000.0,份,,,akshare:20260826
2026-08-26,akshare_fund_etf_scale_sse,SH,562930,软件30,1744437000.0,份,,,akshare:20260826
2026-08-26,akshare_fund_etf_scale_sse,SH,562950,消电50,1010258300.0,份,,,akshare:20260826
2026-08-26,akshare_fund_etf_scale_sse,SH,562960,绿色电力,1246391000.0,份,,,akshare:20260826
2026-08-26,akshare_fund_etf_scale_sse,SH,562970,光伏E,361448000.0,份,,,akshare:20260826
2026-08-26,akshare_fund_etf_scale_sse,SH,562990,碳中和E,376756000.0,份,,,akshare:20260826
2026-08-26,akshare_fund_etf_scale_sse,SH,563000,中国A50,1563451099.9999998,份,,,akshare:20260826
2026-08-26,akshare_fund_etf_scale_sse,SH,563010,电信ETF,94189300.0,份,,,akshare:20260826
2026-08-26,akshare_fund_etf_scale_sse,SH,563020,低波红利,10822910000.0,份,,,akshare:20260826
2026-08-26,akshare_fund_etf_scale_sse,SH,563030,增强500,127169000.0,份,,,akshare:20260826
2026-08-26,akshare_fund_etf_scale_sse,SH,563050,科技央企,133208400.0,份,,,akshare:20260826
2026-08-26,akshare_fund_etf_scale_sse,SH,563060,央企50,188527000.0,份,,,akshare:20260826
2026-08-26,akshare_fund_etf_scale_sse,SH,563080,中证A50E,1098588400.0,份,,,akshare:20260826
2026-08-26,akshare_fund_etf_scale_sse,SH,563090,上50增强,56848000.0,份,,,akshare:20260826
2026-08-26,akshare_fund_etf_scale_sse,SH,563150,油气资源,33399000.0,份,,,akshare:20260826
2026-08-26,akshare_fund_etf_scale_sse,SH,563180,高股息,101420000.0,份,,,akshare:20260826
2026-08-26,akshare_fund_etf_scale_sse,SH,563200,2000指数,53458800.0,份,,,akshare:20260826
2026-08-26,akshare_fund_etf_scale_sse,SH,563210,专精特新,118067000.0,份,,,akshare:20260826
2026-08-26,akshare_fund_etf_scale_sse,SH,563220,A500富国,6644013700.0,份,,,akshare:20260826
2026-08-26,akshare_fund_etf_scale_sse,SH,563230,卫星ETF,3471237000.0,份,,,akshare:20260826
2026-08-26,akshare_fund_etf_scale_sse,SH,563280,A50增强,6706600.0,份,,,akshare:20260826
2026-08-26,akshare_fund_etf_scale_sse,SH,563300,中证2000,4766174000.0,份,,,akshare:20260826
2026-08-26,akshare_fund_etf_scale_sse,SH,563320,通用航空,229892000.0,份,,,akshare:20260826
2026-08-26,akshare_fund_etf_scale_sse,SH,563330,A股ETF,33360600.0,份,,,akshare:20260826
2026-08-26,akshare_fund_etf_scale_sse,SH,563350,中证A50,171997599.99999997,份,,,akshare:20260826
2026-08-26,akshare_fund_etf_scale_sse,SH,563360,A500基金,31945987400.000004,份,,,akshare:20260826
2026-08-26,akshare_fund_etf_scale_sse,SH,563380,航空航天,901950000.0,份,,,akshare:20260826
2026-08-26,akshare_fund_etf_scale_sse,SH,563390,现金基金,2183844000.0,份,,,akshare:20260826
2026-08-26,akshare_fund_etf_scale_sse,SH,563500,A500华宝,753958700.0,份,,,akshare:20260826
2026-08-26,akshare_fund_etf_scale_sse,SH,563510,A500红利,289537000.0,份,,,akshare:20260826
2026-08-26,akshare_fund_etf_scale_sse,SH,563520,300永赢,430065000.0,份,,,akshare:20260826
2026-08-26,akshare_fund_etf_scale_sse,SH,563530,卫星E,1620748000.0,份,,,akshare:20260826
2026-08-26,akshare_fund_etf_scale_sse,SH,563550,增强A500,82559000.0,份,,,akshare:20260826
2026-08-26,akshare_fund_etf_scale_sse,SH,563560,科技成长,54769000.0,份,,,akshare:20260826
2026-08-26,akshare_fund_etf_scale_sse,SH,563570,金融科,103374000.0,份,,,akshare:20260826
2026-08-26,akshare_fund_etf_scale_sse,SH,563580,现金800,244648000.0,份,,,akshare:20260826
2026-08-26,akshare_fund_etf_scale_sse,SH,563590,红利A500,61944399.99999999,份,,,akshare:20260826
2026-08-26,akshare_fund_etf_scale_sse,SH,563600,A500增强,69483000.0,份,,,akshare:20260826
2026-08-26,akshare_fund_etf_scale_sse,SH,563620,现金流全,51049000.0,份,,,akshare:20260826
2026-08-26,akshare_fund_etf_scale_sse,SH,563630,A500指增,37947100.0,份,,,akshare:20260826
2026-08-26,akshare_fund_etf_scale_sse,SH,563650,A500中证,140909000.0,份,,,akshare:20260826
2026-08-26,akshare_fund_etf_scale_sse,SH,563660,A500银河,63085200.00000001,份,,,akshare:20260826
2026-08-26,akshare_fund_etf_scale_sse,SH,563670,金科基金,180987000.0,份,,,akshare:20260826
2026-08-26,akshare_fund_etf_scale_sse,SH,563680,现金流TF,104959000.0,份,,,akshare:20260826
2026-08-26,akshare_fund_etf_scale_sse,SH,563690,红利永赢,34882000.0,份,,,akshare:20260826
2026-08-26,akshare_fund_etf_scale_sse,SH,563700,红利价值,389150000.0,份,,,akshare:20260826
2026-08-26,akshare_fund_etf_scale_sse,SH,563750,500添富,342237000.0,份,,,akshare:20260826
2026-08-26,akshare_fund_etf_scale_sse,SH,563760,中银现金,731913200.0000001,份,,,akshare:20260826
2026-08-26,akshare_fund_etf_scale_sse,SH,563770,全指现金,25807000.0,份,,,akshare:20260826
2026-08-26,akshare_fund_etf_scale_sse,SH,563780,现金指数,248027100.0,份,,,akshare:20260826
2026-08-26,akshare_fund_etf_scale_sse,SH,563790,卫星产业,1233447000.0,份,,,akshare:20260826
2026-08-26,akshare_fund_etf_scale_sse,SH,563800,A500龙头,9049978100.0,份,,,akshare:20260826
2026-08-26,akshare_fund_etf_scale_sse,SH,563830,现金流基,137896000.0,份,,,akshare:20260826
2026-08-26,akshare_fund_etf_scale_sse,SH,563850,食品广发,118481700.0,份,,,akshare:20260826
2026-08-26,akshare_fund_etf_scale_sse,SH,563860,A500海富,185844300.0,份,,,akshare:20260826
2026-08-26,akshare_fund_etf_scale_sse,SH,563870,航空通用,108303900.0,份,,,akshare:20260826
2026-08-26,akshare_fund_etf_scale_sse,SH,563880,A500添富,1558996400.0000002,份,,,akshare:20260826
2026-08-26,akshare_fund_etf_scale_sse,SH,563890,红利国有,22836000.0,份,,,akshare:20260826
2026-08-26,akshare_fund_etf_scale_sse,SH,563900,现金流,468965700.0,份,,,akshare:20260826
2026-08-26,akshare_fund_etf_scale_sse,SH,563930,上指增强,34592000.0,份,,,akshare:20260826
2026-08-26,akshare_fund_etf_scale_sse,SH,563960,300质量,361512000.0,份,,,akshare:20260826
2026-08-26,akshare_fund_etf_scale_sse,SH,563980,800红利,188967000.0,份,,,akshare:20260826
2026-08-26,akshare_fund_etf_scale_sse,SH,563990,800现金,303573000.0,份,,,akshare:20260826
2026-08-26,akshare_fund_etf_scale_sse,SH,588000,科创50,51002668200.0,份,,,akshare:20260826
2026-08-26,akshare_fund_etf_scale_sse,SH,588010,科创材料,912925800.0,份,,,akshare:20260826
2026-08-26,akshare_fund_etf_scale_sse,SH,588020,科创50E,2009373000.0,份,,,akshare:20260826
2026-08-26,akshare_fund_etf_scale_sse,SH,588030,科创指基,2279838100.0,份,,,akshare:20260826
2026-08-26,akshare_fund_etf_scale_sse,SH,588040,科创板指,129889000.0,份,,,akshare:20260826
2026-08-26,akshare_fund_etf_scale_sse,SH,588050,科创ETF,6433241300.0,份,,,akshare:20260826
2026-08-26,akshare_fund_etf_scale_sse,SH,588060,上证科创,7405140000.0,份,,,akshare:20260826
2026-08-26,akshare_fund_etf_scale_sse,SH,588070,科创万家,42437000.0,份,,,akshare:20260826
2026-08-26,akshare_fund_etf_scale_sse,SH,588080,科创板50,24973628100.0,份,,,akshare:20260826
2026-08-26,akshare_fund_etf_scale_sse,SH,588090,科创板,2898072800.0000005,份,,,akshare:20260826
2026-08-26,akshare_fund_etf_scale_sse,SH,588100,科创信息,208746200.0,份,,,akshare:20260826
2026-08-26,akshare_fund_etf_scale_sse,SH,588110,科创成长,1033032000.0,份,,,akshare:20260826
2026-08-26,akshare_fund_etf_scale_sse,SH,588120,科100ETF,913622000.0,份,,,akshare:20260826
2026-08-26,akshare_fund_etf_scale_sse,SH,588130,科创药,446582600.0,份,,,akshare:20260826
2026-08-26,akshare_fund_etf_scale_sse,SH,588140,科200GF,241751000.0,份,,,akshare:20260826
2026-08-26,akshare_fund_etf_scale_sse,SH,588150,科创龙头,394432600.0,份,,,akshare:20260826
2026-08-26,akshare_fund_etf_scale_sse,SH,588160,科创新材,854496000.0,份,,,akshare:20260826
2026-08-26,akshare_fund_etf_scale_sse,SH,588170,科创半导,44265447000.0,份,,,akshare:20260826
2026-08-26,akshare_fund_etf_scale_sse,SH,588180,科创50基,738353700.0,份,,,akshare:20260826
2026-08-26,akshare_fund_etf_scale_sse,SH,588190,科创100,1348618299.9999998,份,,,akshare:20260826
2026-08-26,akshare_fund_etf_scale_sse,SH,588200,科创芯片,42509684300.0,份,,,akshare:20260826
2026-08-26,akshare_fund_etf_scale_sse,SH,588210,科创100E,243254000.0,份,,,akshare:20260826
2026-08-26,akshare_fund_etf_scale_sse,SH,588220,科创100F,3641697900.0,份,,,akshare:20260826
2026-08-26,akshare_fund_etf_scale_sse,SH,588230,科创200,743939000.0,份,,,akshare:20260826
2026-08-26,akshare_fund_etf_scale_sse,SH,588240,科200,125633000.0,份,,,akshare:20260826
2026-08-26,akshare_fund_etf_scale_sse,SH,588250,KC医药,267675000.0,份,,,akshare:20260826
2026-08-26,akshare_fund_etf_scale_sse,SH,588260,科创技术,46746000.0,份,,,akshare:20260826
2026-08-26,akshare_fund_etf_scale_sse,SH,588270,科创200F,304410000.0,份,,,akshare:20260826
2026-08-26,akshare_fund_etf_scale_sse,SH,588280,科创五零,392121000.0,份,,,akshare:20260826
2026-08-26,akshare_fund_etf_scale_sse,SH,588290,芯片科创,4978191000.0,份,,,akshare:20260826
2026-08-26,akshare_fund_etf_scale_sse,SH,588300,双创ETF,1522210500.0,份,,,akshare:20260826
2026-08-26,akshare_fund_etf_scale_sse,SH,588310,双创基金,33037500.0,份,,,akshare:20260826
2026-08-26,akshare_fund_etf_scale_sse,SH,588320,双创增强,80824600.0,份,,,akshare:20260826
2026-08-26,akshare_fund_etf_scale_sse,SH,588330,双创龙头,1167737800.0,份,,,akshare:20260826
2026-08-26,akshare_fund_etf_scale_sse,SH,588350,双创,648546000.0,份,,,akshare:20260826
2026-08-26,akshare_fund_etf_scale_sse,SH,588360,创创ETF,216281800.0,份,,,akshare:20260826
2026-08-26,akshare_fund_etf_scale_sse,SH,588370,科创策略,78272000.0,份,,,akshare:20260826
2026-08-26,akshare_fund_etf_scale_sse,SH,588380,创50ETF,2672770000.0,份,,,akshare:20260826
2026-08-26,akshare_fund_etf_scale_sse,SH,588390,科创创业,164935900.0,份,,,akshare:20260826
2026-08-26,akshare_fund_etf_scale_sse,SH,588400,双创50,1362600600.0,份,,,akshare:20260826
2026-08-26,akshare_fund_etf_scale_sse,SH,588410,双创AI,113250000.0,份,,,akshare:20260826
2026-08-26,akshare_fund_etf_scale_sse,SH,588420,AI双创,345648000.0,份,,,akshare:20260826
2026-08-26,akshare_fund_etf_scale_sse,SH,588430,科创创AI,102458000.0,份,,,akshare:20260826
2026-08-26,akshare_fund_etf_scale_sse,SH,588450,科创50增,60568700.0,份,,,akshare:20260826
2026-08-26,akshare_fund_etf_scale_sse,SH,588460,科创增强,645014000.0,份,,,akshare:20260826
2026-08-26,akshare_fund_etf_scale_sse,SH,588470,双创智能,292907000.0,份,,,akshare:20260826
2026-08-26,akshare_fund_etf_scale_sse,SH,588480,AI50双创,245717000.0,份,,,akshare:20260826
2026-08-26,akshare_fund_etf_scale_sse,SH,588500,科创100Z,48647000.0,份,,,akshare:20260826
2026-08-26,akshare_fund_etf_scale_sse,SH,588510,智能双创,335175000.0,份,,,akshare:20260826
2026-08-26,akshare_fund_etf_scale_sse,SH,588520,科创增,12957000.0,份,,,akshare:20260826
2026-08-26,akshare_fund_etf_scale_sse,SH,588530,AIBOCI,232833300.00000003,份,,,akshare:20260826
2026-08-26,akshare_fund_etf_scale_sse,SH,588550,科创增指,63290000.0,份,,,akshare:20260826
2026-08-26,akshare_fund_etf_scale_sse,SH,588660,双创五零,40344000.0,份,,,akshare:20260826
2026-08-26,akshare_fund_etf_scale_sse,SH,588670,科综增强,37792000.0,份,,,akshare:20260826
2026-08-26,akshare_fund_etf_scale_sse,SH,588680,科100增,32361000.0,份,,,akshare:20260826
2026-08-26,akshare_fund_etf_scale_sse,SH,588690,科综指增,51636000.0,份,,,akshare:20260826
2026-08-26,akshare_fund_etf_scale_sse,SH,588700,科创生物,442836200.0,份,,,akshare:20260826
2026-08-26,akshare_fund_etf_scale_sse,SH,588710,科半导体,11340885000.0,份,,,akshare:20260826
2026-08-26,akshare_fund_etf_scale_sse,SH,588720,中银科创,112241800.0,份,,,akshare:20260826
2026-08-26,akshare_fund_etf_scale_sse,SH,588730,科创AI,749396300.0,份,,,akshare:20260826
2026-08-26,akshare_fund_etf_scale_sse,SH,588750,科创芯50,3235228000.0,份,,,akshare:20260826
2026-08-26,akshare_fund_etf_scale_sse,SH,588760,AI科创,2518532000.0,份,,,akshare:20260826
2026-08-26,akshare_fund_etf_scale_sse,SH,588770,信息科创,314597100.0,份,,,akshare:20260826
2026-08-26,akshare_fund_etf_scale_sse,SH,588780,芯片设计,967902000.0,份,,,akshare:20260826
2026-08-26,akshare_fund_etf_scale_sse,SH,588790,科创智能,3427384000.0,份,,,akshare:20260826
2026-08-26,akshare_fund_etf_scale_sse,SH,588800,科创100C,1677377000.0,份,,,akshare:20260826
2026-08-26,akshare_fund_etf_scale_sse,SH,588810,科创板芯,612324000.0,份,,,akshare:20260826
2026-08-26,akshare_fund_etf_scale_sse,SH,588820,科创200E,154400000.0,份,,,akshare:20260826
2026-08-26,akshare_fund_etf_scale_sse,SH,588830,科创新能,653847900.0,份,,,akshare:20260826
2026-08-26,akshare_fund_etf_scale_sse,SH,588840,50科创,61236000.0,份,,,akshare:20260826
2026-08-26,akshare_fund_etf_scale_sse,SH,588850,科创机械,78779000.0,份,,,akshare:20260826
2026-08-26,akshare_fund_etf_scale_sse,SH,588860,科创医药,340889400.0,份,,,akshare:20260826
2026-08-26,akshare_fund_etf_scale_sse,SH,588870,科创50指,815552000.0,份,,,akshare:20260826
2026-08-26,akshare_fund_etf_scale_sse,SH,588880,科创指数,108368000.0,份,,,akshare:20260826
2026-08-26,akshare_fund_etf_scale_sse,SH,588890,UC科创芯,2771430000.0,份,,,akshare:20260826
2026-08-26,akshare_fund_etf_scale_sse,SH,588900,科创100S,355783000.0,份,,,akshare:20260826
2026-08-26,akshare_fund_etf_scale_sse,SH,588910,科创价值,100049100.0,份,,,akshare:20260826
2026-08-26,akshare_fund_etf_scale_sse,SH,588920,KC芯片,326876000.0,份,,,akshare:20260826
2026-08-26,akshare_fund_etf_scale_sse,SH,588930,科创板AI,633329000.0,份,,,akshare:20260826
2026-08-26,akshare_fund_etf_scale_sse,SH,588940,科创富国,3002840000.0,份,,,akshare:20260826
2026-08-26,akshare_fund_etf_scale_sse,SH,588950,景顺科创,689729700.0,份,,,akshare:20260826
2026-08-26,akshare_fund_etf_scale_sse,SH,588960,新能科创,142579800.0,份,,,akshare:20260826
2026-08-26,akshare_fund_etf_scale_sse,SH,588980,科创广发,11920000.0,份,,,akshare:20260826
2026-08-26,akshare_fund_etf_scale_sse,SH,588990,科芯片,199745400.0,份,,,akshare:20260826
2026-08-26,akshare_fund_etf_scale_sse,SH,589000,科创综指,1051507800.0,份,,,akshare:20260826
2026-08-26,akshare_fund_etf_scale_sse,SH,589010,科创AI指,938793000.0,份,,,akshare:20260826
2026-08-26,akshare_fund_etf_scale_sse,SH,589020,KC半导体,4420438000.0,份,,,akshare:20260826
2026-08-26,akshare_fund_etf_scale_sse,SH,589030,科芯设计,868077000.0,份,,,akshare:20260826
2026-08-26,akshare_fund_etf_scale_sse,SH,589050,科创E,46968000.0,份,,,akshare:20260826
2026-08-26,akshare_fund_etf_scale_sse,SH,589060,科综东财,77137900.0,份,,,akshare:20260826
2026-08-26,akshare_fund_etf_scale_sse,SH,589070,科芯TH,1919293000.0,份,,,akshare:20260826
2026-08-26,akshare_fund_etf_scale_sse,SH,589080,科创综E,143061000.0,份,,,akshare:20260826
2026-08-26,akshare_fund_etf_scale_sse,SH,589090,KCAI,191931000.0,份,,,akshare:20260826
2026-08-26,akshare_fund_etf_scale_sse,SH,589100,国泰芯片,899442500.0,份,,,akshare:20260826
2026-08-26,akshare_fund_etf_scale_sse,SH,589110,科AI国泰,537413000.0,份,,,akshare:20260826
2026-08-26,akshare_fund_etf_scale_sse,SH,589120,创新药基,1298620000.0,份,,,akshare:20260826
2026-08-26,akshare_fund_etf_scale_sse,SH,589130,科创芯易,3320780000.0,份,,,akshare:20260826
2026-08-26,akshare_fund_etf_scale_sse,SH,589150,科创平安,793437200.0,份,,,akshare:20260826
2026-08-26,akshare_fund_etf_scale_sse,SH,589160,科芯片GF,290296000.0,份,,,akshare:20260826
2026-08-26,akshare_fund_etf_scale_sse,SH,589170,芯设计KC,147909000.0,份,,,akshare:20260826
2026-08-26,akshare_fund_etf_scale_sse,SH,589180,科创材基,135818000.0,份,,,akshare:20260826
2026-08-26,akshare_fund_etf_scale_sse,SH,589190,科创芯基,2809562000.0,份,,,akshare:20260826
2026-08-26,akshare_fund_etf_scale_sse,SH,589200,科200E,22507000.0,份,,,akshare:20260826
2026-08-26,akshare_fund_etf_scale_sse,SH,589210,芯设计GF,1308938000.0,份,,,akshare:20260826
2026-08-26,akshare_fund_etf_scale_sse,SH,589220,科200GT,325495800.0,份,,,akshare:20260826
2026-08-26,akshare_fund_etf_scale_sse,SH,589230,AI科创CS,256053000.0,份,,,akshare:20260826
2026-08-26,akshare_fund_etf_scale_sse,SH,589250,芯设计PY,87101299.99999999,份,,,akshare:20260826
2026-08-26,akshare_fund_etf_scale_sse,SH,589260,科创芯设,55156000.0,份,,,akshare:20260826
2026-08-26,akshare_fund_etf_scale_sse,SH,589270,科创100Q,24516600.0,份,,,akshare:20260826
2026-08-26,akshare_fund_etf_scale_sse,SH,589280,科综增指,154069000.0,份,,,akshare:20260826
2026-08-26,akshare_fund_etf_scale_sse,SH,589290,芯片主题,131848900.0,份,,,akshare:20260826
2026-08-26,akshare_fund_etf_scale_sse,SH,589300,科综嘉实,41582500.0,份,,,akshare:20260826
2026-08-26,akshare_fund_etf_scale_sse,SH,589310,科创人工,310491800.0,份,,,akshare:20260826
2026-08-26,akshare_fund_etf_scale_sse,SH,589320,科200JS,114053000.0,份,,,akshare:20260826
2026-08-26,akshare_fund_etf_scale_sse,SH,589330,科200DC,175902000.0,份,,,akshare:20260826
2026-08-26,akshare_fund_etf_scale_sse,SH,589350,科芯片指,238281500.0,份,,,akshare:20260826
2026-08-26,akshare_fund_etf_scale_sse,SH,589360,科创50GT,2669174000.0,份,,,akshare:20260826
2026-08-26,akshare_fund_etf_scale_sse,SH,589380,AI科创指,97694300.0,份,,,akshare:20260826
2026-08-26,akshare_fund_etf_scale_sse,SH,589390,芯设计,1347810500.0,份,,,akshare:20260826
2026-08-26,akshare_fund_etf_scale_sse,SH,589400,芯设计FG,287785200.0,份,,,akshare:20260826
2026-08-26,akshare_fund_etf_scale_sse,SH,589410,科创AIJS,566565600.0,份,,,akshare:20260826
2026-08-26,akshare_fund_etf_scale_sse,SH,589420,芯设计MW,366481500.0,份,,,akshare:20260826
2026-08-26,akshare_fund_etf_scale_sse,SH,589460,科200HB,226630900.0,份,,,akshare:20260826
2026-08-26,akshare_fund_etf_scale_sse,SH,589500,科综工银,80064000.0,份,,,akshare:20260826
2026-08-26,akshare_fund_etf_scale_sse,SH,589520,AI科创板,861104600.0000001,份,,,akshare:20260826
2026-08-26,akshare_fund_etf_scale_sse,SH,589550,KC价值,25295500.0,份,,,akshare:20260826
2026-08-26,akshare_fund_etf_scale_sse,SH,589560,科创AITF,265355000.0,份,,,akshare:20260826
2026-08-26,akshare_fund_etf_scale_sse,SH,589580,科综价格,14354800.0,份,,,akshare:20260826
2026-08-26,akshare_fund_etf_scale_sse,SH,589600,富国科综,221535000.0,份,,,akshare:20260826
2026-08-26,akshare_fund_etf_scale_sse,SH,589630,科综国泰,349258000.0,份,,,akshare:20260826
2026-08-26,akshare_fund_etf_scale_sse,SH,589660,综指科创,277530000.0,份,,,akshare:20260826
2026-08-26,akshare_fund_etf_scale_sse,SH,589680,科创综Z,1359943700.0,份,,,akshare:20260826
2026-08-26,akshare_fund_etf_scale_sse,SH,589700,成长科创,30291000.0,份,,,akshare:20260826
2026-08-26,akshare_fund_etf_scale_sse,SH,589720,科创新药,4705823000.0,份,,,akshare:20260826
2026-08-26,akshare_fund_etf_scale_sse,SH,589770,科创全指,153569200.0,份,,,akshare:20260826
2026-08-26,akshare_fund_etf_scale_sse,SH,589780,科200FG,66215000.0,份,,,akshare:20260826
2026-08-26,akshare_fund_etf_scale_sse,SH,589800,科创综合,1135988200.0,份,,,akshare:20260826
2026-08-26,akshare_fund_etf_scale_sse,SH,589820,科200F,129720200.0,份,,,akshare:20260826
2026-08-26,akshare_fund_etf_scale_sse,SH,589850,科创东财,751057000.0,份,,,akshare:20260826
2026-08-26,akshare_fund_etf_scale_sse,SH,589860,天弘科综,178224000.0,份,,,akshare:20260826
2026-08-26,akshare_fund_etf_scale_sse,SH,589880,科创综,459996000.0,份,,,akshare:20260826
2026-08-26,akshare_fund_etf_scale_sse,SH,589890,景顺科综,84987000.0,份,,,akshare:20260826
2026-08-26,akshare_fund_etf_scale_sse,SH,589900,博时科综,183908200.0,份,,,akshare:20260826
2026-08-26,akshare_fund_etf_scale_sse,SH,589950,科100FG,339873000.0,份,,,akshare:20260826
2026-08-26,akshare_fund_etf_scale_sse,SH,589960,科创新源,171316000.0,份,,,akshare:20260826
2026-08-26,akshare_fund_etf_scale_sse,SH,589980,科基100,129122000.0,份,,,akshare:20260826
2026-08-26,akshare_fund_etf_scale_sse,SH,589990,科创板综,106090000.0,份,,,akshare:20260826
2026-08-27,akshare_fund_etf_scale_sse,SH,510010,治理ETF,130524400.0,份,,,akshare:20260827
2026-08-27,akshare_fund_etf_scale_sse,SH,510020,超大ETF,35848000.0,份,,,akshare:20260827
2026-08-27,akshare_fund_etf_scale_sse,SH,510030,价值ETF,148229800.0,份,,,akshare:20260827
2026-08-27,akshare_fund_etf_scale_sse,SH,510040,上证180E,28480000.0,份,,,akshare:20260827
2026-08-27,akshare_fund_etf_scale_sse,SH,510050,50ETF,6909966800.000001,份,,,akshare:20260827
2026-08-27,akshare_fund_etf_scale_sse,SH,510060,央企ETF,35959200.0,份,,,akshare:20260827
2026-08-27,akshare_fund_etf_scale_sse,SH,510090,ESG建信,24581100.0,份,,,akshare:20260827
2026-08-27,akshare_fund_etf_scale_sse,SH,510100,SZ50ETF,981506799.9999999,份,,,akshare:20260827
2026-08-27,akshare_fund_etf_scale_sse,SH,510130,中盘ETF,31485100.000000004,份,,,akshare:20260827
2026-08-27,akshare_fund_etf_scale_sse,SH,510140,上证指,77230500.0,份,,,akshare:20260827
2026-08-27,akshare_fund_etf_scale_sse,SH,510150,消费ETF,2899178600.0,份,,,akshare:20260827
2026-08-27,akshare_fund_etf_scale_sse,SH,510160,产业升级,192057400.00000003,份,,,akshare:20260827
2026-08-27,akshare_fund_etf_scale_sse,SH,510170,商品ETF,336914800.00000006,份,,,akshare:20260827
2026-08-27,akshare_fund_etf_scale_sse,SH,510180,180ETF,4418057700.0,份,,,akshare:20260827
2026-08-27,akshare_fund_etf_scale_sse,SH,510190,上证50基,23650800.0,份,,,akshare:20260827
2026-08-27,akshare_fund_etf_scale_sse,SH,510200,上证券商,148885500.0,份,,,akshare:20260827
2026-08-27,akshare_fund_etf_scale_sse,SH,510210,综指ETF,15209192600.0,份,,,akshare:20260827
2026-08-27,akshare_fund_etf_scale_sse,SH,510230,金融ETF,668808000.0,份,,,akshare:20260827
2026-08-27,akshare_fund_etf_scale_sse,SH,510270,国企ETF,16832100.0,份,,,akshare:20260827
2026-08-27,akshare_fund_etf_scale_sse,SH,510290,380ETF,56448900.0,份,,,akshare:20260827
2026-08-27,akshare_fund_etf_scale_sse,SH,510300,300ETF,23578687700.0,份,,,akshare:20260827
2026-08-27,akshare_fund_etf_scale_sse,SH,510310,HS300ETF,11465744000.0,份,,,akshare:20260827
2026-08-27,akshare_fund_etf_scale_sse,SH,510320,300中金,631068500.0,份,,,akshare:20260827
2026-08-27,akshare_fund_etf_scale_sse,SH,510330,华夏300,8399949800.0,份,,,akshare:20260827
2026-08-27,akshare_fund_etf_scale_sse,SH,510350,工银300,676914700.0,份,,,akshare:20260827
2026-08-27,akshare_fund_etf_scale_sse,SH,510360,广发300,1790381200.0,份,,,akshare:20260827
2026-08-27,akshare_fund_etf_scale_sse,SH,510370,兴业300,87258100.0,份,,,akshare:20260827
2026-08-27,akshare_fund_etf_scale_sse,SH,510380,国寿300,1461802400.0,份,,,akshare:20260827
2026-08-27,akshare_fund_etf_scale_sse,SH,510390,平安300,135650000.0,份,,,akshare:20260827
2026-08-27,akshare_fund_etf_scale_sse,SH,510410,资源ETF,433258399.99999994,份,,,akshare:20260827
2026-08-27,akshare_fund_etf_scale_sse,SH,510500,500ETF,5406968600.0,份,,,akshare:20260827
2026-08-27,akshare_fund_etf_scale_sse,SH,510510,广发500,861038300.0,份,,,akshare:20260827
2026-08-27,akshare_fund_etf_scale_sse,SH,510530,工银500,46979399.99999999,份,,,akshare:20260827
2026-08-27,akshare_fund_etf_scale_sse,SH,510550,方正500,23743300.0,份,,,akshare:20260827
2026-08-27,akshare_fund_etf_scale_sse,SH,510560,国寿500,52318700.0,份,,,akshare:20260827
2026-08-27,akshare_fund_etf_scale_sse,SH,510570,兴业500,33060600.0,份,,,akshare:20260827
2026-08-27,akshare_fund_etf_scale_sse,SH,510580,ZZ500ETF,1143768300.0,份,,,akshare:20260827
2026-08-27,akshare_fund_etf_scale_sse,SH,510590,平安500,116386100.0,份,,,akshare:20260827
2026-08-27,akshare_fund_etf_scale_sse,SH,510600,沪50ETF,13615100.0,份,,,akshare:20260827
2026-08-27,akshare_fund_etf_scale_sse,SH,510630,消费30,546361500.0,份,,,akshare:20260827
2026-08-27,akshare_fund_etf_scale_sse,SH,510650,金融行业,11952500.0,份,,,akshare:20260827
2026-08-27,akshare_fund_etf_scale_sse,SH,510660,医药行业,52379700.0,份,,,akshare:20260827
2026-08-27,akshare_fund_etf_scale_sse,SH,510670,180指,177993000.0,份,,,akshare:20260827
2026-08-27,akshare_fund_etf_scale_sse,SH,510680,万家50,19924700.0,份,,,akshare:20260827
2026-08-27,akshare_fund_etf_scale_sse,SH,510710,上50ETF,103718900.0,份,,,akshare:20260827
2026-08-27,akshare_fund_etf_scale_sse,SH,510720,红利国泰,1686766000.0,份,,,akshare:20260827
2026-08-27,akshare_fund_etf_scale_sse,SH,510760,上证ETF,3233503700.0,份,,,akshare:20260827
2026-08-27,akshare_fund_etf_scale_sse,SH,510770,G60创新,21610700.0,份,,,akshare:20260827
2026-08-27,akshare_fund_etf_scale_sse,SH,510800,上证50,174576000.0,份,,,akshare:20260827
2026-08-27,akshare_fund_etf_scale_sse,SH,510810,上海国企,5965393700.0,份,,,akshare:20260827
2026-08-27,akshare_fund_etf_scale_sse,SH,510850,工银上50,47298900.0,份,,,akshare:20260827
2026-08-27,akshare_fund_etf_scale_sse,SH,510880,红利ETF,5834675699.999999,份,,,akshare:20260827
2026-08-27,akshare_fund_etf_scale_sse,SH,510900,恒生中国,3221021900.0,份,,,akshare:20260827
2026-08-27,akshare_fund_etf_scale_sse,SH,510910,上证指CS,153796000.0,份,,,akshare:20260827
2026-08-27,akshare_fund_etf_scale_sse,SH,510950,上证广发,111820800.0,份,,,akshare:20260827
2026-08-27,akshare_fund_etf_scale_sse,SH,510980,上证综合,689798000.0,份,,,akshare:20260827
2026-08-27,akshare_fund_etf_scale_sse,SH,510990,ESG180,38948600.0,份,,,akshare:20260827
2026-08-27,akshare_fund_etf_scale_sse,SH,511010,国债ETF,47286300.0,份,,,akshare:20260827
2026-08-27,akshare_fund_etf_scale_sse,SH,511020,活跃国债,38277500.0,份,,,akshare:20260827
2026-08-27,akshare_fund_etf_scale_sse,SH,511030,公司债,402470700.0,份,,,akshare:20260827
2026-08-27,akshare_fund_etf_scale_sse,SH,511060,5年地债,21436300.0,份,,,akshare:20260827
2026-08-27,akshare_fund_etf_scale_sse,SH,511070,沪公司债,292031000.0,份,,,akshare:20260827
2026-08-27,akshare_fund_etf_scale_sse,SH,511090,30年国债,282938100.0,份,,,akshare:20260827
2026-08-27,akshare_fund_etf_scale_sse,SH,511100,基准国债,110340500.0,份,,,akshare:20260827
2026-08-27,akshare_fund_etf_scale_sse,SH,511110,公司债易,318799600.0,份,,,akshare:20260827
2026-08-27,akshare_fund_etf_scale_sse,SH,511120,科创债基,117710600.0,份,,,akshare:20260827
2026-08-27,akshare_fund_etf_scale_sse,SH,511130,国债30年,195349700.0,份,,,akshare:20260827
2026-08-27,akshare_fund_etf_scale_sse,SH,511150,科债永赢,112030900.0,份,,,akshare:20260827
2026-08-27,akshare_fund_etf_scale_sse,SH,511160,国债东财,21940900.0,份,,,akshare:20260827
2026-08-27,akshare_fund_etf_scale_sse,SH,511180,上证转债,993659700.0,份,,,akshare:20260827
2026-08-27,akshare_fund_etf_scale_sse,SH,511190,信用债,145854300.0,份,,,akshare:20260827
2026-08-27,akshare_fund_etf_scale_sse,SH,511200,信用债基,236427500.0,份,,,akshare:20260827
2026-08-27,akshare_fund_etf_scale_sse,SH,511220,城投ETF,5311881400.0,份,,,akshare:20260827
2026-08-27,akshare_fund_etf_scale_sse,SH,511260,十年国债,168766500.0,份,,,akshare:20260827
2026-08-27,akshare_fund_etf_scale_sse,SH,511270,10年地债,89667500.0,份,,,akshare:20260827
2026-08-27,akshare_fund_etf_scale_sse,SH,511360,短融ETF,735638600.0,份,,,akshare:20260827
2026-08-27,akshare_fund_etf_scale_sse,SH,511380,转债ETF,4577686700.0,份,,,akshare:20260827
2026-08-27,akshare_fund_etf_scale_sse,SH,511520,政金债,382516500.0,份,,,akshare:20260827
2026-08-27,akshare_fund_etf_scale_sse,SH,511580,国债政金,68992800.0,份,,,akshare:20260827
2026-08-27,akshare_fund_etf_scale_sse,SH,512000,券商ETF,73066835400.0,份,,,akshare:20260827
2026-08-27,akshare_fund_etf_scale_sse,SH,512010,医药ETF,40195694900.0,份,,,akshare:20260827
2026-08-27,akshare_fund_etf_scale_sse,SH,512020,A500,1124012700.0,份,,,akshare:20260827
2026-08-27,akshare_fund_etf_scale_sse,SH,512030,A50增,44240000.0,份,,,akshare:20260827
2026-08-27,akshare_fund_etf_scale_sse,SH,512040,国信价值,4393715900.0,份,,,akshare:20260827
2026-08-27,akshare_fund_etf_scale_sse,SH,512050,A500E,16483992200.0,份,,,akshare:20260827
2026-08-27,akshare_fund_etf_scale_sse,SH,512060,A100指基,10928000.0,份,,,akshare:20260827
2026-08-27,akshare_fund_etf_scale_sse,SH,512070,证券保险,16592479700.0,份,,,akshare:20260827
2026-08-27,akshare_fund_etf_scale_sse,SH,512080,A500中金,794186100.0,份,,,akshare:20260827
2026-08-27,akshare_fund_etf_scale_sse,SH,512090,MSCI易基,325592300.0,份,,,akshare:20260827
2026-08-27,akshare_fund_etf_scale_sse,SH,512100,1000ETF,6793217600.0,份,,,akshare:20260827
2026-08-27,akshare_fund_etf_scale_sse,SH,512120,医药50,776241900.0,份,,,akshare:20260827
2026-08-27,akshare_fund_etf_scale_sse,SH,512130,现金全指,14895000.0,份,,,akshare:20260827
2026-08-27,akshare_fund_etf_scale_sse,SH,512140,电力事业,144049000.0,份,,,akshare:20260827
2026-08-27,akshare_fund_etf_scale_sse,SH,512150,A50ETF,18073400.0,份,,,akshare:20260827
2026-08-27,akshare_fund_etf_scale_sse,SH,512160,MSCI基金,121777800.0,份,,,akshare:20260827
2026-08-27,akshare_fund_etf_scale_sse,SH,512170,医疗ETF,71535820500.0,份,,,akshare:20260827
2026-08-27,akshare_fund_etf_scale_sse,SH,512180,建信MSCI,48048000.0,份,,,akshare:20260827
2026-08-27,akshare_fund_etf_scale_sse,SH,512190,之江凤凰,200118400.0,份,,,akshare:20260827
2026-08-27,akshare_fund_etf_scale_sse,SH,512200,地产ETF,2837597900.0,份,,,akshare:20260827
2026-08-27,akshare_fund_etf_scale_sse,SH,512220,TMTETF,209967599.99999997,份,,,akshare:20260827
2026-08-27,akshare_fund_etf_scale_sse,SH,512240,A50龙头,21686000.0,份,,,akshare:20260827
2026-08-27,akshare_fund_etf_scale_sse,SH,512250,A50指数E,119600100.0,份,,,akshare:20260827
2026-08-27,akshare_fund_etf_scale_sse,SH,512260,500低波,20497700.0,份,,,akshare:20260827
2026-08-27,akshare_fund_etf_scale_sse,SH,512290,生物医药,3149820700.0,份,,,akshare:20260827
2026-08-27,akshare_fund_etf_scale_sse,SH,512330,信息ETF,355188000.0,份,,,akshare:20260827
2026-08-27,akshare_fund_etf_scale_sse,SH,512360,MSCI国际,27337700.0,份,,,akshare:20260827
2026-08-27,akshare_fund_etf_scale_sse,SH,512370,A500增指,299313000.0,份,,,akshare:20260827
2026-08-27,akshare_fund_etf_scale_sse,SH,512380,MSCI中国,75805600.0,份,,,akshare:20260827
2026-08-27,akshare_fund_etf_scale_sse,SH,512390,MSCI低波,15682000.0,份,,,akshare:20260827
2026-08-27,akshare_fund_etf_scale_sse,SH,512400,有色ETF,13750039000.0,份,,,akshare:20260827
2026-08-27,akshare_fund_etf_scale_sse,SH,512410,银行广发,42571700.0,份,,,akshare:20260827
2026-08-27,akshare_fund_etf_scale_sse,SH,512420,机械华安,75238900.0,份,,,akshare:20260827
2026-08-27,akshare_fund_etf_scale_sse,SH,512430,家电家居,28720000.0,份,,,akshare:20260827
2026-08-27,akshare_fund_etf_scale_sse,SH,512450,广发养殖,109367000.0,份,,,akshare:20260827
2026-08-27,akshare_fund_etf_scale_sse,SH,512460,电池主题,294823000.0,份,,,akshare:20260827
2026-08-27,akshare_fund_etf_scale_sse,SH,512480,半导体,19158007200.0,份,,,akshare:20260827
2026-08-27,akshare_fund_etf_scale_sse,SH,512500,中证500,1872008800.0,份,,,akshare:20260827
2026-08-27,akshare_fund_etf_scale_sse,SH,512510,ETF500,433429800.00000006,份,,,akshare:20260827
2026-08-27,akshare_fund_etf_scale_sse,SH,512520,MSCIETF,45056400.0,份,,,akshare:20260827
2026-08-27,akshare_fund_etf_scale_sse,SH,512530,300红利,95502000.0,份,,,akshare:20260827
2026-08-27,akshare_fund_etf_scale_sse,SH,512550,A50基金,109906000.0,份,,,akshare:20260827
2026-08-27,akshare_fund_etf_scale_sse,SH,512560,中证军工,940127000.0,份,,,akshare:20260827
2026-08-27,akshare_fund_etf_scale_sse,SH,512570,中证证券,4089806100.0,份,,,akshare:20260827
2026-08-27,akshare_fund_etf_scale_sse,SH,512580,环保ETF,568471700.0,份,,,akshare:20260827
2026-08-27,akshare_fund_etf_scale_sse,SH,512600,必选消费,1697356099.9999998,份,,,akshare:20260827
2026-08-27,akshare_fund_etf_scale_sse,SH,512620,农业TH,1427666000.0,份,,,akshare:20260827
2026-08-27,akshare_fund_etf_scale_sse,SH,512630,卫星基金,1676426000.0,份,,,akshare:20260827
2026-08-27,akshare_fund_etf_scale_sse,SH,512640,金融地产,20240900.0,份,,,akshare:20260827
2026-08-27,akshare_fund_etf_scale_sse,SH,512650,长三角,32941600.0,份,,,akshare:20260827
2026-08-27,akshare_fund_etf_scale_sse,SH,512660,军工ETF,5864080000.0,份,,,akshare:20260827
2026-08-27,akshare_fund_etf_scale_sse,SH,512670,国防ETF,2155652600.0,份,,,akshare:20260827
2026-08-27,akshare_fund_etf_scale_sse,SH,512680,军工基金,3116130100.0,份,,,akshare:20260827
2026-08-27,akshare_fund_etf_scale_sse,SH,512690,酒ETF,32145550200.0,份,,,akshare:20260827
2026-08-27,akshare_fund_etf_scale_sse,SH,512700,银行基金,700581000.0,份,,,akshare:20260827
2026-08-27,akshare_fund_etf_scale_sse,SH,512710,军工龙头,11720658400.0,份,,,akshare:20260827
2026-08-27,akshare_fund_etf_scale_sse,SH,512720,计算机,366453399.99999994,份,,,akshare:20260827
2026-08-27,akshare_fund_etf_scale_sse,SH,512730,银行FUND,53583900.0,份,,,akshare:20260827
2026-08-27,akshare_fund_etf_scale_sse,SH,512750,基本面50,46554900.0,份,,,akshare:20260827
2026-08-27,akshare_fund_etf_scale_sse,SH,512760,芯片ETF,9465445500.0,份,,,akshare:20260827
2026-08-27,akshare_fund_etf_scale_sse,SH,512770,战略新兴,98267800.0,份,,,akshare:20260827
2026-08-27,akshare_fund_etf_scale_sse,SH,512800,银行ETF,12051879900.0,份,,,akshare:20260827
2026-08-27,akshare_fund_etf_scale_sse,SH,512810,国防军工,1003583500.0,份,,,akshare:20260827
2026-08-27,akshare_fund_etf_scale_sse,SH,512820,银行股基,398501900.0,份,,,akshare:20260827
2026-08-27,akshare_fund_etf_scale_sse,SH,512870,杭州湾区,22410600.0,份,,,akshare:20260827
2026-08-27,akshare_fund_etf_scale_sse,SH,512880,证券ETF,57369291500.0,份,,,akshare:20260827
2026-08-27,akshare_fund_etf_scale_sse,SH,512890,红利低波,28105110800.0,份,,,akshare:20260827
2026-08-27,akshare_fund_etf_scale_sse,SH,512900,证券基金,7475906000.0,份,,,akshare:20260827
2026-08-27,akshare_fund_etf_scale_sse,SH,512910,100ETF,131128799.99999999,份,,,akshare:20260827
2026-08-27,akshare_fund_etf_scale_sse,SH,512930,AIETF,4944521300.0,份,,,akshare:20260827
2026-08-27,akshare_fund_etf_scale_sse,SH,512940,有色矿业,2141705000.0,份,,,akshare:20260827
2026-08-27,akshare_fund_etf_scale_sse,SH,512950,央企改革,4042551000.0,份,,,akshare:20260827
2026-08-27,akshare_fund_etf_scale_sse,SH,512960,央调ETF,3856657300.0,份,,,akshare:20260827
2026-08-27,akshare_fund_etf_scale_sse,SH,512970,湾区ETF,4987600.0,份,,,akshare:20260827
2026-08-27,akshare_fund_etf_scale_sse,SH,512980,传媒ETF,4721924400.0,份,,,akshare:20260827
2026-08-27,akshare_fund_etf_scale_sse,SH,512990,MSCIA股,99015400.00000001,份,,,akshare:20260827
2026-08-27,akshare_fund_etf_scale_sse,SH,513000,225ETF,1001411400.0,份,,,akshare:20260827
2026-08-27,akshare_fund_etf_scale_sse,SH,513010,港股科技,44243307000.0,份,,,akshare:20260827
2026-08-27,akshare_fund_etf_scale_sse,SH,513020,科技HK,2248145400.0,份,,,akshare:20260827
2026-08-27,akshare_fund_etf_scale_sse,SH,513030,德国ETF,1014779000.0,份,,,akshare:20260827
2026-08-27,akshare_fund_etf_scale_sse,SH,513040,HK互联网,6808841300.0,份,,,akshare:20260827
2026-08-27,akshare_fund_etf_scale_sse,SH,513050,中概互联,34345432700.0,份,,,akshare:20260827
2026-08-27,akshare_fund_etf_scale_sse,SH,513060,恒生医疗,8587893300.0,份,,,akshare:20260827
2026-08-27,akshare_fund_etf_scale_sse,SH,513070,HK消费50,1336760799.9999998,份,,,akshare:20260827
2026-08-27,akshare_fund_etf_scale_sse,SH,513080,法国ETF,657916000.0,份,,,akshare:20260827
2026-08-27,akshare_fund_etf_scale_sse,SH,513090,香港证券,9901988000.0,份,,,akshare:20260827
2026-08-27,akshare_fund_etf_scale_sse,SH,513100,纳指ETF,9465110600.0,份,,,akshare:20260827
2026-08-27,akshare_fund_etf_scale_sse,SH,513110,纳指100,2199435000.0,份,,,akshare:20260827
2026-08-27,akshare_fund_etf_scale_sse,SH,513120,HK创新药,19056635400.0,份,,,akshare:20260827
2026-08-27,akshare_fund_etf_scale_sse,SH,513130,恒生科技,56517347000.0,份,,,akshare:20260827
2026-08-27,akshare_fund_etf_scale_sse,SH,513140,港股金融,78868000.0,份,,,akshare:20260827
2026-08-27,akshare_fund_etf_scale_sse,SH,513150,港科技50,100559800.0,份,,,akshare:20260827
2026-08-27,akshare_fund_etf_scale_sse,SH,513160,科技30,3191189300.0,份,,,akshare:20260827
2026-08-27,akshare_fund_etf_scale_sse,SH,513170,恒生央企,188573000.0,份,,,akshare:20260827
2026-08-27,akshare_fund_etf_scale_sse,SH,513180,恒指科技,69546759500.0,份,,,akshare:20260827
2026-08-27,akshare_fund_etf_scale_sse,SH,513190,H股金融,996936000.0,份,,,akshare:20260827
2026-08-27,akshare_fund_etf_scale_sse,SH,513200,港股医药,893282100.0000001,份,,,akshare:20260827
2026-08-27,akshare_fund_etf_scale_sse,SH,513210,恒生E,40942000.0,份,,,akshare:20260827
2026-08-27,akshare_fund_etf_scale_sse,SH,513220,互联网30,521109400.0,份,,,akshare:20260827
2026-08-27,akshare_fund_etf_scale_sse,SH,513230,H股消费,328422699.99999994,份,,,akshare:20260827
2026-08-27,akshare_fund_etf_scale_sse,SH,513240,港信息,109496000.0,份,,,akshare:20260827
2026-08-27,akshare_fund_etf_scale_sse,SH,513260,恒科技,4733243000.0,份,,,akshare:20260827
2026-08-27,akshare_fund_etf_scale_sse,SH,513280,恒生生物,364114500.0,份,,,akshare:20260827
2026-08-27,akshare_fund_etf_scale_sse,SH,513290,纳指生物,1041072100.0000001,份,,,akshare:20260827
2026-08-27,akshare_fund_etf_scale_sse,SH,513300,纳斯达克,5325671000.0,份,,,akshare:20260827
2026-08-27,akshare_fund_etf_scale_sse,SH,513310,中韩芯片,2418427000.0,份,,,akshare:20260827
2026-08-27,akshare_fund_etf_scale_sse,SH,513320,HK新经济,91010600.0,份,,,akshare:20260827
2026-08-27,akshare_fund_etf_scale_sse,SH,513330,恒生互联,69471480000.0,份,,,akshare:20260827
2026-08-27,akshare_fund_etf_scale_sse,SH,513350,油气ETF,841746000.0,份,,,akshare:20260827
2026-08-27,akshare_fund_etf_scale_sse,SH,513360,教育ETF,617713900.0,份,,,akshare:20260827
2026-08-27,akshare_fund_etf_scale_sse,SH,513380,科技恒生,17835784900.0,份,,,akshare:20260827
2026-08-27,akshare_fund_etf_scale_sse,SH,513390,纳指基金,2142379100.0,份,,,akshare:20260827
2026-08-27,akshare_fund_etf_scale_sse,SH,513400,道琼斯,2702062000.0,份,,,akshare:20260827
2026-08-27,akshare_fund_etf_scale_sse,SH,513500,标普500,10211638600.0,份,,,akshare:20260827
2026-08-27,akshare_fund_etf_scale_sse,SH,513520,日经ETF,1075887200.0,份,,,akshare:20260827
2026-08-27,akshare_fund_etf_scale_sse,SH,513530,港股红利,2781938700.0,份,,,akshare:20260827
2026-08-27,akshare_fund_etf_scale_sse,SH,513550,港股通50,1685992000.0,份,,,akshare:20260827
2026-08-27,akshare_fund_etf_scale_sse,SH,513560,香港科技,531386000.0,份,,,akshare:20260827
2026-08-27,akshare_fund_etf_scale_sse,SH,513580,HS科技,6062118000.0,份,,,akshare:20260827
2026-08-27,akshare_fund_etf_scale_sse,SH,513590,香港消费,139518900.0,份,,,akshare:20260827
2026-08-27,akshare_fund_etf_scale_sse,SH,513600,恒指ETF,609829500.0,份,,,akshare:20260827
2026-08-27,akshare_fund_etf_scale_sse,SH,513620,港医疗指,57216000.0,份,,,akshare:20260827
2026-08-27,akshare_fund_etf_scale_sse,SH,513630,香港红利,7546359000.0,份,,,akshare:20260827
2026-08-27,akshare_fund_etf_scale_sse,SH,513650,标普ETF,4359734000.0,份,,,akshare:20260827
2026-08-27,akshare_fund_etf_scale_sse,SH,513660,恒生通,1814000200.0,份,,,akshare:20260827
2026-08-27,akshare_fund_etf_scale_sse,SH,513690,恒生股息,3149979900.0,份,,,akshare:20260827
2026-08-27,akshare_fund_etf_scale_sse,SH,513700,香港医药,794846000.0,份,,,akshare:20260827
2026-08-27,akshare_fund_etf_scale_sse,SH,513720,香港互联,250859000.0,份,,,akshare:20260827
2026-08-27,akshare_fund_etf_scale_sse,SH,513730,东南亚,778355000.0,份,,,akshare:20260827
2026-08-27,akshare_fund_etf_scale_sse,SH,513750,港股非银,8102838000.0,份,,,akshare:20260827
2026-08-27,akshare_fund_etf_scale_sse,SH,513770,港股互联,14556137900.0,份,,,akshare:20260827
2026-08-27,akshare_fund_etf_scale_sse,SH,513780,港股新药,1856157000.0,份,,,akshare:20260827
2026-08-27,akshare_fund_etf_scale_sse,SH,513800,东证ETF,1037044400.0,份,,,akshare:20260827
2026-08-27,akshare_fund_etf_scale_sse,SH,513810,港股国企,41992000.0,份,,,akshare:20260827
2026-08-27,akshare_fund_etf_scale_sse,SH,513820,港股分红,1701169000.0,份,,,akshare:20260827
2026-08-27,akshare_fund_etf_scale_sse,SH,513830,红利港股,54311000.0,份,,,akshare:20260827
2026-08-27,akshare_fund_etf_scale_sse,SH,513850,美国50,1241892600.0,份,,,akshare:20260827
2026-08-27,akshare_fund_etf_scale_sse,SH,513860,HKC科技,2814470600.0,份,,,akshare:20260827
2026-08-27,akshare_fund_etf_scale_sse,SH,513870,纳指指数,1374671000.0,份,,,akshare:20260827
2026-08-27,akshare_fund_etf_scale_sse,SH,513880,日经225,1310970000.0,份,,,akshare:20260827
2026-08-27,akshare_fund_etf_scale_sse,SH,513890,HK科技,897128000.0,份,,,akshare:20260827
2026-08-27,akshare_fund_etf_scale_sse,SH,513900,港股100,90978000.0,份,,,akshare:20260827
2026-08-27,akshare_fund_etf_scale_sse,SH,513910,红利央企,1973276000.0,份,,,akshare:20260827
2026-08-27,akshare_fund_etf_scale_sse,SH,513920,央企40,2612731000.0,份,,,akshare:20260827
2026-08-27,akshare_fund_etf_scale_sse,SH,513930,香港生科,102908000.0,份,,,akshare:20260827
2026-08-27,akshare_fund_etf_scale_sse,SH,513950,恒生红利,2414119000.0,份,,,akshare:20260827
2026-08-27,akshare_fund_etf_scale_sse,SH,513970,恒生消费,1411041000.0,份,,,akshare:20260827
2026-08-27,akshare_fund_etf_scale_sse,SH,513980,科技港股,16873204000.0,份,,,akshare:20260827
2026-08-27,akshare_fund_etf_scale_sse,SH,513990,港股通综,43000000.0,份,,,akshare:20260827
2026-08-27,akshare_fund_etf_scale_sse,SH,515000,科技ETF,3108579300.0,份,,,akshare:20260827
2026-08-27,akshare_fund_etf_scale_sse,SH,515010,华夏证券,2035771600.0,份,,,akshare:20260827
2026-08-27,akshare_fund_etf_scale_sse,SH,515020,银行指数,406845300.0,份,,,akshare:20260827
2026-08-27,akshare_fund_etf_scale_sse,SH,515030,新汽车,1490384000.0,份,,,akshare:20260827
2026-08-27,akshare_fund_etf_scale_sse,SH,515040,工业金属,52319600.0,份,,,akshare:20260827
2026-08-27,akshare_fund_etf_scale_sse,SH,515050,5GETF,17399205400.0,份,,,akshare:20260827
2026-08-27,akshare_fund_etf_scale_sse,SH,515060,华夏地产,949478100.0,份,,,akshare:20260827
2026-08-27,akshare_fund_etf_scale_sse,SH,515070,AI智能,7548940400.0,份,,,akshare:20260827
2026-08-27,akshare_fund_etf_scale_sse,SH,515080,中证红利,7115148900.0,份,,,akshare:20260827
2026-08-27,akshare_fund_etf_scale_sse,SH,515090,可持续,10801700.0,份,,,akshare:20260827
2026-08-27,akshare_fund_etf_scale_sse,SH,515100,红利100,3770441500.0,份,,,akshare:20260827
2026-08-27,akshare_fund_etf_scale_sse,SH,515110,国企方达,214295000.0,份,,,akshare:20260827
2026-08-27,akshare_fund_etf_scale_sse,SH,515120,创新药,16972993600.000002,份,,,akshare:20260827
2026-08-27,akshare_fund_etf_scale_sse,SH,515130,HS300E,94463200.0,份,,,akshare:20260827
2026-08-27,akshare_fund_etf_scale_sse,SH,515150,国企富国,397703200.0,份,,,akshare:20260827
2026-08-27,akshare_fund_etf_scale_sse,SH,515160,MSCI招商,243955099.99999997,份,,,akshare:20260827
2026-08-27,akshare_fund_etf_scale_sse,SH,515170,食品饮料,8604257900.0,份,,,akshare:20260827
2026-08-27,akshare_fund_etf_scale_sse,SH,515180,100红利,12879637000.0,份,,,akshare:20260827
2026-08-27,akshare_fund_etf_scale_sse,SH,515190,BOCI500,295466100.0,份,,,akshare:20260827
2026-08-27,akshare_fund_etf_scale_sse,SH,515200,创新100,37943200.0,份,,,akshare:20260827
2026-08-27,akshare_fund_etf_scale_sse,SH,515210,钢铁ETF,1023726100.0,份,,,akshare:20260827
2026-08-27,akshare_fund_etf_scale_sse,SH,515220,煤炭ETF,10548676900.0,份,,,akshare:20260827
2026-08-27,akshare_fund_etf_scale_sse,SH,515230,软件ETF,7922690900.0,份,,,akshare:20260827
2026-08-27,akshare_fund_etf_scale_sse,SH,515250,智能汽车,341944500.0,份,,,akshare:20260827
2026-08-27,akshare_fund_etf_scale_sse,SH,515260,电子ETF,884568400.0,份,,,akshare:20260827
2026-08-27,akshare_fund_etf_scale_sse,SH,515290,银行,2675572900.0,份,,,akshare:20260827
2026-08-27,akshare_fund_etf_scale_sse,SH,515300,红利300,3378675200.0,份,,,akshare:20260827
2026-08-27,akshare_fund_etf_scale_sse,SH,515310,添富300,325111200.0,份,,,akshare:20260827
2026-08-27,akshare_fund_etf_scale_sse,SH,515320,电子50,89309000.0,份,,,akshare:20260827
2026-08-27,akshare_fund_etf_scale_sse,SH,515330,天弘300,6179709500.0,份,,,akshare:20260827
2026-08-27,akshare_fund_etf_scale_sse,SH,515350,民生300,12599200.0,份,,,akshare:20260827
2026-08-27,akshare_fund_etf_scale_sse,SH,515360,方正300,37779300.0,份,,,akshare:20260827
2026-08-27,akshare_fund_etf_scale_sse,SH,515370,中证光伏,959713000.0,份,,,akshare:20260827
2026-08-27,akshare_fund_etf_scale_sse,SH,515380,泰康300,663399800.0,份,,,akshare:20260827
2026-08-27,akshare_fund_etf_scale_sse,SH,515390,HS300,1854683000.0,份,,,akshare:20260827
2026-08-27,akshare_fund_etf_scale_sse,SH,515400,大数据,1619631400.0000002,份,,,akshare:20260827
2026-08-27,akshare_fund_etf_scale_sse,SH,515450,红利50,14286835000.0,份,,,akshare:20260827
2026-08-27,akshare_fund_etf_scale_sse,SH,515460,质量红利,277091000.0,份,,,akshare:20260827
2026-08-27,akshare_fund_etf_scale_sse,SH,515480,红利一百,24340700.0,份,,,akshare:20260827
2026-08-27,akshare_fund_etf_scale_sse,SH,515530,泰康500,12242700.0,份,,,akshare:20260827
2026-08-27,akshare_fund_etf_scale_sse,SH,515550,国联500,20345700.0,份,,,akshare:20260827
2026-08-27,akshare_fund_etf_scale_sse,SH,515560,证券E,193883300.00000003,份,,,akshare:20260827
2026-08-27,akshare_fund_etf_scale_sse,SH,515580,中证科技,304031400.0,份,,,akshare:20260827
2026-08-27,akshare_fund_etf_scale_sse,SH,515590,500ETFEW,36113700.0,份,,,akshare:20260827
2026-08-27,akshare_fund_etf_scale_sse,SH,515600,央企创新,1037797400.0,份,,,akshare:20260827
2026-08-27,akshare_fund_etf_scale_sse,SH,515630,保险证券,932217700.0,份,,,akshare:20260827
2026-08-27,akshare_fund_etf_scale_sse,SH,515640,家电指数,17050000.0,份,,,akshare:20260827
2026-08-27,akshare_fund_etf_scale_sse,SH,515650,消费50,3079184000.0,份,,,akshare:20260827
2026-08-27,akshare_fund_etf_scale_sse,SH,515660,沪深300E,432694200.0,份,,,akshare:20260827
2026-08-27,akshare_fund_etf_scale_sse,SH,515680,创新央企,1099264700.0,份,,,akshare:20260827
2026-08-27,akshare_fund_etf_scale_sse,SH,515700,新能车,679510200.0,份,,,akshare:20260827
2026-08-27,akshare_fund_etf_scale_sse,SH,515710,食品ETF,2321599800.0,份,,,akshare:20260827
2026-08-27,akshare_fund_etf_scale_sse,SH,515720,金科富国,444611000.0,份,,,akshare:20260827
2026-08-27,akshare_fund_etf_scale_sse,SH,515730,家居家电,39892000.0,份,,,akshare:20260827
2026-08-27,akshare_fund_etf_scale_sse,SH,515750,科技50,264140500.0,份,,,akshare:20260827
2026-08-27,akshare_fund_etf_scale_sse,SH,515760,浙江国资,95388100.0,份,,,akshare:20260827
2026-08-27,akshare_fund_etf_scale_sse,SH,515770,MSCIAETF,36727300.0,份,,,akshare:20260827
2026-08-27,akshare_fund_etf_scale_sse,SH,515790,光伏ETF,6035494000.0,份,,,akshare:20260827
2026-08-27,akshare_fund_etf_scale_sse,SH,515800,800ETF,3961937199.9999995,份,,,akshare:20260827
2026-08-27,akshare_fund_etf_scale_sse,SH,515810,ZZ800ETF,263908800.0,份,,,akshare:20260827
2026-08-27,akshare_fund_etf_scale_sse,SH,515840,食品南方,34426400.0,份,,,akshare:20260827
2026-08-27,akshare_fund_etf_scale_sse,SH,515850,证券龙头,472291000.0,份,,,akshare:20260827
2026-08-27,akshare_fund_etf_scale_sse,SH,515860,科技100,101878900.0,份,,,akshare:20260827
2026-08-27,akshare_fund_etf_scale_sse,SH,515880,通信ETF,62815774000.0,份,,,akshare:20260827
2026-08-27,akshare_fund_etf_scale_sse,SH,515890,红利博时,377443900.0,份,,,akshare:20260827
2026-08-27,akshare_fund_etf_scale_sse,SH,515900,央创ETF,2227846500.0,份,,,akshare:20260827
2026-08-27,akshare_fund_etf_scale_sse,SH,515910,质量ETF,227507000.0,份,,,akshare:20260827
2026-08-27,akshare_fund_etf_scale_sse,SH,515920,智能消费,65905700.0,份,,,akshare:20260827
2026-08-27,akshare_fund_etf_scale_sse,SH,515950,医药龙头,529200600.0,份,,,akshare:20260827
2026-08-27,akshare_fund_etf_scale_sse,SH,515960,医药100,239991900.0,份,,,akshare:20260827
2026-08-27,akshare_fund_etf_scale_sse,SH,515970,华夏机械,617088000.0,份,,,akshare:20260827
2026-08-27,akshare_fund_etf_scale_sse,SH,515980,人工智能,6239129000.0,份,,,akshare:20260827
2026-08-27,akshare_fund_etf_scale_sse,SH,515990,添富国企,53350200.00000001,份,,,akshare:20260827
2026-08-27,akshare_fund_etf_scale_sse,SH,516000,数据ETF,438855000.0,份,,,akshare:20260827
2026-08-27,akshare_fund_etf_scale_sse,SH,516010,游戏ETF,2426693000.0,份,,,akshare:20260827
2026-08-27,akshare_fund_etf_scale_sse,SH,516020,化工ETF,3449826200.0,份,,,akshare:20260827
2026-08-27,akshare_fund_etf_scale_sse,SH,516050,科技龙头,160228000.0,份,,,akshare:20260827
2026-08-27,akshare_fund_etf_scale_sse,SH,516060,新药ETF,291237400.0,份,,,akshare:20260827
2026-08-27,akshare_fund_etf_scale_sse,SH,516070,碳中和50,290646000.0,份,,,akshare:20260827
2026-08-27,akshare_fund_etf_scale_sse,SH,516080,创新医药,5208554800.0,份,,,akshare:20260827
2026-08-27,akshare_fund_etf_scale_sse,SH,516090,新能源E,1658844800.0,份,,,akshare:20260827
2026-08-27,akshare_fund_etf_scale_sse,SH,516100,科技金融,1130759700.0,份,,,akshare:20260827
2026-08-27,akshare_fund_etf_scale_sse,SH,516110,汽车ETF,206623100.0,份,,,akshare:20260827
2026-08-27,akshare_fund_etf_scale_sse,SH,516120,化工50,5071582000.0,份,,,akshare:20260827
2026-08-27,akshare_fund_etf_scale_sse,SH,516130,消费龙头,1607890000.0,份,,,akshare:20260827
2026-08-27,akshare_fund_etf_scale_sse,SH,516150,稀土基金,3856077000.0,份,,,akshare:20260827
2026-08-27,akshare_fund_etf_scale_sse,SH,516160,新能源,1543142000.0,份,,,akshare:20260827
2026-08-27,akshare_fund_etf_scale_sse,SH,516180,光伏产业,149987000.0,份,,,akshare:20260827
2026-08-27,akshare_fund_etf_scale_sse,SH,516190,文娱ETF,102818500.0,份,,,akshare:20260827
2026-08-27,akshare_fund_etf_scale_sse,SH,516200,证券行业,447604000.0,份,,,akshare:20260827
2026-08-27,akshare_fund_etf_scale_sse,SH,516210,银行股,79331000.0,份,,,akshare:20260827
2026-08-27,akshare_fund_etf_scale_sse,SH,516220,化工龙头,262170000.0,份,,,akshare:20260827
2026-08-27,akshare_fund_etf_scale_sse,SH,516230,光伏招商,742921000.0,份,,,akshare:20260827
2026-08-27,akshare_fund_etf_scale_sse,SH,516250,富国机械,70878000.0,份,,,akshare:20260827
2026-08-27,akshare_fund_etf_scale_sse,SH,516260,物联网50,43882600.0,份,,,akshare:20260827
2026-08-27,akshare_fund_etf_scale_sse,SH,516270,新能源50,281909000.0,份,,,akshare:20260827
2026-08-27,akshare_fund_etf_scale_sse,SH,516290,光伏基金,741196900.0,份,,,akshare:20260827
2026-08-27,akshare_fund_etf_scale_sse,SH,516300,中证1000,43012600.0,份,,,akshare:20260827
2026-08-27,akshare_fund_etf_scale_sse,SH,516310,银行指基,1629258500.0,份,,,akshare:20260827
2026-08-27,akshare_fund_etf_scale_sse,SH,516320,装备ETF,87589300.0,份,,,akshare:20260827
2026-08-27,akshare_fund_etf_scale_sse,SH,516330,物联网,8471300.0,份,,,akshare:20260827
2026-08-27,akshare_fund_etf_scale_sse,SH,516350,芯片50,1464415300.0,份,,,akshare:20260827
2026-08-27,akshare_fund_etf_scale_sse,SH,516360,新材料,56551800.0,份,,,akshare:20260827
2026-08-27,akshare_fund_etf_scale_sse,SH,516370,全指电力,299408000.0,份,,,akshare:20260827
2026-08-27,akshare_fund_etf_scale_sse,SH,516380,智能电车,83449300.0,份,,,akshare:20260827
2026-08-27,akshare_fund_etf_scale_sse,SH,516390,电动车,184261000.0,份,,,akshare:20260827
2026-08-27,akshare_fund_etf_scale_sse,SH,516440,南方机械,139626600.0,份,,,akshare:20260827
2026-08-27,akshare_fund_etf_scale_sse,SH,516460,现金流E,422693000.0,份,,,akshare:20260827
2026-08-27,akshare_fund_etf_scale_sse,SH,516500,生物ETF,198937200.0,份,,,akshare:20260827
2026-08-27,akshare_fund_etf_scale_sse,SH,516510,云计算,1526890000.0,份,,,akshare:20260827
2026-08-27,akshare_fund_etf_scale_sse,SH,516520,智能驾驶,795765500.0,份,,,akshare:20260827
2026-08-27,akshare_fund_etf_scale_sse,SH,516530,物流快递,17802300.0,份,,,akshare:20260827
2026-08-27,akshare_fund_etf_scale_sse,SH,516550,农业ETF,261414400.0,份,,,akshare:20260827
2026-08-27,akshare_fund_etf_scale_sse,SH,516560,养老ETF,206758000.0,份,,,akshare:20260827
2026-08-27,akshare_fund_etf_scale_sse,SH,516570,石化ETF,1121357600.0,份,,,akshare:20260827
2026-08-27,akshare_fund_etf_scale_sse,SH,516580,新能源BS,144124100.0,份,,,akshare:20260827
2026-08-27,akshare_fund_etf_scale_sse,SH,516590,电动汽车,52015000.0,份,,,akshare:20260827
2026-08-27,akshare_fund_etf_scale_sse,SH,516600,消服ETF,110332099.99999999,份,,,akshare:20260827
2026-08-27,akshare_fund_etf_scale_sse,SH,516610,医服ETF,233974800.0,份,,,akshare:20260827
2026-08-27,akshare_fund_etf_scale_sse,SH,516620,影视ETF,200267500.0,份,,,akshare:20260827
2026-08-27,akshare_fund_etf_scale_sse,SH,516630,云计算50,490156000.0,份,,,akshare:20260827
2026-08-27,akshare_fund_etf_scale_sse,SH,516640,芯片龙头,1292482800.0,份,,,akshare:20260827
2026-08-27,akshare_fund_etf_scale_sse,SH,516650,有色50,5270464800.0,份,,,akshare:20260827
2026-08-27,akshare_fund_etf_scale_sse,SH,516660,新能汽车,154689000.0,份,,,akshare:20260827
2026-08-27,akshare_fund_etf_scale_sse,SH,516670,畜牧养殖,3444266300.0,份,,,akshare:20260827
2026-08-27,akshare_fund_etf_scale_sse,SH,516700,数据产业,191122000.0,份,,,akshare:20260827
2026-08-27,akshare_fund_etf_scale_sse,SH,516710,新材料50,74272000.0,份,,,akshare:20260827
2026-08-27,akshare_fund_etf_scale_sse,SH,516720,ESGETF,12337800.0,份,,,akshare:20260827
2026-08-27,akshare_fund_etf_scale_sse,SH,516730,证券公司,227380800.00000003,份,,,akshare:20260827
2026-08-27,akshare_fund_etf_scale_sse,SH,516750,建材ETF,139667300.0,份,,,akshare:20260827
2026-08-27,akshare_fund_etf_scale_sse,SH,516760,养殖ETF,306215100.0,份,,,akshare:20260827
2026-08-27,akshare_fund_etf_scale_sse,SH,516770,游戏动漫,264048000.0,份,,,akshare:20260827
2026-08-27,akshare_fund_etf_scale_sse,SH,516780,稀土ETF,2432099700.0,份,,,akshare:20260827
2026-08-27,akshare_fund_etf_scale_sse,SH,516790,保健ETF,182682200.0,份,,,akshare:20260827
2026-08-27,akshare_fund_etf_scale_sse,SH,516800,智能制造,182308000.0,份,,,akshare:20260827
2026-08-27,akshare_fund_etf_scale_sse,SH,516810,农业,521478900.0,份,,,akshare:20260827
2026-08-27,akshare_fund_etf_scale_sse,SH,516820,医疗创新,4556415200.0,份,,,akshare:20260827
2026-08-27,akshare_fund_etf_scale_sse,SH,516830,300ESG,89676900.0,份,,,akshare:20260827
2026-08-27,akshare_fund_etf_scale_sse,SH,516840,汽车基金,137277000.0,份,,,akshare:20260827
2026-08-27,akshare_fund_etf_scale_sse,SH,516850,新能源80,141237000.0,份,,,akshare:20260827
2026-08-27,akshare_fund_etf_scale_sse,SH,516860,金融科技,1175522000.0,份,,,akshare:20260827
2026-08-27,akshare_fund_etf_scale_sse,SH,516880,光伏50,915944100.0,份,,,akshare:20260827
2026-08-27,akshare_fund_etf_scale_sse,SH,516890,新材ETF,33311400.0,份,,,akshare:20260827
2026-08-27,akshare_fund_etf_scale_sse,SH,516900,食品50,280229000.0,份,,,akshare:20260827
2026-08-27,akshare_fund_etf_scale_sse,SH,516910,物流ETF,65641800.0,份,,,akshare:20260827
2026-08-27,akshare_fund_etf_scale_sse,SH,516920,芯片基金,476963000.0,份,,,akshare:20260827
2026-08-27,akshare_fund_etf_scale_sse,SH,516930,生科ETF,106139599.99999999,份,,,akshare:20260827
2026-08-27,akshare_fund_etf_scale_sse,SH,516950,基建ETF,114821000.0,份,,,akshare:20260827
2026-08-27,akshare_fund_etf_scale_sse,SH,516960,机械ETF,16051099.999999998,份,,,akshare:20260827
2026-08-27,akshare_fund_etf_scale_sse,SH,516970,基建50,1183042500.0,份,,,akshare:20260827
2026-08-27,akshare_fund_etf_scale_sse,SH,516980,证券先锋,55516000.0,份,,,akshare:20260827
2026-08-27,akshare_fund_etf_scale_sse,SH,517000,沪港深,122793000.0,份,,,akshare:20260827
2026-08-27,akshare_fund_etf_scale_sse,SH,517010,HGS500E,78144200.0,份,,,akshare:20260827
2026-08-27,akshare_fund_etf_scale_sse,SH,517030,HGS300,84040300.0,份,,,akshare:20260827
2026-08-27,akshare_fund_etf_scale_sse,SH,517050,互联网50,347605000.0,份,,,akshare:20260827
2026-08-27,akshare_fund_etf_scale_sse,SH,517080,HGS500,173166000.0,份,,,akshare:20260827
2026-08-27,akshare_fund_etf_scale_sse,SH,517090,共赢ETF,55075000.0,份,,,akshare:20260827
2026-08-27,akshare_fund_etf_scale_sse,SH,517100,AH500ETF,143602100.0,份,,,akshare:20260827
2026-08-27,akshare_fund_etf_scale_sse,SH,517110,创新药HK,1345098500.0,份,,,akshare:20260827
2026-08-27,akshare_fund_etf_scale_sse,SH,517120,创新药50,574966400.0,份,,,akshare:20260827
2026-08-27,akshare_fund_etf_scale_sse,SH,517130,云计算JS,188654000.0,份,,,akshare:20260827
2026-08-27,akshare_fund_etf_scale_sse,SH,517160,长江ETF,1826777500.0,份,,,akshare:20260827
2026-08-27,akshare_fund_etf_scale_sse,SH,517170,沪港深E,16131800.0,份,,,akshare:20260827
2026-08-27,akshare_fund_etf_scale_sse,SH,517180,中国国企,92496299.99999999,份,,,akshare:20260827
2026-08-27,akshare_fund_etf_scale_sse,SH,517200,互联网,144782000.0,份,,,akshare:20260827
2026-08-27,akshare_fund_etf_scale_sse,SH,517230,云计算MW,182545800.00000003,份,,,akshare:20260827
2026-08-27,akshare_fund_etf_scale_sse,SH,517300,AH300ETF,1002434500.0,份,,,akshare:20260827
2026-08-27,akshare_fund_etf_scale_sse,SH,517330,长江保护,1809169000.0,份,,,akshare:20260827
2026-08-27,akshare_fund_etf_scale_sse,SH,517350,龙头科技,49042000.0,份,,,akshare:20260827
2026-08-27,akshare_fund_etf_scale_sse,SH,517360,AH科技,26583000.0,份,,,akshare:20260827
2026-08-27,akshare_fund_etf_scale_sse,SH,517380,创新药AH,3010326300.0,份,,,akshare:20260827
2026-08-27,akshare_fund_etf_scale_sse,SH,517390,云计算AH,131112600.0,份,,,akshare:20260827
2026-08-27,akshare_fund_etf_scale_sse,SH,517400,黄金股票,979792000.0,份,,,akshare:20260827
2026-08-27,akshare_fund_etf_scale_sse,SH,517520,黄金股,6809404000.0,份,,,akshare:20260827
2026-08-27,akshare_fund_etf_scale_sse,SH,517550,消费主题,80417400.0,份,,,akshare:20260827
2026-08-27,akshare_fund_etf_scale_sse,SH,517660,物联网AH,39880700.0,份,,,akshare:20260827
2026-08-27,akshare_fund_etf_scale_sse,SH,517770,游戏传媒,195947800.0,份,,,akshare:20260827
2026-08-27,akshare_fund_etf_scale_sse,SH,517800,AI50,216539700.0,份,,,akshare:20260827
2026-08-27,akshare_fund_etf_scale_sse,SH,517850,张江ETF,38185200.0,份,,,akshare:20260827
2026-08-27,akshare_fund_etf_scale_sse,SH,517880,品牌消费,49337100.0,份,,,akshare:20260827
2026-08-27,akshare_fund_etf_scale_sse,SH,517900,银行优选,399993500.0,份,,,akshare:20260827
2026-08-27,akshare_fund_etf_scale_sse,SH,517950,交银科技,48623200.0,份,,,akshare:20260827
2026-08-27,akshare_fund_etf_scale_sse,SH,517990,医药基金,47987900.0,份,,,akshare:20260827
2026-08-27,akshare_fund_etf_scale_sse,SH,518600,上海金,810016300.0,份,,,akshare:20260827
2026-08-27,akshare_fund_etf_scale_sse,SH,518660,工银黄金,961952700.0,份,,,akshare:20260827
2026-08-27,akshare_fund_etf_scale_sse,SH,518680,金ETF,777169500.0,份,,,akshare:20260827
2026-08-27,akshare_fund_etf_scale_sse,SH,518800,黄金基金,3745179200.0,份,,,akshare:20260827
2026-08-27,akshare_fund_etf_scale_sse,SH,518850,黄金9999,1865778700.0,份,,,akshare:20260827
2026-08-27,akshare_fund_etf_scale_sse,SH,518860,上海金E,466359800.00000006,份,,,akshare:20260827
2026-08-27,akshare_fund_etf_scale_sse,SH,518880,黄金ETF,11650740800.0,份,,,akshare:20260827
2026-08-27,akshare_fund_etf_scale_sse,SH,518890,中银黄金,377054800.00000006,份,,,akshare:20260827
2026-08-27,akshare_fund_etf_scale_sse,SH,520500,恒生新药,1892305000.0,份,,,akshare:20260827
2026-08-27,akshare_fund_etf_scale_sse,SH,520510,港股医疗,241728000.0,份,,,akshare:20260827
2026-08-27,akshare_fund_etf_scale_sse,SH,520520,HK消费,52606000.0,份,,,akshare:20260827
2026-08-27,akshare_fund_etf_scale_sse,SH,520530,港科ETF,235776000.0,份,,,akshare:20260827
2026-08-27,akshare_fund_etf_scale_sse,SH,520550,红利恒生,1149524000.0,份,,,akshare:20260827
2026-08-27,akshare_fund_etf_scale_sse,SH,520560,香港30,607419000.0,份,,,akshare:20260827
2026-08-27,akshare_fund_etf_scale_sse,SH,520570,科技恒指,3489876000.0,份,,,akshare:20260827
2026-08-27,akshare_fund_etf_scale_sse,SH,520580,新兴亚洲,290983900.0,份,,,akshare:20260827
2026-08-27,akshare_fund_etf_scale_sse,SH,520590,恒科,196235000.0,份,,,akshare:20260827
2026-08-27,akshare_fund_etf_scale_sse,SH,520600,汽车港股,235868000.0,份,,,akshare:20260827
2026-08-27,akshare_fund_etf_scale_sse,SH,520610,港红利指,373963000.0,份,,,akshare:20260827
2026-08-27,akshare_fund_etf_scale_sse,SH,520620,港股消费,289409000.0,份,,,akshare:20260827
2026-08-27,akshare_fund_etf_scale_sse,SH,520630,互联港股,596110000.0,份,,,akshare:20260827
2026-08-27,akshare_fund_etf_scale_sse,SH,520650,互联网HK,2483255000.0,份,,,akshare:20260827
2026-08-27,akshare_fund_etf_scale_sse,SH,520660,港红利CS,2266485500.0,份,,,akshare:20260827
2026-08-27,akshare_fund_etf_scale_sse,SH,520670,港科基金,213928100.0,份,,,akshare:20260827
2026-08-27,akshare_fund_etf_scale_sse,SH,520680,港股通车,69369000.0,份,,,akshare:20260827
2026-08-27,akshare_fund_etf_scale_sse,SH,520690,恒生港药,634454000.0,份,,,akshare:20260827
2026-08-27,akshare_fund_etf_scale_sse,SH,520700,创新药WJ,433076000.0,份,,,akshare:20260827
2026-08-27,akshare_fund_etf_scale_sse,SH,520710,信息港股,97029000.0,份,,,akshare:20260827
2026-08-27,akshare_fund_etf_scale_sse,SH,520720,香港汽车,121942000.0,份,,,akshare:20260827
2026-08-27,akshare_fund_etf_scale_sse,SH,520730,汽车WJ,118394400.0,份,,,akshare:20260827
2026-08-27,akshare_fund_etf_scale_sse,SH,520740,互联香港,48012600.0,份,,,akshare:20260827
2026-08-27,akshare_fund_etf_scale_sse,SH,520750,HK信息,138384000.0,份,,,akshare:20260827
2026-08-27,akshare_fund_etf_scale_sse,SH,520760,港股生物,128466000.0,份,,,akshare:20260827
2026-08-27,akshare_fund_etf_scale_sse,SH,520770,港股恒指,213373800.0,份,,,akshare:20260827
2026-08-27,akshare_fund_etf_scale_sse,SH,520780,港股车50,39460000.0,份,,,akshare:20260827
2026-08-27,akshare_fund_etf_scale_sse,SH,520790,港互联网,545075000.0,份,,,akshare:20260827
2026-08-27,akshare_fund_etf_scale_sse,SH,520810,港高股息,280360000.0,份,,,akshare:20260827
2026-08-27,akshare_fund_etf_scale_sse,SH,520820,恒指通,58682000.0,份,,,akshare:20260827
2026-08-27,akshare_fund_etf_scale_sse,SH,520830,沙特ETF,1085619000.0,份,,,akshare:20260827
2026-08-27,akshare_fund_etf_scale_sse,SH,520840,港科技,1126549000.0,份,,,akshare:20260827
2026-08-27,akshare_fund_etf_scale_sse,SH,520850,港医疗,139249600.0,份,,,akshare:20260827
2026-08-27,akshare_fund_etf_scale_sse,SH,520860,港股通科,338195000.0,份,,,akshare:20260827
2026-08-27,akshare_fund_etf_scale_sse,SH,520870,巴西ETF,510477200.0,份,,,akshare:20260827
2026-08-27,akshare_fund_etf_scale_sse,SH,520880,港创新药,4435618000.0,份,,,akshare:20260827
2026-08-27,akshare_fund_etf_scale_sse,SH,520890,港红利,80508000.0,份,,,akshare:20260827
2026-08-27,akshare_fund_etf_scale_sse,SH,520900,红利香港,1534675000.0,份,,,akshare:20260827
2026-08-27,akshare_fund_etf_scale_sse,SH,520910,HK互联,751445000.0,份,,,akshare:20260827
2026-08-27,akshare_fund_etf_scale_sse,SH,520920,恒生科TH,18831019000.0,份,,,akshare:20260827
2026-08-27,akshare_fund_etf_scale_sse,SH,520930,恒生生科,160733000.0,份,,,akshare:20260827
2026-08-27,akshare_fund_etf_scale_sse,SH,520940,恒指基金,22297000.0,份,,,akshare:20260827
2026-08-27,akshare_fund_etf_scale_sse,SH,520950,港股50,325421000.0,份,,,akshare:20260827
2026-08-27,akshare_fund_etf_scale_sse,SH,520960,恒指港通,50603400.0,份,,,akshare:20260827
2026-08-27,akshare_fund_etf_scale_sse,SH,520970,港股通药,1250358000.0,份,,,akshare:20260827
2026-08-27,akshare_fund_etf_scale_sse,SH,520980,港科技30,3182387000.0,份,,,akshare:20260827
2026-08-27,akshare_fund_etf_scale_sse,SH,520990,国新红利,3415470500.0,份,,,akshare:20260827
2026-08-27,akshare_fund_etf_scale_sse,SH,526000,港股信息,176142000.0,份,,,akshare:20260827
2026-08-27,akshare_fund_etf_scale_sse,SH,526010,香港医疗,37458000.0,份,,,akshare:20260827
2026-08-27,akshare_fund_etf_scale_sse,SH,526030,港信息基,153465000.0,份,,,akshare:20260827
2026-08-27,akshare_fund_etf_scale_sse,SH,526050,香港信息,53630000.0,份,,,akshare:20260827
2026-08-27,akshare_fund_etf_scale_sse,SH,526070,恒生博时,52377000.0,份,,,akshare:20260827
2026-08-27,akshare_fund_etf_scale_sse,SH,530000,50ETF基,975029400.0,份,,,akshare:20260827
2026-08-27,akshare_fund_etf_scale_sse,SH,530050,SH50ETF,132813000.0,份,,,akshare:20260827
2026-08-27,akshare_fund_etf_scale_sse,SH,530060,上证综E,915193000.0,份,,,akshare:20260827
2026-08-27,akshare_fund_etf_scale_sse,SH,530080,180指基,28917000.0,份,,,akshare:20260827
2026-08-27,akshare_fund_etf_scale_sse,SH,530100,上证580,120696000.0,份,,,akshare:20260827
2026-08-27,akshare_fund_etf_scale_sse,SH,530180,上证180,57952000.0,份,,,akshare:20260827
2026-08-27,akshare_fund_etf_scale_sse,SH,530280,180ETF指,29934000.0,份,,,akshare:20260827
2026-08-27,akshare_fund_etf_scale_sse,SH,530300,180指数,33643000.0,份,,,akshare:20260827
2026-08-27,akshare_fund_etf_scale_sse,SH,530380,上证380,134705000.0,份,,,akshare:20260827
2026-08-27,akshare_fund_etf_scale_sse,SH,530530,580ETF,134460000.0,份,,,akshare:20260827
2026-08-27,akshare_fund_etf_scale_sse,SH,530580,180基金,59149000.0,份,,,akshare:20260827
2026-08-27,akshare_fund_etf_scale_sse,SH,530680,180E,108891900.0,份,,,akshare:20260827
2026-08-27,akshare_fund_etf_scale_sse,SH,530800,上180ETF,18201800.0,份,,,akshare:20260827
2026-08-27,akshare_fund_etf_scale_sse,SH,530880,上证红利,38836000.0,份,,,akshare:20260827
2026-08-27,akshare_fund_etf_scale_sse,SH,551000,科创债,79904100.0,份,,,akshare:20260827
2026-08-27,akshare_fund_etf_scale_sse,SH,551030,科创债券,183340000.0,份,,,akshare:20260827
2026-08-27,akshare_fund_etf_scale_sse,SH,551060,科创债沪,57401000.0,份,,,akshare:20260827
2026-08-27,akshare_fund_etf_scale_sse,SH,551300,科创债摩,50957500.0,份,,,akshare:20260827
2026-08-27,akshare_fund_etf_scale_sse,SH,551500,科创债易,128220000.0,份,,,akshare:20260827
2026-08-27,akshare_fund_etf_scale_sse,SH,551510,科债AAA,141716100.0,份,,,akshare:20260827
2026-08-27,akshare_fund_etf_scale_sse,SH,551520,科创债汇,216161600.0,份,,,akshare:20260827
2026-08-27,akshare_fund_etf_scale_sse,SH,551550,科创AAA,178348200.0,份,,,akshare:20260827
2026-08-27,akshare_fund_etf_scale_sse,SH,551560,科创债兴,171658800.0,份,,,akshare:20260827
2026-08-27,akshare_fund_etf_scale_sse,SH,551580,科创债TK,107026800.0,份,,,akshare:20260827
2026-08-27,akshare_fund_etf_scale_sse,SH,551800,国泰科债,116021400.0,份,,,akshare:20260827
2026-08-27,akshare_fund_etf_scale_sse,SH,551900,科创债指,138931700.0,份,,,akshare:20260827
2026-08-27,akshare_fund_etf_scale_sse,SH,560010,1000基金,1858621700.0000002,份,,,akshare:20260827
2026-08-27,akshare_fund_etf_scale_sse,SH,560020,红利添富,132562000.0,份,,,akshare:20260827
2026-08-27,akshare_fund_etf_scale_sse,SH,560030,800价值,23432000.0,份,,,akshare:20260827
2026-08-27,akshare_fund_etf_scale_sse,SH,560050,MSCIA50,2162434400.0,份,,,akshare:20260827
2026-08-27,akshare_fund_etf_scale_sse,SH,560060,碳中和基,76090000.0,份,,,akshare:20260827
2026-08-27,akshare_fund_etf_scale_sse,SH,560070,央企分红,83362300.0,份,,,akshare:20260827
2026-08-27,akshare_fund_etf_scale_sse,SH,560080,中药ETF,2253265000.0,份,,,akshare:20260827
2026-08-27,akshare_fund_etf_scale_sse,SH,560090,证券指数,2339365000.0,份,,,akshare:20260827
2026-08-27,akshare_fund_etf_scale_sse,SH,560100,增强ETF,56580300.0,份,,,akshare:20260827
2026-08-27,akshare_fund_etf_scale_sse,SH,560110,ZZ1000,355903500.0,份,,,akshare:20260827
2026-08-27,akshare_fund_etf_scale_sse,SH,560120,500现金,579689000.0,份,,,akshare:20260827
2026-08-27,akshare_fund_etf_scale_sse,SH,560130,食品基金,69776200.0,份,,,akshare:20260827
2026-08-27,akshare_fund_etf_scale_sse,SH,560150,红利TK,684279299.9999999,份,,,akshare:20260827
2026-08-27,akshare_fund_etf_scale_sse,SH,560160,食品E,112706000.0,份,,,akshare:20260827
2026-08-27,akshare_fund_etf_scale_sse,SH,560170,央企科技,372495500.0,份,,,akshare:20260827
2026-08-27,akshare_fund_etf_scale_sse,SH,560180,ESG300,15603000.0,份,,,akshare:20260827
2026-08-27,akshare_fund_etf_scale_sse,SH,560190,公用事业,26834000.0,份,,,akshare:20260827
2026-08-27,akshare_fund_etf_scale_sse,SH,560210,景顺农牧,522522000.0,份,,,akshare:20260827
2026-08-27,akshare_fund_etf_scale_sse,SH,560220,2000基金,63717000.0,份,,,akshare:20260827
2026-08-27,akshare_fund_etf_scale_sse,SH,560230,光伏富国,83889000.0,份,,,akshare:20260827
2026-08-27,akshare_fund_etf_scale_sse,SH,560250,红利质量,154333000.0,份,,,akshare:20260827
2026-08-27,akshare_fund_etf_scale_sse,SH,560260,医疗50,1716664700.0,份,,,akshare:20260827
2026-08-27,akshare_fund_etf_scale_sse,SH,560270,电力指数,166439000.0,份,,,akshare:20260827
2026-08-27,akshare_fund_etf_scale_sse,SH,560280,工程机械,1542252000.0,份,,,akshare:20260827
2026-08-27,akshare_fund_etf_scale_sse,SH,560290,景顺有色,369694000.0,份,,,akshare:20260827
2026-08-27,akshare_fund_etf_scale_sse,SH,560300,电信50,26803400.0,份,,,akshare:20260827
2026-08-27,akshare_fund_etf_scale_sse,SH,560310,光伏博时,185122000.0,份,,,akshare:20260827
2026-08-27,akshare_fund_etf_scale_sse,SH,560320,食品富国,121332000.0,份,,,akshare:20260827
2026-08-27,akshare_fund_etf_scale_sse,SH,560330,300价值E,17130000.0,份,,,akshare:20260827
2026-08-27,akshare_fund_etf_scale_sse,SH,560350,A50指数,839532100.0000001,份,,,akshare:20260827
2026-08-27,akshare_fund_etf_scale_sse,SH,560360,软件指数,223345000.0,份,,,akshare:20260827
2026-08-27,akshare_fund_etf_scale_sse,SH,560370,全指红利,208584000.0,份,,,akshare:20260827
2026-08-27,akshare_fund_etf_scale_sse,SH,560380,A100,140861000.0,份,,,akshare:20260827
2026-08-27,akshare_fund_etf_scale_sse,SH,560390,电网E,2020258000.0,份,,,akshare:20260827
2026-08-27,akshare_fund_etf_scale_sse,SH,560400,证券华泰,174493000.0,份,,,akshare:20260827
2026-08-27,akshare_fund_etf_scale_sse,SH,560410,电池鹏华,58786100.0,份,,,akshare:20260827
2026-08-27,akshare_fund_etf_scale_sse,SH,560420,食品Q,132780200.0,份,,,akshare:20260827
2026-08-27,akshare_fund_etf_scale_sse,SH,560450,电力TH,249569000.0,份,,,akshare:20260827
2026-08-27,akshare_fund_etf_scale_sse,SH,560460,电力平安,291537000.0,份,,,akshare:20260827
2026-08-27,akshare_fund_etf_scale_sse,SH,560470,有色E,303340000.0,份,,,akshare:20260827
2026-08-27,akshare_fund_etf_scale_sse,SH,560480,中证电力,142303000.0,份,,,akshare:20260827
2026-08-27,akshare_fund_etf_scale_sse,SH,560490,华泰有色,109482000.0,份,,,akshare:20260827
2026-08-27,akshare_fund_etf_scale_sse,SH,560500,500质量,295339000.0,份,,,akshare:20260827
2026-08-27,akshare_fund_etf_scale_sse,SH,560510,中证A500,2531026900.0,份,,,akshare:20260827
2026-08-27,akshare_fund_etf_scale_sse,SH,560520,红利大成,51751000.0,份,,,akshare:20260827
2026-08-27,akshare_fund_etf_scale_sse,SH,560530,A500ETF,4009623700.0,份,,,akshare:20260827
2026-08-27,akshare_fund_etf_scale_sse,SH,560550,碳中和,125597400.0,份,,,akshare:20260827
2026-08-27,akshare_fund_etf_scale_sse,SH,560560,碳中和TK,70190100.0,份,,,akshare:20260827
2026-08-27,akshare_fund_etf_scale_sse,SH,560570,A500低波,1158541200.0,份,,,akshare:20260827
2026-08-27,akshare_fund_etf_scale_sse,SH,560580,电力指基,456003000.0,份,,,akshare:20260827
2026-08-27,akshare_fund_etf_scale_sse,SH,560590,1000鹏华,28710000.0,份,,,akshare:20260827
2026-08-27,akshare_fund_etf_scale_sse,SH,560610,A500指数,5272988400.0,份,,,akshare:20260827
2026-08-27,akshare_fund_etf_scale_sse,SH,560620,公用WJ,26367000.0,份,,,akshare:20260827
2026-08-27,akshare_fund_etf_scale_sse,SH,560630,机器人WJ,157394000.0,份,,,akshare:20260827
2026-08-27,akshare_fund_etf_scale_sse,SH,560650,核心50,0.0,份,,,akshare:20260827
2026-08-27,akshare_fund_etf_scale_sse,SH,560660,云50ETF,129938000.0,份,,,akshare:20260827
2026-08-27,akshare_fund_etf_scale_sse,SH,560670,中证银行,48474000.0,份,,,akshare:20260827
2026-08-27,akshare_fund_etf_scale_sse,SH,560680,龙头消费,338225600.0,份,,,akshare:20260827
2026-08-27,akshare_fund_etf_scale_sse,SH,560690,电信主题,20389000.0,份,,,akshare:20260827
2026-08-27,akshare_fund_etf_scale_sse,SH,560700,央红利50,450536900.0,份,,,akshare:20260827
2026-08-27,akshare_fund_etf_scale_sse,SH,560710,船舶ETF,1745580000.0,份,,,akshare:20260827
2026-08-27,akshare_fund_etf_scale_sse,SH,560720,工银红利,100548000.0,份,,,akshare:20260827
2026-08-27,akshare_fund_etf_scale_sse,SH,560730,红利GTHT,89836299.99999999,份,,,akshare:20260827
2026-08-27,akshare_fund_etf_scale_sse,SH,560750,A500申万,78554800.0,份,,,akshare:20260827
2026-08-27,akshare_fund_etf_scale_sse,SH,560770,机器人ZS,1660633000.0,份,,,akshare:20260827
2026-08-27,akshare_fund_etf_scale_sse,SH,560780,半导设备,12871488000.0,份,,,akshare:20260827
2026-08-27,akshare_fund_etf_scale_sse,SH,560790,软件服务,226455900.0,份,,,akshare:20260827
2026-08-27,akshare_fund_etf_scale_sse,SH,560800,数字ETF,293951100.0,份,,,akshare:20260827
2026-08-27,akshare_fund_etf_scale_sse,SH,560810,央企ESG,181116000.0,份,,,akshare:20260827
2026-08-27,akshare_fund_etf_scale_sse,SH,560820,A50新华,40926000.0,份,,,akshare:20260827
2026-08-27,akshare_fund_etf_scale_sse,SH,560830,电指数,708519000.0,份,,,akshare:20260827
2026-08-27,akshare_fund_etf_scale_sse,SH,560850,信创50,70164000.0,份,,,akshare:20260827
2026-08-27,akshare_fund_etf_scale_sse,SH,560860,工业有色,5324233000.0,份,,,akshare:20260827
2026-08-27,akshare_fund_etf_scale_sse,SH,560870,中银有色,93351900.0,份,,,akshare:20260827
2026-08-27,akshare_fund_etf_scale_sse,SH,560880,家电基金,195232000.0,份,,,akshare:20260827
2026-08-27,akshare_fund_etf_scale_sse,SH,560900,创新药企,205969100.0,份,,,akshare:20260827
2026-08-27,akshare_fund_etf_scale_sse,SH,560910,中证电池,192721000.0,份,,,akshare:20260827
2026-08-27,akshare_fund_etf_scale_sse,SH,560920,招商机械,44373300.0,份,,,akshare:20260827
2026-08-27,akshare_fund_etf_scale_sse,SH,560930,电力E,211524000.0,份,,,akshare:20260827
2026-08-27,akshare_fund_etf_scale_sse,SH,560950,500增,15483000.0,份,,,akshare:20260827
2026-08-27,akshare_fund_etf_scale_sse,SH,560970,有色金属,70138000.0,份,,,akshare:20260827
2026-08-27,akshare_fund_etf_scale_sse,SH,560980,光伏龙头,339022000.0,份,,,akshare:20260827
2026-08-27,akshare_fund_etf_scale_sse,SH,560990,科技先锋,16187100.0,份,,,akshare:20260827
2026-08-27,akshare_fund_etf_scale_sse,SH,561000,300指增,52420000.0,份,,,akshare:20260827
2026-08-27,akshare_fund_etf_scale_sse,SH,561010,软件开发,295356000.0,份,,,akshare:20260827
2026-08-27,akshare_fund_etf_scale_sse,SH,561020,食品招商,32022199.999999996,份,,,akshare:20260827
2026-08-27,akshare_fund_etf_scale_sse,SH,561030,机械华泰,186550000.0,份,,,akshare:20260827
2026-08-27,akshare_fund_etf_scale_sse,SH,561050,稀金属E,228250000.0,份,,,akshare:20260827
2026-08-27,akshare_fund_etf_scale_sse,SH,561060,红利国企,51565000.0,份,,,akshare:20260827
2026-08-27,akshare_fund_etf_scale_sse,SH,561080,现金自由,24250000.0,份,,,akshare:20260827
2026-08-27,akshare_fund_etf_scale_sse,SH,561090,A500增,212974000.0,份,,,akshare:20260827
2026-08-27,akshare_fund_etf_scale_sse,SH,561100,电子龙头,586746900.0,份,,,akshare:20260827
2026-08-27,akshare_fund_etf_scale_sse,SH,561120,家电ETF,28159899.999999996,份,,,akshare:20260827
2026-08-27,akshare_fund_etf_scale_sse,SH,561130,国货ETF,83935200.0,份,,,akshare:20260827
2026-08-27,akshare_fund_etf_scale_sse,SH,561160,锂电池,2283835000.0,份,,,akshare:20260827
2026-08-27,akshare_fund_etf_scale_sse,SH,561170,绿电50,542032700.0,份,,,akshare:20260827
2026-08-27,akshare_fund_etf_scale_sse,SH,561180,A100ETF,49609600.0,份,,,akshare:20260827
2026-08-27,akshare_fund_etf_scale_sse,SH,561190,双碳ETF,193318000.0,份,,,akshare:20260827
2026-08-27,akshare_fund_etf_scale_sse,SH,561200,A100基金,31470500.0,份,,,akshare:20260827
2026-08-27,akshare_fund_etf_scale_sse,SH,561220,国企数字,46053000.0,份,,,akshare:20260827
2026-08-27,akshare_fund_etf_scale_sse,SH,561230,A50,450477800.0,份,,,akshare:20260827
2026-08-27,akshare_fund_etf_scale_sse,SH,561250,稀金属PH,90752200.0,份,,,akshare:20260827
2026-08-27,akshare_fund_etf_scale_sse,SH,561260,能源ETF,23895200.0,份,,,akshare:20260827
2026-08-27,akshare_fund_etf_scale_sse,SH,561280,增强1000,87847700.0,份,,,akshare:20260827
2026-08-27,akshare_fund_etf_scale_sse,SH,561300,300增ETF,484965000.0,份,,,akshare:20260827
2026-08-27,akshare_fund_etf_scale_sse,SH,561310,消电ETF,107833100.0,份,,,akshare:20260827
2026-08-27,akshare_fund_etf_scale_sse,SH,561320,交运ETF,34369000.0,份,,,akshare:20260827
2026-08-27,akshare_fund_etf_scale_sse,SH,561330,矿业ETF,1829392100.0,份,,,akshare:20260827
2026-08-27,akshare_fund_etf_scale_sse,SH,561350,国泰500,97700000.0,份,,,akshare:20260827
2026-08-27,akshare_fund_etf_scale_sse,SH,561360,石油ETF,1339148000.0,份,,,akshare:20260827
2026-08-27,akshare_fund_etf_scale_sse,SH,561370,2000ETF,32356000.0,份,,,akshare:20260827
2026-08-27,akshare_fund_etf_scale_sse,SH,561380,电网ETF,6541034000.0,份,,,akshare:20260827
2026-08-27,akshare_fund_etf_scale_sse,SH,561390,稀金属PA,88128100.0,份,,,akshare:20260827
2026-08-27,akshare_fund_etf_scale_sse,SH,561400,鑫元养殖,50519000.0,份,,,akshare:20260827
2026-08-27,akshare_fund_etf_scale_sse,SH,561410,光伏工银,209613300.00000003,份,,,akshare:20260827
2026-08-27,akshare_fund_etf_scale_sse,SH,561420,300现金,1018237000.0,份,,,akshare:20260827
2026-08-27,akshare_fund_etf_scale_sse,SH,561430,全指质量,38723200.0,份,,,akshare:20260827
2026-08-27,akshare_fund_etf_scale_sse,SH,561450,华泰红利,84124300.0,份,,,akshare:20260827
2026-08-27,akshare_fund_etf_scale_sse,SH,561460,AITH,806020000.0,份,,,akshare:20260827
2026-08-27,akshare_fund_etf_scale_sse,SH,561470,畜牧TH,43936000.0,份,,,akshare:20260827
2026-08-27,akshare_fund_etf_scale_sse,SH,561490,红利财通,95631299.99999999,份,,,akshare:20260827
2026-08-27,akshare_fund_etf_scale_sse,SH,561500,漂亮50,56100300.0,份,,,akshare:20260827
2026-08-27,akshare_fund_etf_scale_sse,SH,561510,中医药,64206000.0,份,,,akshare:20260827
2026-08-27,akshare_fund_etf_scale_sse,SH,561550,500指增,1298989600.0,份,,,akshare:20260827
2026-08-27,akshare_fund_etf_scale_sse,SH,561560,电力ETF,1960624200.0000002,份,,,akshare:20260827
2026-08-27,akshare_fund_etf_scale_sse,SH,561570,油气基金,74147000.0,份,,,akshare:20260827
2026-08-27,akshare_fund_etf_scale_sse,SH,561580,央企红利,1954870700.0,份,,,akshare:20260827
2026-08-27,akshare_fund_etf_scale_sse,SH,561590,1000增强,101499599.99999999,份,,,akshare:20260827
2026-08-27,akshare_fund_etf_scale_sse,SH,561600,消费电子,288548000.0,份,,,akshare:20260827
2026-08-27,akshare_fund_etf_scale_sse,SH,561620,华泰化工,43727000.0,份,,,akshare:20260827
2026-08-27,akshare_fund_etf_scale_sse,SH,561630,华泰质量,44898000.0,份,,,akshare:20260827
2026-08-27,akshare_fund_etf_scale_sse,SH,561660,通航基金,69710000.0,份,,,akshare:20260827
2026-08-27,akshare_fund_etf_scale_sse,SH,561680,A500红低,58169000.0,份,,,akshare:20260827
2026-08-27,akshare_fund_etf_scale_sse,SH,561700,电力基金,352813600.0,份,,,akshare:20260827
2026-08-27,akshare_fund_etf_scale_sse,SH,561750,A50博时,61496000.0,份,,,akshare:20260827
2026-08-27,akshare_fund_etf_scale_sse,SH,561760,油气博时,156195000.0,份,,,akshare:20260827
2026-08-27,akshare_fund_etf_scale_sse,SH,561770,指基A100,37550000.0,份,,,akshare:20260827
2026-08-27,akshare_fund_etf_scale_sse,SH,561780,1000指增,21355800.0,份,,,akshare:20260827
2026-08-27,akshare_fund_etf_scale_sse,SH,561790,现代能源,57534000.0,份,,,akshare:20260827
2026-08-27,akshare_fund_etf_scale_sse,SH,561800,稀金属,203577200.0,份,,,akshare:20260827
2026-08-27,akshare_fund_etf_scale_sse,SH,561810,华泰医疗,70638400.0,份,,,akshare:20260827
2026-08-27,akshare_fund_etf_scale_sse,SH,561870,现金流指,91765000.0,份,,,akshare:20260827
2026-08-27,akshare_fund_etf_scale_sse,SH,561880,A100指数,82389000.0,份,,,akshare:20260827
2026-08-27,akshare_fund_etf_scale_sse,SH,561890,A股E,46112600.0,份,,,akshare:20260827
2026-08-27,akshare_fund_etf_scale_sse,SH,561900,沪深ESG,26334400.0,份,,,akshare:20260827
2026-08-27,akshare_fund_etf_scale_sse,SH,561910,电池ETF,4646076600.0,份,,,akshare:20260827
2026-08-27,akshare_fund_etf_scale_sse,SH,561920,疫苗龙头,65692000.0,份,,,akshare:20260827
2026-08-27,akshare_fund_etf_scale_sse,SH,561930,招商300,178260600.0,份,,,akshare:20260827
2026-08-27,akshare_fund_etf_scale_sse,SH,561950,500增强A,72156000.0,份,,,akshare:20260827
2026-08-27,akshare_fund_etf_scale_sse,SH,561960,央企回报,57385200.00000001,份,,,akshare:20260827
2026-08-27,akshare_fund_etf_scale_sse,SH,561980,芯片设备,8340550000.0,份,,,akshare:20260827
2026-08-27,akshare_fund_etf_scale_sse,SH,561990,300增强,343649200.0,份,,,akshare:20260827
2026-08-27,akshare_fund_etf_scale_sse,SH,562000,中证A100,596737900.0,份,,,akshare:20260827
2026-08-27,akshare_fund_etf_scale_sse,SH,562010,绿色能源,18298700.0,份,,,akshare:20260827
2026-08-27,akshare_fund_etf_scale_sse,SH,562030,信创基金,145973900.0,份,,,akshare:20260827
2026-08-27,akshare_fund_etf_scale_sse,SH,562050,药ETF,99468000.0,份,,,akshare:20260827
2026-08-27,akshare_fund_etf_scale_sse,SH,562060,标普红利,5082792600.0,份,,,akshare:20260827
2026-08-27,akshare_fund_etf_scale_sse,SH,562070,300ETF增,555542000.0,份,,,akshare:20260827
2026-08-27,akshare_fund_etf_scale_sse,SH,562080,自由现金,606757200.0,份,,,akshare:20260827
2026-08-27,akshare_fund_etf_scale_sse,SH,562300,低碳ETF,55495000.0,份,,,akshare:20260827
2026-08-27,akshare_fund_etf_scale_sse,SH,562310,300成长,446572300.00000006,份,,,akshare:20260827
2026-08-27,akshare_fund_etf_scale_sse,SH,562320,300价值A,55295500.0,份,,,akshare:20260827
2026-08-27,akshare_fund_etf_scale_sse,SH,562330,500价值,12018900.000000002,份,,,akshare:20260827
2026-08-27,akshare_fund_etf_scale_sse,SH,562340,500成长,8144299.999999999,份,,,akshare:20260827
2026-08-27,akshare_fund_etf_scale_sse,SH,562350,电力,132410900.0,份,,,akshare:20260827
2026-08-27,akshare_fund_etf_scale_sse,SH,562360,机器人YH,300474000.0,份,,,akshare:20260827
2026-08-27,akshare_fund_etf_scale_sse,SH,562380,科技引领,73128900.0,份,,,akshare:20260827
2026-08-27,akshare_fund_etf_scale_sse,SH,562390,中药,79429000.0,份,,,akshare:20260827
2026-08-27,akshare_fund_etf_scale_sse,SH,562500,机器人,18538187300.0,份,,,akshare:20260827
2026-08-27,akshare_fund_etf_scale_sse,SH,562510,旅游ETF,1092095000.0,份,,,akshare:20260827
2026-08-27,akshare_fund_etf_scale_sse,SH,562520,1000成长,26568000.0,份,,,akshare:20260827
2026-08-27,akshare_fund_etf_scale_sse,SH,562530,1000价值,181144000.0,份,,,akshare:20260827
2026-08-27,akshare_fund_etf_scale_sse,SH,562550,绿电ETF,1542919300.0,份,,,akshare:20260827
2026-08-27,akshare_fund_etf_scale_sse,SH,562560,信息技术,22765500.0,份,,,akshare:20260827
2026-08-27,akshare_fund_etf_scale_sse,SH,562570,信创ETF,305281000.0,份,,,akshare:20260827
2026-08-27,akshare_fund_etf_scale_sse,SH,562580,可选消费,37723300.0,份,,,akshare:20260827
2026-08-27,akshare_fund_etf_scale_sse,SH,562590,半导材料,9022989000.0,份,,,akshare:20260827
2026-08-27,akshare_fund_etf_scale_sse,SH,562600,医疗器械,454937400.0,份,,,akshare:20260827
2026-08-27,akshare_fund_etf_scale_sse,SH,562660,ZZ2000,330874000.0,份,,,akshare:20260827
2026-08-27,akshare_fund_etf_scale_sse,SH,562700,汽车零件,101750000.0,份,,,akshare:20260827
2026-08-27,akshare_fund_etf_scale_sse,SH,562800,稀有金属,5700145000.0,份,,,akshare:20260827
2026-08-27,akshare_fund_etf_scale_sse,SH,562810,上证增强,52951000.0,份,,,akshare:20260827
2026-08-27,akshare_fund_etf_scale_sse,SH,562820,集成电路,416408000.0,份,,,akshare:20260827
2026-08-27,akshare_fund_etf_scale_sse,SH,562850,央企能源,187981500.0,份,,,akshare:20260827
2026-08-27,akshare_fund_etf_scale_sse,SH,562860,疫苗ETF,328895000.0,份,,,akshare:20260827
2026-08-27,akshare_fund_etf_scale_sse,SH,562870,证券全指,596505200.0,份,,,akshare:20260827
2026-08-27,akshare_fund_etf_scale_sse,SH,562880,电池基金,884899600.0000001,份,,,akshare:20260827
2026-08-27,akshare_fund_etf_scale_sse,SH,562890,A50中证,270551000.0,份,,,akshare:20260827
2026-08-27,akshare_fund_etf_scale_sse,SH,562900,现代农业,233706300.0,份,,,akshare:20260827
2026-08-27,akshare_fund_etf_scale_sse,SH,562910,高端制造,294227300.0,份,,,akshare:20260827
2026-08-27,akshare_fund_etf_scale_sse,SH,562920,信息安全,93069000.0,份,,,akshare:20260827
2026-08-27,akshare_fund_etf_scale_sse,SH,562930,软件30,1737437000.0,份,,,akshare:20260827
2026-08-27,akshare_fund_etf_scale_sse,SH,562950,消电50,1011258300.0,份,,,akshare:20260827
2026-08-27,akshare_fund_etf_scale_sse,SH,562960,绿色电力,1245891000.0,份,,,akshare:20260827
2026-08-27,akshare_fund_etf_scale_sse,SH,562970,光伏E,364448000.0,份,,,akshare:20260827
2026-08-27,akshare_fund_etf_scale_sse,SH,562990,碳中和E,376756000.0,份,,,akshare:20260827
2026-08-27,akshare_fund_etf_scale_sse,SH,563000,中国A50,1545951099.9999998,份,,,akshare:20260827
2026-08-27,akshare_fund_etf_scale_sse,SH,563010,电信ETF,94189300.0,份,,,akshare:20260827
2026-08-27,akshare_fund_etf_scale_sse,SH,563020,低波红利,10981910000.0,份,,,akshare:20260827
2026-08-27,akshare_fund_etf_scale_sse,SH,563030,增强500,127169000.0,份,,,akshare:20260827
2026-08-27,akshare_fund_etf_scale_sse,SH,563050,科技央企,133208400.0,份,,,akshare:20260827
2026-08-27,akshare_fund_etf_scale_sse,SH,563060,央企50,188527000.0,份,,,akshare:20260827
2026-08-27,akshare_fund_etf_scale_sse,SH,563080,中证A50E,1098588400.0,份,,,akshare:20260827
2026-08-27,akshare_fund_etf_scale_sse,SH,563090,上50增强,55848000.0,份,,,akshare:20260827
2026-08-27,akshare_fund_etf_scale_sse,SH,563150,油气资源,33399000.0,份,,,akshare:20260827
2026-08-27,akshare_fund_etf_scale_sse,SH,563180,高股息,101420000.0,份,,,akshare:20260827
2026-08-27,akshare_fund_etf_scale_sse,SH,563200,2000指数,53458800.0,份,,,akshare:20260827
2026-08-27,akshare_fund_etf_scale_sse,SH,563210,专精特新,116067000.0,份,,,akshare:20260827
2026-08-27,akshare_fund_etf_scale_sse,SH,563220,A500富国,6578013700.0,份,,,akshare:20260827
2026-08-27,akshare_fund_etf_scale_sse,SH,563230,卫星ETF,3399237000.0,份,,,akshare:20260827
2026-08-27,akshare_fund_etf_scale_sse,SH,563280,A50增强,6706600.0,份,,,akshare:20260827
2026-08-27,akshare_fund_etf_scale_sse,SH,563300,中证2000,4878674000.0,份,,,akshare:20260827
2026-08-27,akshare_fund_etf_scale_sse,SH,563320,通用航空,226892000.0,份,,,akshare:20260827
2026-08-27,akshare_fund_etf_scale_sse,SH,563330,A股ETF,33360600.0,份,,,akshare:20260827
2026-08-27,akshare_fund_etf_scale_sse,SH,563350,中证A50,171997599.99999997,份,,,akshare:20260827
2026-08-27,akshare_fund_etf_scale_sse,SH,563360,A500基金,31870987400.000004,份,,,akshare:20260827
2026-08-27,akshare_fund_etf_scale_sse,SH,563380,航空航天,888950000.0,份,,,akshare:20260827
2026-08-27,akshare_fund_etf_scale_sse,SH,563390,现金基金,2144844000.0,份,,,akshare:20260827
2026-08-27,akshare_fund_etf_scale_sse,SH,563500,A500华宝,765958700.0,份,,,akshare:20260827
2026-08-27,akshare_fund_etf_scale_sse,SH,563510,A500红利,290537000.0,份,,,akshare:20260827
2026-08-27,akshare_fund_etf_scale_sse,SH,563520,300永赢,430065000.0,份,,,akshare:20260827
2026-08-27,akshare_fund_etf_scale_sse,SH,563530,卫星E,1590748000.0,份,,,akshare:20260827
2026-08-27,akshare_fund_etf_scale_sse,SH,563550,增强A500,73559000.0,份,,,akshare:20260827
2026-08-27,akshare_fund_etf_scale_sse,SH,563560,科技成长,54769000.0,份,,,akshare:20260827
2026-08-27,akshare_fund_etf_scale_sse,SH,563570,金融科,104374000.0,份,,,akshare:20260827
2026-08-27,akshare_fund_etf_scale_sse,SH,563580,现金800,244648000.0,份,,,akshare:20260827
2026-08-27,akshare_fund_etf_scale_sse,SH,563590,红利A500,61944399.99999999,份,,,akshare:20260827
2026-08-27,akshare_fund_etf_scale_sse,SH,563600,A500增强,69483000.0,份,,,akshare:20260827
2026-08-27,akshare_fund_etf_scale_sse,SH,563620,现金流全,51049000.0,份,,,akshare:20260827
2026-08-27,akshare_fund_etf_scale_sse,SH,563630,A500指增,35947100.0,份,,,akshare:20260827
2026-08-27,akshare_fund_etf_scale_sse,SH,563650,A500中证,140909000.0,份,,,akshare:20260827
2026-08-27,akshare_fund_etf_scale_sse,SH,563660,A500银河,63085200.00000001,份,,,akshare:20260827
2026-08-27,akshare_fund_etf_scale_sse,SH,563670,金科基金,180987000.0,份,,,akshare:20260827
2026-08-27,akshare_fund_etf_scale_sse,SH,563680,现金流TF,104959000.0,份,,,akshare:20260827
2026-08-27,akshare_fund_etf_scale_sse,SH,563690,红利永赢,34882000.0,份,,,akshare:20260827
2026-08-27,akshare_fund_etf_scale_sse,SH,563700,红利价值,386150000.0,份,,,akshare:20260827
2026-08-27,akshare_fund_etf_scale_sse,SH,563750,500添富,342237000.0,份,,,akshare:20260827
2026-08-27,akshare_fund_etf_scale_sse,SH,563760,中银现金,701913200.0000001,份,,,akshare:20260827
2026-08-27,akshare_fund_etf_scale_sse,SH,563770,全指现金,25807000.0,份,,,akshare:20260827
2026-08-27,akshare_fund_etf_scale_sse,SH,563780,现金指数,248027100.0,份,,,akshare:20260827
2026-08-27,akshare_fund_etf_scale_sse,SH,563790,卫星产业,1212447000.0,份,,,akshare:20260827
2026-08-27,akshare_fund_etf_scale_sse,SH,563800,A500龙头,9052978100.0,份,,,akshare:20260827
2026-08-27,akshare_fund_etf_scale_sse,SH,563830,现金流基,137896000.0,份,,,akshare:20260827
2026-08-27,akshare_fund_etf_scale_sse,SH,563850,食品广发,118481700.0,份,,,akshare:20260827
2026-08-27,akshare_fund_etf_scale_sse,SH,563860,A500海富,182844300.0,份,,,akshare:20260827
2026-08-27,akshare_fund_etf_scale_sse,SH,563870,航空通用,108303900.0,份,,,akshare:20260827
2026-08-27,akshare_fund_etf_scale_sse,SH,563880,A500添富,1558996400.0000002,份,,,akshare:20260827
2026-08-27,akshare_fund_etf_scale_sse,SH,563890,红利国有,22336000.0,份,,,akshare:20260827
2026-08-27,akshare_fund_etf_scale_sse,SH,563900,现金流,468965700.0,份,,,akshare:20260827
2026-08-27,akshare_fund_etf_scale_sse,SH,563930,上指增强,31592000.0,份,,,akshare:20260827
2026-08-27,akshare_fund_etf_scale_sse,SH,563960,300质量,360012000.0,份,,,akshare:20260827
2026-08-27,akshare_fund_etf_scale_sse,SH,563980,800红利,188967000.0,份,,,akshare:20260827
2026-08-27,akshare_fund_etf_scale_sse,SH,563990,800现金,303573000.0,份,,,akshare:20260827
2026-08-27,akshare_fund_etf_scale_sse,SH,588000,科创50,50045668200.0,份,,,akshare:20260827
2026-08-27,akshare_fund_etf_scale_sse,SH,588010,科创材料,897925800.0,份,,,akshare:20260827
2026-08-27,akshare_fund_etf_scale_sse,SH,588020,科创50E,2087373000.0,份,,,akshare:20260827
2026-08-27,akshare_fund_etf_scale_sse,SH,588030,科创指基,2273838100.0,份,,,akshare:20260827
2026-08-27,akshare_fund_etf_scale_sse,SH,588040,科创板指,125889000.0,份,,,akshare:20260827
2026-08-27,akshare_fund_etf_scale_sse,SH,588050,科创ETF,6369241300.0,份,,,akshare:20260827
2026-08-27,akshare_fund_etf_scale_sse,SH,588060,上证科创,7213140000.0,份,,,akshare:20260827
2026-08-27,akshare_fund_etf_scale_sse,SH,588070,科创万家,42437000.0,份,,,akshare:20260827
2026-08-27,akshare_fund_etf_scale_sse,SH,588080,科创板50,24658628100.0,份,,,akshare:20260827
2026-08-27,akshare_fund_etf_scale_sse,SH,588090,科创板,2877072800.0000005,份,,,akshare:20260827
2026-08-27,akshare_fund_etf_scale_sse,SH,588100,科创信息,201746200.0,份,,,akshare:20260827
2026-08-27,akshare_fund_etf_scale_sse,SH,588110,科创成长,985032000.0,份,,,akshare:20260827
2026-08-27,akshare_fund_etf_scale_sse,SH,588120,科100ETF,913622000.0,份,,,akshare:20260827
2026-08-27,akshare_fund_etf_scale_sse,SH,588130,科创药,449582600.0,份,,,akshare:20260827
2026-08-27,akshare_fund_etf_scale_sse,SH,588140,科200GF,238751000.0,份,,,akshare:20260827
2026-08-27,akshare_fund_etf_scale_sse,SH,588150,科创龙头,387432600.0,份,,,akshare:20260827
2026-08-27,akshare_fund_etf_scale_sse,SH,588160,科创新材,840996000.0,份,,,akshare:20260827
2026-08-27,akshare_fund_etf_scale_sse,SH,588170,科创半导,44013447000.0,份,,,akshare:20260827
2026-08-27,akshare_fund_etf_scale_sse,SH,588180,科创50基,727853700.0,份,,,akshare:20260827
2026-08-27,akshare_fund_etf_scale_sse,SH,588190,科创100,1339618299.9999998,份,,,akshare:20260827
2026-08-27,akshare_fund_etf_scale_sse,SH,588200,科创芯片,42257684300.0,份,,,akshare:20260827
2026-08-27,akshare_fund_etf_scale_sse,SH,588210,科创100E,243254000.0,份,,,akshare:20260827
2026-08-27,akshare_fund_etf_scale_sse,SH,588220,科创100F,3596197900.0,份,,,akshare:20260827
2026-08-27,akshare_fund_etf_scale_sse,SH,588230,科创200,758939000.0,份,,,akshare:20260827
2026-08-27,akshare_fund_etf_scale_sse,SH,588240,科200,128633000.0,份,,,akshare:20260827
2026-08-27,akshare_fund_etf_scale_sse,SH,588250,KC医药,267675000.0,份,,,akshare:20260827
2026-08-27,akshare_fund_etf_scale_sse,SH,588260,科创技术,46746000.0,份,,,akshare:20260827
2026-08-27,akshare_fund_etf_scale_sse,SH,588270,科创200F,301410000.0,份,,,akshare:20260827
2026-08-27,akshare_fund_etf_scale_sse,SH,588280,科创五零,376121000.0,份,,,akshare:20260827
2026-08-27,akshare_fund_etf_scale_sse,SH,588290,芯片科创,4708191000.0,份,,,akshare:20260827
2026-08-27,akshare_fund_etf_scale_sse,SH,588300,双创ETF,1516210500.0,份,,,akshare:20260827
2026-08-27,akshare_fund_etf_scale_sse,SH,588310,双创基金,31837500.0,份,,,akshare:20260827
2026-08-27,akshare_fund_etf_scale_sse,SH,588320,双创增强,80824600.0,份,,,akshare:20260827
2026-08-27,akshare_fund_etf_scale_sse,SH,588330,双创龙头,1161737800.0,份,,,akshare:20260827
2026-08-27,akshare_fund_etf_scale_sse,SH,588350,双创,648546000.0,份,,,akshare:20260827
2026-08-27,akshare_fund_etf_scale_sse,SH,588360,创创ETF,216281800.0,份,,,akshare:20260827
2026-08-27,akshare_fund_etf_scale_sse,SH,588370,科创策略,75772000.0,份,,,akshare:20260827
2026-08-27,akshare_fund_etf_scale_sse,SH,588380,创50ETF,2660770000.0,份,,,akshare:20260827
2026-08-27,akshare_fund_etf_scale_sse,SH,588390,科创创业,164935900.0,份,,,akshare:20260827
2026-08-27,akshare_fund_etf_scale_sse,SH,588400,双创50,1356600600.0,份,,,akshare:20260827
2026-08-27,akshare_fund_etf_scale_sse,SH,588410,双创AI,115250000.0,份,,,akshare:20260827
2026-08-27,akshare_fund_etf_scale_sse,SH,588420,AI双创,339648000.0,份,,,akshare:20260827
2026-08-27,akshare_fund_etf_scale_sse,SH,588430,科创创AI,100458000.0,份,,,akshare:20260827
2026-08-27,akshare_fund_etf_scale_sse,SH,588450,科创50增,60568700.0,份,,,akshare:20260827
2026-08-27,akshare_fund_etf_scale_sse,SH,588460,科创增强,645014000.0,份,,,akshare:20260827
2026-08-27,akshare_fund_etf_scale_sse,SH,588470,双创智能,289907000.0,份,,,akshare:20260827
2026-08-27,akshare_fund_etf_scale_sse,SH,588480,AI50双创,245717000.0,份,,,akshare:20260827
2026-08-27,akshare_fund_etf_scale_sse,SH,588500,科创100Z,48647000.0,份,,,akshare:20260827
2026-08-27,akshare_fund_etf_scale_sse,SH,588510,智能双创,327175000.0,份,,,akshare:20260827
2026-08-27,akshare_fund_etf_scale_sse,SH,588520,科创增,12957000.0,份,,,akshare:20260827
2026-08-27,akshare_fund_etf_scale_sse,SH,588530,AIBOCI,225033300.00000003,份,,,akshare:20260827
2026-08-27,akshare_fund_etf_scale_sse,SH,588550,科创增指,67290000.0,份,,,akshare:20260827
2026-08-27,akshare_fund_etf_scale_sse,SH,588660,双创五零,40344000.0,份,,,akshare:20260827
2026-08-27,akshare_fund_etf_scale_sse,SH,588670,科综增强,39792000.0,份,,,akshare:20260827
2026-08-27,akshare_fund_etf_scale_sse,SH,588680,科100增,32361000.0,份,,,akshare:20260827
2026-08-27,akshare_fund_etf_scale_sse,SH,588690,科综指增,51636000.0,份,,,akshare:20260827
2026-08-27,akshare_fund_etf_scale_sse,SH,588700,科创生物,440336200.0,份,,,akshare:20260827
2026-08-27,akshare_fund_etf_scale_sse,SH,588710,科半导体,11322885000.0,份,,,akshare:20260827
2026-08-27,akshare_fund_etf_scale_sse,SH,588720,中银科创,109741800.0,份,,,akshare:20260827
2026-08-27,akshare_fund_etf_scale_sse,SH,588730,科创AI,739396300.0,份,,,akshare:20260827
2026-08-27,akshare_fund_etf_scale_sse,SH,588750,科创芯50,3220228000.0,份,,,akshare:20260827
2026-08-27,akshare_fund_etf_scale_sse,SH,588760,AI科创,2473532000.0,份,,,akshare:20260827
2026-08-27,akshare_fund_etf_scale_sse,SH,588770,信息科创,314597100.0,份,,,akshare:20260827
2026-08-27,akshare_fund_etf_scale_sse,SH,588780,芯片设计,971902000.0,份,,,akshare:20260827
2026-08-27,akshare_fund_etf_scale_sse,SH,588790,科创智能,3349384000.0,份,,,akshare:20260827
2026-08-27,akshare_fund_etf_scale_sse,SH,588800,科创100C,1679877000.0,份,,,akshare:20260827
2026-08-27,akshare_fund_etf_scale_sse,SH,588810,科创板芯,597324000.0,份,,,akshare:20260827
2026-08-27,akshare_fund_etf_scale_sse,SH,588820,科创200E,154400000.0,份,,,akshare:20260827
2026-08-27,akshare_fund_etf_scale_sse,SH,588830,科创新能,638847900.0,份,,,akshare:20260827
2026-08-27,akshare_fund_etf_scale_sse,SH,588840,50科创,58236000.0,份,,,akshare:20260827
2026-08-27,akshare_fund_etf_scale_sse,SH,588850,科创机械,76779000.0,份,,,akshare:20260827
2026-08-27,akshare_fund_etf_scale_sse,SH,588860,科创医药,340889400.0,份,,,akshare:20260827
2026-08-27,akshare_fund_etf_scale_sse,SH,588870,科创50指,782552000.0,份,,,akshare:20260827
2026-08-27,akshare_fund_etf_scale_sse,SH,588880,科创指数,105368000.0,份,,,akshare:20260827
2026-08-27,akshare_fund_etf_scale_sse,SH,588890,科创芯,2765430000.0,份,,,akshare:20260827
2026-08-27,akshare_fund_etf_scale_sse,SH,588900,科创100S,355783000.0,份,,,akshare:20260827
2026-08-27,akshare_fund_etf_scale_sse,SH,588910,科创价值,100049100.0,份,,,akshare:20260827
2026-08-27,akshare_fund_etf_scale_sse,SH,588920,KC芯片,311876000.0,份,,,akshare:20260827
2026-08-27,akshare_fund_etf_scale_sse,SH,588930,科创板AI,625329000.0,份,,,akshare:20260827
2026-08-27,akshare_fund_etf_scale_sse,SH,588940,科创富国,2918840000.0,份,,,akshare:20260827
2026-08-27,akshare_fund_etf_scale_sse,SH,588950,景顺科创,671729700.0,份,,,akshare:20260827
2026-08-27,akshare_fund_etf_scale_sse,SH,588960,新能科创,141579800.0,份,,,akshare:20260827
2026-08-27,akshare_fund_etf_scale_sse,SH,588980,科创广发,11920000.0,份,,,akshare:20260827
2026-08-27,akshare_fund_etf_scale_sse,SH,588990,科芯片,195745400.0,份,,,akshare:20260827
2026-08-27,akshare_fund_etf_scale_sse,SH,589000,科创综指,1043507800.0,份,,,akshare:20260827
2026-08-27,akshare_fund_etf_scale_sse,SH,589010,科创AI指,935793000.0,份,,,akshare:20260827
2026-08-27,akshare_fund_etf_scale_sse,SH,589020,KC半导体,4460438000.0,份,,,akshare:20260827
2026-08-27,akshare_fund_etf_scale_sse,SH,589030,科芯设计,868077000.0,份,,,akshare:20260827
2026-08-27,akshare_fund_etf_scale_sse,SH,589050,科创E,46968000.0,份,,,akshare:20260827
2026-08-27,akshare_fund_etf_scale_sse,SH,589060,科综东财,77137900.0,份,,,akshare:20260827
2026-08-27,akshare_fund_etf_scale_sse,SH,589070,科芯TH,1953293000.0,份,,,akshare:20260827
2026-08-27,akshare_fund_etf_scale_sse,SH,589080,科创综E,188061000.0,份,,,akshare:20260827
2026-08-27,akshare_fund_etf_scale_sse,SH,589090,KCAI,186931000.0,份,,,akshare:20260827
2026-08-27,akshare_fund_etf_scale_sse,SH,589100,国泰芯片,893442500.0,份,,,akshare:20260827
2026-08-27,akshare_fund_etf_scale_sse,SH,589110,科AI国泰,543413000.0,份,,,akshare:20260827
2026-08-27,akshare_fund_etf_scale_sse,SH,589120,创新药基,1317620000.0,份,,,akshare:20260827
2026-08-27,akshare_fund_etf_scale_sse,SH,589130,科创芯易,3293780000.0,份,,,akshare:20260827
2026-08-27,akshare_fund_etf_scale_sse,SH,589150,科创平安,787437200.0,份,,,akshare:20260827
2026-08-27,akshare_fund_etf_scale_sse,SH,589160,科芯片GF,278296000.0,份,,,akshare:20260827
2026-08-27,akshare_fund_etf_scale_sse,SH,589170,芯设计KC,144909000.0,份,,,akshare:20260827
2026-08-27,akshare_fund_etf_scale_sse,SH,589180,科创材基,131318000.0,份,,,akshare:20260827
2026-08-27,akshare_fund_etf_scale_sse,SH,589190,科创芯基,2797562000.0,份,,,akshare:20260827
2026-08-27,akshare_fund_etf_scale_sse,SH,589200,科200E,22507000.0,份,,,akshare:20260827
2026-08-27,akshare_fund_etf_scale_sse,SH,589210,芯设计GF,1296938000.0,份,,,akshare:20260827
2026-08-27,akshare_fund_etf_scale_sse,SH,589220,科200GT,319495800.0,份,,,akshare:20260827
2026-08-27,akshare_fund_etf_scale_sse,SH,589230,AI科创CS,251053000.0,份,,,akshare:20260827
2026-08-27,akshare_fund_etf_scale_sse,SH,589250,芯设计PY,79101300.0,份,,,akshare:20260827
2026-08-27,akshare_fund_etf_scale_sse,SH,589260,科创芯设,58156000.0,份,,,akshare:20260827
2026-08-27,akshare_fund_etf_scale_sse,SH,589270,科创100Q,24516600.0,份,,,akshare:20260827
2026-08-27,akshare_fund_etf_scale_sse,SH,589280,科综增指,154069000.0,份,,,akshare:20260827
2026-08-27,akshare_fund_etf_scale_sse,SH,589290,芯片主题,131848900.0,份,,,akshare:20260827
2026-08-27,akshare_fund_etf_scale_sse,SH,589300,科综嘉实,41582500.0,份,,,akshare:20260827
2026-08-27,akshare_fund_etf_scale_sse,SH,589310,科创人工,310491800.0,份,,,akshare:20260827
2026-08-27,akshare_fund_etf_scale_sse,SH,589320,科200JS,114053000.0,份,,,akshare:20260827
2026-08-27,akshare_fund_etf_scale_sse,SH,589330,科200DC,175902000.0,份,,,akshare:20260827
2026-08-27,akshare_fund_etf_scale_sse,SH,589350,科芯片指,226281500.0,份,,,akshare:20260827
2026-08-27,akshare_fund_etf_scale_sse,SH,589360,科创50GT,2669174000.0,份,,,akshare:20260827
2026-08-27,akshare_fund_etf_scale_sse,SH,589380,AI科创指,97694300.0,份,,,akshare:20260827
2026-08-27,akshare_fund_etf_scale_sse,SH,589390,芯设计,1347810500.0,份,,,akshare:20260827
2026-08-27,akshare_fund_etf_scale_sse,SH,589400,芯设计FG,287785200.0,份,,,akshare:20260827
2026-08-27,akshare_fund_etf_scale_sse,SH,589410,科创AIJS,562565600.0,份,,,akshare:20260827
2026-08-27,akshare_fund_etf_scale_sse,SH,589420,芯设计MW,362481500.0,份,,,akshare:20260827
2026-08-27,akshare_fund_etf_scale_sse,SH,589460,科200HB,217630900.0,份,,,akshare:20260827
2026-08-27,akshare_fund_etf_scale_sse,SH,589500,科综工银,80064000.0,份,,,akshare:20260827
2026-08-27,akshare_fund_etf_scale_sse,SH,589520,AI科创板,837104600.0000001,份,,,akshare:20260827
2026-08-27,akshare_fund_etf_scale_sse,SH,589550,KC价值,25295500.0,份,,,akshare:20260827
2026-08-27,akshare_fund_etf_scale_sse,SH,589560,科创AITF,259355000.0,份,,,akshare:20260827
2026-08-27,akshare_fund_etf_scale_sse,SH,589580,科综价格,14354800.0,份,,,akshare:20260827
2026-08-27,akshare_fund_etf_scale_sse,SH,589600,富国科综,221535000.0,份,,,akshare:20260827
2026-08-27,akshare_fund_etf_scale_sse,SH,589630,科综国泰,343258000.0,份,,,akshare:20260827
2026-08-27,akshare_fund_etf_scale_sse,SH,589660,综指科创,265530000.0,份,,,akshare:20260827
2026-08-27,akshare_fund_etf_scale_sse,SH,589680,科创综Z,1349943700.0,份,,,akshare:20260827
2026-08-27,akshare_fund_etf_scale_sse,SH,589700,成长科创,28291000.0,份,,,akshare:20260827
2026-08-27,akshare_fund_etf_scale_sse,SH,589720,科创新药,4800823000.0,份,,,akshare:20260827
2026-08-27,akshare_fund_etf_scale_sse,SH,589770,科创全指,153569200.0,份,,,akshare:20260827
2026-08-27,akshare_fund_etf_scale_sse,SH,589780,科200FG,66215000.0,份,,,akshare:20260827
2026-08-27,akshare_fund_etf_scale_sse,SH,589800,科创综合,1095988200.0,份,,,akshare:20260827
2026-08-27,akshare_fund_etf_scale_sse,SH,589820,科200F,129720200.0,份,,,akshare:20260827
2026-08-27,akshare_fund_etf_scale_sse,SH,589850,科创东财,721057000.0,份,,,akshare:20260827
2026-08-27,akshare_fund_etf_scale_sse,SH,589860,天弘科综,178224000.0,份,,,akshare:20260827
2026-08-27,akshare_fund_etf_scale_sse,SH,589880,科创综,454996000.0,份,,,akshare:20260827
2026-08-27,akshare_fund_etf_scale_sse,SH,589890,景顺科综,84987000.0,份,,,akshare:20260827
2026-08-27,akshare_fund_etf_scale_sse,SH,589900,博时科综,183908200.0,份,,,akshare:20260827
2026-08-27,akshare_fund_etf_scale_sse,SH,589950,科100FG,336873000.0,份,,,akshare:20260827
2026-08-27,akshare_fund_etf_scale_sse,SH,589960,科创新源,166316000.0,份,,,akshare:20260827
2026-08-27,akshare_fund_etf_scale_sse,SH,589980,科基100,129122000.0,份,,,akshare:20260827
2026-08-27,akshare_fund_etf_scale_sse,SH,589990,科创板综,106090000.0,份,,,akshare:20260827
2026-08-28,akshare_fund_etf_scale_sse,SH,510010,治理ETF,130524400.0,份,,,akshare:20260828
2026-08-28,akshare_fund_etf_scale_sse,SH,510020,超大ETF,35848000.0,份,,,akshare:20260828
2026-08-28,akshare_fund_etf_scale_sse,SH,510030,价值ETF,147729800.0,份,,,akshare:20260828
2026-08-28,akshare_fund_etf_scale_sse,SH,510040,上证180E,28480000.0,份,,,akshare:20260828
2026-08-28,akshare_fund_etf_scale_sse,SH,510050,50ETF,6826266800.000001,份,,,akshare:20260828
2026-08-28,akshare_fund_etf_scale_sse,SH,510060,央企ETF,35959200.0,份,,,akshare:20260828
2026-08-28,akshare_fund_etf_scale_sse,SH,510090,ESG建信,24581100.0,份,,,akshare:20260828
2026-08-28,akshare_fund_etf_scale_sse,SH,510100,SZ50ETF,964406799.9999999,份,,,akshare:20260828
2026-08-28,akshare_fund_etf_scale_sse,SH,510130,中盘ETF,31485100.000000004,份,,,akshare:20260828
2026-08-28,akshare_fund_etf_scale_sse,SH,510140,上证指,74230500.0,份,,,akshare:20260828
2026-08-28,akshare_fund_etf_scale_sse,SH,510150,消费ETF,2899178600.0,份,,,akshare:20260828
2026-08-28,akshare_fund_etf_scale_sse,SH,510160,产业升级,192057400.00000003,份,,,akshare:20260828
2026-08-28,akshare_fund_etf_scale_sse,SH,510170,商品ETF,336914800.00000006,份,,,akshare:20260828
2026-08-28,akshare_fund_etf_scale_sse,SH,510180,180ETF,4417057700.0,份,,,akshare:20260828
2026-08-28,akshare_fund_etf_scale_sse,SH,510190,上证50基,23650800.0,份,,,akshare:20260828
2026-08-28,akshare_fund_etf_scale_sse,SH,510200,上证券商,145885500.0,份,,,akshare:20260828
2026-08-28,akshare_fund_etf_scale_sse,SH,510210,综指ETF,14912192600.0,份,,,akshare:20260828
2026-08-28,akshare_fund_etf_scale_sse,SH,510230,金融ETF,666808000.0,份,,,akshare:20260828
2026-08-28,akshare_fund_etf_scale_sse,SH,510270,国企ETF,16832100.0,份,,,akshare:20260828
2026-08-28,akshare_fund_etf_scale_sse,SH,510290,380ETF,56448900.0,份,,,akshare:20260828
2026-08-28,akshare_fund_etf_scale_sse,SH,510300,300ETF,23295187700.0,份,,,akshare:20260828
2026-08-28,akshare_fund_etf_scale_sse,SH,510310,HS300ETF,11430644000.0,份,,,akshare:20260828
2026-08-28,akshare_fund_etf_scale_sse,SH,510320,300中金,631068500.0,份,,,akshare:20260828
2026-08-28,akshare_fund_etf_scale_sse,SH,510330,华夏300,8392749800.0,份,,,akshare:20260828
2026-08-28,akshare_fund_etf_scale_sse,SH,510350,工银300,676914700.0,份,,,akshare:20260828
2026-08-28,akshare_fund_etf_scale_sse,SH,510360,广发300,1796381200.0,份,,,akshare:20260828
2026-08-28,akshare_fund_etf_scale_sse,SH,510370,兴业300,87258100.0,份,,,akshare:20260828
2026-08-28,akshare_fund_etf_scale_sse,SH,510380,国寿300,1461802400.0,份,,,akshare:20260828
2026-08-28,akshare_fund_etf_scale_sse,SH,510390,平安300,135650000.0,份,,,akshare:20260828
2026-08-28,akshare_fund_etf_scale_sse,SH,510410,资源ETF,434258399.99999994,份,,,akshare:20260828
2026-08-28,akshare_fund_etf_scale_sse,SH,510500,500ETF,5334168600.0,份,,,akshare:20260828
2026-08-28,akshare_fund_etf_scale_sse,SH,510510,广发500,863038300.0,份,,,akshare:20260828
2026-08-28,akshare_fund_etf_scale_sse,SH,510530,工银500,46979399.99999999,份,,,akshare:20260828
2026-08-28,akshare_fund_etf_scale_sse,SH,510550,方正500,23743300.0,份,,,akshare:20260828
2026-08-28,akshare_fund_etf_scale_sse,SH,510560,国寿500,52318700.0,份,,,akshare:20260828
2026-08-28,akshare_fund_etf_scale_sse,SH,510570,兴业500,33060600.0,份,,,akshare:20260828
2026-08-28,akshare_fund_etf_scale_sse,SH,510580,ZZ500ETF,1143768300.0,份,,,akshare:20260828
2026-08-28,akshare_fund_etf_scale_sse,SH,510590,平安500,116386100.0,份,,,akshare:20260828
2026-08-28,akshare_fund_etf_scale_sse,SH,510600,沪50ETF,13615100.0,份,,,akshare:20260828
2026-08-28,akshare_fund_etf_scale_sse,SH,510630,消费30,545361500.0,份,,,akshare:20260828
2026-08-28,akshare_fund_etf_scale_sse,SH,510650,金融行业,11952500.0,份,,,akshare:20260828
2026-08-28,akshare_fund_etf_scale_sse,SH,510660,医药行业,52379700.0,份,,,akshare:20260828
2026-08-28,akshare_fund_etf_scale_sse,SH,510670,180指,177993000.0,份,,,akshare:20260828
2026-08-28,akshare_fund_etf_scale_sse,SH,510680,万家50,19924700.0,份,,,akshare:20260828
2026-08-28,akshare_fund_etf_scale_sse,SH,510710,上50ETF,103718900.0,份,,,akshare:20260828
2026-08-28,akshare_fund_etf_scale_sse,SH,510720,红利国泰,1683766000.0,份,,,akshare:20260828
2026-08-28,akshare_fund_etf_scale_sse,SH,510760,上证ETF,3092503700.0,份,,,akshare:20260828
2026-08-28,akshare_fund_etf_scale_sse,SH,510770,G60创新,21610700.0,份,,,akshare:20260828
2026-08-28,akshare_fund_etf_scale_sse,SH,510800,上证50,174576000.0,份,,,akshare:20260828
2026-08-28,akshare_fund_etf_scale_sse,SH,510810,上海国企,5966693700.0,份,,,akshare:20260828
2026-08-28,akshare_fund_etf_scale_sse,SH,510850,工银上50,47298900.0,份,,,akshare:20260828
2026-08-28,akshare_fund_etf_scale_sse,SH,510880,红利ETF,5784175699.999999,份,,,akshare:20260828
2026-08-28,akshare_fund_etf_scale_sse,SH,510900,恒生中国,3221021900.0,份,,,akshare:20260828
2026-08-28,akshare_fund_etf_scale_sse,SH,510910,上证指CS,150796000.0,份,,,akshare:20260828
2026-08-28,akshare_fund_etf_scale_sse,SH,510950,上证广发,110020800.0,份,,,akshare:20260828
2026-08-28,akshare_fund_etf_scale_sse,SH,510980,上证综合,644798000.0,份,,,akshare:20260828
2026-08-28,akshare_fund_etf_scale_sse,SH,510990,ESG180,38948600.0,份,,,akshare:20260828
2026-08-28,akshare_fund_etf_scale_sse,SH,511010,国债ETF,48236300.0,份,,,akshare:20260828
2026-08-28,akshare_fund_etf_scale_sse,SH,511020,活跃国债,38277500.0,份,,,akshare:20260828
2026-08-28,akshare_fund_etf_scale_sse,SH,511030,公司债,402740700.0,份,,,akshare:20260828
2026-08-28,akshare_fund_etf_scale_sse,SH,511060,5年地债,21436300.0,份,,,akshare:20260828
2026-08-28,akshare_fund_etf_scale_sse,SH,511070,沪公司债,292031000.0,份,,,akshare:20260828
2026-08-28,akshare_fund_etf_scale_sse,SH,511090,30年国债,281298100.0,份,,,akshare:20260828
2026-08-28,akshare_fund_etf_scale_sse,SH,511100,基准国债,110230500.0,份,,,akshare:20260828
2026-08-28,akshare_fund_etf_scale_sse,SH,511110,公司债易,318799600.0,份,,,akshare:20260828
2026-08-28,akshare_fund_etf_scale_sse,SH,511120,科创债基,117710600.0,份,,,akshare:20260828
2026-08-28,akshare_fund_etf_scale_sse,SH,511130,国债30年,194979700.0,份,,,akshare:20260828
2026-08-28,akshare_fund_etf_scale_sse,SH,511150,科债永赢,112030900.0,份,,,akshare:20260828
2026-08-28,akshare_fund_etf_scale_sse,SH,511160,国债东财,21940900.0,份,,,akshare:20260828
2026-08-28,akshare_fund_etf_scale_sse,SH,511180,上证转债,987859700.0,份,,,akshare:20260828
2026-08-28,akshare_fund_etf_scale_sse,SH,511190,信用债,145854300.0,份,,,akshare:20260828
2026-08-28,akshare_fund_etf_scale_sse,SH,511200,信用债基,236987500.0,份,,,akshare:20260828
2026-08-28,akshare_fund_etf_scale_sse,SH,511220,城投ETF,5311881400.0,份,,,akshare:20260828
2026-08-28,akshare_fund_etf_scale_sse,SH,511260,十年国债,168556500.0,份,,,akshare:20260828
2026-08-28,akshare_fund_etf_scale_sse,SH,511270,10年地债,89667500.0,份,,,akshare:20260828
2026-08-28,akshare_fund_etf_scale_sse,SH,511360,短融ETF,735824600.0000001,份,,,akshare:20260828
2026-08-28,akshare_fund_etf_scale_sse,SH,511380,转债ETF,4556586700.0,份,,,akshare:20260828
2026-08-28,akshare_fund_etf_scale_sse,SH,511520,政金债,383566500.0,份,,,akshare:20260828
2026-08-28,akshare_fund_etf_scale_sse,SH,511580,国债政金,70104800.0,份,,,akshare:20260828
2026-08-28,akshare_fund_etf_scale_sse,SH,512000,券商ETF,72755435400.0,份,,,akshare:20260828
2026-08-28,akshare_fund_etf_scale_sse,SH,512010,医药ETF,40202694900.0,份,,,akshare:20260828
2026-08-28,akshare_fund_etf_scale_sse,SH,512020,A500,1121012700.0,份,,,akshare:20260828
2026-08-28,akshare_fund_etf_scale_sse,SH,512030,A50增,44240000.0,份,,,akshare:20260828
2026-08-28,akshare_fund_etf_scale_sse,SH,512040,国信价值,4402715900.0,份,,,akshare:20260828
2026-08-28,akshare_fund_etf_scale_sse,SH,512050,A500E,16411992200.0,份,,,akshare:20260828
2026-08-28,akshare_fund_etf_scale_sse,SH,512060,A100指基,10928000.0,份,,,akshare:20260828
2026-08-28,akshare_fund_etf_scale_sse,SH,512070,证券保险,16595479700.0,份,,,akshare:20260828
2026-08-28,akshare_fund_etf_scale_sse,SH,512080,A500中金,794186100.0,份,,,akshare:20260828
2026-08-28,akshare_fund_etf_scale_sse,SH,512090,MSCI易基,329592300.00000006,份,,,akshare:20260828
2026-08-28,akshare_fund_etf_scale_sse,SH,512100,1000ETF,6677217600.0,份,,,akshare:20260828
2026-08-28,akshare_fund_etf_scale_sse,SH,512120,医药50,777241900.0,份,,,akshare:20260828
2026-08-28,akshare_fund_etf_scale_sse,SH,512130,现金全指,14895000.0,份,,,akshare:20260828
2026-08-28,akshare_fund_etf_scale_sse,SH,512140,电力事业,144049000.0,份,,,akshare:20260828
2026-08-28,akshare_fund_etf_scale_sse,SH,512150,A50ETF,18073400.0,份,,,akshare:20260828
2026-08-28,akshare_fund_etf_scale_sse,SH,512160,MSCI基金,121777800.0,份,,,akshare:20260828
2026-08-28,akshare_fund_etf_scale_sse,SH,512170,医疗ETF,71584820500.0,份,,,akshare:20260828
2026-08-28,akshare_fund_etf_scale_sse,SH,512180,建信MSCI,48048000.0,份,,,akshare:20260828
2026-08-28,akshare_fund_etf_scale_sse,SH,512190,之江凤凰,200118400.0,份,,,akshare:20260828
2026-08-28,akshare_fund_etf_scale_sse,SH,512200,地产ETF,2863847900.0,份,,,akshare:20260828
2026-08-28,akshare_fund_etf_scale_sse,SH,512220,TMTETF,209967599.99999997,份,,,akshare:20260828
2026-08-28,akshare_fund_etf_scale_sse,SH,512240,A50龙头,21686000.0,份,,,akshare:20260828
2026-08-28,akshare_fund_etf_scale_sse,SH,512250,A50指数E,119600100.0,份,,,akshare:20260828
2026-08-28,akshare_fund_etf_scale_sse,SH,512260,500低波,20497700.0,份,,,akshare:20260828
2026-08-28,akshare_fund_etf_scale_sse,SH,512290,生物医药,3165820700.0,份,,,akshare:20260828
2026-08-28,akshare_fund_etf_scale_sse,SH,512330,信息ETF,355188000.0,份,,,akshare:20260828
2026-08-28,akshare_fund_etf_scale_sse,SH,512360,MSCI国际,27337700.0,份,,,akshare:20260828
2026-08-28,akshare_fund_etf_scale_sse,SH,512370,A500增指,299313000.0,份,,,akshare:20260828
2026-08-28,akshare_fund_etf_scale_sse,SH,512380,MSCI中国,75805600.0,份,,,akshare:20260828
2026-08-28,akshare_fund_etf_scale_sse,SH,512390,MSCI低波,15682000.0,份,,,akshare:20260828
2026-08-28,akshare_fund_etf_scale_sse,SH,512400,有色ETF,13759539000.0,份,,,akshare:20260828
2026-08-28,akshare_fund_etf_scale_sse,SH,512410,银行广发,43771700.0,份,,,akshare:20260828
2026-08-28,akshare_fund_etf_scale_sse,SH,512420,机械华安,75238900.0,份,,,akshare:20260828
2026-08-28,akshare_fund_etf_scale_sse,SH,512430,家电家居,28720000.0,份,,,akshare:20260828
2026-08-28,akshare_fund_etf_scale_sse,SH,512450,广发养殖,108867000.0,份,,,akshare:20260828
2026-08-28,akshare_fund_etf_scale_sse,SH,512460,电池主题,295823000.0,份,,,akshare:20260828
2026-08-28,akshare_fund_etf_scale_sse,SH,512480,半导体,19198007200.0,份,,,akshare:20260828
2026-08-28,akshare_fund_etf_scale_sse,SH,512500,中证500,1850408800.0,份,,,akshare:20260828
2026-08-28,akshare_fund_etf_scale_sse,SH,512510,ETF500,433429800.00000006,份,,,akshare:20260828
2026-08-28,akshare_fund_etf_scale_sse,SH,512520,MSCIETF,45056400.0,份,,,akshare:20260828
2026-08-28,akshare_fund_etf_scale_sse,SH,512530,300红利,94502000.0,份,,,akshare:20260828
2026-08-28,akshare_fund_etf_scale_sse,SH,512550,A50基金,108906000.0,份,,,akshare:20260828
2026-08-28,akshare_fund_etf_scale_sse,SH,512560,中证军工,939127000.0,份,,,akshare:20260828
2026-08-28,akshare_fund_etf_scale_sse,SH,512570,中证证券,4057806100.0,份,,,akshare:20260828
2026-08-28,akshare_fund_etf_scale_sse,SH,512580,环保ETF,567871700.0,份,,,akshare:20260828
2026-08-28,akshare_fund_etf_scale_sse,SH,512600,必选消费,1690856099.9999998,份,,,akshare:20260828
2026-08-28,akshare_fund_etf_scale_sse,SH,512620,农业TH,1423666000.0,份,,,akshare:20260828
2026-08-28,akshare_fund_etf_scale_sse,SH,512630,卫星基金,1664426000.0,份,,,akshare:20260828
2026-08-28,akshare_fund_etf_scale_sse,SH,512640,金融地产,20240900.0,份,,,akshare:20260828
2026-08-28,akshare_fund_etf_scale_sse,SH,512650,长三角,32941600.0,份,,,akshare:20260828
2026-08-28,akshare_fund_etf_scale_sse,SH,512660,军工ETF,6073080000.0,份,,,akshare:20260828
2026-08-28,akshare_fund_etf_scale_sse,SH,512670,国防ETF,2184652600.0,份,,,akshare:20260828
2026-08-28,akshare_fund_etf_scale_sse,SH,512680,军工基金,3112930100.0,份,,,akshare:20260828
2026-08-28,akshare_fund_etf_scale_sse,SH,512690,酒ETF,32006950200.0,份,,,akshare:20260828
2026-08-28,akshare_fund_etf_scale_sse,SH,512700,银行基金,705081000.0,份,,,akshare:20260828
2026-08-28,akshare_fund_etf_scale_sse,SH,512710,军工龙头,11696658400.0,份,,,akshare:20260828
2026-08-28,akshare_fund_etf_scale_sse,SH,512720,计算机,366453399.99999994,份,,,akshare:20260828
2026-08-28,akshare_fund_etf_scale_sse,SH,512730,银行FUND,53583900.0,份,,,akshare:20260828
2026-08-28,akshare_fund_etf_scale_sse,SH,512750,基本面50,46554900.0,份,,,akshare:20260828
2026-08-28,akshare_fund_etf_scale_sse,SH,512760,芯片ETF,9533445500.0,份,,,akshare:20260828
2026-08-28,akshare_fund_etf_scale_sse,SH,512770,战略新兴,98267800.0,份,,,akshare:20260828
2026-08-28,akshare_fund_etf_scale_sse,SH,512800,银行ETF,11987079900.0,份,,,akshare:20260828
2026-08-28,akshare_fund_etf_scale_sse,SH,512810,国防军工,995583500.0,份,,,akshare:20260828
2026-08-28,akshare_fund_etf_scale_sse,SH,512820,银行股基,398501900.0,份,,,akshare:20260828
2026-08-28,akshare_fund_etf_scale_sse,SH,512870,杭州湾区,22410600.0,份,,,akshare:20260828
2026-08-28,akshare_fund_etf_scale_sse,SH,512880,证券ETF,56964291500.0,份,,,akshare:20260828
2026-08-28,akshare_fund_etf_scale_sse,SH,512890,红利低波,27950110800.0,份,,,akshare:20260828
2026-08-28,akshare_fund_etf_scale_sse,SH,512900,证券基金,7472406000.0,份,,,akshare:20260828
2026-08-28,akshare_fund_etf_scale_sse,SH,512910,100ETF,131128799.99999999,份,,,akshare:20260828
2026-08-28,akshare_fund_etf_scale_sse,SH,512930,AIETF,4908521300.0,份,,,akshare:20260828
2026-08-28,akshare_fund_etf_scale_sse,SH,512940,有色矿业,2140705000.0,份,,,akshare:20260828
2026-08-28,akshare_fund_etf_scale_sse,SH,512950,央企改革,4042551000.0,份,,,akshare:20260828
2026-08-28,akshare_fund_etf_scale_sse,SH,512960,央调ETF,3856657300.0,份,,,akshare:20260828
2026-08-28,akshare_fund_etf_scale_sse,SH,512970,湾区ETF,4987600.0,份,,,akshare:20260828
2026-08-28,akshare_fund_etf_scale_sse,SH,512980,传媒ETF,4769924400.0,份,,,akshare:20260828
2026-08-28,akshare_fund_etf_scale_sse,SH,512990,MSCIA股,99015400.00000001,份,,,akshare:20260828
2026-08-28,akshare_fund_etf_scale_sse,SH,513000,225ETF,1001911400.0,份,,,akshare:20260828
2026-08-28,akshare_fund_etf_scale_sse,SH,513010,港股科技,44243307000.0,份,,,akshare:20260828
2026-08-28,akshare_fund_etf_scale_sse,SH,513020,科技HK,2248145400.0,份,,,akshare:20260828
2026-08-28,akshare_fund_etf_scale_sse,SH,513030,德国ETF,1015779000.0,份,,,akshare:20260828
2026-08-28,akshare_fund_etf_scale_sse,SH,513040,HK互联网,6818341300.0,份,,,akshare:20260828
2026-08-28,akshare_fund_etf_scale_sse,SH,513050,中概互联,34345432700.0,份,,,akshare:20260828
2026-08-28,akshare_fund_etf_scale_sse,SH,513060,恒生医疗,8585393300.0,份,,,akshare:20260828
2026-08-28,akshare_fund_etf_scale_sse,SH,513070,HK消费50,1336760799.9999998,份,,,akshare:20260828
2026-08-28,akshare_fund_etf_scale_sse,SH,513080,法国ETF,658916000.0,份,,,akshare:20260828
2026-08-28,akshare_fund_etf_scale_sse,SH,513090,香港证券,9809988000.0,份,,,akshare:20260828
2026-08-28,akshare_fund_etf_scale_sse,SH,513100,纳指ETF,9465110600.0,份,,,akshare:20260828
2026-08-28,akshare_fund_etf_scale_sse,SH,513110,纳指100,2200435000.0,份,,,akshare:20260828
2026-08-28,akshare_fund_etf_scale_sse,SH,513120,HK创新药,18868635400.0,份,,,akshare:20260828
2026-08-28,akshare_fund_etf_scale_sse,SH,513130,恒生科技,56517347000.0,份,,,akshare:20260828
2026-08-28,akshare_fund_etf_scale_sse,SH,513140,港股金融,78868000.0,份,,,akshare:20260828
2026-08-28,akshare_fund_etf_scale_sse,SH,513150,港科技50,100559800.0,份,,,akshare:20260828
2026-08-28,akshare_fund_etf_scale_sse,SH,513160,科技30,3191189300.0,份,,,akshare:20260828
2026-08-28,akshare_fund_etf_scale_sse,SH,513170,恒生央企,183573000.0,份,,,akshare:20260828
2026-08-28,akshare_fund_etf_scale_sse,SH,513180,恒指科技,69546759500.0,份,,,akshare:20260828
2026-08-28,akshare_fund_etf_scale_sse,SH,513190,H股金融,996936000.0,份,,,akshare:20260828
2026-08-28,akshare_fund_etf_scale_sse,SH,513200,港股医药,893282100.0000001,份,,,akshare:20260828
2026-08-28,akshare_fund_etf_scale_sse,SH,513210,恒生E,40942000.0,份,,,akshare:20260828
2026-08-28,akshare_fund_etf_scale_sse,SH,513220,互联网30,521109400.0,份,,,akshare:20260828
2026-08-28,akshare_fund_etf_scale_sse,SH,513230,H股消费,328422699.99999994,份,,,akshare:20260828
2026-08-28,akshare_fund_etf_scale_sse,SH,513240,港信息,109496000.0,份,,,akshare:20260828
2026-08-28,akshare_fund_etf_scale_sse,SH,513260,恒科技,4733243000.0,份,,,akshare:20260828
2026-08-28,akshare_fund_etf_scale_sse,SH,513280,恒生生物,364114500.0,份,,,akshare:20260828
2026-08-28,akshare_fund_etf_scale_sse,SH,513290,纳指生物,1043572100.0000001,份,,,akshare:20260828
2026-08-28,akshare_fund_etf_scale_sse,SH,513300,纳斯达克,5329421000.0,份,,,akshare:20260828
2026-08-28,akshare_fund_etf_scale_sse,SH,513310,中韩芯片,2421427000.0,份,,,akshare:20260828
2026-08-28,akshare_fund_etf_scale_sse,SH,513320,HK新经济,91010600.0,份,,,akshare:20260828
2026-08-28,akshare_fund_etf_scale_sse,SH,513330,恒生互联,69481480000.0,份,,,akshare:20260828
2026-08-28,akshare_fund_etf_scale_sse,SH,513350,油气ETF,842746000.0,份,,,akshare:20260828
2026-08-28,akshare_fund_etf_scale_sse,SH,513360,教育ETF,617713900.0,份,,,akshare:20260828
2026-08-28,akshare_fund_etf_scale_sse,SH,513380,科技恒生,17832784900.0,份,,,akshare:20260828
2026-08-28,akshare_fund_etf_scale_sse,SH,513390,纳指基金,2143379100.0,份,,,akshare:20260828
2026-08-28,akshare_fund_etf_scale_sse,SH,513400,道琼斯,2722062000.0,份,,,akshare:20260828
2026-08-28,akshare_fund_etf_scale_sse,SH,513500,标普500,10212638600.0,份,,,akshare:20260828
2026-08-28,akshare_fund_etf_scale_sse,SH,513520,日经ETF,1076387200.0,份,,,akshare:20260828
2026-08-28,akshare_fund_etf_scale_sse,SH,513530,港股红利,2801938700.0,份,,,akshare:20260828
2026-08-28,akshare_fund_etf_scale_sse,SH,513550,港股通50,1685992000.0,份,,,akshare:20260828
2026-08-28,akshare_fund_etf_scale_sse,SH,513560,香港科技,531386000.0,份,,,akshare:20260828
2026-08-28,akshare_fund_etf_scale_sse,SH,513580,HS科技,6059118000.0,份,,,akshare:20260828
2026-08-28,akshare_fund_etf_scale_sse,SH,513590,香港消费,130518900.0,份,,,akshare:20260828
2026-08-28,akshare_fund_etf_scale_sse,SH,513600,恒指ETF,609829500.0,份,,,akshare:20260828
2026-08-28,akshare_fund_etf_scale_sse,SH,513620,港医疗指,57216000.0,份,,,akshare:20260828
2026-08-28,akshare_fund_etf_scale_sse,SH,513630,香港红利,7531359000.0,份,,,akshare:20260828
2026-08-28,akshare_fund_etf_scale_sse,SH,513650,标普ETF,4361734000.0,份,,,akshare:20260828
2026-08-28,akshare_fund_etf_scale_sse,SH,513660,恒生通,1814000200.0,份,,,akshare:20260828
2026-08-28,akshare_fund_etf_scale_sse,SH,513690,恒生股息,3149979900.0,份,,,akshare:20260828
2026-08-28,akshare_fund_etf_scale_sse,SH,513700,香港医药,794846000.0,份,,,akshare:20260828
2026-08-28,akshare_fund_etf_scale_sse,SH,513720,香港互联,248859000.0,份,,,akshare:20260828
2026-08-28,akshare_fund_etf_scale_sse,SH,513730,东南亚,779355000.0,份,,,akshare:20260828
2026-08-28,akshare_fund_etf_scale_sse,SH,513750,港股非银,8092838000.0,份,,,akshare:20260828
2026-08-28,akshare_fund_etf_scale_sse,SH,513770,港股互联,14469137900.0,份,,,akshare:20260828
2026-08-28,akshare_fund_etf_scale_sse,SH,513780,港股新药,1873157000.0,份,,,akshare:20260828
2026-08-28,akshare_fund_etf_scale_sse,SH,513800,东证ETF,1037044400.0,份,,,akshare:20260828
2026-08-28,akshare_fund_etf_scale_sse,SH,513810,港股国企,41992000.0,份,,,akshare:20260828
2026-08-28,akshare_fund_etf_scale_sse,SH,513820,港股分红,1709669000.0,份,,,akshare:20260828
2026-08-28,akshare_fund_etf_scale_sse,SH,513830,红利港股,54311000.0,份,,,akshare:20260828
2026-08-28,akshare_fund_etf_scale_sse,SH,513850,美国50,1242892600.0,份,,,akshare:20260828
2026-08-28,akshare_fund_etf_scale_sse,SH,513860,HKC科技,2781470600.0,份,,,akshare:20260828
2026-08-28,akshare_fund_etf_scale_sse,SH,513870,纳指指数,1375671000.0,份,,,akshare:20260828
2026-08-28,akshare_fund_etf_scale_sse,SH,513880,日经225,1311970000.0,份,,,akshare:20260828
2026-08-28,akshare_fund_etf_scale_sse,SH,513890,HK科技,897128000.0,份,,,akshare:20260828
2026-08-28,akshare_fund_etf_scale_sse,SH,513900,港股100,90978000.0,份,,,akshare:20260828
2026-08-28,akshare_fund_etf_scale_sse,SH,513910,红利央企,1967276000.0,份,,,akshare:20260828
2026-08-28,akshare_fund_etf_scale_sse,SH,513920,央企40,2612231000.0,份,,,akshare:20260828
2026-08-28,akshare_fund_etf_scale_sse,SH,513930,香港生科,102908000.0,份,,,akshare:20260828
2026-08-28,akshare_fund_etf_scale_sse,SH,513950,恒生红利,2410119000.0,份,,,akshare:20260828
2026-08-28,akshare_fund_etf_scale_sse,SH,513970,恒生消费,1410041000.0,份,,,akshare:20260828
2026-08-28,akshare_fund_etf_scale_sse,SH,513980,科技港股,16829204000.0,份,,,akshare:20260828
2026-08-28,akshare_fund_etf_scale_sse,SH,513990,港股通综,43000000.0,份,,,akshare:20260828
2026-08-28,akshare_fund_etf_scale_sse,SH,515000,科技ETF,3130579300.0,份,,,akshare:20260828
2026-08-28,akshare_fund_etf_scale_sse,SH,515010,华夏证券,2051771600.0,份,,,akshare:20260828
2026-08-28,akshare_fund_etf_scale_sse,SH,515020,银行指数,394345300.0,份,,,akshare:20260828
2026-08-28,akshare_fund_etf_scale_sse,SH,515030,新汽车,1487384000.0,份,,,akshare:20260828
2026-08-28,akshare_fund_etf_scale_sse,SH,515040,工业金属,51319600.0,份,,,akshare:20260828
2026-08-28,akshare_fund_etf_scale_sse,SH,515050,5GETF,17331205400.0,份,,,akshare:20260828
2026-08-28,akshare_fund_etf_scale_sse,SH,515060,华夏地产,953478100.0,份,,,akshare:20260828
2026-08-28,akshare_fund_etf_scale_sse,SH,515070,AI智能,7532940400.0,份,,,akshare:20260828
2026-08-28,akshare_fund_etf_scale_sse,SH,515080,中证红利,7076148900.0,份,,,akshare:20260828
2026-08-28,akshare_fund_etf_scale_sse,SH,515090,可持续,10801700.0,份,,,akshare:20260828
2026-08-28,akshare_fund_etf_scale_sse,SH,515100,红利100,3730691500.0,份,,,akshare:20260828
2026-08-28,akshare_fund_etf_scale_sse,SH,515110,国企方达,214295000.0,份,,,akshare:20260828
2026-08-28,akshare_fund_etf_scale_sse,SH,515120,创新药,17122993600.000002,份,,,akshare:20260828
2026-08-28,akshare_fund_etf_scale_sse,SH,515130,HS300E,94463200.0,份,,,akshare:20260828
2026-08-28,akshare_fund_etf_scale_sse,SH,515150,国企富国,397703200.0,份,,,akshare:20260828
2026-08-28,akshare_fund_etf_scale_sse,SH,515160,MSCI招商,243955099.99999997,份,,,akshare:20260828
2026-08-28,akshare_fund_etf_scale_sse,SH,515170,食品饮料,8608757900.0,份,,,akshare:20260828
2026-08-28,akshare_fund_etf_scale_sse,SH,515180,100红利,12901637000.0,份,,,akshare:20260828
2026-08-28,akshare_fund_etf_scale_sse,SH,515190,BOCI500,295466100.0,份,,,akshare:20260828
2026-08-28,akshare_fund_etf_scale_sse,SH,515200,创新100,37943200.0,份,,,akshare:20260828
2026-08-28,akshare_fund_etf_scale_sse,SH,515210,钢铁ETF,1020226100.0,份,,,akshare:20260828
2026-08-28,akshare_fund_etf_scale_sse,SH,515220,煤炭ETF,10466176900.0,份,,,akshare:20260828
2026-08-28,akshare_fund_etf_scale_sse,SH,515230,软件ETF,7984690900.0,份,,,akshare:20260828
2026-08-28,akshare_fund_etf_scale_sse,SH,515250,智能汽车,340944500.0,份,,,akshare:20260828
2026-08-28,akshare_fund_etf_scale_sse,SH,515260,电子ETF,878568400.0,份,,,akshare:20260828
2026-08-28,akshare_fund_etf_scale_sse,SH,515290,银行,2636272900.0,份,,,akshare:20260828
2026-08-28,akshare_fund_etf_scale_sse,SH,515300,红利300,3354175200.0,份,,,akshare:20260828
2026-08-28,akshare_fund_etf_scale_sse,SH,515310,添富300,325111200.0,份,,,akshare:20260828
2026-08-28,akshare_fund_etf_scale_sse,SH,515320,电子50,89309000.0,份,,,akshare:20260828
2026-08-28,akshare_fund_etf_scale_sse,SH,515330,天弘300,6179709500.0,份,,,akshare:20260828
2026-08-28,akshare_fund_etf_scale_sse,SH,515350,民生300,12599200.0,份,,,akshare:20260828
2026-08-28,akshare_fund_etf_scale_sse,SH,515360,方正300,37779300.0,份,,,akshare:20260828
2026-08-28,akshare_fund_etf_scale_sse,SH,515370,中证光伏,959713000.0,份,,,akshare:20260828
2026-08-28,akshare_fund_etf_scale_sse,SH,515380,泰康300,663399800.0,份,,,akshare:20260828
2026-08-28,akshare_fund_etf_scale_sse,SH,515390,HS300,1882683000.0,份,,,akshare:20260828
2026-08-28,akshare_fund_etf_scale_sse,SH,515400,大数据,1598631400.0000002,份,,,akshare:20260828
2026-08-28,akshare_fund_etf_scale_sse,SH,515450,红利50,14269835000.0,份,,,akshare:20260828
2026-08-28,akshare_fund_etf_scale_sse,SH,515460,质量红利,276091000.0,份,,,akshare:20260828
2026-08-28,akshare_fund_etf_scale_sse,SH,515480,红利一百,24340700.0,份,,,akshare:20260828
2026-08-28,akshare_fund_etf_scale_sse,SH,515530,泰康500,12242700.0,份,,,akshare:20260828
2026-08-28,akshare_fund_etf_scale_sse,SH,515550,国联500,20345700.0,份,,,akshare:20260828
2026-08-28,akshare_fund_etf_scale_sse,SH,515560,证券E,192883300.00000003,份,,,akshare:20260828
2026-08-28,akshare_fund_etf_scale_sse,SH,515580,中证科技,304031400.0,份,,,akshare:20260828
2026-08-28,akshare_fund_etf_scale_sse,SH,515590,500ETFEW,36113700.0,份,,,akshare:20260828
2026-08-28,akshare_fund_etf_scale_sse,SH,515600,央企创新,1037797400.0,份,,,akshare:20260828
2026-08-28,akshare_fund_etf_scale_sse,SH,515630,保险证券,927717700.0,份,,,akshare:20260828
2026-08-28,akshare_fund_etf_scale_sse,SH,515640,家电指数,17050000.0,份,,,akshare:20260828
2026-08-28,akshare_fund_etf_scale_sse,SH,515650,消费50,3079184000.0,份,,,akshare:20260828
2026-08-28,akshare_fund_etf_scale_sse,SH,515660,沪深300E,432694200.0,份,,,akshare:20260828
2026-08-28,akshare_fund_etf_scale_sse,SH,515680,创新央企,1099264700.0,份,,,akshare:20260828
2026-08-28,akshare_fund_etf_scale_sse,SH,515700,新能车,679510200.0,份,,,akshare:20260828
2026-08-28,akshare_fund_etf_scale_sse,SH,515710,食品ETF,2323099800.0,份,,,akshare:20260828
2026-08-28,akshare_fund_etf_scale_sse,SH,515720,金科富国,442611000.0,份,,,akshare:20260828
2026-08-28,akshare_fund_etf_scale_sse,SH,515730,家居家电,39892000.0,份,,,akshare:20260828
2026-08-28,akshare_fund_etf_scale_sse,SH,515750,科技50,264140500.0,份,,,akshare:20260828
2026-08-28,akshare_fund_etf_scale_sse,SH,515760,浙江国资,95388100.0,份,,,akshare:20260828
2026-08-28,akshare_fund_etf_scale_sse,SH,515770,MSCIAETF,39727300.0,份,,,akshare:20260828
2026-08-28,akshare_fund_etf_scale_sse,SH,515790,光伏ETF,6011494000.0,份,,,akshare:20260828
2026-08-28,akshare_fund_etf_scale_sse,SH,515800,800ETF,3961937199.9999995,份,,,akshare:20260828
2026-08-28,akshare_fund_etf_scale_sse,SH,515810,ZZ800ETF,263908800.0,份,,,akshare:20260828
2026-08-28,akshare_fund_etf_scale_sse,SH,515840,食品南方,34426400.0,份,,,akshare:20260828
2026-08-28,akshare_fund_etf_scale_sse,SH,515850,证券龙头,483291000.0,份,,,akshare:20260828
2026-08-28,akshare_fund_etf_scale_sse,SH,515860,科技100,101878900.0,份,,,akshare:20260828
2026-08-28,akshare_fund_etf_scale_sse,SH,515880,通信ETF,62797774000.0,份,,,akshare:20260828
2026-08-28,akshare_fund_etf_scale_sse,SH,515890,红利博时,377443900.0,份,,,akshare:20260828
2026-08-28,akshare_fund_etf_scale_sse,SH,515900,央创ETF,2227246500.0,份,,,akshare:20260828
2026-08-28,akshare_fund_etf_scale_sse,SH,515910,质量ETF,227507000.0,份,,,akshare:20260828
2026-08-28,akshare_fund_etf_scale_sse,SH,515920,智能消费,65905700.0,份,,,akshare:20260828
2026-08-28,akshare_fund_etf_scale_sse,SH,515950,医药龙头,530200600.0,份,,,akshare:20260828
2026-08-28,akshare_fund_etf_scale_sse,SH,515960,医药100,239991900.0,份,,,akshare:20260828
2026-08-28,akshare_fund_etf_scale_sse,SH,515970,华夏机械,615088000.0,份,,,akshare:20260828
2026-08-28,akshare_fund_etf_scale_sse,SH,515980,人工智能,6209129000.0,份,,,akshare:20260828
2026-08-28,akshare_fund_etf_scale_sse,SH,515990,添富国企,53350200.00000001,份,,,akshare:20260828
2026-08-28,akshare_fund_etf_scale_sse,SH,516000,数据ETF,436855000.0,份,,,akshare:20260828
2026-08-28,akshare_fund_etf_scale_sse,SH,516010,游戏ETF,2435693000.0,份,,,akshare:20260828
2026-08-28,akshare_fund_etf_scale_sse,SH,516020,化工ETF,3460326200.0,份,,,akshare:20260828
2026-08-28,akshare_fund_etf_scale_sse,SH,516050,科技龙头,159228000.0,份,,,akshare:20260828
2026-08-28,akshare_fund_etf_scale_sse,SH,516060,新药ETF,293237400.0,份,,,akshare:20260828
2026-08-28,akshare_fund_etf_scale_sse,SH,516070,碳中和50,290646000.0,份,,,akshare:20260828
2026-08-28,akshare_fund_etf_scale_sse,SH,516080,创新医药,5224554800.0,份,,,akshare:20260828
2026-08-28,akshare_fund_etf_scale_sse,SH,516090,新能源E,1646844800.0,份,,,akshare:20260828
2026-08-28,akshare_fund_etf_scale_sse,SH,516100,科技金融,1136759700.0,份,,,akshare:20260828
2026-08-28,akshare_fund_etf_scale_sse,SH,516110,汽车ETF,207623100.0,份,,,akshare:20260828
2026-08-28,akshare_fund_etf_scale_sse,SH,516120,化工50,5020082000.0,份,,,akshare:20260828
2026-08-28,akshare_fund_etf_scale_sse,SH,516130,消费龙头,1588890000.0,份,,,akshare:20260828
2026-08-28,akshare_fund_etf_scale_sse,SH,516150,稀土基金,3850077000.0,份,,,akshare:20260828
2026-08-28,akshare_fund_etf_scale_sse,SH,516160,新能源,1529642000.0,份,,,akshare:20260828
2026-08-28,akshare_fund_etf_scale_sse,SH,516180,光伏产业,149987000.0,份,,,akshare:20260828
2026-08-28,akshare_fund_etf_scale_sse,SH,516190,文娱ETF,106818500.0,份,,,akshare:20260828
2026-08-28,akshare_fund_etf_scale_sse,SH,516200,证券行业,445604000.0,份,,,akshare:20260828
2026-08-28,akshare_fund_etf_scale_sse,SH,516210,银行股,77531000.0,份,,,akshare:20260828
2026-08-28,akshare_fund_etf_scale_sse,SH,516220,化工龙头,261170000.0,份,,,akshare:20260828
2026-08-28,akshare_fund_etf_scale_sse,SH,516230,光伏招商,742921000.0,份,,,akshare:20260828
2026-08-28,akshare_fund_etf_scale_sse,SH,516250,富国机械,67878000.0,份,,,akshare:20260828
2026-08-28,akshare_fund_etf_scale_sse,SH,516260,物联网50,43882600.0,份,,,akshare:20260828
2026-08-28,akshare_fund_etf_scale_sse,SH,516270,新能源50,280409000.0,份,,,akshare:20260828
2026-08-28,akshare_fund_etf_scale_sse,SH,516290,光伏基金,737196900.0,份,,,akshare:20260828
2026-08-28,akshare_fund_etf_scale_sse,SH,516300,中证1000,43012600.0,份,,,akshare:20260828
2026-08-28,akshare_fund_etf_scale_sse,SH,516310,银行指基,1610958500.0,份,,,akshare:20260828
2026-08-28,akshare_fund_etf_scale_sse,SH,516320,装备ETF,87589300.0,份,,,akshare:20260828
2026-08-28,akshare_fund_etf_scale_sse,SH,516330,物联网,8471300.0,份,,,akshare:20260828
2026-08-28,akshare_fund_etf_scale_sse,SH,516350,芯片50,1456415300.0,份,,,akshare:20260828
2026-08-28,akshare_fund_etf_scale_sse,SH,516360,新材料,56551800.0,份,,,akshare:20260828
2026-08-28,akshare_fund_etf_scale_sse,SH,516370,全指电力,298408000.0,份,,,akshare:20260828
2026-08-28,akshare_fund_etf_scale_sse,SH,516380,智能电车,83449300.0,份,,,akshare:20260828
2026-08-28,akshare_fund_etf_scale_sse,SH,516390,电动车,184261000.0,份,,,akshare:20260828
2026-08-28,akshare_fund_etf_scale_sse,SH,516440,南方机械,139126600.0,份,,,akshare:20260828
2026-08-28,akshare_fund_etf_scale_sse,SH,516460,现金流E,422693000.0,份,,,akshare:20260828
2026-08-28,akshare_fund_etf_scale_sse,SH,516500,生物ETF,200937200.0,份,,,akshare:20260828
2026-08-28,akshare_fund_etf_scale_sse,SH,516510,云计算,1521890000.0,份,,,akshare:20260828
2026-08-28,akshare_fund_etf_scale_sse,SH,516520,智能驾驶,795765500.0,份,,,akshare:20260828
2026-08-28,akshare_fund_etf_scale_sse,SH,516530,物流快递,17802300.0,份,,,akshare:20260828
2026-08-28,akshare_fund_etf_scale_sse,SH,516550,农业ETF,260414400.0,份,,,akshare:20260828
2026-08-28,akshare_fund_etf_scale_sse,SH,516560,养老ETF,206758000.0,份,,,akshare:20260828
2026-08-28,akshare_fund_etf_scale_sse,SH,516570,石化ETF,1127357600.0,份,,,akshare:20260828
2026-08-28,akshare_fund_etf_scale_sse,SH,516580,新能源BS,145124100.0,份,,,akshare:20260828
2026-08-28,akshare_fund_etf_scale_sse,SH,516590,电动汽车,52015000.0,份,,,akshare:20260828
2026-08-28,akshare_fund_etf_scale_sse,SH,516600,消服ETF,110332099.99999999,份,,,akshare:20260828
2026-08-28,akshare_fund_etf_scale_sse,SH,516610,医服ETF,233974800.0,份,,,akshare:20260828
2026-08-28,akshare_fund_etf_scale_sse,SH,516620,影视ETF,201767500.0,份,,,akshare:20260828
2026-08-28,akshare_fund_etf_scale_sse,SH,516630,云计算50,487156000.0,份,,,akshare:20260828
2026-08-28,akshare_fund_etf_scale_sse,SH,516640,芯片龙头,1298482800.0,份,,,akshare:20260828
2026-08-28,akshare_fund_etf_scale_sse,SH,516650,有色50,5244464800.0,份,,,akshare:20260828
2026-08-28,akshare_fund_etf_scale_sse,SH,516660,新能汽车,154689000.0,份,,,akshare:20260828
2026-08-28,akshare_fund_etf_scale_sse,SH,516670,畜牧养殖,3413266300.0,份,,,akshare:20260828
2026-08-28,akshare_fund_etf_scale_sse,SH,516700,数据产业,186622000.0,份,,,akshare:20260828
2026-08-28,akshare_fund_etf_scale_sse,SH,516710,新材料50,74272000.0,份,,,akshare:20260828
2026-08-28,akshare_fund_etf_scale_sse,SH,516720,ESGETF,12337800.0,份,,,akshare:20260828
2026-08-28,akshare_fund_etf_scale_sse,SH,516730,证券公司,227380800.00000003,份,,,akshare:20260828
2026-08-28,akshare_fund_etf_scale_sse,SH,516750,建材ETF,139167300.0,份,,,akshare:20260828
2026-08-28,akshare_fund_etf_scale_sse,SH,516760,养殖ETF,303215100.0,份,,,akshare:20260828
2026-08-28,akshare_fund_etf_scale_sse,SH,516770,游戏动漫,269048000.0,份,,,akshare:20260828
2026-08-28,akshare_fund_etf_scale_sse,SH,516780,稀土ETF,2420099700.0,份,,,akshare:20260828
2026-08-28,akshare_fund_etf_scale_sse,SH,516790,保健ETF,182682200.0,份,,,akshare:20260828
2026-08-28,akshare_fund_etf_scale_sse,SH,516800,智能制造,182308000.0,份,,,akshare:20260828
2026-08-28,akshare_fund_etf_scale_sse,SH,516810,农业,521478900.0,份,,,akshare:20260828
2026-08-28,akshare_fund_etf_scale_sse,SH,516820,医疗创新,4555415200.0,份,,,akshare:20260828
2026-08-28,akshare_fund_etf_scale_sse,SH,516830,300ESG,89676900.0,份,,,akshare:20260828
2026-08-28,akshare_fund_etf_scale_sse,SH,516840,汽车基金,137277000.0,份,,,akshare:20260828
2026-08-28,akshare_fund_etf_scale_sse,SH,516850,新能源80,140237000.0,份,,,akshare:20260828
2026-08-28,akshare_fund_etf_scale_sse,SH,516860,金融科技,1169522000.0,份,,,akshare:20260828
2026-08-28,akshare_fund_etf_scale_sse,SH,516880,光伏50,915944100.0,份,,,akshare:20260828
2026-08-28,akshare_fund_etf_scale_sse,SH,516890,新材ETF,33311400.0,份,,,akshare:20260828
2026-08-28,akshare_fund_etf_scale_sse,SH,516900,食品50,280229000.0,份,,,akshare:20260828
2026-08-28,akshare_fund_etf_scale_sse,SH,516910,物流ETF,67141800.0,份,,,akshare:20260828
2026-08-28,akshare_fund_etf_scale_sse,SH,516920,芯片基金,474463000.0,份,,,akshare:20260828
2026-08-28,akshare_fund_etf_scale_sse,SH,516930,生科ETF,106139599.99999999,份,,,akshare:20260828
2026-08-28,akshare_fund_etf_scale_sse,SH,516950,基建ETF,115821000.0,份,,,akshare:20260828
2026-08-28,akshare_fund_etf_scale_sse,SH,516960,机械ETF,16051099.999999998,份,,,akshare:20260828
2026-08-28,akshare_fund_etf_scale_sse,SH,516970,基建50,1182042500.0,份,,,akshare:20260828
2026-08-28,akshare_fund_etf_scale_sse,SH,516980,证券先锋,55516000.0,份,,,akshare:20260828
2026-08-28,akshare_fund_etf_scale_sse,SH,517000,沪港深,122793000.0,份,,,akshare:20260828
2026-08-28,akshare_fund_etf_scale_sse,SH,517010,HGS500E,78144200.0,份,,,akshare:20260828
2026-08-28,akshare_fund_etf_scale_sse,SH,517030,HGS300,84040300.0,份,,,akshare:20260828
2026-08-28,akshare_fund_etf_scale_sse,SH,517050,互联网50,347605000.0,份,,,akshare:20260828
2026-08-28,akshare_fund_etf_scale_sse,SH,517080,HGS500,173166000.0,份,,,akshare:20260828
2026-08-28,akshare_fund_etf_scale_sse,SH,517090,共赢ETF,54075000.0,份,,,akshare:20260828
2026-08-28,akshare_fund_etf_scale_sse,SH,517100,AH500ETF,143602100.0,份,,,akshare:20260828
2026-08-28,akshare_fund_etf_scale_sse,SH,517110,创新药HK,1339098500.0,份,,,akshare:20260828
2026-08-28,akshare_fund_etf_scale_sse,SH,517120,创新药50,576966400.0,份,,,akshare:20260828
2026-08-28,akshare_fund_etf_scale_sse,SH,517130,云计算JS,188654000.0,份,,,akshare:20260828
2026-08-28,akshare_fund_etf_scale_sse,SH,517160,长江ETF,1826777500.0,份,,,akshare:20260828
2026-08-28,akshare_fund_etf_scale_sse,SH,517170,沪港深E,16131800.0,份,,,akshare:20260828
2026-08-28,akshare_fund_etf_scale_sse,SH,517180,中国国企,90496299.99999999,份,,,akshare:20260828
2026-08-28,akshare_fund_etf_scale_sse,SH,517200,互联网,144782000.0,份,,,akshare:20260828
2026-08-28,akshare_fund_etf_scale_sse,SH,517230,云计算MW,174545800.00000003,份,,,akshare:20260828
2026-08-28,akshare_fund_etf_scale_sse,SH,517300,AH300ETF,1002434500.0,份,,,akshare:20260828
2026-08-28,akshare_fund_etf_scale_sse,SH,517330,长江保护,1809169000.0,份,,,akshare:20260828
2026-08-28,akshare_fund_etf_scale_sse,SH,517350,龙头科技,49042000.0,份,,,akshare:20260828
2026-08-28,akshare_fund_etf_scale_sse,SH,517360,AH科技,25083000.0,份,,,akshare:20260828
2026-08-28,akshare_fund_etf_scale_sse,SH,517380,创新药AH,3026326300.0,份,,,akshare:20260828
2026-08-28,akshare_fund_etf_scale_sse,SH,517390,云计算AH,131112600.0,份,,,akshare:20260828
2026-08-28,akshare_fund_etf_scale_sse,SH,517400,黄金股票,955792000.0,份,,,akshare:20260828
2026-08-28,akshare_fund_etf_scale_sse,SH,517520,黄金股,6645404000.0,份,,,akshare:20260828
2026-08-28,akshare_fund_etf_scale_sse,SH,517550,消费主题,80417400.0,份,,,akshare:20260828
2026-08-28,akshare_fund_etf_scale_sse,SH,517660,物联网AH,39880700.0,份,,,akshare:20260828
2026-08-28,akshare_fund_etf_scale_sse,SH,517770,游戏传媒,196947800.0,份,,,akshare:20260828
2026-08-28,akshare_fund_etf_scale_sse,SH,517800,AI50,214539700.0,份,,,akshare:20260828
2026-08-28,akshare_fund_etf_scale_sse,SH,517850,张江ETF,38185200.0,份,,,akshare:20260828
2026-08-28,akshare_fund_etf_scale_sse,SH,517880,品牌消费,49337100.0,份,,,akshare:20260828
2026-08-28,akshare_fund_etf_scale_sse,SH,517900,银行优选,393993500.0,份,,,akshare:20260828
2026-08-28,akshare_fund_etf_scale_sse,SH,517950,交银科技,48623200.0,份,,,akshare:20260828
2026-08-28,akshare_fund_etf_scale_sse,SH,517990,医药基金,47987900.0,份,,,akshare:20260828
2026-08-28,akshare_fund_etf_scale_sse,SH,518600,上海金,809416300.0,份,,,akshare:20260828
2026-08-28,akshare_fund_etf_scale_sse,SH,518660,工银黄金,959852700.0,份,,,akshare:20260828
2026-08-28,akshare_fund_etf_scale_sse,SH,518680,金ETF,774969500.0,份,,,akshare:20260828
2026-08-28,akshare_fund_etf_scale_sse,SH,518800,黄金基金,3745579200.0,份,,,akshare:20260828
2026-08-28,akshare_fund_etf_scale_sse,SH,518850,黄金9999,1865478700.0,份,,,akshare:20260828
2026-08-28,akshare_fund_etf_scale_sse,SH,518860,上海金E,465759800.00000006,份,,,akshare:20260828
2026-08-28,akshare_fund_etf_scale_sse,SH,518880,黄金ETF,11638040800.0,份,,,akshare:20260828
2026-08-28,akshare_fund_etf_scale_sse,SH,518890,中银黄金,375854800.00000006,份,,,akshare:20260828
2026-08-28,akshare_fund_etf_scale_sse,SH,520500,恒生新药,1878305000.0,份,,,akshare:20260828
2026-08-28,akshare_fund_etf_scale_sse,SH,520510,港股医疗,241728000.0,份,,,akshare:20260828
2026-08-28,akshare_fund_etf_scale_sse,SH,520520,HK消费,52606000.0,份,,,akshare:20260828
2026-08-28,akshare_fund_etf_scale_sse,SH,520530,港科ETF,235776000.0,份,,,akshare:20260828
2026-08-28,akshare_fund_etf_scale_sse,SH,520550,红利恒生,1149524000.0,份,,,akshare:20260828
2026-08-28,akshare_fund_etf_scale_sse,SH,520560,香港30,607419000.0,份,,,akshare:20260828
2026-08-28,akshare_fund_etf_scale_sse,SH,520570,科技恒指,3498876000.0,份,,,akshare:20260828
2026-08-28,akshare_fund_etf_scale_sse,SH,520580,新兴亚洲,290983900.0,份,,,akshare:20260828
2026-08-28,akshare_fund_etf_scale_sse,SH,520590,恒科,196235000.0,份,,,akshare:20260828
2026-08-28,akshare_fund_etf_scale_sse,SH,520600,汽车港股,235868000.0,份,,,akshare:20260828
2026-08-28,akshare_fund_etf_scale_sse,SH,520610,港红利指,390963000.0,份,,,akshare:20260828
2026-08-28,akshare_fund_etf_scale_sse,SH,520620,港股消费,289409000.0,份,,,akshare:20260828
2026-08-28,akshare_fund_etf_scale_sse,SH,520630,互联港股,594610000.0,份,,,akshare:20260828
2026-08-28,akshare_fund_etf_scale_sse,SH,520650,互联网HK,2482755000.0,份,,,akshare:20260828
2026-08-28,akshare_fund_etf_scale_sse,SH,520660,港红利CS,2264485500.0,份,,,akshare:20260828
2026-08-28,akshare_fund_etf_scale_sse,SH,520670,港科基金,213928100.0,份,,,akshare:20260828
2026-08-28,akshare_fund_etf_scale_sse,SH,520680,港股通车,69369000.0,份,,,akshare:20260828
2026-08-28,akshare_fund_etf_scale_sse,SH,520690,恒生港药,623454000.0,份,,,akshare:20260828
2026-08-28,akshare_fund_etf_scale_sse,SH,520700,创新药WJ,458076000.0,份,,,akshare:20260828
2026-08-28,akshare_fund_etf_scale_sse,SH,520710,信息港股,97029000.0,份,,,akshare:20260828
2026-08-28,akshare_fund_etf_scale_sse,SH,520720,香港汽车,121942000.0,份,,,akshare:20260828
2026-08-28,akshare_fund_etf_scale_sse,SH,520730,汽车WJ,118394400.0,份,,,akshare:20260828
2026-08-28,akshare_fund_etf_scale_sse,SH,520740,互联香港,46012600.0,份,,,akshare:20260828
2026-08-28,akshare_fund_etf_scale_sse,SH,520750,HK信息,138384000.0,份,,,akshare:20260828
2026-08-28,akshare_fund_etf_scale_sse,SH,520760,港股生物,128466000.0,份,,,akshare:20260828
2026-08-28,akshare_fund_etf_scale_sse,SH,520770,港股恒指,213373800.0,份,,,akshare:20260828
2026-08-28,akshare_fund_etf_scale_sse,SH,520780,港股车50,39460000.0,份,,,akshare:20260828
2026-08-28,akshare_fund_etf_scale_sse,SH,520790,港互联网,545075000.0,份,,,akshare:20260828
2026-08-28,akshare_fund_etf_scale_sse,SH,520810,港高股息,280360000.0,份,,,akshare:20260828
2026-08-28,akshare_fund_etf_scale_sse,SH,520820,恒指通,58682000.0,份,,,akshare:20260828
2026-08-28,akshare_fund_etf_scale_sse,SH,520830,沙特ETF,1085619000.0,份,,,akshare:20260828
2026-08-28,akshare_fund_etf_scale_sse,SH,520840,港科技,1126549000.0,份,,,akshare:20260828
2026-08-28,akshare_fund_etf_scale_sse,SH,520850,港医疗,139249600.0,份,,,akshare:20260828
2026-08-28,akshare_fund_etf_scale_sse,SH,520860,港股通科,339195000.0,份,,,akshare:20260828
2026-08-28,akshare_fund_etf_scale_sse,SH,520870,巴西ETF,510977200.0,份,,,akshare:20260828
2026-08-28,akshare_fund_etf_scale_sse,SH,520880,港创新药,4395618000.0,份,,,akshare:20260828
2026-08-28,akshare_fund_etf_scale_sse,SH,520890,港红利,80508000.0,份,,,akshare:20260828
2026-08-28,akshare_fund_etf_scale_sse,SH,520900,红利香港,1532675000.0,份,,,akshare:20260828
2026-08-28,akshare_fund_etf_scale_sse,SH,520910,HK互联,751445000.0,份,,,akshare:20260828
2026-08-28,akshare_fund_etf_scale_sse,SH,520920,恒生科TH,18848019000.0,份,,,akshare:20260828
2026-08-28,akshare_fund_etf_scale_sse,SH,520930,恒生生科,160733000.0,份,,,akshare:20260828
2026-08-28,akshare_fund_etf_scale_sse,SH,520940,恒指基金,22297000.0,份,,,akshare:20260828
2026-08-28,akshare_fund_etf_scale_sse,SH,520950,港股50,325421000.0,份,,,akshare:20260828
2026-08-28,akshare_fund_etf_scale_sse,SH,520960,恒指港通,50603400.0,份,,,akshare:20260828
2026-08-28,akshare_fund_etf_scale_sse,SH,520970,港股通药,1250358000.0,份,,,akshare:20260828
2026-08-28,akshare_fund_etf_scale_sse,SH,520980,港科技30,3182387000.0,份,,,akshare:20260828
2026-08-28,akshare_fund_etf_scale_sse,SH,520990,国新红利,3408470500.0,份,,,akshare:20260828
2026-08-28,akshare_fund_etf_scale_sse,SH,526000,港股信息,176142000.0,份,,,akshare:20260828
2026-08-28,akshare_fund_etf_scale_sse,SH,526010,香港医疗,37458000.0,份,,,akshare:20260828
2026-08-28,akshare_fund_etf_scale_sse,SH,526030,港信息基,153465000.0,份,,,akshare:20260828
2026-08-28,akshare_fund_etf_scale_sse,SH,526050,香港信息,53630000.0,份,,,akshare:20260828
2026-08-28,akshare_fund_etf_scale_sse,SH,526070,恒生博时,52377000.0,份,,,akshare:20260828
2026-08-28,akshare_fund_etf_scale_sse,SH,530000,50ETF基,949029400.0,份,,,akshare:20260828
2026-08-28,akshare_fund_etf_scale_sse,SH,530050,SH50ETF,131813000.0,份,,,akshare:20260828
2026-08-28,akshare_fund_etf_scale_sse,SH,530060,上证综E,900193000.0,份,,,akshare:20260828
2026-08-28,akshare_fund_etf_scale_sse,SH,530080,180指基,28917000.0,份,,,akshare:20260828
2026-08-28,akshare_fund_etf_scale_sse,SH,530100,上证580,120696000.0,份,,,akshare:20260828
2026-08-28,akshare_fund_etf_scale_sse,SH,530180,上证180,57952000.0,份,,,akshare:20260828
2026-08-28,akshare_fund_etf_scale_sse,SH,530280,180ETF指,29934000.0,份,,,akshare:20260828
2026-08-28,akshare_fund_etf_scale_sse,SH,530300,180指数,33643000.0,份,,,akshare:20260828
2026-08-28,akshare_fund_etf_scale_sse,SH,530380,上证380,134705000.0,份,,,akshare:20260828
2026-08-28,akshare_fund_etf_scale_sse,SH,530530,580ETF,134460000.0,份,,,akshare:20260828
2026-08-28,akshare_fund_etf_scale_sse,SH,530580,180基金,59149000.0,份,,,akshare:20260828
2026-08-28,akshare_fund_etf_scale_sse,SH,530680,180E,108891900.0,份,,,akshare:20260828
2026-08-28,akshare_fund_etf_scale_sse,SH,530800,上180ETF,18201800.0,份,,,akshare:20260828
2026-08-28,akshare_fund_etf_scale_sse,SH,530880,上证红利,39336000.0,份,,,akshare:20260828
2026-08-28,akshare_fund_etf_scale_sse,SH,551000,科创债,79904100.0,份,,,akshare:20260828
2026-08-28,akshare_fund_etf_scale_sse,SH,551030,科创债券,183340000.0,份,,,akshare:20260828
2026-08-28,akshare_fund_etf_scale_sse,SH,551060,科创债沪,57401000.0,份,,,akshare:20260828
2026-08-28,akshare_fund_etf_scale_sse,SH,551300,科创债摩,50957500.0,份,,,akshare:20260828
2026-08-28,akshare_fund_etf_scale_sse,SH,551500,科创债易,128220000.0,份,,,akshare:20260828
2026-08-28,akshare_fund_etf_scale_sse,SH,551510,科债AAA,141716100.0,份,,,akshare:20260828
2026-08-28,akshare_fund_etf_scale_sse,SH,551520,科创债汇,216161600.0,份,,,akshare:20260828
2026-08-28,akshare_fund_etf_scale_sse,SH,551550,科创AAA,178348200.0,份,,,akshare:20260828
2026-08-28,akshare_fund_etf_scale_sse,SH,551560,科创债兴,171658800.0,份,,,akshare:20260828
2026-08-28,akshare_fund_etf_scale_sse,SH,551580,科创债TK,107026800.0,份,,,akshare:20260828
2026-08-28,akshare_fund_etf_scale_sse,SH,551800,国泰科债,116021400.0,份,,,akshare:20260828
2026-08-28,akshare_fund_etf_scale_sse,SH,551900,科创债指,138931700.0,份,,,akshare:20260828
2026-08-28,akshare_fund_etf_scale_sse,SH,560010,1000基金,1856621700.0000002,份,,,akshare:20260828
2026-08-28,akshare_fund_etf_scale_sse,SH,560020,红利添富,132562000.0,份,,,akshare:20260828
2026-08-28,akshare_fund_etf_scale_sse,SH,560030,800价值,23432000.0,份,,,akshare:20260828
2026-08-28,akshare_fund_etf_scale_sse,SH,560050,MSCIA50,2174934400.0,份,,,akshare:20260828
2026-08-28,akshare_fund_etf_scale_sse,SH,560060,碳中和基,76090000.0,份,,,akshare:20260828
2026-08-28,akshare_fund_etf_scale_sse,SH,560070,央企分红,83362300.0,份,,,akshare:20260828
2026-08-28,akshare_fund_etf_scale_sse,SH,560080,中药ETF,2258265000.0,份,,,akshare:20260828
2026-08-28,akshare_fund_etf_scale_sse,SH,560090,证券指数,2318865000.0,份,,,akshare:20260828
2026-08-28,akshare_fund_etf_scale_sse,SH,560100,增强ETF,56580300.0,份,,,akshare:20260828
2026-08-28,akshare_fund_etf_scale_sse,SH,560110,ZZ1000,355903500.0,份,,,akshare:20260828
2026-08-28,akshare_fund_etf_scale_sse,SH,560120,500现金,578689000.0,份,,,akshare:20260828
2026-08-28,akshare_fund_etf_scale_sse,SH,560130,食品基金,69776200.0,份,,,akshare:20260828
2026-08-28,akshare_fund_etf_scale_sse,SH,560150,红利TK,683279299.9999999,份,,,akshare:20260828
2026-08-28,akshare_fund_etf_scale_sse,SH,560160,食品E,111706000.0,份,,,akshare:20260828
2026-08-28,akshare_fund_etf_scale_sse,SH,560170,央企科技,373495500.0,份,,,akshare:20260828
2026-08-28,akshare_fund_etf_scale_sse,SH,560180,ESG300,15603000.0,份,,,akshare:20260828
2026-08-28,akshare_fund_etf_scale_sse,SH,560190,公用事业,26834000.0,份,,,akshare:20260828
2026-08-28,akshare_fund_etf_scale_sse,SH,560210,景顺农牧,520522000.0,份,,,akshare:20260828
2026-08-28,akshare_fund_etf_scale_sse,SH,560220,2000基金,60717000.0,份,,,akshare:20260828
2026-08-28,akshare_fund_etf_scale_sse,SH,560230,光伏富国,83889000.0,份,,,akshare:20260828
2026-08-28,akshare_fund_etf_scale_sse,SH,560250,红利质量,149833000.0,份,,,akshare:20260828
2026-08-28,akshare_fund_etf_scale_sse,SH,560260,医疗50,1716664700.0,份,,,akshare:20260828
2026-08-28,akshare_fund_etf_scale_sse,SH,560270,电力指数,165939000.0,份,,,akshare:20260828
2026-08-28,akshare_fund_etf_scale_sse,SH,560280,工程机械,1492752000.0,份,,,akshare:20260828
2026-08-28,akshare_fund_etf_scale_sse,SH,560290,景顺有色,368694000.0,份,,,akshare:20260828
2026-08-28,akshare_fund_etf_scale_sse,SH,560300,电信50,26803400.0,份,,,akshare:20260828
2026-08-28,akshare_fund_etf_scale_sse,SH,560310,光伏博时,185122000.0,份,,,akshare:20260828
2026-08-28,akshare_fund_etf_scale_sse,SH,560320,食品富国,121332000.0,份,,,akshare:20260828
2026-08-28,akshare_fund_etf_scale_sse,SH,560330,300价值E,17130000.0,份,,,akshare:20260828
2026-08-28,akshare_fund_etf_scale_sse,SH,560350,A50指数,841532100.0000001,份,,,akshare:20260828
2026-08-28,akshare_fund_etf_scale_sse,SH,560360,软件指数,225345000.0,份,,,akshare:20260828
2026-08-28,akshare_fund_etf_scale_sse,SH,560370,全指红利,208584000.0,份,,,akshare:20260828
2026-08-28,akshare_fund_etf_scale_sse,SH,560380,A100,140861000.0,份,,,akshare:20260828
2026-08-28,akshare_fund_etf_scale_sse,SH,560390,电网E,2036258000.0,份,,,akshare:20260828
2026-08-28,akshare_fund_etf_scale_sse,SH,560400,证券华泰,173493000.0,份,,,akshare:20260828
2026-08-28,akshare_fund_etf_scale_sse,SH,560410,电池鹏华,58786100.0,份,,,akshare:20260828
2026-08-28,akshare_fund_etf_scale_sse,SH,560420,食品Q,130780200.0,份,,,akshare:20260828
2026-08-28,akshare_fund_etf_scale_sse,SH,560450,电力TH,248569000.0,份,,,akshare:20260828
2026-08-28,akshare_fund_etf_scale_sse,SH,560460,电力平安,290537000.0,份,,,akshare:20260828
2026-08-28,akshare_fund_etf_scale_sse,SH,560470,有色E,302340000.0,份,,,akshare:20260828
2026-08-28,akshare_fund_etf_scale_sse,SH,560480,中证电力,141803000.0,份,,,akshare:20260828
2026-08-28,akshare_fund_etf_scale_sse,SH,560490,华泰有色,106482000.0,份,,,akshare:20260828
2026-08-28,akshare_fund_etf_scale_sse,SH,560500,500质量,295339000.0,份,,,akshare:20260828
2026-08-28,akshare_fund_etf_scale_sse,SH,560510,中证A500,2528026900.0,份,,,akshare:20260828
2026-08-28,akshare_fund_etf_scale_sse,SH,560520,红利大成,51751000.0,份,,,akshare:20260828
2026-08-28,akshare_fund_etf_scale_sse,SH,560530,A500ETF,4009623700.0,份,,,akshare:20260828
2026-08-28,akshare_fund_etf_scale_sse,SH,560550,碳中和,123597400.0,份,,,akshare:20260828
2026-08-28,akshare_fund_etf_scale_sse,SH,560560,碳中和TK,70190100.0,份,,,akshare:20260828
2026-08-28,akshare_fund_etf_scale_sse,SH,560570,A500低波,1157541200.0,份,,,akshare:20260828
2026-08-28,akshare_fund_etf_scale_sse,SH,560580,电力指基,451003000.0,份,,,akshare:20260828
2026-08-28,akshare_fund_etf_scale_sse,SH,560590,1000鹏华,28710000.0,份,,,akshare:20260828
2026-08-28,akshare_fund_etf_scale_sse,SH,560610,A500指数,5257988400.0,份,,,akshare:20260828
2026-08-28,akshare_fund_etf_scale_sse,SH,560620,公用WJ,26367000.0,份,,,akshare:20260828
2026-08-28,akshare_fund_etf_scale_sse,SH,560630,机器人WJ,156394000.0,份,,,akshare:20260828
2026-08-28,akshare_fund_etf_scale_sse,SH,560650,核心50,0.0,份,,,akshare:20260828
2026-08-28,akshare_fund_etf_scale_sse,SH,560660,云50ETF,129938000.0,份,,,akshare:20260828
2026-08-28,akshare_fund_etf_scale_sse,SH,560670,中证银行,48474000.0,份,,,akshare:20260828
2026-08-28,akshare_fund_etf_scale_sse,SH,560680,龙头消费,336725600.0,份,,,akshare:20260828
2026-08-28,akshare_fund_etf_scale_sse,SH,560690,电信主题,20389000.0,份,,,akshare:20260828
2026-08-28,akshare_fund_etf_scale_sse,SH,560700,央红利50,450536900.0,份,,,akshare:20260828
2026-08-28,akshare_fund_etf_scale_sse,SH,560710,船舶ETF,1721580000.0,份,,,akshare:20260828
2026-08-28,akshare_fund_etf_scale_sse,SH,560720,工银红利,100548000.0,份,,,akshare:20260828
2026-08-28,akshare_fund_etf_scale_sse,SH,560730,红利GTHT,88836299.99999999,份,,,akshare:20260828
2026-08-28,akshare_fund_etf_scale_sse,SH,560750,A500申万,78554800.0,份,,,akshare:20260828
2026-08-28,akshare_fund_etf_scale_sse,SH,560770,机器人ZS,1657633000.0,份,,,akshare:20260828
2026-08-28,akshare_fund_etf_scale_sse,SH,560780,半导设备,12955488000.0,份,,,akshare:20260828
2026-08-28,akshare_fund_etf_scale_sse,SH,560790,软件服务,225455900.0,份,,,akshare:20260828
2026-08-28,akshare_fund_etf_scale_sse,SH,560800,数字ETF,293951100.0,份,,,akshare:20260828
2026-08-28,akshare_fund_etf_scale_sse,SH,560810,央企ESG,181116000.0,份,,,akshare:20260828
2026-08-28,akshare_fund_etf_scale_sse,SH,560820,A50新华,40926000.0,份,,,akshare:20260828
2026-08-28,akshare_fund_etf_scale_sse,SH,560830,电指数,706519000.0,份,,,akshare:20260828
2026-08-28,akshare_fund_etf_scale_sse,SH,560850,信创50,70164000.0,份,,,akshare:20260828
2026-08-28,akshare_fund_etf_scale_sse,SH,560860,工业有色,5346233000.0,份,,,akshare:20260828
2026-08-28,akshare_fund_etf_scale_sse,SH,560870,中银有色,93351900.0,份,,,akshare:20260828
2026-08-28,akshare_fund_etf_scale_sse,SH,560880,家电基金,195232000.0,份,,,akshare:20260828
2026-08-28,akshare_fund_etf_scale_sse,SH,560900,创新药企,205969100.0,份,,,akshare:20260828
2026-08-28,akshare_fund_etf_scale_sse,SH,560910,中证电池,194721000.0,份,,,akshare:20260828
2026-08-28,akshare_fund_etf_scale_sse,SH,560920,招商机械,44373300.0,份,,,akshare:20260828
2026-08-28,akshare_fund_etf_scale_sse,SH,560930,电力E,211524000.0,份,,,akshare:20260828
2026-08-28,akshare_fund_etf_scale_sse,SH,560950,500增,15483000.0,份,,,akshare:20260828
2026-08-28,akshare_fund_etf_scale_sse,SH,560970,有色金属,69138000.0,份,,,akshare:20260828
2026-08-28,akshare_fund_etf_scale_sse,SH,560980,光伏龙头,340522000.0,份,,,akshare:20260828
2026-08-28,akshare_fund_etf_scale_sse,SH,560990,科技先锋,16187100.0,份,,,akshare:20260828
2026-08-28,akshare_fund_etf_scale_sse,SH,561000,300指增,52420000.0,份,,,akshare:20260828
2026-08-28,akshare_fund_etf_scale_sse,SH,561010,软件开发,295356000.0,份,,,akshare:20260828
2026-08-28,akshare_fund_etf_scale_sse,SH,561020,食品招商,31022199.999999996,份,,,akshare:20260828
2026-08-28,akshare_fund_etf_scale_sse,SH,561030,机械华泰,186550000.0,份,,,akshare:20260828
2026-08-28,akshare_fund_etf_scale_sse,SH,561050,稀金属E,228250000.0,份,,,akshare:20260828
2026-08-28,akshare_fund_etf_scale_sse,SH,561060,红利国企,49065000.0,份,,,akshare:20260828
2026-08-28,akshare_fund_etf_scale_sse,SH,561080,现金自由,24250000.0,份,,,akshare:20260828
2026-08-28,akshare_fund_etf_scale_sse,SH,561090,A500增,212974000.0,份,,,akshare:20260828
2026-08-28,akshare_fund_etf_scale_sse,SH,561100,电子龙头,588746900.0,份,,,akshare:20260828
2026-08-28,akshare_fund_etf_scale_sse,SH,561120,家电ETF,28159899.999999996,份,,,akshare:20260828
2026-08-28,akshare_fund_etf_scale_sse,SH,561130,国货ETF,83935200.0,份,,,akshare:20260828
2026-08-28,akshare_fund_etf_scale_sse,SH,561160,锂电池,2283835000.0,份,,,akshare:20260828
2026-08-28,akshare_fund_etf_scale_sse,SH,561170,绿电50,542532700.0,份,,,akshare:20260828
2026-08-28,akshare_fund_etf_scale_sse,SH,561180,A100ETF,49609600.0,份,,,akshare:20260828
2026-08-28,akshare_fund_etf_scale_sse,SH,561190,双碳ETF,193318000.0,份,,,akshare:20260828
2026-08-28,akshare_fund_etf_scale_sse,SH,561200,A100基金,31470500.0,份,,,akshare:20260828
2026-08-28,akshare_fund_etf_scale_sse,SH,561220,国企数字,46053000.0,份,,,akshare:20260828
2026-08-28,akshare_fund_etf_scale_sse,SH,561230,A50,450477800.0,份,,,akshare:20260828
2026-08-28,akshare_fund_etf_scale_sse,SH,561250,稀金属PH,85752200.0,份,,,akshare:20260828
2026-08-28,akshare_fund_etf_scale_sse,SH,561260,能源ETF,23895200.0,份,,,akshare:20260828
2026-08-28,akshare_fund_etf_scale_sse,SH,561280,增强1000,87847700.0,份,,,akshare:20260828
2026-08-28,akshare_fund_etf_scale_sse,SH,561300,300增ETF,484965000.0,份,,,akshare:20260828
2026-08-28,akshare_fund_etf_scale_sse,SH,561310,消电ETF,107833100.0,份,,,akshare:20260828
2026-08-28,akshare_fund_etf_scale_sse,SH,561320,交运ETF,34369000.0,份,,,akshare:20260828
2026-08-28,akshare_fund_etf_scale_sse,SH,561330,矿业ETF,1819392100.0,份,,,akshare:20260828
2026-08-28,akshare_fund_etf_scale_sse,SH,561350,国泰500,94700000.0,份,,,akshare:20260828
2026-08-28,akshare_fund_etf_scale_sse,SH,561360,石油ETF,1339148000.0,份,,,akshare:20260828
2026-08-28,akshare_fund_etf_scale_sse,SH,561370,2000ETF,32356000.0,份,,,akshare:20260828
2026-08-28,akshare_fund_etf_scale_sse,SH,561380,电网ETF,6496034000.0,份,,,akshare:20260828
2026-08-28,akshare_fund_etf_scale_sse,SH,561390,稀金属PA,88128100.0,份,,,akshare:20260828
2026-08-28,akshare_fund_etf_scale_sse,SH,561400,鑫元养殖,46519000.0,份,,,akshare:20260828
2026-08-28,akshare_fund_etf_scale_sse,SH,561410,光伏工银,206613300.00000003,份,,,akshare:20260828
2026-08-28,akshare_fund_etf_scale_sse,SH,561420,300现金,1015237000.0,份,,,akshare:20260828
2026-08-28,akshare_fund_etf_scale_sse,SH,561430,全指质量,38723200.0,份,,,akshare:20260828
2026-08-28,akshare_fund_etf_scale_sse,SH,561450,华泰红利,83624300.0,份,,,akshare:20260828
2026-08-28,akshare_fund_etf_scale_sse,SH,561460,AITH,856020000.0,份,,,akshare:20260828
2026-08-28,akshare_fund_etf_scale_sse,SH,561470,畜牧TH,42936000.0,份,,,akshare:20260828
2026-08-28,akshare_fund_etf_scale_sse,SH,561490,红利财通,93631299.99999999,份,,,akshare:20260828
2026-08-28,akshare_fund_etf_scale_sse,SH,561500,漂亮50,56100300.0,份,,,akshare:20260828
2026-08-28,akshare_fund_etf_scale_sse,SH,561510,中医药,64206000.0,份,,,akshare:20260828
2026-08-28,akshare_fund_etf_scale_sse,SH,561550,500指增,1300489600.0,份,,,akshare:20260828
2026-08-28,akshare_fund_etf_scale_sse,SH,561560,电力ETF,1950624200.0000002,份,,,akshare:20260828
2026-08-28,akshare_fund_etf_scale_sse,SH,561570,油气基金,74147000.0,份,,,akshare:20260828
2026-08-28,akshare_fund_etf_scale_sse,SH,561580,央企红利,1928370700.0,份,,,akshare:20260828
2026-08-28,akshare_fund_etf_scale_sse,SH,561590,1000增强,101499599.99999999,份,,,akshare:20260828
2026-08-28,akshare_fund_etf_scale_sse,SH,561600,消费电子,288548000.0,份,,,akshare:20260828
2026-08-28,akshare_fund_etf_scale_sse,SH,561620,华泰化工,39727000.0,份,,,akshare:20260828
2026-08-28,akshare_fund_etf_scale_sse,SH,561630,华泰质量,42898000.0,份,,,akshare:20260828
2026-08-28,akshare_fund_etf_scale_sse,SH,561660,通航基金,69710000.0,份,,,akshare:20260828
2026-08-28,akshare_fund_etf_scale_sse,SH,561680,A500红低,58169000.0,份,,,akshare:20260828
2026-08-28,akshare_fund_etf_scale_sse,SH,561700,电力基金,352313600.0,份,,,akshare:20260828
2026-08-28,akshare_fund_etf_scale_sse,SH,561730,N中证A股,166748100.0,份,,,akshare:20260828
2026-08-28,akshare_fund_etf_scale_sse,SH,561750,A50博时,61496000.0,份,,,akshare:20260828
2026-08-28,akshare_fund_etf_scale_sse,SH,561760,油气博时,156195000.0,份,,,akshare:20260828
2026-08-28,akshare_fund_etf_scale_sse,SH,561770,指基A100,37550000.0,份,,,akshare:20260828
2026-08-28,akshare_fund_etf_scale_sse,SH,561780,1000指增,21355800.0,份,,,akshare:20260828
2026-08-28,akshare_fund_etf_scale_sse,SH,561790,现代能源,57534000.0,份,,,akshare:20260828
2026-08-28,akshare_fund_etf_scale_sse,SH,561800,稀金属,203077200.0,份,,,akshare:20260828
2026-08-28,akshare_fund_etf_scale_sse,SH,561810,华泰医疗,70638400.0,份,,,akshare:20260828
2026-08-28,akshare_fund_etf_scale_sse,SH,561870,现金流指,91765000.0,份,,,akshare:20260828
2026-08-28,akshare_fund_etf_scale_sse,SH,561880,A100指数,82389000.0,份,,,akshare:20260828
2026-08-28,akshare_fund_etf_scale_sse,SH,561890,A股E,41112600.0,份,,,akshare:20260828
2026-08-28,akshare_fund_etf_scale_sse,SH,561900,沪深ESG,26334400.0,份,,,akshare:20260828
2026-08-28,akshare_fund_etf_scale_sse,SH,561910,电池ETF,4660076600.0,份,,,akshare:20260828
2026-08-28,akshare_fund_etf_scale_sse,SH,561920,疫苗龙头,65692000.0,份,,,akshare:20260828
2026-08-28,akshare_fund_etf_scale_sse,SH,561930,招商300,181260600.0,份,,,akshare:20260828
2026-08-28,akshare_fund_etf_scale_sse,SH,561950,500增强A,72156000.0,份,,,akshare:20260828
2026-08-28,akshare_fund_etf_scale_sse,SH,561960,央企回报,57385200.00000001,份,,,akshare:20260828
2026-08-28,akshare_fund_etf_scale_sse,SH,561980,芯片设备,8385550000.0,份,,,akshare:20260828
2026-08-28,akshare_fund_etf_scale_sse,SH,561990,300增强,340649200.0,份,,,akshare:20260828
2026-08-28,akshare_fund_etf_scale_sse,SH,562000,中证A100,596737900.0,份,,,akshare:20260828
2026-08-28,akshare_fund_etf_scale_sse,SH,562010,绿色能源,18298700.0,份,,,akshare:20260828
2026-08-28,akshare_fund_etf_scale_sse,SH,562030,信创基金,142973900.0,份,,,akshare:20260828
2026-08-28,akshare_fund_etf_scale_sse,SH,562050,药ETF,99468000.0,份,,,akshare:20260828
2026-08-28,akshare_fund_etf_scale_sse,SH,562060,标普红利,5057792600.0,份,,,akshare:20260828
2026-08-28,akshare_fund_etf_scale_sse,SH,562070,300ETF增,552542000.0,份,,,akshare:20260828
2026-08-28,akshare_fund_etf_scale_sse,SH,562080,自由现金,588757200.0,份,,,akshare:20260828
2026-08-28,akshare_fund_etf_scale_sse,SH,562300,低碳ETF,55495000.0,份,,,akshare:20260828
2026-08-28,akshare_fund_etf_scale_sse,SH,562310,300成长,446572300.00000006,份,,,akshare:20260828
2026-08-28,akshare_fund_etf_scale_sse,SH,562320,300价值A,55295500.0,份,,,akshare:20260828
2026-08-28,akshare_fund_etf_scale_sse,SH,562330,500价值,12018900.000000002,份,,,akshare:20260828
2026-08-28,akshare_fund_etf_scale_sse,SH,562340,500成长,8144299.999999999,份,,,akshare:20260828
2026-08-28,akshare_fund_etf_scale_sse,SH,562350,电力,133410900.0,份,,,akshare:20260828
2026-08-28,akshare_fund_etf_scale_sse,SH,562360,机器人YH,300474000.0,份,,,akshare:20260828
2026-08-28,akshare_fund_etf_scale_sse,SH,562380,科技引领,74628900.0,份,,,akshare:20260828
2026-08-28,akshare_fund_etf_scale_sse,SH,562390,中药,79429000.0,份,,,akshare:20260828
2026-08-28,akshare_fund_etf_scale_sse,SH,562500,机器人,18593687300.0,份,,,akshare:20260828
2026-08-28,akshare_fund_etf_scale_sse,SH,562510,旅游ETF,1096095000.0,份,,,akshare:20260828
2026-08-28,akshare_fund_etf_scale_sse,SH,562520,1000成长,26568000.0,份,,,akshare:20260828
2026-08-28,akshare_fund_etf_scale_sse,SH,562530,1000价值,181144000.0,份,,,akshare:20260828
2026-08-28,akshare_fund_etf_scale_sse,SH,562550,绿电ETF,1534419300.0,份,,,akshare:20260828
2026-08-28,akshare_fund_etf_scale_sse,SH,562560,信息技术,22765500.0,份,,,akshare:20260828
2026-08-28,akshare_fund_etf_scale_sse,SH,562570,信创ETF,308281000.0,份,,,akshare:20260828
2026-08-28,akshare_fund_etf_scale_sse,SH,562580,可选消费,37723300.0,份,,,akshare:20260828
2026-08-28,akshare_fund_etf_scale_sse,SH,562590,半导材料,9070989000.0,份,,,akshare:20260828
2026-08-28,akshare_fund_etf_scale_sse,SH,562600,医疗器械,453937400.0,份,,,akshare:20260828
2026-08-28,akshare_fund_etf_scale_sse,SH,562660,ZZ2000,348874000.0,份,,,akshare:20260828
2026-08-28,akshare_fund_etf_scale_sse,SH,562700,汽车零件,101750000.0,份,,,akshare:20260828
2026-08-28,akshare_fund_etf_scale_sse,SH,562800,稀有金属,5723095000.0,份,,,akshare:20260828
2026-08-28,akshare_fund_etf_scale_sse,SH,562810,上证增强,55451000.0,份,,,akshare:20260828
2026-08-28,akshare_fund_etf_scale_sse,SH,562820,集成电路,416408000.0,份,,,akshare:20260828
2026-08-28,akshare_fund_etf_scale_sse,SH,562850,央企能源,185981500.0,份,,,akshare:20260828
2026-08-28,akshare_fund_etf_scale_sse,SH,562860,疫苗ETF,328895000.0,份,,,akshare:20260828
2026-08-28,akshare_fund_etf_scale_sse,SH,562870,证券全指,598005200.0,份,,,akshare:20260828
2026-08-28,akshare_fund_etf_scale_sse,SH,562880,电池基金,889399600.0000001,份,,,akshare:20260828
2026-08-28,akshare_fund_etf_scale_sse,SH,562890,A50中证,270551000.0,份,,,akshare:20260828
2026-08-28,akshare_fund_etf_scale_sse,SH,562900,现代农业,232706300.0,份,,,akshare:20260828
2026-08-28,akshare_fund_etf_scale_sse,SH,562910,高端制造,296227300.0,份,,,akshare:20260828
2026-08-28,akshare_fund_etf_scale_sse,SH,562920,信息安全,93069000.0,份,,,akshare:20260828
2026-08-28,akshare_fund_etf_scale_sse,SH,562930,软件30,1737437000.0,份,,,akshare:20260828
2026-08-28,akshare_fund_etf_scale_sse,SH,562950,消电50,1011258300.0,份,,,akshare:20260828
2026-08-28,akshare_fund_etf_scale_sse,SH,562960,绿色电力,1243391000.0,份,,,akshare:20260828
2026-08-28,akshare_fund_etf_scale_sse,SH,562970,光伏E,364448000.0,份,,,akshare:20260828
2026-08-28,akshare_fund_etf_scale_sse,SH,562990,碳中和E,376756000.0,份,,,akshare:20260828
2026-08-28,akshare_fund_etf_scale_sse,SH,563000,中国A50,1540951099.9999998,份,,,akshare:20260828
2026-08-28,akshare_fund_etf_scale_sse,SH,563010,电信ETF,94189300.0,份,,,akshare:20260828
2026-08-28,akshare_fund_etf_scale_sse,SH,563020,低波红利,10949910000.0,份,,,akshare:20260828
2026-08-28,akshare_fund_etf_scale_sse,SH,563030,增强500,127169000.0,份,,,akshare:20260828
2026-08-28,akshare_fund_etf_scale_sse,SH,563050,科技央企,133208400.0,份,,,akshare:20260828
2026-08-28,akshare_fund_etf_scale_sse,SH,563060,央企50,188527000.0,份,,,akshare:20260828
2026-08-28,akshare_fund_etf_scale_sse,SH,563080,中证A50E,1098588400.0,份,,,akshare:20260828
2026-08-28,akshare_fund_etf_scale_sse,SH,563090,上50增强,55848000.0,份,,,akshare:20260828
2026-08-28,akshare_fund_etf_scale_sse,SH,563150,油气资源,34399000.0,份,,,akshare:20260828
2026-08-28,akshare_fund_etf_scale_sse,SH,563180,高股息,100420000.0,份,,,akshare:20260828
2026-08-28,akshare_fund_etf_scale_sse,SH,563200,2000指数,53458800.0,份,,,akshare:20260828
2026-08-28,akshare_fund_etf_scale_sse,SH,563210,专精特新,116067000.0,份,,,akshare:20260828
2026-08-28,akshare_fund_etf_scale_sse,SH,563220,A500富国,6545013700.0,份,,,akshare:20260828
2026-08-28,akshare_fund_etf_scale_sse,SH,563230,卫星ETF,3383237000.0,份,,,akshare:20260828
2026-08-28,akshare_fund_etf_scale_sse,SH,563280,A50增强,5206600.0,份,,,akshare:20260828
2026-08-28,akshare_fund_etf_scale_sse,SH,563300,中证2000,4876174000.0,份,,,akshare:20260828
2026-08-28,akshare_fund_etf_scale_sse,SH,563320,通用航空,226892000.0,份,,,akshare:20260828
2026-08-28,akshare_fund_etf_scale_sse,SH,563330,A股ETF,33360600.0,份,,,akshare:20260828
2026-08-28,akshare_fund_etf_scale_sse,SH,563350,中证A50,171997599.99999997,份,,,akshare:20260828
2026-08-28,akshare_fund_etf_scale_sse,SH,563360,A500基金,31690987400.000004,份,,,akshare:20260828
2026-08-28,akshare_fund_etf_scale_sse,SH,563380,航空航天,883950000.0,份,,,akshare:20260828
2026-08-28,akshare_fund_etf_scale_sse,SH,563390,现金基金,2144844000.0,份,,,akshare:20260828
2026-08-28,akshare_fund_etf_scale_sse,SH,563500,A500华宝,765958700.0,份,,,akshare:20260828
2026-08-28,akshare_fund_etf_scale_sse,SH,563510,A500红利,290537000.0,份,,,akshare:20260828
2026-08-28,akshare_fund_etf_scale_sse,SH,563520,300永赢,433065000.0,份,,,akshare:20260828
2026-08-28,akshare_fund_etf_scale_sse,SH,563530,卫星E,1585748000.0,份,,,akshare:20260828
2026-08-28,akshare_fund_etf_scale_sse,SH,563550,增强A500,76559000.0,份,,,akshare:20260828
2026-08-28,akshare_fund_etf_scale_sse,SH,563560,科技成长,54769000.0,份,,,akshare:20260828
2026-08-28,akshare_fund_etf_scale_sse,SH,563570,金融科,106374000.0,份,,,akshare:20260828
2026-08-28,akshare_fund_etf_scale_sse,SH,563580,现金800,243648000.0,份,,,akshare:20260828
2026-08-28,akshare_fund_etf_scale_sse,SH,563590,红利A500,61944399.99999999,份,,,akshare:20260828
2026-08-28,akshare_fund_etf_scale_sse,SH,563600,A500增强,69483000.0,份,,,akshare:20260828
2026-08-28,akshare_fund_etf_scale_sse,SH,563620,现金流全,51049000.0,份,,,akshare:20260828
2026-08-28,akshare_fund_etf_scale_sse,SH,563630,A500指增,35947100.0,份,,,akshare:20260828
2026-08-28,akshare_fund_etf_scale_sse,SH,563650,A500中证,140909000.0,份,,,akshare:20260828
2026-08-28,akshare_fund_etf_scale_sse,SH,563660,A500银河,63085200.00000001,份,,,akshare:20260828
2026-08-28,akshare_fund_etf_scale_sse,SH,563670,金科基金,180987000.0,份,,,akshare:20260828
2026-08-28,akshare_fund_etf_scale_sse,SH,563680,现金流TF,104959000.0,份,,,akshare:20260828
2026-08-28,akshare_fund_etf_scale_sse,SH,563690,红利永赢,34882000.0,份,,,akshare:20260828
2026-08-28,akshare_fund_etf_scale_sse,SH,563700,红利价值,373150000.0,份,,,akshare:20260828
2026-08-28,akshare_fund_etf_scale_sse,SH,563750,500添富,342237000.0,份,,,akshare:20260828
2026-08-28,akshare_fund_etf_scale_sse,SH,563760,中银现金,699913200.0000001,份,,,akshare:20260828
2026-08-28,akshare_fund_etf_scale_sse,SH,563770,全指现金,25807000.0,份,,,akshare:20260828
2026-08-28,akshare_fund_etf_scale_sse,SH,563780,现金指数,248027100.0,份,,,akshare:20260828
2026-08-28,akshare_fund_etf_scale_sse,SH,563790,卫星产业,1201447000.0,份,,,akshare:20260828
2026-08-28,akshare_fund_etf_scale_sse,SH,563800,A500龙头,9037978100.0,份,,,akshare:20260828
2026-08-28,akshare_fund_etf_scale_sse,SH,563830,现金流基,137896000.0,份,,,akshare:20260828
2026-08-28,akshare_fund_etf_scale_sse,SH,563850,食品广发,118481700.0,份,,,akshare:20260828
2026-08-28,akshare_fund_etf_scale_sse,SH,563860,A500海富,182844300.0,份,,,akshare:20260828
2026-08-28,akshare_fund_etf_scale_sse,SH,563870,航空通用,108303900.0,份,,,akshare:20260828
2026-08-28,akshare_fund_etf_scale_sse,SH,563880,A500添富,1573996400.0000002,份,,,akshare:20260828
2026-08-28,akshare_fund_etf_scale_sse,SH,563890,红利国有,22336000.0,份,,,akshare:20260828
2026-08-28,akshare_fund_etf_scale_sse,SH,563900,现金流,468965700.0,份,,,akshare:20260828
2026-08-28,akshare_fund_etf_scale_sse,SH,563930,上指增强,28592000.0,份,,,akshare:20260828
2026-08-28,akshare_fund_etf_scale_sse,SH,563960,300质量,360012000.0,份,,,akshare:20260828
2026-08-28,akshare_fund_etf_scale_sse,SH,563980,800红利,188967000.0,份,,,akshare:20260828
2026-08-28,akshare_fund_etf_scale_sse,SH,563990,800现金,295573000.0,份,,,akshare:20260828
2026-08-28,akshare_fund_etf_scale_sse,SH,588000,科创50,50336668200.0,份,,,akshare:20260828
2026-08-28,akshare_fund_etf_scale_sse,SH,588010,科创材料,922925800.0,份,,,akshare:20260828
2026-08-28,akshare_fund_etf_scale_sse,SH,588020,科创50E,2153373000.0,份,,,akshare:20260828
2026-08-28,akshare_fund_etf_scale_sse,SH,588030,科创指基,2282838100.0,份,,,akshare:20260828
2026-08-28,akshare_fund_etf_scale_sse,SH,588040,科创板指,125889000.0,份,,,akshare:20260828
2026-08-28,akshare_fund_etf_scale_sse,SH,588050,科创ETF,6403241300.0,份,,,akshare:20260828
2026-08-28,akshare_fund_etf_scale_sse,SH,588060,上证科创,7201140000.0,份,,,akshare:20260828
2026-08-28,akshare_fund_etf_scale_sse,SH,588070,科创万家,44437000.0,份,,,akshare:20260828
2026-08-28,akshare_fund_etf_scale_sse,SH,588080,科创板50,24631628100.0,份,,,akshare:20260828
2026-08-28,akshare_fund_etf_scale_sse,SH,588090,科创板,2958072800.0000005,份,,,akshare:20260828
2026-08-28,akshare_fund_etf_scale_sse,SH,588100,科创信息,201746200.0,份,,,akshare:20260828
2026-08-28,akshare_fund_etf_scale_sse,SH,588110,科创成长,1015032000.0,份,,,akshare:20260828
2026-08-28,akshare_fund_etf_scale_sse,SH,588120,科100ETF,907622000.0,份,,,akshare:20260828
2026-08-28,akshare_fund_etf_scale_sse,SH,588130,科创药,451082600.0,份,,,akshare:20260828
2026-08-28,akshare_fund_etf_scale_sse,SH,588140,科200GF,238751000.0,份,,,akshare:20260828
2026-08-28,akshare_fund_etf_scale_sse,SH,588150,科创龙头,380432600.0,份,,,akshare:20260828
2026-08-28,akshare_fund_etf_scale_sse,SH,588160,科创新材,863496000.0,份,,,akshare:20260828
2026-08-28,akshare_fund_etf_scale_sse,SH,588170,科创半导,44421447000.0,份,,,akshare:20260828
2026-08-28,akshare_fund_etf_scale_sse,SH,588180,科创50基,727853700.0,份,,,akshare:20260828
2026-08-28,akshare_fund_etf_scale_sse,SH,588190,科创100,1336618299.9999998,份,,,akshare:20260828
2026-08-28,akshare_fund_etf_scale_sse,SH,588200,科创芯片,42311684300.0,份,,,akshare:20260828
2026-08-28,akshare_fund_etf_scale_sse,SH,588210,科创100E,243254000.0,份,,,akshare:20260828
2026-08-28,akshare_fund_etf_scale_sse,SH,588220,科创100F,3599697900.0,份,,,akshare:20260828
2026-08-28,akshare_fund_etf_scale_sse,SH,588230,科创200,770939000.0,份,,,akshare:20260828
2026-08-28,akshare_fund_etf_scale_sse,SH,588240,科200,128633000.0,份,,,akshare:20260828
2026-08-28,akshare_fund_etf_scale_sse,SH,588250,KC医药,267675000.0,份,,,akshare:20260828
2026-08-28,akshare_fund_etf_scale_sse,SH,588260,科创技术,46746000.0,份,,,akshare:20260828
2026-08-28,akshare_fund_etf_scale_sse,SH,588270,科创200F,301410000.0,份,,,akshare:20260828
2026-08-28,akshare_fund_etf_scale_sse,SH,588280,科创五零,376121000.0,份,,,akshare:20260828
2026-08-28,akshare_fund_etf_scale_sse,SH,588290,芯片科创,4690191000.0,份,,,akshare:20260828
2026-08-28,akshare_fund_etf_scale_sse,SH,588300,双创ETF,1513210500.0,份,,,akshare:20260828
2026-08-28,akshare_fund_etf_scale_sse,SH,588310,双创基金,31837500.0,份,,,akshare:20260828
2026-08-28,akshare_fund_etf_scale_sse,SH,588320,双创增强,80824600.0,份,,,akshare:20260828
2026-08-28,akshare_fund_etf_scale_sse,SH,588330,双创龙头,1161737800.0,份,,,akshare:20260828
2026-08-28,akshare_fund_etf_scale_sse,SH,588350,双创,652546000.0,份,,,akshare:20260828
2026-08-28,akshare_fund_etf_scale_sse,SH,588360,创创ETF,216281800.0,份,,,akshare:20260828
2026-08-28,akshare_fund_etf_scale_sse,SH,588370,科创策略,73272000.0,份,,,akshare:20260828
2026-08-28,akshare_fund_etf_scale_sse,SH,588380,创50ETF,2675770000.0,份,,,akshare:20260828
2026-08-28,akshare_fund_etf_scale_sse,SH,588390,科创创业,161935900.0,份,,,akshare:20260828
2026-08-28,akshare_fund_etf_scale_sse,SH,588400,双创50,1356600600.0,份,,,akshare:20260828
2026-08-28,akshare_fund_etf_scale_sse,SH,588410,双创AI,113250000.0,份,,,akshare:20260828
2026-08-28,akshare_fund_etf_scale_sse,SH,588420,AI双创,339648000.0,份,,,akshare:20260828
2026-08-28,akshare_fund_etf_scale_sse,SH,588430,科创创AI,100458000.0,份,,,akshare:20260828
2026-08-28,akshare_fund_etf_scale_sse,SH,588450,科创50增,60568700.0,份,,,akshare:20260828
2026-08-28,akshare_fund_etf_scale_sse,SH,588460,科创增强,643514000.0,份,,,akshare:20260828
2026-08-28,akshare_fund_etf_scale_sse,SH,588470,双创智能,289907000.0,份,,,akshare:20260828
2026-08-28,akshare_fund_etf_scale_sse,SH,588480,AI50双创,245717000.0,份,,,akshare:20260828
2026-08-28,akshare_fund_etf_scale_sse,SH,588500,科创100Z,48647000.0,份,,,akshare:20260828
2026-08-28,akshare_fund_etf_scale_sse,SH,588510,智能双创,325175000.0,份,,,akshare:20260828
2026-08-28,akshare_fund_etf_scale_sse,SH,588520,科创增,12957000.0,份,,,akshare:20260828
2026-08-28,akshare_fund_etf_scale_sse,SH,588530,AIBOCI,225033300.00000003,份,,,akshare:20260828
2026-08-28,akshare_fund_etf_scale_sse,SH,588550,科创增指,63290000.0,份,,,akshare:20260828
2026-08-28,akshare_fund_etf_scale_sse,SH,588660,双创五零,39344000.0,份,,,akshare:20260828
2026-08-28,akshare_fund_etf_scale_sse,SH,588670,科综增强,39792000.0,份,,,akshare:20260828
2026-08-28,akshare_fund_etf_scale_sse,SH,588680,科100增,32361000.0,份,,,akshare:20260828
2026-08-28,akshare_fund_etf_scale_sse,SH,588690,科综指增,51636000.0,份,,,akshare:20260828
2026-08-28,akshare_fund_etf_scale_sse,SH,588700,科创生物,440336200.0,份,,,akshare:20260828
2026-08-28,akshare_fund_etf_scale_sse,SH,588710,科半导体,11436885000.0,份,,,akshare:20260828
2026-08-28,akshare_fund_etf_scale_sse,SH,588720,中银科创,109741800.0,份,,,akshare:20260828
2026-08-28,akshare_fund_etf_scale_sse,SH,588730,科创AI,732396300.0,份,,,akshare:20260828
2026-08-28,akshare_fund_etf_scale_sse,SH,588750,科创芯50,3220228000.0,份,,,akshare:20260828
2026-08-28,akshare_fund_etf_scale_sse,SH,588760,AI科创,2440532000.0,份,,,akshare:20260828
2026-08-28,akshare_fund_etf_scale_sse,SH,588770,信息科创,314597100.0,份,,,akshare:20260828
2026-08-28,akshare_fund_etf_scale_sse,SH,588780,芯片设计,995902000.0,份,,,akshare:20260828
2026-08-28,akshare_fund_etf_scale_sse,SH,588790,科创智能,3322384000.0,份,,,akshare:20260828
2026-08-28,akshare_fund_etf_scale_sse,SH,588800,科创100C,1684877000.0,份,,,akshare:20260828
2026-08-28,akshare_fund_etf_scale_sse,SH,588810,科创板芯,684324000.0,份,,,akshare:20260828
2026-08-28,akshare_fund_etf_scale_sse,SH,588820,科创200E,151400000.0,份,,,akshare:20260828
2026-08-28,akshare_fund_etf_scale_sse,SH,588830,科创新能,623847900.0,份,,,akshare:20260828
2026-08-28,akshare_fund_etf_scale_sse,SH,588840,50科创,58236000.0,份,,,akshare:20260828
2026-08-28,akshare_fund_etf_scale_sse,SH,588850,科创机械,80779000.0,份,,,akshare:20260828
2026-08-28,akshare_fund_etf_scale_sse,SH,588860,科创医药,340889400.0,份,,,akshare:20260828
2026-08-28,akshare_fund_etf_scale_sse,SH,588870,科创50指,776552000.0,份,,,akshare:20260828
2026-08-28,akshare_fund_etf_scale_sse,SH,588880,科创指数,108368000.0,份,,,akshare:20260828
2026-08-28,akshare_fund_etf_scale_sse,SH,588890,科创芯,2789430000.0,份,,,akshare:20260828
2026-08-28,akshare_fund_etf_scale_sse,SH,588900,科创100S,352783000.0,份,,,akshare:20260828
2026-08-28,akshare_fund_etf_scale_sse,SH,588910,科创价值,100049100.0,份,,,akshare:20260828
2026-08-28,akshare_fund_etf_scale_sse,SH,588920,KC芯片,316876000.0,份,,,akshare:20260828
2026-08-28,akshare_fund_etf_scale_sse,SH,588930,科创板AI,621329000.0,份,,,akshare:20260828
2026-08-28,akshare_fund_etf_scale_sse,SH,588940,科创富国,2912840000.0,份,,,akshare:20260828
2026-08-28,akshare_fund_etf_scale_sse,SH,588950,景顺科创,671729700.0,份,,,akshare:20260828
2026-08-28,akshare_fund_etf_scale_sse,SH,588960,新能科创,141579800.0,份,,,akshare:20260828
2026-08-28,akshare_fund_etf_scale_sse,SH,588980,科创广发,11920000.0,份,,,akshare:20260828
2026-08-28,akshare_fund_etf_scale_sse,SH,588990,科芯片,195745400.0,份,,,akshare:20260828
2026-08-28,akshare_fund_etf_scale_sse,SH,589000,科创综指,1039507800.0,份,,,akshare:20260828
2026-08-28,akshare_fund_etf_scale_sse,SH,589010,科创AI指,935793000.0,份,,,akshare:20260828
2026-08-28,akshare_fund_etf_scale_sse,SH,589020,KC半导体,4496438000.0,份,,,akshare:20260828
2026-08-28,akshare_fund_etf_scale_sse,SH,589030,科芯设计,868077000.0,份,,,akshare:20260828
2026-08-28,akshare_fund_etf_scale_sse,SH,589050,科创E,46968000.0,份,,,akshare:20260828
2026-08-28,akshare_fund_etf_scale_sse,SH,589060,科综东财,77137900.0,份,,,akshare:20260828
2026-08-28,akshare_fund_etf_scale_sse,SH,589070,科芯TH,1953293000.0,份,,,akshare:20260828
2026-08-28,akshare_fund_etf_scale_sse,SH,589080,科创综E,188061000.0,份,,,akshare:20260828
2026-08-28,akshare_fund_etf_scale_sse,SH,589090,KCAI,186931000.0,份,,,akshare:20260828
2026-08-28,akshare_fund_etf_scale_sse,SH,589100,国泰芯片,887442500.0,份,,,akshare:20260828
2026-08-28,akshare_fund_etf_scale_sse,SH,589110,科AI国泰,543413000.0,份,,,akshare:20260828
2026-08-28,akshare_fund_etf_scale_sse,SH,589120,创新药基,1302620000.0,份,,,akshare:20260828
2026-08-28,akshare_fund_etf_scale_sse,SH,589130,科创芯易,3326780000.0,份,,,akshare:20260828
2026-08-28,akshare_fund_etf_scale_sse,SH,589150,科创平安,803437200.0,份,,,akshare:20260828
2026-08-28,akshare_fund_etf_scale_sse,SH,589160,科芯片GF,278296000.0,份,,,akshare:20260828
2026-08-28,akshare_fund_etf_scale_sse,SH,589170,芯设计KC,144909000.0,份,,,akshare:20260828
2026-08-28,akshare_fund_etf_scale_sse,SH,589180,科创材基,135818000.0,份,,,akshare:20260828
2026-08-28,akshare_fund_etf_scale_sse,SH,589190,科创芯基,3259562000.0,份,,,akshare:20260828
2026-08-28,akshare_fund_etf_scale_sse,SH,589200,科200E,22507000.0,份,,,akshare:20260828
2026-08-28,akshare_fund_etf_scale_sse,SH,589210,芯设计GF,1312938000.0,份,,,akshare:20260828
2026-08-28,akshare_fund_etf_scale_sse,SH,589220,科200GT,319495800.0,份,,,akshare:20260828
2026-08-28,akshare_fund_etf_scale_sse,SH,589230,AI科创CS,248553000.0,份,,,akshare:20260828
2026-08-28,akshare_fund_etf_scale_sse,SH,589250,芯设计PY,79101300.0,份,,,akshare:20260828
2026-08-28,akshare_fund_etf_scale_sse,SH,589260,科创芯设,64156000.0,份,,,akshare:20260828
2026-08-28,akshare_fund_etf_scale_sse,SH,589270,科创100Q,24516600.0,份,,,akshare:20260828
2026-08-28,akshare_fund_etf_scale_sse,SH,589280,科综增指,154069000.0,份,,,akshare:20260828
2026-08-28,akshare_fund_etf_scale_sse,SH,589290,芯片主题,131848900.0,份,,,akshare:20260828
2026-08-28,akshare_fund_etf_scale_sse,SH,589300,科综嘉实,41582500.0,份,,,akshare:20260828
2026-08-28,akshare_fund_etf_scale_sse,SH,589310,科创人工,310491800.0,份,,,akshare:20260828
2026-08-28,akshare_fund_etf_scale_sse,SH,589320,科200JS,114053000.0,份,,,akshare:20260828
2026-08-28,akshare_fund_etf_scale_sse,SH,589330,科200DC,170902000.0,份,,,akshare:20260828
2026-08-28,akshare_fund_etf_scale_sse,SH,589350,科芯片指,222281500.0,份,,,akshare:20260828
2026-08-28,akshare_fund_etf_scale_sse,SH,589360,科创50GT,2663174000.0,份,,,akshare:20260828
2026-08-28,akshare_fund_etf_scale_sse,SH,589380,AI科创指,97694300.0,份,,,akshare:20260828
2026-08-28,akshare_fund_etf_scale_sse,SH,589390,芯设计,1347810500.0,份,,,akshare:20260828
2026-08-28,akshare_fund_etf_scale_sse,SH,589400,芯设计FG,299785200.0,份,,,akshare:20260828
2026-08-28,akshare_fund_etf_scale_sse,SH,589410,科创AIJS,558565600.0,份,,,akshare:20260828
2026-08-28,akshare_fund_etf_scale_sse,SH,589420,芯设计MW,362481500.0,份,,,akshare:20260828
2026-08-28,akshare_fund_etf_scale_sse,SH,589460,科200HB,214630900.0,份,,,akshare:20260828
2026-08-28,akshare_fund_etf_scale_sse,SH,589500,科综工银,80064000.0,份,,,akshare:20260828
2026-08-28,akshare_fund_etf_scale_sse,SH,589520,AI科创板,834104600.0000001,份,,,akshare:20260828
2026-08-28,akshare_fund_etf_scale_sse,SH,589550,KC价值,25295500.0,份,,,akshare:20260828
2026-08-28,akshare_fund_etf_scale_sse,SH,589560,科创AITF,259355000.0,份,,,akshare:20260828
2026-08-28,akshare_fund_etf_scale_sse,SH,589580,科综价格,14354800.0,份,,,akshare:20260828
2026-08-28,akshare_fund_etf_scale_sse,SH,589600,富国科综,221535000.0,份,,,akshare:20260828
2026-08-28,akshare_fund_etf_scale_sse,SH,589630,科综国泰,343258000.0,份,,,akshare:20260828
2026-08-28,akshare_fund_etf_scale_sse,SH,589660,综指科创,261530000.0,份,,,akshare:20260828
2026-08-28,akshare_fund_etf_scale_sse,SH,589680,科创综Z,1349943700.0,份,,,akshare:20260828
2026-08-28,akshare_fund_etf_scale_sse,SH,589700,成长科创,30291000.0,份,,,akshare:20260828
2026-08-28,akshare_fund_etf_scale_sse,SH,589720,科创新药,4832823000.0,份,,,akshare:20260828
2026-08-28,akshare_fund_etf_scale_sse,SH,589770,科创全指,153569200.0,份,,,akshare:20260828
2026-08-28,akshare_fund_etf_scale_sse,SH,589780,科200FG,69215000.0,份,,,akshare:20260828
2026-08-28,akshare_fund_etf_scale_sse,SH,589800,科创综合,1099988200.0,份,,,akshare:20260828
2026-08-28,akshare_fund_etf_scale_sse,SH,589820,科200F,129720200.0,份,,,akshare:20260828
2026-08-28,akshare_fund_etf_scale_sse,SH,589850,科创东财,709057000.0,份,,,akshare:20260828
2026-08-28,akshare_fund_etf_scale_sse,SH,589860,天弘科综,174224000.0,份,,,akshare:20260828
2026-08-28,akshare_fund_etf_scale_sse,SH,589880,科创综,454996000.0,份,,,akshare:20260828
2026-08-28,akshare_fund_etf_scale_sse,SH,589890,景顺科综,84987000.0,份,,,akshare:20260828
2026-08-28,akshare_fund_etf_scale_sse,SH,589900,博时科综,178908200.0,份,,,akshare:20260828
2026-08-28,akshare_fund_etf_scale_sse,SH,589950,科100FG,360873000.0,份,,,akshare:20260828
2026-08-28,akshare_fund_etf_scale_sse,SH,589960,科创新源,170316000.0,份,,,akshare:20260828
2026-08-28,akshare_fund_etf_scale_sse,SH,589980,科基100,129122000.0,份,,,akshare:20260828
2026-08-28,akshare_fund_etf_scale_sse,SH,589990,科创板综,106090000.0,份,,,akshare:20260828
2026-08-31,akshare_fund_etf_scale_sse,SH,510010,治理ETF,130524400.0,份,,,akshare:20260831
2026-08-31,akshare_fund_etf_scale_sse,SH,510020,超大ETF,35848000.0,份,,,akshare:20260831
2026-08-31,akshare_fund_etf_scale_sse,SH,510030,价值ETF,147729800.0,份,,,akshare:20260831
2026-08-31,akshare_fund_etf_scale_sse,SH,510040,上证180E,26480000.0,份,,,akshare:20260831
2026-08-31,akshare_fund_etf_scale_sse,SH,510050,50ETF,6793866800.000001,份,,,akshare:20260831
2026-08-31,akshare_fund_etf_scale_sse,SH,510060,央企ETF,35959200.0,份,,,akshare:20260831
2026-08-31,akshare_fund_etf_scale_sse,SH,510090,ESG建信,25081100.0,份,,,akshare:20260831
2026-08-31,akshare_fund_etf_scale_sse,SH,510100,SZ50ETF,953606799.9999999,份,,,akshare:20260831
2026-08-31,akshare_fund_etf_scale_sse,SH,510130,中盘ETF,31485100.000000004,份,,,akshare:20260831
2026-08-31,akshare_fund_etf_scale_sse,SH,510140,上证指,74230500.0,份,,,akshare:20260831
2026-08-31,akshare_fund_etf_scale_sse,SH,510150,消费ETF,2843178600.0,份,,,akshare:20260831
2026-08-31,akshare_fund_etf_scale_sse,SH,510160,产业升级,184057400.00000003,份,,,akshare:20260831
2026-08-31,akshare_fund_etf_scale_sse,SH,510170,商品ETF,334914800.00000006,份,,,akshare:20260831
2026-08-31,akshare_fund_etf_scale_sse,SH,510180,180ETF,4418057700.0,份,,,akshare:20260831
2026-08-31,akshare_fund_etf_scale_sse,SH,510190,上证50基,23650800.0,份,,,akshare:20260831
2026-08-31,akshare_fund_etf_scale_sse,SH,510200,上证券商,144885500.0,份,,,akshare:20260831
2026-08-31,akshare_fund_etf_scale_sse,SH,510210,综指ETF,14621192600.0,份,,,akshare:20260831
2026-08-31,akshare_fund_etf_scale_sse,SH,510230,金融ETF,674808000.0,份,,,akshare:20260831
2026-08-31,akshare_fund_etf_scale_sse,SH,510270,国企ETF,16832100.0,份,,,akshare:20260831
2026-08-31,akshare_fund_etf_scale_sse,SH,510290,380ETF,54448900.0,份,,,akshare:20260831
2026-08-31,akshare_fund_etf_scale_sse,SH,510300,300ETF,23503987700.0,份,,,akshare:20260831
2026-08-31,akshare_fund_etf_scale_sse,SH,510310,HS300ETF,11469344000.0,份,,,akshare:20260831
2026-08-31,akshare_fund_etf_scale_sse,SH,510320,300中金,631068500.0,份,,,akshare:20260831
2026-08-31,akshare_fund_etf_scale_sse,SH,510330,华夏300,8407149800.0,份,,,akshare:20260831
2026-08-31,akshare_fund_etf_scale_sse,SH,510350,工银300,676014700.0,份,,,akshare:20260831
2026-08-31,akshare_fund_etf_scale_sse,SH,510360,广发300,1781381200.0,份,,,akshare:20260831
2026-08-31,akshare_fund_etf_scale_sse,SH,510370,兴业300,87258100.0,份,,,akshare:20260831
2026-08-31,akshare_fund_etf_scale_sse,SH,510380,国寿300,1461802400.0,份,,,akshare:20260831
2026-08-31,akshare_fund_etf_scale_sse,SH,510390,平安300,136550000.0,份,,,akshare:20260831
2026-08-31,akshare_fund_etf_scale_sse,SH,510410,资源ETF,437258399.99999994,份,,,akshare:20260831
2026-08-31,akshare_fund_etf_scale_sse,SH,510500,500ETF,5402568600.0,份,,,akshare:20260831
2026-08-31,akshare_fund_etf_scale_sse,SH,510510,广发500,867038300.0,份,,,akshare:20260831
2026-08-31,akshare_fund_etf_scale_sse,SH,510530,工银500,47479399.99999999,份,,,akshare:20260831
2026-08-31,akshare_fund_etf_scale_sse,SH,510550,方正500,23743300.0,份,,,akshare:20260831
2026-08-31,akshare_fund_etf_scale_sse,SH,510560,国寿500,52318700.0,份,,,akshare:20260831
2026-08-31,akshare_fund_etf_scale_sse,SH,510570,兴业500,33060600.0,份,,,akshare:20260831
2026-08-31,akshare_fund_etf_scale_sse,SH,510580,ZZ500ETF,1146968300.0,份,,,akshare:20260831
2026-08-31,akshare_fund_etf_scale_sse,SH,510590,平安500,116386100.0,份,,,akshare:20260831
2026-08-31,akshare_fund_etf_scale_sse,SH,510600,沪50ETF,13615100.0,份,,,akshare:20260831
2026-08-31,akshare_fund_etf_scale_sse,SH,510630,消费30,547361500.0,份,,,akshare:20260831
2026-08-31,akshare_fund_etf_scale_sse,SH,510650,金融行业,11952500.0,份,,,akshare:20260831
2026-08-31,akshare_fund_etf_scale_sse,SH,510660,医药行业,52379700.0,份,,,akshare:20260831
2026-08-31,akshare_fund_etf_scale_sse,SH,510670,180指,177993000.0,份,,,akshare:20260831
2026-08-31,akshare_fund_etf_scale_sse,SH,510680,万家50,20524699.999999996,份,,,akshare:20260831
2026-08-31,akshare_fund_etf_scale_sse,SH,510710,上50ETF,103718900.0,份,,,akshare:20260831
2026-08-31,akshare_fund_etf_scale_sse,SH,510720,红利国泰,1662766000.0,份,,,akshare:20260831
2026-08-31,akshare_fund_etf_scale_sse,SH,510760,上证ETF,3086503700.0,份,,,akshare:20260831
2026-08-31,akshare_fund_etf_scale_sse,SH,510770,G60创新,21610700.0,份,,,akshare:20260831
2026-08-31,akshare_fund_etf_scale_sse,SH,510800,上证50,174576000.0,份,,,akshare:20260831
2026-08-31,akshare_fund_etf_scale_sse,SH,510810,上海国企,5964093700.0,份,,,akshare:20260831
2026-08-31,akshare_fund_etf_scale_sse,SH,510850,工银上50,47298900.0,份,,,akshare:20260831
2026-08-31,akshare_fund_etf_scale_sse,SH,510880,红利ETF,5747175699.999999,份,,,akshare:20260831
2026-08-31,akshare_fund_etf_scale_sse,SH,510900,恒生中国,3221021900.0,份,,,akshare:20260831
2026-08-31,akshare_fund_etf_scale_sse,SH,510910,上证指CS,150796000.0,份,,,akshare:20260831
2026-08-31,akshare_fund_etf_scale_sse,SH,510950,上证广发,110020800.0,份,,,akshare:20260831
2026-08-31,akshare_fund_etf_scale_sse,SH,510980,上证综合,605798000.0,份,,,akshare:20260831
2026-08-31,akshare_fund_etf_scale_sse,SH,510990,ESG180,38948600.0,份,,,akshare:20260831
2026-08-31,akshare_fund_etf_scale_sse,SH,511010,国债ETF,49746300.0,份,,,akshare:20260831
2026-08-31,akshare_fund_etf_scale_sse,SH,511020,活跃国债,38277500.0,份,,,akshare:20260831
2026-08-31,akshare_fund_etf_scale_sse,SH,511030,公司债,402740700.0,份,,,akshare:20260831
2026-08-31,akshare_fund_etf_scale_sse,SH,511060,5年地债,21436300.0,份,,,akshare:20260831
2026-08-31,akshare_fund_etf_scale_sse,SH,511070,沪公司债,292131000.0,份,,,akshare:20260831
2026-08-31,akshare_fund_etf_scale_sse,SH,511090,30年国债,279668100.0,份,,,akshare:20260831
2026-08-31,akshare_fund_etf_scale_sse,SH,511100,基准国债,110200500.0,份,,,akshare:20260831
2026-08-31,akshare_fund_etf_scale_sse,SH,511110,公司债易,319899600.0,份,,,akshare:20260831
2026-08-31,akshare_fund_etf_scale_sse,SH,511120,科创债基,117710600.0,份,,,akshare:20260831
2026-08-31,akshare_fund_etf_scale_sse,SH,511130,国债30年,193989700.0,份,,,akshare:20260831
2026-08-31,akshare_fund_etf_scale_sse,SH,511150,科债永赢,111530900.0,份,,,akshare:20260831
2026-08-31,akshare_fund_etf_scale_sse,SH,511160,国债东财,21940900.0,份,,,akshare:20260831
2026-08-31,akshare_fund_etf_scale_sse,SH,511180,上证转债,995059700.0,份,,,akshare:20260831
2026-08-31,akshare_fund_etf_scale_sse,SH,511190,信用债,147654300.0,份,,,akshare:20260831
2026-08-31,akshare_fund_etf_scale_sse,SH,511200,信用债基,238307500.0,份,,,akshare:20260831
2026-08-31,akshare_fund_etf_scale_sse,SH,511220,城投ETF,5311881400.0,份,,,akshare:20260831
2026-08-31,akshare_fund_etf_scale_sse,SH,511260,十年国债,168836500.0,份,,,akshare:20260831
2026-08-31,akshare_fund_etf_scale_sse,SH,511270,10年地债,89667500.0,份,,,akshare:20260831
2026-08-31,akshare_fund_etf_scale_sse,SH,511360,短融ETF,736414600.0000001,份,,,akshare:20260831
2026-08-31,akshare_fund_etf_scale_sse,SH,511380,转债ETF,4532086700.0,份,,,akshare:20260831
2026-08-31,akshare_fund_etf_scale_sse,SH,511520,政金债,383296500.0,份,,,akshare:20260831
2026-08-31,akshare_fund_etf_scale_sse,SH,511580,国债政金,70104800.0,份,,,akshare:20260831
2026-08-31,akshare_fund_etf_scale_sse,SH,512000,券商ETF,72595235400.0,份,,,akshare:20260831
2026-08-31,akshare_fund_etf_scale_sse,SH,512010,医药ETF,40343694900.0,份,,,akshare:20260831
2026-08-31,akshare_fund_etf_scale_sse,SH,512020,A500,1106012700.0,份,,,akshare:20260831
2026-08-31,akshare_fund_etf_scale_sse,SH,512030,A50增,43240000.0,份,,,akshare:20260831
2026-08-31,akshare_fund_etf_scale_sse,SH,512040,国信价值,4431715900.0,份,,,akshare:20260831
2026-08-31,akshare_fund_etf_scale_sse,SH,512050,A500E,16441992200.0,份,,,akshare:20260831
2026-08-31,akshare_fund_etf_scale_sse,SH,512060,A100指基,10928000.0,份,,,akshare:20260831
2026-08-31,akshare_fund_etf_scale_sse,SH,512070,证券保险,16522479700.0,份,,,akshare:20260831
2026-08-31,akshare_fund_etf_scale_sse,SH,512080,A500中金,800186100.0,份,,,akshare:20260831
2026-08-31,akshare_fund_etf_scale_sse,SH,512090,MSCI易基,331592300.00000006,份,,,akshare:20260831
2026-08-31,akshare_fund_etf_scale_sse,SH,512100,1000ETF,6547217600.0,份,,,akshare:20260831
2026-08-31,akshare_fund_etf_scale_sse,SH,512120,医药50,777241900.0,份,,,akshare:20260831
2026-08-31,akshare_fund_etf_scale_sse,SH,512130,现金全指,14895000.0,份,,,akshare:20260831
2026-08-31,akshare_fund_etf_scale_sse,SH,512140,电力事业,144049000.0,份,,,akshare:20260831
2026-08-31,akshare_fund_etf_scale_sse,SH,512150,A50ETF,18073400.0,份,,,akshare:20260831
2026-08-31,akshare_fund_etf_scale_sse,SH,512160,MSCI基金,121777800.0,份,,,akshare:20260831
2026-08-31,akshare_fund_etf_scale_sse,SH,512170,医疗ETF,71697820500.0,份,,,akshare:20260831
2026-08-31,akshare_fund_etf_scale_sse,SH,512180,建信MSCI,48048000.0,份,,,akshare:20260831
2026-08-31,akshare_fund_etf_scale_sse,SH,512190,之江凤凰,200818400.0,份,,,akshare:20260831
2026-08-31,akshare_fund_etf_scale_sse,SH,512200,地产ETF,3057347900.0,份,,,akshare:20260831
2026-08-31,akshare_fund_etf_scale_sse,SH,512220,TMTETF,209967599.99999997,份,,,akshare:20260831
2026-08-31,akshare_fund_etf_scale_sse,SH,512240,A50龙头,21686000.0,份,,,akshare:20260831
2026-08-31,akshare_fund_etf_scale_sse,SH,512250,A50指数E,118100100.0,份,,,akshare:20260831
2026-08-31,akshare_fund_etf_scale_sse,SH,512260,500低波,20497700.0,份,,,akshare:20260831
2026-08-31,akshare_fund_etf_scale_sse,SH,512290,生物医药,3161820700.0,份,,,akshare:20260831
2026-08-31,akshare_fund_etf_scale_sse,SH,512330,信息ETF,355188000.0,份,,,akshare:20260831
2026-08-31,akshare_fund_etf_scale_sse,SH,512360,MSCI国际,27337700.0,份,,,akshare:20260831
2026-08-31,akshare_fund_etf_scale_sse,SH,512370,A500增指,296313000.0,份,,,akshare:20260831
2026-08-31,akshare_fund_etf_scale_sse,SH,512380,MSCI中国,75805600.0,份,,,akshare:20260831
2026-08-31,akshare_fund_etf_scale_sse,SH,512390,MSCI低波,12682000.0,份,,,akshare:20260831
2026-08-31,akshare_fund_etf_scale_sse,SH,512400,有色ETF,14153039000.0,份,,,akshare:20260831
2026-08-31,akshare_fund_etf_scale_sse,SH,512410,银行广发,41071700.0,份,,,akshare:20260831
2026-08-31,akshare_fund_etf_scale_sse,SH,512420,机械华安,75238900.0,份,,,akshare:20260831
2026-08-31,akshare_fund_etf_scale_sse,SH,512430,家电家居,28720000.0,份,,,akshare:20260831
2026-08-31,akshare_fund_etf_scale_sse,SH,512450,广发养殖,108367000.0,份,,,akshare:20260831
2026-08-31,akshare_fund_etf_scale_sse,SH,512460,电池主题,297823000.0,份,,,akshare:20260831
2026-08-31,akshare_fund_etf_scale_sse,SH,512480,半导体,19118007200.0,份,,,akshare:20260831
2026-08-31,akshare_fund_etf_scale_sse,SH,512500,中证500,1845608800.0,份,,,akshare:20260831
2026-08-31,akshare_fund_etf_scale_sse,SH,512510,ETF500,433429800.00000006,份,,,akshare:20260831
2026-08-31,akshare_fund_etf_scale_sse,SH,512520,MSCIETF,45056400.0,份,,,akshare:20260831
2026-08-31,akshare_fund_etf_scale_sse,SH,512530,300红利,94502000.0,份,,,akshare:20260831
2026-08-31,akshare_fund_etf_scale_sse,SH,512550,A50基金,107906000.0,份,,,akshare:20260831
2026-08-31,akshare_fund_etf_scale_sse,SH,512560,中证军工,943127000.0,份,,,akshare:20260831
2026-08-31,akshare_fund_etf_scale_sse,SH,512570,中证证券,4047806100.0,份,,,akshare:20260831
2026-08-31,akshare_fund_etf_scale_sse,SH,512580,环保ETF,567871700.0,份,,,akshare:20260831
2026-08-31,akshare_fund_etf_scale_sse,SH,512600,必选消费,1688256099.9999998,份,,,akshare:20260831
2026-08-31,akshare_fund_etf_scale_sse,SH,512620,农业TH,1421666000.0,份,,,akshare:20260831
2026-08-31,akshare_fund_etf_scale_sse,SH,512630,卫星基金,1646426000.0,份,,,akshare:20260831
2026-08-31,akshare_fund_etf_scale_sse,SH,512640,金融地产,20240900.0,份,,,akshare:20260831
2026-08-31,akshare_fund_etf_scale_sse,SH,512650,长三角,32941600.0,份,,,akshare:20260831
2026-08-31,akshare_fund_etf_scale_sse,SH,512660,军工ETF,6242080000.0,份,,,akshare:20260831
2026-08-31,akshare_fund_etf_scale_sse,SH,512670,国防ETF,2194652600.0,份,,,akshare:20260831
2026-08-31,akshare_fund_etf_scale_sse,SH,512680,军工基金,3117730100.0,份,,,akshare:20260831
2026-08-31,akshare_fund_etf_scale_sse,SH,512690,酒ETF,31949350200.0,份,,,akshare:20260831
2026-08-31,akshare_fund_etf_scale_sse,SH,512700,银行基金,717581000.0,份,,,akshare:20260831
2026-08-31,akshare_fund_etf_scale_sse,SH,512710,军工龙头,11707658400.0,份,,,akshare:20260831
2026-08-31,akshare_fund_etf_scale_sse,SH,512720,计算机,370453399.99999994,份,,,akshare:20260831
2026-08-31,akshare_fund_etf_scale_sse,SH,512730,银行FUND,53583900.0,份,,,akshare:20260831
2026-08-31,akshare_fund_etf_scale_sse,SH,512750,基本面50,46554900.0,份,,,akshare:20260831
2026-08-31,akshare_fund_etf_scale_sse,SH,512760,芯片ETF,9553445500.0,份,,,akshare:20260831
2026-08-31,akshare_fund_etf_scale_sse,SH,512770,战略新兴,98267800.0,份,,,akshare:20260831
2026-08-31,akshare_fund_etf_scale_sse,SH,512800,银行ETF,11977479900.0,份,,,akshare:20260831
2026-08-31,akshare_fund_etf_scale_sse,SH,512810,国防军工,991583500.0,份,,,akshare:20260831
2026-08-31,akshare_fund_etf_scale_sse,SH,512820,银行股基,391001900.0,份,,,akshare:20260831
2026-08-31,akshare_fund_etf_scale_sse,SH,512870,杭州湾区,22410600.0,份,,,akshare:20260831
2026-08-31,akshare_fund_etf_scale_sse,SH,512880,证券ETF,56714291500.0,份,,,akshare:20260831
2026-08-31,akshare_fund_etf_scale_sse,SH,512890,红利低波,27780110800.0,份,,,akshare:20260831
2026-08-31,akshare_fund_etf_scale_sse,SH,512900,证券基金,7471406000.0,份,,,akshare:20260831
2026-08-31,akshare_fund_etf_scale_sse,SH,512910,100ETF,131128799.99999999,份,,,akshare:20260831
2026-08-31,akshare_fund_etf_scale_sse,SH,512930,AIETF,4876521300.0,份,,,akshare:20260831
2026-08-31,akshare_fund_etf_scale_sse,SH,512940,有色矿业,2144705000.0,份,,,akshare:20260831
2026-08-31,akshare_fund_etf_scale_sse,SH,512950,央企改革,4042551000.0,份,,,akshare:20260831
2026-08-31,akshare_fund_etf_scale_sse,SH,512960,央调ETF,3855457300.0,份,,,akshare:20260831
2026-08-31,akshare_fund_etf_scale_sse,SH,512970,湾区ETF,4987600.0,份,,,akshare:20260831
2026-08-31,akshare_fund_etf_scale_sse,SH,512980,传媒ETF,5051924400.0,份,,,akshare:20260831
2026-08-31,akshare_fund_etf_scale_sse,SH,512990,MSCIA股,99015400.00000001,份,,,akshare:20260831
2026-08-31,akshare_fund_etf_scale_sse,SH,513000,225ETF,1002411400.0,份,,,akshare:20260831
2026-08-31,akshare_fund_etf_scale_sse,SH,513010,港股科技,44243307000.0,份,,,akshare:20260831
2026-08-31,akshare_fund_etf_scale_sse,SH,513020,科技HK,2287145400.0,份,,,akshare:20260831
2026-08-31,akshare_fund_etf_scale_sse,SH,513030,德国ETF,1016779000.0,份,,,akshare:20260831
2026-08-31,akshare_fund_etf_scale_sse,SH,513040,HK互联网,6819341300.0,份,,,akshare:20260831
2026-08-31,akshare_fund_etf_scale_sse,SH,513050,中概互联,34345432700.0,份,,,akshare:20260831
2026-08-31,akshare_fund_etf_scale_sse,SH,513060,恒生医疗,8585393300.0,份,,,akshare:20260831
2026-08-31,akshare_fund_etf_scale_sse,SH,513070,HK消费50,1336760799.9999998,份,,,akshare:20260831
2026-08-31,akshare_fund_etf_scale_sse,SH,513080,法国ETF,659916000.0,份,,,akshare:20260831
2026-08-31,akshare_fund_etf_scale_sse,SH,513090,香港证券,9790488000.0,份,,,akshare:20260831
2026-08-31,akshare_fund_etf_scale_sse,SH,513100,纳指ETF,9465110600.0,份,,,akshare:20260831
2026-08-31,akshare_fund_etf_scale_sse,SH,513110,纳指100,2201435000.0,份,,,akshare:20260831
2026-08-31,akshare_fund_etf_scale_sse,SH,513120,HK创新药,18852135400.0,份,,,akshare:20260831
2026-08-31,akshare_fund_etf_scale_sse,SH,513130,恒生科技,56631347000.0,份,,,akshare:20260831
2026-08-31,akshare_fund_etf_scale_sse,SH,513140,港股金融,78368000.0,份,,,akshare:20260831
2026-08-31,akshare_fund_etf_scale_sse,SH,513150,港科技50,100559800.0,份,,,akshare:20260831
2026-08-31,akshare_fund_etf_scale_sse,SH,513160,科技30,3189189300.0,份,,,akshare:20260831
2026-08-31,akshare_fund_etf_scale_sse,SH,513170,恒生央企,164573000.0,份,,,akshare:20260831
2026-08-31,akshare_fund_etf_scale_sse,SH,513180,恒指科技,69546759500.0,份,,,akshare:20260831
2026-08-31,akshare_fund_etf_scale_sse,SH,513190,H股金融,996936000.0,份,,,akshare:20260831
2026-08-31,akshare_fund_etf_scale_sse,SH,513200,港股医药,893282100.0000001,份,,,akshare:20260831
2026-08-31,akshare_fund_etf_scale_sse,SH,513210,恒生E,40942000.0,份,,,akshare:20260831
2026-08-31,akshare_fund_etf_scale_sse,SH,513220,互联网30,521109400.0,份,,,akshare:20260831
2026-08-31,akshare_fund_etf_scale_sse,SH,513230,H股消费,328422699.99999994,份,,,akshare:20260831
2026-08-31,akshare_fund_etf_scale_sse,SH,513240,港信息,109496000.0,份,,,akshare:20260831
2026-08-31,akshare_fund_etf_scale_sse,SH,513260,恒科技,4735243000.0,份,,,akshare:20260831
2026-08-31,akshare_fund_etf_scale_sse,SH,513280,恒生生物,364114500.0,份,,,akshare:20260831
2026-08-31,akshare_fund_etf_scale_sse,SH,513290,纳指生物,1046072100.0000001,份,,,akshare:20260831
2026-08-31,akshare_fund_etf_scale_sse,SH,513300,纳斯达克,5333171000.0,份,,,akshare:20260831
2026-08-31,akshare_fund_etf_scale_sse,SH,513310,中韩芯片,2424427000.0,份,,,akshare:20260831
2026-08-31,akshare_fund_etf_scale_sse,SH,513320,HK新经济,91010600.0,份,,,akshare:20260831
2026-08-31,akshare_fund_etf_scale_sse,SH,513330,恒生互联,69637480000.0,份,,,akshare:20260831
2026-08-31,akshare_fund_etf_scale_sse,SH,513350,油气ETF,843746000.0,份,,,akshare:20260831
2026-08-31,akshare_fund_etf_scale_sse,SH,513360,教育ETF,617713900.0,份,,,akshare:20260831
2026-08-31,akshare_fund_etf_scale_sse,SH,513380,科技恒生,17782784900.0,份,,,akshare:20260831
2026-08-31,akshare_fund_etf_scale_sse,SH,513390,纳指基金,2144379100.0,份,,,akshare:20260831
2026-08-31,akshare_fund_etf_scale_sse,SH,513400,道琼斯,2742062000.0,份,,,akshare:20260831
2026-08-31,akshare_fund_etf_scale_sse,SH,513500,标普500,10213638600.0,份,,,akshare:20260831
2026-08-31,akshare_fund_etf_scale_sse,SH,513520,日经ETF,1076887200.0,份,,,akshare:20260831
2026-08-31,akshare_fund_etf_scale_sse,SH,513530,港股红利,2830938700.0,份,,,akshare:20260831
2026-08-31,akshare_fund_etf_scale_sse,SH,513550,港股通50,1683992000.0,份,,,akshare:20260831
2026-08-31,akshare_fund_etf_scale_sse,SH,513560,香港科技,531386000.0,份,,,akshare:20260831
2026-08-31,akshare_fund_etf_scale_sse,SH,513580,HS科技,6060118000.0,份,,,akshare:20260831
2026-08-31,akshare_fund_etf_scale_sse,SH,513590,香港消费,130518900.0,份,,,akshare:20260831
2026-08-31,akshare_fund_etf_scale_sse,SH,513600,恒指ETF,609829500.0,份,,,akshare:20260831
2026-08-31,akshare_fund_etf_scale_sse,SH,513620,港医疗指,57216000.0,份,,,akshare:20260831
2026-08-31,akshare_fund_etf_scale_sse,SH,513630,香港红利,7524359000.0,份,,,akshare:20260831
2026-08-31,akshare_fund_etf_scale_sse,SH,513650,标普ETF,4363734000.0,份,,,akshare:20260831
2026-08-31,akshare_fund_etf_scale_sse,SH,513660,恒生通,1814000200.0,份,,,akshare:20260831
2026-08-31,akshare_fund_etf_scale_sse,SH,513690,恒生股息,3149979900.0,份,,,akshare:20260831
2026-08-31,akshare_fund_etf_scale_sse,SH,513700,香港医药,794846000.0,份,,,akshare:20260831
2026-08-31,akshare_fund_etf_scale_sse,SH,513720,香港互联,248859000.0,份,,,akshare:20260831
2026-08-31,akshare_fund_etf_scale_sse,SH,513730,东南亚,776355000.0,份,,,akshare:20260831
2026-08-31,akshare_fund_etf_scale_sse,SH,513750,港股非银,8087838000.0,份,,,akshare:20260831
2026-08-31,akshare_fund_etf_scale_sse,SH,513770,港股互联,14463137900.0,份,,,akshare:20260831
2026-08-31,akshare_fund_etf_scale_sse,SH,513780,港股新药,1889157000.0,份,,,akshare:20260831
2026-08-31,akshare_fund_etf_scale_sse,SH,513800,东证ETF,1037044400.0,份,,,akshare:20260831
2026-08-31,akshare_fund_etf_scale_sse,SH,513810,港股国企,41992000.0,份,,,akshare:20260831
2026-08-31,akshare_fund_etf_scale_sse,SH,513820,港股分红,1745669000.0,份,,,akshare:20260831
2026-08-31,akshare_fund_etf_scale_sse,SH,513830,红利港股,53811000.0,份,,,akshare:20260831
2026-08-31,akshare_fund_etf_scale_sse,SH,513850,美国50,1243892600.0,份,,,akshare:20260831
2026-08-31,akshare_fund_etf_scale_sse,SH,513860,HKC科技,2754470600.0,份,,,akshare:20260831
2026-08-31,akshare_fund_etf_scale_sse,SH,513870,纳指指数,1376671000.0,份,,,akshare:20260831
2026-08-31,akshare_fund_etf_scale_sse,SH,513880,日经225,1312970000.0,份,,,akshare:20260831
2026-08-31,akshare_fund_etf_scale_sse,SH,513890,HK科技,896128000.0,份,,,akshare:20260831
2026-08-31,akshare_fund_etf_scale_sse,SH,513900,港股100,89978000.0,份,,,akshare:20260831
2026-08-31,akshare_fund_etf_scale_sse,SH,513910,红利央企,1966276000.0,份,,,akshare:20260831
2026-08-31,akshare_fund_etf_scale_sse,SH,513920,央企40,2608231000.0,份,,,akshare:20260831
2026-08-31,akshare_fund_etf_scale_sse,SH,513930,香港生科,102908000.0,份,,,akshare:20260831
2026-08-31,akshare_fund_etf_scale_sse,SH,513950,恒生红利,2409119000.0,份,,,akshare:20260831
2026-08-31,akshare_fund_etf_scale_sse,SH,513970,恒生消费,1407041000.0,份,,,akshare:20260831
2026-08-31,akshare_fund_etf_scale_sse,SH,513980,科技港股,16767204000.0,份,,,akshare:20260831
2026-08-31,akshare_fund_etf_scale_sse,SH,513990,港股通综,43000000.0,份,,,akshare:20260831
2026-08-31,akshare_fund_etf_scale_sse,SH,515000,科技ETF,3154579300.0,份,,,akshare:20260831
2026-08-31,akshare_fund_etf_scale_sse,SH,515010,华夏证券,2057771600.0,份,,,akshare:20260831
2026-08-31,akshare_fund_etf_scale_sse,SH,515020,银行指数,388845300.0,份,,,akshare:20260831
2026-08-31,akshare_fund_etf_scale_sse,SH,515030,新汽车,1490384000.0,份,,,akshare:20260831
2026-08-31,akshare_fund_etf_scale_sse,SH,515040,工业金属,51319600.0,份,,,akshare:20260831
2026-08-31,akshare_fund_etf_scale_sse,SH,515050,5GETF,17193205400.0,份,,,akshare:20260831
2026-08-31,akshare_fund_etf_scale_sse,SH,515060,华夏地产,1047478100.0,份,,,akshare:20260831
2026-08-31,akshare_fund_etf_scale_sse,SH,515070,AI智能,7532940400.0,份,,,akshare:20260831
2026-08-31,akshare_fund_etf_scale_sse,SH,515080,中证红利,7088148900.0,份,,,akshare:20260831
2026-08-31,akshare_fund_etf_scale_sse,SH,515090,可持续,11801700.0,份,,,akshare:20260831
2026-08-31,akshare_fund_etf_scale_sse,SH,515100,红利100,3733691500.0,份,,,akshare:20260831
2026-08-31,akshare_fund_etf_scale_sse,SH,515110,国企方达,214295000.0,份,,,akshare:20260831
2026-08-31,akshare_fund_etf_scale_sse,SH,515120,创新药,17275993600.0,份,,,akshare:20260831
2026-08-31,akshare_fund_etf_scale_sse,SH,515130,HS300E,94463200.0,份,,,akshare:20260831
2026-08-31,akshare_fund_etf_scale_sse,SH,515150,国企富国,397703200.0,份,,,akshare:20260831
2026-08-31,akshare_fund_etf_scale_sse,SH,515160,MSCI招商,243955099.99999997,份,,,akshare:20260831
2026-08-31,akshare_fund_etf_scale_sse,SH,515170,食品饮料,8625257900.0,份,,,akshare:20260831
2026-08-31,akshare_fund_etf_scale_sse,SH,515180,100红利,12888637000.0,份,,,akshare:20260831
2026-08-31,akshare_fund_etf_scale_sse,SH,515190,BOCI500,293466100.0,份,,,akshare:20260831
2026-08-31,akshare_fund_etf_scale_sse,SH,515200,创新100,37943200.0,份,,,akshare:20260831
2026-08-31,akshare_fund_etf_scale_sse,SH,515210,钢铁ETF,1025226100.0,份,,,akshare:20260831
2026-08-31,akshare_fund_etf_scale_sse,SH,515220,煤炭ETF,10476176900.0,份,,,akshare:20260831
2026-08-31,akshare_fund_etf_scale_sse,SH,515230,软件ETF,7981690900.0,份,,,akshare:20260831
2026-08-31,akshare_fund_etf_scale_sse,SH,515250,智能汽车,342944500.0,份,,,akshare:20260831
2026-08-31,akshare_fund_etf_scale_sse,SH,515260,电子ETF,888568400.0,份,,,akshare:20260831
2026-08-31,akshare_fund_etf_scale_sse,SH,515290,银行,2619172900.0,份,,,akshare:20260831
2026-08-31,akshare_fund_etf_scale_sse,SH,515300,红利300,3354675200.0,份,,,akshare:20260831
2026-08-31,akshare_fund_etf_scale_sse,SH,515310,添富300,321611200.0,份,,,akshare:20260831
2026-08-31,akshare_fund_etf_scale_sse,SH,515320,电子50,89309000.0,份,,,akshare:20260831
2026-08-31,akshare_fund_etf_scale_sse,SH,515330,天弘300,6179709500.0,份,,,akshare:20260831
2026-08-31,akshare_fund_etf_scale_sse,SH,515350,民生300,11699200.0,份,,,akshare:20260831
2026-08-31,akshare_fund_etf_scale_sse,SH,515360,方正300,37279300.0,份,,,akshare:20260831
2026-08-31,akshare_fund_etf_scale_sse,SH,515370,中证光伏,961713000.0,份,,,akshare:20260831
2026-08-31,akshare_fund_etf_scale_sse,SH,515380,泰康300,662499800.0,份,,,akshare:20260831
2026-08-31,akshare_fund_etf_scale_sse,SH,515390,HS300,1926683000.0,份,,,akshare:20260831
2026-08-31,akshare_fund_etf_scale_sse,SH,515400,大数据,1595631400.0000002,份,,,akshare:20260831
2026-08-31,akshare_fund_etf_scale_sse,SH,515450,红利50,14258335000.0,份,,,akshare:20260831
2026-08-31,akshare_fund_etf_scale_sse,SH,515460,质量红利,276091000.0,份,,,akshare:20260831
2026-08-31,akshare_fund_etf_scale_sse,SH,515480,红利一百,23340700.0,份,,,akshare:20260831
2026-08-31,akshare_fund_etf_scale_sse,SH,515530,泰康500,12242700.0,份,,,akshare:20260831
2026-08-31,akshare_fund_etf_scale_sse,SH,515550,国联500,20345700.0,份,,,akshare:20260831
2026-08-31,akshare_fund_etf_scale_sse,SH,515560,证券E,192883300.00000003,份,,,akshare:20260831
2026-08-31,akshare_fund_etf_scale_sse,SH,515580,中证科技,304031400.0,份,,,akshare:20260831
2026-08-31,akshare_fund_etf_scale_sse,SH,515590,500ETFEW,36113700.0,份,,,akshare:20260831
2026-08-31,akshare_fund_etf_scale_sse,SH,515600,央企创新,1037797400.0,份,,,akshare:20260831
2026-08-31,akshare_fund_etf_scale_sse,SH,515630,保险证券,921217700.0,份,,,akshare:20260831
2026-08-31,akshare_fund_etf_scale_sse,SH,515640,家电指数,17050000.0,份,,,akshare:20260831
2026-08-31,akshare_fund_etf_scale_sse,SH,515650,消费50,3045184000.0,份,,,akshare:20260831
2026-08-31,akshare_fund_etf_scale_sse,SH,515660,沪深300E,433594200.0,份,,,akshare:20260831
2026-08-31,akshare_fund_etf_scale_sse,SH,515680,创新央企,1099264700.0,份,,,akshare:20260831
2026-08-31,akshare_fund_etf_scale_sse,SH,515700,新能车,679510200.0,份,,,akshare:20260831
2026-08-31,akshare_fund_etf_scale_sse,SH,515710,食品ETF,2324599800.0,份,,,akshare:20260831
2026-08-31,akshare_fund_etf_scale_sse,SH,515720,金科富国,442611000.0,份,,,akshare:20260831
2026-08-31,akshare_fund_etf_scale_sse,SH,515730,家居家电,39892000.0,份,,,akshare:20260831
2026-08-31,akshare_fund_etf_scale_sse,SH,515750,科技50,264140500.0,份,,,akshare:20260831
2026-08-31,akshare_fund_etf_scale_sse,SH,515760,浙江国资,95388100.0,份,,,akshare:20260831
2026-08-31,akshare_fund_etf_scale_sse,SH,515770,MSCIAETF,39727300.0,份,,,akshare:20260831
2026-08-31,akshare_fund_etf_scale_sse,SH,515790,光伏ETF,5999494000.0,份,,,akshare:20260831
2026-08-31,akshare_fund_etf_scale_sse,SH,515800,800ETF,3943937199.9999995,份,,,akshare:20260831
2026-08-31,akshare_fund_etf_scale_sse,SH,515810,ZZ800ETF,263908800.0,份,,,akshare:20260831
2026-08-31,akshare_fund_etf_scale_sse,SH,515840,食品南方,33426400.0,份,,,akshare:20260831
2026-08-31,akshare_fund_etf_scale_sse,SH,515850,证券龙头,482291000.0,份,,,akshare:20260831
2026-08-31,akshare_fund_etf_scale_sse,SH,515860,科技100,101878900.0,份,,,akshare:20260831
2026-08-31,akshare_fund_etf_scale_sse,SH,515880,通信ETF,62723774000.0,份,,,akshare:20260831
2026-08-31,akshare_fund_etf_scale_sse,SH,515890,红利博时,377443900.0,份,,,akshare:20260831
2026-08-31,akshare_fund_etf_scale_sse,SH,515900,央创ETF,2227246500.0,份,,,akshare:20260831
2026-08-31,akshare_fund_etf_scale_sse,SH,515910,质量ETF,227507000.0,份,,,akshare:20260831
2026-08-31,akshare_fund_etf_scale_sse,SH,515920,智能消费,64405700.0,份,,,akshare:20260831
2026-08-31,akshare_fund_etf_scale_sse,SH,515950,医药龙头,530200600.0,份,,,akshare:20260831
2026-08-31,akshare_fund_etf_scale_sse,SH,515960,医药100,239991900.0,份,,,akshare:20260831
2026-08-31,akshare_fund_etf_scale_sse,SH,515970,华夏机械,595088000.0,份,,,akshare:20260831
2026-08-31,akshare_fund_etf_scale_sse,SH,515980,人工智能,6194129000.0,份,,,akshare:20260831
2026-08-31,akshare_fund_etf_scale_sse,SH,515990,添富国企,53350200.00000001,份,,,akshare:20260831
2026-08-31,akshare_fund_etf_scale_sse,SH,516000,数据ETF,429855000.0,份,,,akshare:20260831
2026-08-31,akshare_fund_etf_scale_sse,SH,516010,游戏ETF,2474693000.0,份,,,akshare:20260831
2026-08-31,akshare_fund_etf_scale_sse,SH,516020,化工ETF,3479326200.0,份,,,akshare:20260831
2026-08-31,akshare_fund_etf_scale_sse,SH,516050,科技龙头,162228000.0,份,,,akshare:20260831
2026-08-31,akshare_fund_etf_scale_sse,SH,516060,新药ETF,295237400.0,份,,,akshare:20260831
2026-08-31,akshare_fund_etf_scale_sse,SH,516070,碳中和50,291646000.0,份,,,akshare:20260831
2026-08-31,akshare_fund_etf_scale_sse,SH,516080,创新医药,5245554800.0,份,,,akshare:20260831
2026-08-31,akshare_fund_etf_scale_sse,SH,516090,新能源E,1654844800.0,份,,,akshare:20260831
2026-08-31,akshare_fund_etf_scale_sse,SH,516100,科技金融,1137759700.0,份,,,akshare:20260831
2026-08-31,akshare_fund_etf_scale_sse,SH,516110,汽车ETF,210623100.0,份,,,akshare:20260831
2026-08-31,akshare_fund_etf_scale_sse,SH,516120,化工50,5019582000.0,份,,,akshare:20260831
2026-08-31,akshare_fund_etf_scale_sse,SH,516130,消费龙头,1581890000.0,份,,,akshare:20260831
2026-08-31,akshare_fund_etf_scale_sse,SH,516150,稀土基金,3835077000.0,份,,,akshare:20260831
2026-08-31,akshare_fund_etf_scale_sse,SH,516160,新能源,1514642000.0,份,,,akshare:20260831
2026-08-31,akshare_fund_etf_scale_sse,SH,516180,光伏产业,149987000.0,份,,,akshare:20260831
2026-08-31,akshare_fund_etf_scale_sse,SH,516190,文娱ETF,113818500.0,份,,,akshare:20260831
2026-08-31,akshare_fund_etf_scale_sse,SH,516200,证券行业,445604000.0,份,,,akshare:20260831
2026-08-31,akshare_fund_etf_scale_sse,SH,516210,银行股,77531000.0,份,,,akshare:20260831
2026-08-31,akshare_fund_etf_scale_sse,SH,516220,化工龙头,260170000.0,份,,,akshare:20260831
2026-08-31,akshare_fund_etf_scale_sse,SH,516230,光伏招商,744921000.0,份,,,akshare:20260831
2026-08-31,akshare_fund_etf_scale_sse,SH,516250,富国机械,66878000.0,份,,,akshare:20260831
2026-08-31,akshare_fund_etf_scale_sse,SH,516260,物联网50,43882600.0,份,,,akshare:20260831
2026-08-31,akshare_fund_etf_scale_sse,SH,516270,新能源50,293909000.0,份,,,akshare:20260831
2026-08-31,akshare_fund_etf_scale_sse,SH,516290,光伏基金,739196900.0,份,,,akshare:20260831
2026-08-31,akshare_fund_etf_scale_sse,SH,516300,中证1000,43012600.0,份,,,akshare:20260831
2026-08-31,akshare_fund_etf_scale_sse,SH,516310,银行指基,1588458500.0,份,,,akshare:20260831
2026-08-31,akshare_fund_etf_scale_sse,SH,516320,装备ETF,87589300.0,份,,,akshare:20260831
2026-08-31,akshare_fund_etf_scale_sse,SH,516330,物联网,8471300.0,份,,,akshare:20260831
2026-08-31,akshare_fund_etf_scale_sse,SH,516350,芯片50,1398415300.0,份,,,akshare:20260831
2026-08-31,akshare_fund_etf_scale_sse,SH,516360,新材料,56551800.0,份,,,akshare:20260831
2026-08-31,akshare_fund_etf_scale_sse,SH,516370,全指电力,296408000.0,份,,,akshare:20260831
2026-08-31,akshare_fund_etf_scale_sse,SH,516380,智能电车,83449300.0,份,,,akshare:20260831
2026-08-31,akshare_fund_etf_scale_sse,SH,516390,电动车,184261000.0,份,,,akshare:20260831
2026-08-31,akshare_fund_etf_scale_sse,SH,516440,南方机械,139626600.0,份,,,akshare:20260831
2026-08-31,akshare_fund_etf_scale_sse,SH,516460,现金流E,422693000.0,份,,,akshare:20260831
2026-08-31,akshare_fund_etf_scale_sse,SH,516500,生物ETF,202937200.0,份,,,akshare:20260831
2026-08-31,akshare_fund_etf_scale_sse,SH,516510,云计算,1515890000.0,份,,,akshare:20260831
2026-08-31,akshare_fund_etf_scale_sse,SH,516520,智能驾驶,793765500.0,份,,,akshare:20260831
2026-08-31,akshare_fund_etf_scale_sse,SH,516530,物流快递,17802300.0,份,,,akshare:20260831
2026-08-31,akshare_fund_etf_scale_sse,SH,516550,农业ETF,260414400.0,份,,,akshare:20260831
2026-08-31,akshare_fund_etf_scale_sse,SH,516560,养老ETF,207258000.0,份,,,akshare:20260831
2026-08-31,akshare_fund_etf_scale_sse,SH,516570,石化ETF,1126357600.0,份,,,akshare:20260831
2026-08-31,akshare_fund_etf_scale_sse,SH,516580,新能源BS,145124100.0,份,,,akshare:20260831
2026-08-31,akshare_fund_etf_scale_sse,SH,516590,电动汽车,52015000.0,份,,,akshare:20260831
2026-08-31,akshare_fund_etf_scale_sse,SH,516600,消服ETF,110332099.99999999,份,,,akshare:20260831
2026-08-31,akshare_fund_etf_scale_sse,SH,516610,医服ETF,233974800.0,份,,,akshare:20260831
2026-08-31,akshare_fund_etf_scale_sse,SH,516620,影视ETF,336267500.0,份,,,akshare:20260831
2026-08-31,akshare_fund_etf_scale_sse,SH,516630,云计算50,478156000.0,份,,,akshare:20260831
2026-08-31,akshare_fund_etf_scale_sse,SH,516640,芯片龙头,1290482800.0,份,,,akshare:20260831
2026-08-31,akshare_fund_etf_scale_sse,SH,516650,有色50,5235464800.0,份,,,akshare:20260831
2026-08-31,akshare_fund_etf_scale_sse,SH,516660,新能汽车,154689000.0,份,,,akshare:20260831
2026-08-31,akshare_fund_etf_scale_sse,SH,516670,畜牧养殖,3405266300.0,份,,,akshare:20260831
2026-08-31,akshare_fund_etf_scale_sse,SH,516700,数据产业,179622000.0,份,,,akshare:20260831
2026-08-31,akshare_fund_etf_scale_sse,SH,516710,新材料50,74272000.0,份,,,akshare:20260831
2026-08-31,akshare_fund_etf_scale_sse,SH,516720,ESGETF,10837800.0,份,,,akshare:20260831
2026-08-31,akshare_fund_etf_scale_sse,SH,516730,证券公司,227380800.00000003,份,,,akshare:20260831
2026-08-31,akshare_fund_etf_scale_sse,SH,516750,建材ETF,139167300.0,份,,,akshare:20260831
2026-08-31,akshare_fund_etf_scale_sse,SH,516760,养殖ETF,302215100.0,份,,,akshare:20260831
2026-08-31,akshare_fund_etf_scale_sse,SH,516770,游戏动漫,276048000.0,份,,,akshare:20260831
2026-08-31,akshare_fund_etf_scale_sse,SH,516780,稀土ETF,2404099700.0,份,,,akshare:20260831
2026-08-31,akshare_fund_etf_scale_sse,SH,516790,保健ETF,182682200.0,份,,,akshare:20260831
2026-08-31,akshare_fund_etf_scale_sse,SH,516800,智能制造,182308000.0,份,,,akshare:20260831
2026-08-31,akshare_fund_etf_scale_sse,SH,516810,农业,525478900.0,份,,,akshare:20260831
2026-08-31,akshare_fund_etf_scale_sse,SH,516820,医疗创新,4572415200.0,份,,,akshare:20260831
2026-08-31,akshare_fund_etf_scale_sse,SH,516830,300ESG,89676900.0,份,,,akshare:20260831
2026-08-31,akshare_fund_etf_scale_sse,SH,516840,汽车基金,137277000.0,份,,,akshare:20260831
2026-08-31,akshare_fund_etf_scale_sse,SH,516850,新能源80,139237000.0,份,,,akshare:20260831
2026-08-31,akshare_fund_etf_scale_sse,SH,516860,金融科技,1167522000.0,份,,,akshare:20260831
2026-08-31,akshare_fund_etf_scale_sse,SH,516880,光伏50,915944100.0,份,,,akshare:20260831
2026-08-31,akshare_fund_etf_scale_sse,SH,516890,新材ETF,33311400.0,份,,,akshare:20260831
2026-08-31,akshare_fund_etf_scale_sse,SH,516900,食品50,281729000.0,份,,,akshare:20260831
2026-08-31,akshare_fund_etf_scale_sse,SH,516910,物流ETF,66641800.0,份,,,akshare:20260831
2026-08-31,akshare_fund_etf_scale_sse,SH,516920,芯片基金,479463000.0,份,,,akshare:20260831
2026-08-31,akshare_fund_etf_scale_sse,SH,516930,生科ETF,106139599.99999999,份,,,akshare:20260831
2026-08-31,akshare_fund_etf_scale_sse,SH,516950,基建ETF,115821000.0,份,,,akshare:20260831
2026-08-31,akshare_fund_etf_scale_sse,SH,516960,机械ETF,16051099.999999998,份,,,akshare:20260831
2026-08-31,akshare_fund_etf_scale_sse,SH,516970,基建50,1181542500.0,份,,,akshare:20260831
2026-08-31,akshare_fund_etf_scale_sse,SH,516980,证券先锋,55516000.0,份,,,akshare:20260831
2026-08-31,akshare_fund_etf_scale_sse,SH,517000,沪港深,122793000.0,份,,,akshare:20260831
2026-08-31,akshare_fund_etf_scale_sse,SH,517010,HGS500E,78144200.0,份,,,akshare:20260831
2026-08-31,akshare_fund_etf_scale_sse,SH,517030,HGS300,84040300.0,份,,,akshare:20260831
2026-08-31,akshare_fund_etf_scale_sse,SH,517050,互联网50,347605000.0,份,,,akshare:20260831
2026-08-31,akshare_fund_etf_scale_sse,SH,517080,HGS500,173166000.0,份,,,akshare:20260831
2026-08-31,akshare_fund_etf_scale_sse,SH,517090,共赢ETF,54075000.0,份,,,akshare:20260831
2026-08-31,akshare_fund_etf_scale_sse,SH,517100,AH500ETF,143602100.0,份,,,akshare:20260831
2026-08-31,akshare_fund_etf_scale_sse,SH,517110,创新药HK,1339098500.0,份,,,akshare:20260831
2026-08-31,akshare_fund_etf_scale_sse,SH,517120,创新药50,576966400.0,份,,,akshare:20260831
2026-08-31,akshare_fund_etf_scale_sse,SH,517130,云计算JS,188654000.0,份,,,akshare:20260831
2026-08-31,akshare_fund_etf_scale_sse,SH,517160,长江ETF,1826777500.0,份,,,akshare:20260831
2026-08-31,akshare_fund_etf_scale_sse,SH,517170,沪港深E,16131800.0,份,,,akshare:20260831
2026-08-31,akshare_fund_etf_scale_sse,SH,517180,中国国企,89496299.99999999,份,,,akshare:20260831
2026-08-31,akshare_fund_etf_scale_sse,SH,517200,互联网,144782000.0,份,,,akshare:20260831
2026-08-31,akshare_fund_etf_scale_sse,SH,517230,云计算MW,168545800.00000003,份,,,akshare:20260831
2026-08-31,akshare_fund_etf_scale_sse,SH,517300,AH300ETF,1002434500.0,份,,,akshare:20260831
2026-08-31,akshare_fund_etf_scale_sse,SH,517330,长江保护,1809169000.0,份,,,akshare:20260831
2026-08-31,akshare_fund_etf_scale_sse,SH,517350,龙头科技,49042000.0,份,,,akshare:20260831
2026-08-31,akshare_fund_etf_scale_sse,SH,517360,AH科技,25083000.0,份,,,akshare:20260831
2026-08-31,akshare_fund_etf_scale_sse,SH,517380,创新药AH,3020326300.0,份,,,akshare:20260831
2026-08-31,akshare_fund_etf_scale_sse,SH,517390,云计算AH,131112600.0,份,,,akshare:20260831
2026-08-31,akshare_fund_etf_scale_sse,SH,517400,黄金股票,976792000.0,份,,,akshare:20260831
2026-08-31,akshare_fund_etf_scale_sse,SH,517520,黄金股,6350404000.0,份,,,akshare:20260831
2026-08-31,akshare_fund_etf_scale_sse,SH,517550,消费主题,80417400.0,份,,,akshare:20260831
2026-08-31,akshare_fund_etf_scale_sse,SH,517660,物联网AH,39880700.0,份,,,akshare:20260831
2026-08-31,akshare_fund_etf_scale_sse,SH,517770,游戏传媒,196947800.0,份,,,akshare:20260831
2026-08-31,akshare_fund_etf_scale_sse,SH,517800,AI50,213539700.0,份,,,akshare:20260831
2026-08-31,akshare_fund_etf_scale_sse,SH,517850,张江ETF,38185200.0,份,,,akshare:20260831
2026-08-31,akshare_fund_etf_scale_sse,SH,517880,品牌消费,49337100.0,份,,,akshare:20260831
2026-08-31,akshare_fund_etf_scale_sse,SH,517900,银行优选,394993500.0,份,,,akshare:20260831
2026-08-31,akshare_fund_etf_scale_sse,SH,517950,交银科技,48623200.0,份,,,akshare:20260831
2026-08-31,akshare_fund_etf_scale_sse,SH,517990,医药基金,47987900.0,份,,,akshare:20260831
2026-08-31,akshare_fund_etf_scale_sse,SH,518600,上海金,812416300.0,份,,,akshare:20260831
2026-08-31,akshare_fund_etf_scale_sse,SH,518660,工银黄金,958652700.0,份,,,akshare:20260831
2026-08-31,akshare_fund_etf_scale_sse,SH,518680,金ETF,772569500.0,份,,,akshare:20260831
2026-08-31,akshare_fund_etf_scale_sse,SH,518800,黄金基金,3749279200.0,份,,,akshare:20260831
2026-08-31,akshare_fund_etf_scale_sse,SH,518850,黄金9999,1881378700.0,份,,,akshare:20260831
2026-08-31,akshare_fund_etf_scale_sse,SH,518860,上海金E,465159800.00000006,份,,,akshare:20260831
2026-08-31,akshare_fund_etf_scale_sse,SH,518880,黄金ETF,11662940800.0,份,,,akshare:20260831
2026-08-31,akshare_fund_etf_scale_sse,SH,518890,中银黄金,374054800.00000006,份,,,akshare:20260831
2026-08-31,akshare_fund_etf_scale_sse,SH,520500,恒生新药,1878305000.0,份,,,akshare:20260831
2026-08-31,akshare_fund_etf_scale_sse,SH,520510,港股医疗,241728000.0,份,,,akshare:20260831
2026-08-31,akshare_fund_etf_scale_sse,SH,520520,HK消费,52606000.0,份,,,akshare:20260831
2026-08-31,akshare_fund_etf_scale_sse,SH,520530,港科ETF,234776000.0,份,,,akshare:20260831
2026-08-31,akshare_fund_etf_scale_sse,SH,520550,红利恒生,1149524000.0,份,,,akshare:20260831
2026-08-31,akshare_fund_etf_scale_sse,SH,520560,香港30,607419000.0,份,,,akshare:20260831
2026-08-31,akshare_fund_etf_scale_sse,SH,520570,科技恒指,3501876000.0,份,,,akshare:20260831
2026-08-31,akshare_fund_etf_scale_sse,SH,520580,新兴亚洲,290983900.0,份,,,akshare:20260831
2026-08-31,akshare_fund_etf_scale_sse,SH,520590,恒科,196235000.0,份,,,akshare:20260831
2026-08-31,akshare_fund_etf_scale_sse,SH,520600,汽车港股,235868000.0,份,,,akshare:20260831
2026-08-31,akshare_fund_etf_scale_sse,SH,520610,港红利指,408963000.0,份,,,akshare:20260831
2026-08-31,akshare_fund_etf_scale_sse,SH,520620,港股消费,289409000.0,份,,,akshare:20260831
2026-08-31,akshare_fund_etf_scale_sse,SH,520630,互联港股,594610000.0,份,,,akshare:20260831
2026-08-31,akshare_fund_etf_scale_sse,SH,520650,互联网HK,2482755000.0,份,,,akshare:20260831
2026-08-31,akshare_fund_etf_scale_sse,SH,520660,港红利CS,2161485500.0,份,,,akshare:20260831
2026-08-31,akshare_fund_etf_scale_sse,SH,520670,港科基金,213928100.0,份,,,akshare:20260831
2026-08-31,akshare_fund_etf_scale_sse,SH,520680,港股通车,69369000.0,份,,,akshare:20260831
2026-08-31,akshare_fund_etf_scale_sse,SH,520690,恒生港药,623454000.0,份,,,akshare:20260831
2026-08-31,akshare_fund_etf_scale_sse,SH,520700,创新药WJ,461076000.0,份,,,akshare:20260831
2026-08-31,akshare_fund_etf_scale_sse,SH,520710,信息港股,97029000.0,份,,,akshare:20260831
2026-08-31,akshare_fund_etf_scale_sse,SH,520720,香港汽车,121942000.0,份,,,akshare:20260831
2026-08-31,akshare_fund_etf_scale_sse,SH,520730,汽车WJ,118394400.0,份,,,akshare:20260831
2026-08-31,akshare_fund_etf_scale_sse,SH,520740,互联香港,46012600.0,份,,,akshare:20260831
2026-08-31,akshare_fund_etf_scale_sse,SH,520750,HK信息,134384000.0,份,,,akshare:20260831
2026-08-31,akshare_fund_etf_scale_sse,SH,520760,港股生物,128466000.0,份,,,akshare:20260831
2026-08-31,akshare_fund_etf_scale_sse,SH,520770,港股恒指,213373800.0,份,,,akshare:20260831
2026-08-31,akshare_fund_etf_scale_sse,SH,520780,港股车50,39460000.0,份,,,akshare:20260831
2026-08-31,akshare_fund_etf_scale_sse,SH,520790,港互联网,574075000.0,份,,,akshare:20260831
2026-08-31,akshare_fund_etf_scale_sse,SH,520810,港高股息,298360000.0,份,,,akshare:20260831
2026-08-31,akshare_fund_etf_scale_sse,SH,520820,恒指通,58682000.0,份,,,akshare:20260831
2026-08-31,akshare_fund_etf_scale_sse,SH,520830,沙特ETF,1084619000.0,份,,,akshare:20260831
2026-08-31,akshare_fund_etf_scale_sse,SH,520840,港科技,1126549000.0,份,,,akshare:20260831
2026-08-31,akshare_fund_etf_scale_sse,SH,520850,港医疗,139249600.0,份,,,akshare:20260831
2026-08-31,akshare_fund_etf_scale_sse,SH,520860,港股通科,339195000.0,份,,,akshare:20260831
2026-08-31,akshare_fund_etf_scale_sse,SH,520870,巴西ETF,511477200.0,份,,,akshare:20260831
2026-08-31,akshare_fund_etf_scale_sse,SH,520880,港创新药,4395618000.0,份,,,akshare:20260831
2026-08-31,akshare_fund_etf_scale_sse,SH,520890,港红利,80508000.0,份,,,akshare:20260831
2026-08-31,akshare_fund_etf_scale_sse,SH,520900,红利香港,1531675000.0,份,,,akshare:20260831
2026-08-31,akshare_fund_etf_scale_sse,SH,520910,HK互联,751445000.0,份,,,akshare:20260831
2026-08-31,akshare_fund_etf_scale_sse,SH,520920,恒生科TH,18879019000.0,份,,,akshare:20260831
2026-08-31,akshare_fund_etf_scale_sse,SH,520930,恒生生科,160733000.0,份,,,akshare:20260831
2026-08-31,akshare_fund_etf_scale_sse,SH,520940,恒指基金,22297000.0,份,,,akshare:20260831
2026-08-31,akshare_fund_etf_scale_sse,SH,520950,港股50,325421000.0,份,,,akshare:20260831
2026-08-31,akshare_fund_etf_scale_sse,SH,520960,恒指港通,50603400.0,份,,,akshare:20260831
2026-08-31,akshare_fund_etf_scale_sse,SH,520970,港股通药,1250358000.0,份,,,akshare:20260831
2026-08-31,akshare_fund_etf_scale_sse,SH,520980,港科技30,3169387000.0,份,,,akshare:20260831
2026-08-31,akshare_fund_etf_scale_sse,SH,520990,国新红利,3451470500.0,份,,,akshare:20260831
2026-08-31,akshare_fund_etf_scale_sse,SH,526000,港股信息,176142000.0,份,,,akshare:20260831
2026-08-31,akshare_fund_etf_scale_sse,SH,526010,香港医疗,37458000.0,份,,,akshare:20260831
2026-08-31,akshare_fund_etf_scale_sse,SH,526030,港信息基,153465000.0,份,,,akshare:20260831
2026-08-31,akshare_fund_etf_scale_sse,SH,526050,香港信息,53630000.0,份,,,akshare:20260831
2026-08-31,akshare_fund_etf_scale_sse,SH,526070,恒生博时,52377000.0,份,,,akshare:20260831
2026-08-31,akshare_fund_etf_scale_sse,SH,530000,50ETF基,946029400.0,份,,,akshare:20260831
2026-08-31,akshare_fund_etf_scale_sse,SH,530050,SH50ETF,131813000.0,份,,,akshare:20260831
2026-08-31,akshare_fund_etf_scale_sse,SH,530060,上证综E,891193000.0,份,,,akshare:20260831
2026-08-31,akshare_fund_etf_scale_sse,SH,530080,180指基,28917000.0,份,,,akshare:20260831
2026-08-31,akshare_fund_etf_scale_sse,SH,530100,上证580,120696000.0,份,,,akshare:20260831
2026-08-31,akshare_fund_etf_scale_sse,SH,530180,上证180,57952000.0,份,,,akshare:20260831
2026-08-31,akshare_fund_etf_scale_sse,SH,530280,180ETF指,29934000.0,份,,,akshare:20260831
2026-08-31,akshare_fund_etf_scale_sse,SH,530300,180指数,33643000.0,份,,,akshare:20260831
2026-08-31,akshare_fund_etf_scale_sse,SH,530380,上证380,134705000.0,份,,,akshare:20260831
2026-08-31,akshare_fund_etf_scale_sse,SH,530530,580ETF,134460000.0,份,,,akshare:20260831
2026-08-31,akshare_fund_etf_scale_sse,SH,530580,180基金,55149000.0,份,,,akshare:20260831
2026-08-31,akshare_fund_etf_scale_sse,SH,530680,180E,108891900.0,份,,,akshare:20260831
2026-08-31,akshare_fund_etf_scale_sse,SH,530800,上180ETF,18201800.0,份,,,akshare:20260831
2026-08-31,akshare_fund_etf_scale_sse,SH,530880,上证红利,39836000.0,份,,,akshare:20260831
2026-08-31,akshare_fund_etf_scale_sse,SH,551000,科创债,79904100.0,份,,,akshare:20260831
2026-08-31,akshare_fund_etf_scale_sse,SH,551030,科创债券,183340000.0,份,,,akshare:20260831
2026-08-31,akshare_fund_etf_scale_sse,SH,551060,科创债沪,57401000.0,份,,,akshare:20260831
2026-08-31,akshare_fund_etf_scale_sse,SH,551300,科创债摩,50957500.0,份,,,akshare:20260831
2026-08-31,akshare_fund_etf_scale_sse,SH,551500,科创债易,128220000.0,份,,,akshare:20260831
2026-08-31,akshare_fund_etf_scale_sse,SH,551510,科债AAA,142216100.0,份,,,akshare:20260831
2026-08-31,akshare_fund_etf_scale_sse,SH,551520,科创债汇,216161600.0,份,,,akshare:20260831
2026-08-31,akshare_fund_etf_scale_sse,SH,551550,科创AAA,178348200.0,份,,,akshare:20260831
2026-08-31,akshare_fund_etf_scale_sse,SH,551560,科创债兴,171658800.0,份,,,akshare:20260831
2026-08-31,akshare_fund_etf_scale_sse,SH,551580,科创债TK,107026800.0,份,,,akshare:20260831
2026-08-31,akshare_fund_etf_scale_sse,SH,551800,国泰科债,116021400.0,份,,,akshare:20260831
2026-08-31,akshare_fund_etf_scale_sse,SH,551900,科创债指,138931700.0,份,,,akshare:20260831
2026-08-31,akshare_fund_etf_scale_sse,SH,560010,1000基金,1858621700.0000002,份,,,akshare:20260831
2026-08-31,akshare_fund_etf_scale_sse,SH,560020,红利添富,133562000.0,份,,,akshare:20260831
2026-08-31,akshare_fund_etf_scale_sse,SH,560030,800价值,23432000.0,份,,,akshare:20260831
2026-08-31,akshare_fund_etf_scale_sse,SH,560050,MSCIA50,2172434400.0,份,,,akshare:20260831
2026-08-31,akshare_fund_etf_scale_sse,SH,560060,碳中和基,76090000.0,份,,,akshare:20260831
2026-08-31,akshare_fund_etf_scale_sse,SH,560070,央企分红,83362300.0,份,,,akshare:20260831
2026-08-31,akshare_fund_etf_scale_sse,SH,560080,中药ETF,2259765000.0,份,,,akshare:20260831
2026-08-31,akshare_fund_etf_scale_sse,SH,560090,证券指数,2308865000.0,份,,,akshare:20260831
2026-08-31,akshare_fund_etf_scale_sse,SH,560100,增强ETF,56580300.0,份,,,akshare:20260831
2026-08-31,akshare_fund_etf_scale_sse,SH,560110,ZZ1000,355903500.0,份,,,akshare:20260831
2026-08-31,akshare_fund_etf_scale_sse,SH,560120,500现金,582689000.0,份,,,akshare:20260831
2026-08-31,akshare_fund_etf_scale_sse,SH,560130,食品基金,69776200.0,份,,,akshare:20260831
2026-08-31,akshare_fund_etf_scale_sse,SH,560150,红利TK,682279299.9999999,份,,,akshare:20260831
2026-08-31,akshare_fund_etf_scale_sse,SH,560160,食品E,111706000.0,份,,,akshare:20260831
2026-08-31,akshare_fund_etf_scale_sse,SH,560170,央企科技,374495500.0,份,,,akshare:20260831
2026-08-31,akshare_fund_etf_scale_sse,SH,560180,ESG300,15603000.0,份,,,akshare:20260831
2026-08-31,akshare_fund_etf_scale_sse,SH,560190,公用事业,26834000.0,份,,,akshare:20260831
2026-08-31,akshare_fund_etf_scale_sse,SH,560210,景顺农牧,519522000.0,份,,,akshare:20260831
2026-08-31,akshare_fund_etf_scale_sse,SH,560220,2000基金,60717000.0,份,,,akshare:20260831
2026-08-31,akshare_fund_etf_scale_sse,SH,560230,光伏富国,83889000.0,份,,,akshare:20260831
2026-08-31,akshare_fund_etf_scale_sse,SH,560250,红利质量,149833000.0,份,,,akshare:20260831
2026-08-31,akshare_fund_etf_scale_sse,SH,560260,医疗50,1716664700.0,份,,,akshare:20260831
2026-08-31,akshare_fund_etf_scale_sse,SH,560270,电力指数,165939000.0,份,,,akshare:20260831
2026-08-31,akshare_fund_etf_scale_sse,SH,560280,工程机械,1488752000.0,份,,,akshare:20260831
2026-08-31,akshare_fund_etf_scale_sse,SH,560290,景顺有色,368694000.0,份,,,akshare:20260831
2026-08-31,akshare_fund_etf_scale_sse,SH,560300,电信50,26803400.0,份,,,akshare:20260831
2026-08-31,akshare_fund_etf_scale_sse,SH,560310,光伏博时,185122000.0,份,,,akshare:20260831
2026-08-31,akshare_fund_etf_scale_sse,SH,560320,食品富国,118332000.0,份,,,akshare:20260831
2026-08-31,akshare_fund_etf_scale_sse,SH,560330,300价值E,17130000.0,份,,,akshare:20260831
2026-08-31,akshare_fund_etf_scale_sse,SH,560350,A50指数,843532100.0000001,份,,,akshare:20260831
2026-08-31,akshare_fund_etf_scale_sse,SH,560360,软件指数,224345000.0,份,,,akshare:20260831
2026-08-31,akshare_fund_etf_scale_sse,SH,560370,全指红利,210084000.0,份,,,akshare:20260831
2026-08-31,akshare_fund_etf_scale_sse,SH,560380,A100,140861000.0,份,,,akshare:20260831
2026-08-31,akshare_fund_etf_scale_sse,SH,560390,电网E,2035258000.0,份,,,akshare:20260831
2026-08-31,akshare_fund_etf_scale_sse,SH,560400,证券华泰,173493000.0,份,,,akshare:20260831
2026-08-31,akshare_fund_etf_scale_sse,SH,560410,电池鹏华,58786100.0,份,,,akshare:20260831
2026-08-31,akshare_fund_etf_scale_sse,SH,560420,食品Q,130780200.0,份,,,akshare:20260831
2026-08-31,akshare_fund_etf_scale_sse,SH,560450,电力TH,249069000.0,份,,,akshare:20260831
2026-08-31,akshare_fund_etf_scale_sse,SH,560460,电力平安,289537000.0,份,,,akshare:20260831
2026-08-31,akshare_fund_etf_scale_sse,SH,560470,有色E,305340000.0,份,,,akshare:20260831
2026-08-31,akshare_fund_etf_scale_sse,SH,560480,中证电力,141803000.0,份,,,akshare:20260831
2026-08-31,akshare_fund_etf_scale_sse,SH,560490,华泰有色,105482000.0,份,,,akshare:20260831
2026-08-31,akshare_fund_etf_scale_sse,SH,560500,500质量,295339000.0,份,,,akshare:20260831
2026-08-31,akshare_fund_etf_scale_sse,SH,560510,中证A500,2531026900.0,份,,,akshare:20260831
2026-08-31,akshare_fund_etf_scale_sse,SH,560520,红利大成,51751000.0,份,,,akshare:20260831
2026-08-31,akshare_fund_etf_scale_sse,SH,560530,A500ETF,3991623700.0,份,,,akshare:20260831
2026-08-31,akshare_fund_etf_scale_sse,SH,560550,碳中和,123597400.0,份,,,akshare:20260831
2026-08-31,akshare_fund_etf_scale_sse,SH,560560,碳中和TK,70190100.0,份,,,akshare:20260831
2026-08-31,akshare_fund_etf_scale_sse,SH,560570,A500低波,1158541200.0,份,,,akshare:20260831
2026-08-31,akshare_fund_etf_scale_sse,SH,560580,电力指基,449003000.0,份,,,akshare:20260831
2026-08-31,akshare_fund_etf_scale_sse,SH,560590,1000鹏华,28710000.0,份,,,akshare:20260831
2026-08-31,akshare_fund_etf_scale_sse,SH,560610,A500指数,5251988400.0,份,,,akshare:20260831
2026-08-31,akshare_fund_etf_scale_sse,SH,560620,公用WJ,26367000.0,份,,,akshare:20260831
2026-08-31,akshare_fund_etf_scale_sse,SH,560630,机器人WJ,155394000.0,份,,,akshare:20260831
2026-08-31,akshare_fund_etf_scale_sse,SH,560650,核心50,0.0,份,,,akshare:20260831
2026-08-31,akshare_fund_etf_scale_sse,SH,560660,云50ETF,129938000.0,份,,,akshare:20260831
2026-08-31,akshare_fund_etf_scale_sse,SH,560670,中证银行,42974000.0,份,,,akshare:20260831
2026-08-31,akshare_fund_etf_scale_sse,SH,560680,龙头消费,336725600.0,份,,,akshare:20260831
2026-08-31,akshare_fund_etf_scale_sse,SH,560690,电信主题,20389000.0,份,,,akshare:20260831
2026-08-31,akshare_fund_etf_scale_sse,SH,560700,央红利50,450036900.0,份,,,akshare:20260831
2026-08-31,akshare_fund_etf_scale_sse,SH,560710,船舶ETF,1718580000.0,份,,,akshare:20260831
2026-08-31,akshare_fund_etf_scale_sse,SH,560720,工银红利,99548000.0,份,,,akshare:20260831
2026-08-31,akshare_fund_etf_scale_sse,SH,560730,红利GTHT,86836299.99999999,份,,,akshare:20260831
2026-08-31,akshare_fund_etf_scale_sse,SH,560750,A500申万,78554800.0,份,,,akshare:20260831
2026-08-31,akshare_fund_etf_scale_sse,SH,560770,机器人ZS,1651633000.0,份,,,akshare:20260831
2026-08-31,akshare_fund_etf_scale_sse,SH,560780,半导设备,12955488000.0,份,,,akshare:20260831
2026-08-31,akshare_fund_etf_scale_sse,SH,560790,软件服务,225455900.0,份,,,akshare:20260831
2026-08-31,akshare_fund_etf_scale_sse,SH,560800,数字ETF,293951100.0,份,,,akshare:20260831
2026-08-31,akshare_fund_etf_scale_sse,SH,560810,央企ESG,181116000.0,份,,,akshare:20260831
2026-08-31,akshare_fund_etf_scale_sse,SH,560820,A50新华,40926000.0,份,,,akshare:20260831
2026-08-31,akshare_fund_etf_scale_sse,SH,560830,电指数,706519000.0,份,,,akshare:20260831
2026-08-31,akshare_fund_etf_scale_sse,SH,560850,信创50,70164000.0,份,,,akshare:20260831
2026-08-31,akshare_fund_etf_scale_sse,SH,560860,工业有色,5317233000.0,份,,,akshare:20260831
2026-08-31,akshare_fund_etf_scale_sse,SH,560870,中银有色,93351900.0,份,,,akshare:20260831
2026-08-31,akshare_fund_etf_scale_sse,SH,560880,家电基金,201232000.0,份,,,akshare:20260831
2026-08-31,akshare_fund_etf_scale_sse,SH,560900,创新药企,210969100.0,份,,,akshare:20260831
2026-08-31,akshare_fund_etf_scale_sse,SH,560910,中证电池,195721000.0,份,,,akshare:20260831
2026-08-31,akshare_fund_etf_scale_sse,SH,560920,招商机械,44373300.0,份,,,akshare:20260831
2026-08-31,akshare_fund_etf_scale_sse,SH,560930,电力E,211024000.0,份,,,akshare:20260831
2026-08-31,akshare_fund_etf_scale_sse,SH,560950,500增,15483000.0,份,,,akshare:20260831
2026-08-31,akshare_fund_etf_scale_sse,SH,560970,有色金属,69138000.0,份,,,akshare:20260831
2026-08-31,akshare_fund_etf_scale_sse,SH,560980,光伏龙头,345022000.0,份,,,akshare:20260831
2026-08-31,akshare_fund_etf_scale_sse,SH,560990,科技先锋,16187100.0,份,,,akshare:20260831
2026-08-31,akshare_fund_etf_scale_sse,SH,561000,300指增,52420000.0,份,,,akshare:20260831
2026-08-31,akshare_fund_etf_scale_sse,SH,561010,软件开发,294356000.0,份,,,akshare:20260831
2026-08-31,akshare_fund_etf_scale_sse,SH,561020,食品招商,31022199.999999996,份,,,akshare:20260831
2026-08-31,akshare_fund_etf_scale_sse,SH,561030,机械华泰,186550000.0,份,,,akshare:20260831
2026-08-31,akshare_fund_etf_scale_sse,SH,561050,稀金属E,228250000.0,份,,,akshare:20260831
2026-08-31,akshare_fund_etf_scale_sse,SH,561060,红利国企,49065000.0,份,,,akshare:20260831
2026-08-31,akshare_fund_etf_scale_sse,SH,561080,现金自由,24250000.0,份,,,akshare:20260831
2026-08-31,akshare_fund_etf_scale_sse,SH,561090,A500增,212974000.0,份,,,akshare:20260831
2026-08-31,akshare_fund_etf_scale_sse,SH,561100,电子龙头,586746900.0,份,,,akshare:20260831
2026-08-31,akshare_fund_etf_scale_sse,SH,561120,家电ETF,28159899.999999996,份,,,akshare:20260831
2026-08-31,akshare_fund_etf_scale_sse,SH,561130,国货ETF,83935200.0,份,,,akshare:20260831
2026-08-31,akshare_fund_etf_scale_sse,SH,561160,锂电池,2283835000.0,份,,,akshare:20260831
2026-08-31,akshare_fund_etf_scale_sse,SH,561170,绿电50,542032700.0,份,,,akshare:20260831
2026-08-31,akshare_fund_etf_scale_sse,SH,561180,A100ETF,49609600.0,份,,,akshare:20260831
2026-08-31,akshare_fund_etf_scale_sse,SH,561190,双碳ETF,193318000.0,份,,,akshare:20260831
2026-08-31,akshare_fund_etf_scale_sse,SH,561200,A100基金,31470500.0,份,,,akshare:20260831
2026-08-31,akshare_fund_etf_scale_sse,SH,561220,国企数字,46053000.0,份,,,akshare:20260831
2026-08-31,akshare_fund_etf_scale_sse,SH,561230,A50,450477800.0,份,,,akshare:20260831
2026-08-31,akshare_fund_etf_scale_sse,SH,561250,稀金属PH,80752200.0,份,,,akshare:20260831
2026-08-31,akshare_fund_etf_scale_sse,SH,561260,能源ETF,24095200.0,份,,,akshare:20260831
2026-08-31,akshare_fund_etf_scale_sse,SH,561280,增强1000,87847700.0,份,,,akshare:20260831
2026-08-31,akshare_fund_etf_scale_sse,SH,561300,300增ETF,493965000.0,份,,,akshare:20260831
2026-08-31,akshare_fund_etf_scale_sse,SH,561310,消电ETF,107833100.0,份,,,akshare:20260831
2026-08-31,akshare_fund_etf_scale_sse,SH,561320,交运ETF,34369000.0,份,,,akshare:20260831
2026-08-31,akshare_fund_etf_scale_sse,SH,561330,矿业ETF,1805392100.0,份,,,akshare:20260831
2026-08-31,akshare_fund_etf_scale_sse,SH,561350,国泰500,100700000.0,份,,,akshare:20260831
2026-08-31,akshare_fund_etf_scale_sse,SH,561360,石油ETF,1352148000.0,份,,,akshare:20260831
2026-08-31,akshare_fund_etf_scale_sse,SH,561370,2000ETF,32356000.0,份,,,akshare:20260831
2026-08-31,akshare_fund_etf_scale_sse,SH,561380,电网ETF,6338534000.0,份,,,akshare:20260831
2026-08-31,akshare_fund_etf_scale_sse,SH,561390,稀金属PA,88128100.0,份,,,akshare:20260831
2026-08-31,akshare_fund_etf_scale_sse,SH,561400,鑫元养殖,44519000.0,份,,,akshare:20260831
2026-08-31,akshare_fund_etf_scale_sse,SH,561410,光伏工银,205613300.00000003,份,,,akshare:20260831
2026-08-31,akshare_fund_etf_scale_sse,SH,561420,300现金,1014237000.0,份,,,akshare:20260831
2026-08-31,akshare_fund_etf_scale_sse,SH,561430,全指质量,37223200.0,份,,,akshare:20260831
2026-08-31,akshare_fund_etf_scale_sse,SH,561450,华泰红利,83124300.0,份,,,akshare:20260831
2026-08-31,akshare_fund_etf_scale_sse,SH,561460,AITH,903520000.0,份,,,akshare:20260831
2026-08-31,akshare_fund_etf_scale_sse,SH,561470,畜牧TH,42936000.0,份,,,akshare:20260831
2026-08-31,akshare_fund_etf_scale_sse,SH,561490,红利财通,89631299.99999999,份,,,akshare:20260831
2026-08-31,akshare_fund_etf_scale_sse,SH,561500,漂亮50,56100300.0,份,,,akshare:20260831
2026-08-31,akshare_fund_etf_scale_sse,SH,561510,中医药,64206000.0,份,,,akshare:20260831
2026-08-31,akshare_fund_etf_scale_sse,SH,561550,500指增,1303489600.0,份,,,akshare:20260831
2026-08-31,akshare_fund_etf_scale_sse,SH,561560,电力ETF,1944624200.0000002,份,,,akshare:20260831
2026-08-31,akshare_fund_etf_scale_sse,SH,561570,油气基金,73147000.0,份,,,akshare:20260831
2026-08-31,akshare_fund_etf_scale_sse,SH,561580,央企红利,1930870700.0,份,,,akshare:20260831
2026-08-31,akshare_fund_etf_scale_sse,SH,561590,1000增强,101499599.99999999,份,,,akshare:20260831
2026-08-31,akshare_fund_etf_scale_sse,SH,561600,消费电子,288548000.0,份,,,akshare:20260831
2026-08-31,akshare_fund_etf_scale_sse,SH,561620,华泰化工,38727000.0,份,,,akshare:20260831
2026-08-31,akshare_fund_etf_scale_sse,SH,561630,华泰质量,40898000.0,份,,,akshare:20260831
2026-08-31,akshare_fund_etf_scale_sse,SH,561660,通航基金,69710000.0,份,,,akshare:20260831
2026-08-31,akshare_fund_etf_scale_sse,SH,561680,A500红低,58169000.0,份,,,akshare:20260831
2026-08-31,akshare_fund_etf_scale_sse,SH,561700,电力基金,352313600.0,份,,,akshare:20260831
2026-08-31,akshare_fund_etf_scale_sse,SH,561730,中证A股,126748100.0,份,,,akshare:20260831
2026-08-31,akshare_fund_etf_scale_sse,SH,561750,A50博时,61496000.0,份,,,akshare:20260831
2026-08-31,akshare_fund_etf_scale_sse,SH,561760,油气博时,156195000.0,份,,,akshare:20260831
2026-08-31,akshare_fund_etf_scale_sse,SH,561770,指基A100,37550000.0,份,,,akshare:20260831
2026-08-31,akshare_fund_etf_scale_sse,SH,561780,1000指增,19355800.0,份,,,akshare:20260831
2026-08-31,akshare_fund_etf_scale_sse,SH,561790,现代能源,56934000.0,份,,,akshare:20260831
2026-08-31,akshare_fund_etf_scale_sse,SH,561800,稀金属,203577200.0,份,,,akshare:20260831
2026-08-31,akshare_fund_etf_scale_sse,SH,561810,华泰医疗,70638400.0,份,,,akshare:20260831
2026-08-31,akshare_fund_etf_scale_sse,SH,561870,现金流指,90765000.0,份,,,akshare:20260831
2026-08-31,akshare_fund_etf_scale_sse,SH,561880,A100指数,82389000.0,份,,,akshare:20260831
2026-08-31,akshare_fund_etf_scale_sse,SH,561890,A股E,41112600.0,份,,,akshare:20260831
2026-08-31,akshare_fund_etf_scale_sse,SH,561900,沪深ESG,26334400.0,份,,,akshare:20260831
2026-08-31,akshare_fund_etf_scale_sse,SH,561910,电池ETF,4673076600.0,份,,,akshare:20260831
2026-08-31,akshare_fund_etf_scale_sse,SH,561920,疫苗龙头,64692000.0,份,,,akshare:20260831
2026-08-31,akshare_fund_etf_scale_sse,SH,561930,招商300,187260600.0,份,,,akshare:20260831
2026-08-31,akshare_fund_etf_scale_sse,SH,561950,500增强A,72156000.0,份,,,akshare:20260831
2026-08-31,akshare_fund_etf_scale_sse,SH,561960,央企回报,57385200.00000001,份,,,akshare:20260831
2026-08-31,akshare_fund_etf_scale_sse,SH,561980,芯片设备,8395550000.0,份,,,akshare:20260831
2026-08-31,akshare_fund_etf_scale_sse,SH,561990,300增强,340649200.0,份,,,akshare:20260831
2026-08-31,akshare_fund_etf_scale_sse,SH,562000,中证A100,596737900.0,份,,,akshare:20260831
2026-08-31,akshare_fund_etf_scale_sse,SH,562010,绿色能源,19298700.0,份,,,akshare:20260831
2026-08-31,akshare_fund_etf_scale_sse,SH,562030,信创基金,139973900.0,份,,,akshare:20260831
2026-08-31,akshare_fund_etf_scale_sse,SH,562050,药ETF,99468000.0,份,,,akshare:20260831
2026-08-31,akshare_fund_etf_scale_sse,SH,562060,标普红利,5069792600.0,份,,,akshare:20260831
2026-08-31,akshare_fund_etf_scale_sse,SH,562070,300ETF增,552542000.0,份,,,akshare:20260831
2026-08-31,akshare_fund_etf_scale_sse,SH,562080,自由现金,582757200.0,份,,,akshare:20260831
2026-08-31,akshare_fund_etf_scale_sse,SH,562300,低碳ETF,55495000.0,份,,,akshare:20260831
2026-08-31,akshare_fund_etf_scale_sse,SH,562310,300成长,442572300.00000006,份,,,akshare:20260831
2026-08-31,akshare_fund_etf_scale_sse,SH,562320,300价值A,55295500.0,份,,,akshare:20260831
2026-08-31,akshare_fund_etf_scale_sse,SH,562330,500价值,12018900.000000002,份,,,akshare:20260831
2026-08-31,akshare_fund_etf_scale_sse,SH,562340,500成长,8144299.999999999,份,,,akshare:20260831
2026-08-31,akshare_fund_etf_scale_sse,SH,562350,电力,133410900.0,份,,,akshare:20260831
2026-08-31,akshare_fund_etf_scale_sse,SH,562360,机器人YH,293474000.0,份,,,akshare:20260831
2026-08-31,akshare_fund_etf_scale_sse,SH,562380,科技引领,74128900.0,份,,,akshare:20260831
2026-08-31,akshare_fund_etf_scale_sse,SH,562390,中药,79429000.0,份,,,akshare:20260831
2026-08-31,akshare_fund_etf_scale_sse,SH,562500,机器人,18458687300.0,份,,,akshare:20260831
2026-08-31,akshare_fund_etf_scale_sse,SH,562510,旅游ETF,1115095000.0,份,,,akshare:20260831
2026-08-31,akshare_fund_etf_scale_sse,SH,562520,1000成长,26568000.0,份,,,akshare:20260831
2026-08-31,akshare_fund_etf_scale_sse,SH,562530,1000价值,179144000.0,份,,,akshare:20260831
2026-08-31,akshare_fund_etf_scale_sse,SH,562550,绿电ETF,1527419300.0,份,,,akshare:20260831
2026-08-31,akshare_fund_etf_scale_sse,SH,562560,信息技术,22765500.0,份,,,akshare:20260831
2026-08-31,akshare_fund_etf_scale_sse,SH,562570,信创ETF,307281000.0,份,,,akshare:20260831
2026-08-31,akshare_fund_etf_scale_sse,SH,562580,可选消费,39223300.0,份,,,akshare:20260831
2026-08-31,akshare_fund_etf_scale_sse,SH,562590,半导材料,9076989000.0,份,,,akshare:20260831
2026-08-31,akshare_fund_etf_scale_sse,SH,562600,医疗器械,453937400.0,份,,,akshare:20260831
2026-08-31,akshare_fund_etf_scale_sse,SH,562660,ZZ2000,346874000.0,份,,,akshare:20260831
2026-08-31,akshare_fund_etf_scale_sse,SH,562700,汽车零件,101750000.0,份,,,akshare:20260831
2026-08-31,akshare_fund_etf_scale_sse,SH,562800,稀有金属,5681245000.0,份,,,akshare:20260831
2026-08-31,akshare_fund_etf_scale_sse,SH,562810,上证增强,52951000.0,份,,,akshare:20260831
2026-08-31,akshare_fund_etf_scale_sse,SH,562820,集成电路,416408000.0,份,,,akshare:20260831
2026-08-31,akshare_fund_etf_scale_sse,SH,562850,央企能源,185981500.0,份,,,akshare:20260831
2026-08-31,akshare_fund_etf_scale_sse,SH,562860,疫苗ETF,332895000.0,份,,,akshare:20260831
2026-08-31,akshare_fund_etf_scale_sse,SH,562870,证券全指,594505200.0,份,,,akshare:20260831
2026-08-31,akshare_fund_etf_scale_sse,SH,562880,电池基金,889399600.0000001,份,,,akshare:20260831
2026-08-31,akshare_fund_etf_scale_sse,SH,562890,A50中证,270551000.0,份,,,akshare:20260831
2026-08-31,akshare_fund_etf_scale_sse,SH,562900,现代农业,238706300.0,份,,,akshare:20260831
2026-08-31,akshare_fund_etf_scale_sse,SH,562910,高端制造,296227300.0,份,,,akshare:20260831
2026-08-31,akshare_fund_etf_scale_sse,SH,562920,信息安全,93069000.0,份,,,akshare:20260831
2026-08-31,akshare_fund_etf_scale_sse,SH,562930,软件30,1734437000.0,份,,,akshare:20260831
2026-08-31,akshare_fund_etf_scale_sse,SH,562950,消电50,1025258300.0,份,,,akshare:20260831
2026-08-31,akshare_fund_etf_scale_sse,SH,562960,绿色电力,1238391000.0,份,,,akshare:20260831
2026-08-31,akshare_fund_etf_scale_sse,SH,562970,光伏E,365448000.0,份,,,akshare:20260831
2026-08-31,akshare_fund_etf_scale_sse,SH,562990,碳中和E,376756000.0,份,,,akshare:20260831
2026-08-31,akshare_fund_etf_scale_sse,SH,563000,中国A50,1538451099.9999998,份,,,akshare:20260831
2026-08-31,akshare_fund_etf_scale_sse,SH,563010,电信ETF,94189300.0,份,,,akshare:20260831
2026-08-31,akshare_fund_etf_scale_sse,SH,563020,低波红利,10889910000.0,份,,,akshare:20260831
2026-08-31,akshare_fund_etf_scale_sse,SH,563030,增强500,127169000.0,份,,,akshare:20260831
2026-08-31,akshare_fund_etf_scale_sse,SH,563050,科技央企,134208400.0,份,,,akshare:20260831
2026-08-31,akshare_fund_etf_scale_sse,SH,563060,央企50,188527000.0,份,,,akshare:20260831
2026-08-31,akshare_fund_etf_scale_sse,SH,563080,中证A50E,1100588400.0,份,,,akshare:20260831
2026-08-31,akshare_fund_etf_scale_sse,SH,563090,上50增强,55848000.0,份,,,akshare:20260831
2026-08-31,akshare_fund_etf_scale_sse,SH,563150,油气资源,34399000.0,份,,,akshare:20260831
2026-08-31,akshare_fund_etf_scale_sse,SH,563180,高股息,100420000.0,份,,,akshare:20260831
2026-08-31,akshare_fund_etf_scale_sse,SH,563200,2000指数,53458800.0,份,,,akshare:20260831
2026-08-31,akshare_fund_etf_scale_sse,SH,563210,专精特新,116067000.0,份,,,akshare:20260831
2026-08-31,akshare_fund_etf_scale_sse,SH,563220,A500富国,6551013700.0,份,,,akshare:20260831
2026-08-31,akshare_fund_etf_scale_sse,SH,563230,卫星ETF,3343237000.0,份,,,akshare:20260831
2026-08-31,akshare_fund_etf_scale_sse,SH,563280,A50增强,5206600.0,份,,,akshare:20260831
2026-08-31,akshare_fund_etf_scale_sse,SH,563300,中证2000,4971174000.0,份,,,akshare:20260831
2026-08-31,akshare_fund_etf_scale_sse,SH,563320,通用航空,225892000.0,份,,,akshare:20260831
2026-08-31,akshare_fund_etf_scale_sse,SH,563330,A股ETF,33360600.0,份,,,akshare:20260831
2026-08-31,akshare_fund_etf_scale_sse,SH,563350,中证A50,169997599.99999997,份,,,akshare:20260831
2026-08-31,akshare_fund_etf_scale_sse,SH,563360,A500基金,31708987400.000004,份,,,akshare:20260831
2026-08-31,akshare_fund_etf_scale_sse,SH,563380,航空航天,876950000.0,份,,,akshare:20260831
2026-08-31,akshare_fund_etf_scale_sse,SH,563390,现金基金,2144844000.0,份,,,akshare:20260831
2026-08-31,akshare_fund_etf_scale_sse,SH,563500,A500华宝,765958700.0,份,,,akshare:20260831
2026-08-31,akshare_fund_etf_scale_sse,SH,563510,A500红利,288537000.0,份,,,akshare:20260831
2026-08-31,akshare_fund_etf_scale_sse,SH,563520,300永赢,445065000.0,份,,,akshare:20260831
2026-08-31,akshare_fund_etf_scale_sse,SH,563530,卫星E,1570748000.0,份,,,akshare:20260831
2026-08-31,akshare_fund_etf_scale_sse,SH,563550,增强A500,73559000.0,份,,,akshare:20260831
2026-08-31,akshare_fund_etf_scale_sse,SH,563560,科技成长,54769000.0,份,,,akshare:20260831
2026-08-31,akshare_fund_etf_scale_sse,SH,563570,金融科,107374000.0,份,,,akshare:20260831
2026-08-31,akshare_fund_etf_scale_sse,SH,563580,现金800,243648000.0,份,,,akshare:20260831
2026-08-31,akshare_fund_etf_scale_sse,SH,563590,红利A500,61944399.99999999,份,,,akshare:20260831
2026-08-31,akshare_fund_etf_scale_sse,SH,563600,A500增强,69483000.0,份,,,akshare:20260831
2026-08-31,akshare_fund_etf_scale_sse,SH,563620,现金流全,51049000.0,份,,,akshare:20260831
2026-08-31,akshare_fund_etf_scale_sse,SH,563630,A500指增,35947100.0,份,,,akshare:20260831
2026-08-31,akshare_fund_etf_scale_sse,SH,563650,A500中证,140909000.0,份,,,akshare:20260831
2026-08-31,akshare_fund_etf_scale_sse,SH,563660,A500银河,63085200.00000001,份,,,akshare:20260831
2026-08-31,akshare_fund_etf_scale_sse,SH,563670,金科基金,180987000.0,份,,,akshare:20260831
2026-08-31,akshare_fund_etf_scale_sse,SH,563680,现金流TF,104959000.0,份,,,akshare:20260831
2026-08-31,akshare_fund_etf_scale_sse,SH,563690,红利永赢,34882000.0,份,,,akshare:20260831
2026-08-31,akshare_fund_etf_scale_sse,SH,563700,红利价值,369150000.0,份,,,akshare:20260831
2026-08-31,akshare_fund_etf_scale_sse,SH,563750,500添富,342237000.0,份,,,akshare:20260831
2026-08-31,akshare_fund_etf_scale_sse,SH,563760,中银现金,697913200.0000001,份,,,akshare:20260831
2026-08-31,akshare_fund_etf_scale_sse,SH,563770,全指现金,25807000.0,份,,,akshare:20260831
2026-08-31,akshare_fund_etf_scale_sse,SH,563780,现金指数,248027100.0,份,,,akshare:20260831
2026-08-31,akshare_fund_etf_scale_sse,SH,563790,卫星产业,1195447000.0,份,,,akshare:20260831
2026-08-31,akshare_fund_etf_scale_sse,SH,563800,A500龙头,9058978100.0,份,,,akshare:20260831
2026-08-31,akshare_fund_etf_scale_sse,SH,563830,现金流基,137896000.0,份,,,akshare:20260831
2026-08-31,akshare_fund_etf_scale_sse,SH,563850,食品广发,117881700.0,份,,,akshare:20260831
2026-08-31,akshare_fund_etf_scale_sse,SH,563860,A500海富,182844300.0,份,,,akshare:20260831
2026-08-31,akshare_fund_etf_scale_sse,SH,563870,航空通用,108303900.0,份,,,akshare:20260831
2026-08-31,akshare_fund_etf_scale_sse,SH,563880,A500添富,1573996400.0000002,份,,,akshare:20260831
2026-08-31,akshare_fund_etf_scale_sse,SH,563890,红利国有,22336000.0,份,,,akshare:20260831
2026-08-31,akshare_fund_etf_scale_sse,SH,563900,现金流,468965700.0,份,,,akshare:20260831
2026-08-31,akshare_fund_etf_scale_sse,SH,563930,上指增强,28592000.0,份,,,akshare:20260831
2026-08-31,akshare_fund_etf_scale_sse,SH,563960,300质量,360012000.0,份,,,akshare:20260831
2026-08-31,akshare_fund_etf_scale_sse,SH,563980,800红利,188967000.0,份,,,akshare:20260831
2026-08-31,akshare_fund_etf_scale_sse,SH,563990,800现金,295573000.0,份,,,akshare:20260831
2026-08-31,akshare_fund_etf_scale_sse,SH,588000,科创50,50540668200.0,份,,,akshare:20260831
2026-08-31,akshare_fund_etf_scale_sse,SH,588010,科创材料,917925800.0,份,,,akshare:20260831
2026-08-31,akshare_fund_etf_scale_sse,SH,588020,科创50E,2147373000.0,份,,,akshare:20260831
2026-08-31,akshare_fund_etf_scale_sse,SH,588030,科创指基,2285838100.0,份,,,akshare:20260831
2026-08-31,akshare_fund_etf_scale_sse,SH,588040,科创板指,125889000.0,份,,,akshare:20260831
2026-08-31,akshare_fund_etf_scale_sse,SH,588050,科创ETF,6427241300.0,份,,,akshare:20260831
2026-08-31,akshare_fund_etf_scale_sse,SH,588060,上证科创,7183140000.0,份,,,akshare:20260831
2026-08-31,akshare_fund_etf_scale_sse,SH,588070,科创万家,40437000.0,份,,,akshare:20260831
2026-08-31,akshare_fund_etf_scale_sse,SH,588080,科创板50,24700628100.0,份,,,akshare:20260831
2026-08-31,akshare_fund_etf_scale_sse,SH,588090,科创板,2988072800.0000005,份,,,akshare:20260831
2026-08-31,akshare_fund_etf_scale_sse,SH,588100,科创信息,201746200.0,份,,,akshare:20260831
2026-08-31,akshare_fund_etf_scale_sse,SH,588110,科创成长,1009032000.0,份,,,akshare:20260831
2026-08-31,akshare_fund_etf_scale_sse,SH,588120,科100ETF,907622000.0,份,,,akshare:20260831
2026-08-31,akshare_fund_etf_scale_sse,SH,588130,科创药,454082600.0,份,,,akshare:20260831
2026-08-31,akshare_fund_etf_scale_sse,SH,588140,科200GF,217751000.0,份,,,akshare:20260831
2026-08-31,akshare_fund_etf_scale_sse,SH,588150,科创龙头,383932600.0,份,,,akshare:20260831
2026-08-31,akshare_fund_etf_scale_sse,SH,588160,科创新材,843996000.0,份,,,akshare:20260831
2026-08-31,akshare_fund_etf_scale_sse,SH,588170,科创半导,43707447000.0,份,,,akshare:20260831
2026-08-31,akshare_fund_etf_scale_sse,SH,588180,科创50基,731353700.0,份,,,akshare:20260831
2026-08-31,akshare_fund_etf_scale_sse,SH,588190,科创100,1333618299.9999998,份,,,akshare:20260831
2026-08-31,akshare_fund_etf_scale_sse,SH,588200,科创芯片,42424184300.0,份,,,akshare:20260831
2026-08-31,akshare_fund_etf_scale_sse,SH,588210,科创100E,240754000.0,份,,,akshare:20260831
2026-08-31,akshare_fund_etf_scale_sse,SH,588220,科创100F,3620697900.0,份,,,akshare:20260831
2026-08-31,akshare_fund_etf_scale_sse,SH,588230,科创200,776939000.0,份,,,akshare:20260831
2026-08-31,akshare_fund_etf_scale_sse,SH,588240,科200,119633000.0,份,,,akshare:20260831
2026-08-31,akshare_fund_etf_scale_sse,SH,588250,KC医药,267675000.0,份,,,akshare:20260831
2026-08-31,akshare_fund_etf_scale_sse,SH,588260,科创技术,46746000.0,份,,,akshare:20260831
2026-08-31,akshare_fund_etf_scale_sse,SH,588270,科创200F,301410000.0,份,,,akshare:20260831
2026-08-31,akshare_fund_etf_scale_sse,SH,588280,科创五零,376121000.0,份,,,akshare:20260831
2026-08-31,akshare_fund_etf_scale_sse,SH,588290,芯片科创,4721691000.0,份,,,akshare:20260831
2026-08-31,akshare_fund_etf_scale_sse,SH,588300,双创ETF,1516210500.0,份,,,akshare:20260831
2026-08-31,akshare_fund_etf_scale_sse,SH,588310,双创基金,31837500.0,份,,,akshare:20260831
2026-08-31,akshare_fund_etf_scale_sse,SH,588320,双创增强,80824600.0,份,,,akshare:20260831
2026-08-31,akshare_fund_etf_scale_sse,SH,588330,双创龙头,1169737800.0,份,,,akshare:20260831
2026-08-31,akshare_fund_etf_scale_sse,SH,588350,双创,652546000.0,份,,,akshare:20260831
2026-08-31,akshare_fund_etf_scale_sse,SH,588360,创创ETF,216281800.0,份,,,akshare:20260831
2026-08-31,akshare_fund_etf_scale_sse,SH,588370,科创策略,73272000.0,份,,,akshare:20260831
2026-08-31,akshare_fund_etf_scale_sse,SH,588380,创50ETF,2675770000.0,份,,,akshare:20260831
2026-08-31,akshare_fund_etf_scale_sse,SH,588390,科创创业,161935900.0,份,,,akshare:20260831
2026-08-31,akshare_fund_etf_scale_sse,SH,588400,双创50,1362600600.0,份,,,akshare:20260831
2026-08-31,akshare_fund_etf_scale_sse,SH,588410,双创AI,113250000.0,份,,,akshare:20260831
2026-08-31,akshare_fund_etf_scale_sse,SH,588420,AI双创,337648000.0,份,,,akshare:20260831
2026-08-31,akshare_fund_etf_scale_sse,SH,588430,科创创AI,100458000.0,份,,,akshare:20260831
2026-08-31,akshare_fund_etf_scale_sse,SH,588450,科创50增,60568700.0,份,,,akshare:20260831
2026-08-31,akshare_fund_etf_scale_sse,SH,588460,科创增强,643514000.0,份,,,akshare:20260831
2026-08-31,akshare_fund_etf_scale_sse,SH,588470,双创智能,283907000.0,份,,,akshare:20260831
2026-08-31,akshare_fund_etf_scale_sse,SH,588480,AI50双创,241717000.0,份,,,akshare:20260831
2026-08-31,akshare_fund_etf_scale_sse,SH,588500,科创100Z,46647000.0,份,,,akshare:20260831
2026-08-31,akshare_fund_etf_scale_sse,SH,588510,智能双创,323175000.0,份,,,akshare:20260831
2026-08-31,akshare_fund_etf_scale_sse,SH,588520,科创增,12957000.0,份,,,akshare:20260831
2026-08-31,akshare_fund_etf_scale_sse,SH,588530,AIBOCI,225033300.00000003,份,,,akshare:20260831
2026-08-31,akshare_fund_etf_scale_sse,SH,588550,科创增指,63290000.0,份,,,akshare:20260831
2026-08-31,akshare_fund_etf_scale_sse,SH,588660,双创五零,38344000.0,份,,,akshare:20260831
2026-08-31,akshare_fund_etf_scale_sse,SH,588670,科综增强,39792000.0,份,,,akshare:20260831
2026-08-31,akshare_fund_etf_scale_sse,SH,588680,科100增,32361000.0,份,,,akshare:20260831
2026-08-31,akshare_fund_etf_scale_sse,SH,588690,科综指增,51636000.0,份,,,akshare:20260831
2026-08-31,akshare_fund_etf_scale_sse,SH,588700,科创生物,452836200.0,份,,,akshare:20260831
2026-08-31,akshare_fund_etf_scale_sse,SH,588710,科半导体,11352885000.0,份,,,akshare:20260831
2026-08-31,akshare_fund_etf_scale_sse,SH,588720,中银科创,109741800.0,份,,,akshare:20260831
2026-08-31,akshare_fund_etf_scale_sse,SH,588730,科创AI,723396300.0,份,,,akshare:20260831
2026-08-31,akshare_fund_etf_scale_sse,SH,588750,科创芯50,3232228000.0,份,,,akshare:20260831
2026-08-31,akshare_fund_etf_scale_sse,SH,588760,AI科创,2425532000.0,份,,,akshare:20260831
2026-08-31,akshare_fund_etf_scale_sse,SH,588770,信息科创,311597100.0,份,,,akshare:20260831
2026-08-31,akshare_fund_etf_scale_sse,SH,588780,芯片设计,1015902000.0,份,,,akshare:20260831
2026-08-31,akshare_fund_etf_scale_sse,SH,588790,科创智能,3286384000.0,份,,,akshare:20260831
2026-08-31,akshare_fund_etf_scale_sse,SH,588800,科创100C,1699877000.0,份,,,akshare:20260831
2026-08-31,akshare_fund_etf_scale_sse,SH,588810,科创板芯,681324000.0,份,,,akshare:20260831
2026-08-31,akshare_fund_etf_scale_sse,SH,588820,科创200E,151400000.0,份,,,akshare:20260831
2026-08-31,akshare_fund_etf_scale_sse,SH,588830,科创新能,613847900.0,份,,,akshare:20260831
2026-08-31,akshare_fund_etf_scale_sse,SH,588840,50科创,58236000.0,份,,,akshare:20260831
2026-08-31,akshare_fund_etf_scale_sse,SH,588850,科创机械,78779000.0,份,,,akshare:20260831
2026-08-31,akshare_fund_etf_scale_sse,SH,588860,科创医药,340889400.0,份,,,akshare:20260831
2026-08-31,akshare_fund_etf_scale_sse,SH,588870,科创50指,782552000.0,份,,,akshare:20260831
2026-08-31,akshare_fund_etf_scale_sse,SH,588880,科创指数,108368000.0,份,,,akshare:20260831
2026-08-31,akshare_fund_etf_scale_sse,SH,588890,科创芯,2777430000.0,份,,,akshare:20260831
2026-08-31,akshare_fund_etf_scale_sse,SH,588900,科创100S,352783000.0,份,,,akshare:20260831
2026-08-31,akshare_fund_etf_scale_sse,SH,588910,科创价值,100049100.0,份,,,akshare:20260831
2026-08-31,akshare_fund_etf_scale_sse,SH,588920,KC芯片,316876000.0,份,,,akshare:20260831
2026-08-31,akshare_fund_etf_scale_sse,SH,588930,科创板AI,617329000.0,份,,,akshare:20260831
2026-08-31,akshare_fund_etf_scale_sse,SH,588940,科创富国,2882840000.0,份,,,akshare:20260831
2026-08-31,akshare_fund_etf_scale_sse,SH,588950,景顺科创,671729700.0,份,,,akshare:20260831
2026-08-31,akshare_fund_etf_scale_sse,SH,588960,新能科创,142579800.0,份,,,akshare:20260831
2026-08-31,akshare_fund_etf_scale_sse,SH,588980,科创广发,11920000.0,份,,,akshare:20260831
2026-08-31,akshare_fund_etf_scale_sse,SH,588990,科芯片,197745400.0,份,,,akshare:20260831
2026-08-31,akshare_fund_etf_scale_sse,SH,589000,科创综指,1043507800.0,份,,,akshare:20260831
2026-08-31,akshare_fund_etf_scale_sse,SH,589010,科创AI指,932793000.0,份,,,akshare:20260831
2026-08-31,akshare_fund_etf_scale_sse,SH,589020,KC半导体,4376438000.0,份,,,akshare:20260831
2026-08-31,akshare_fund_etf_scale_sse,SH,589030,科芯设计,856077000.0,份,,,akshare:20260831
2026-08-31,akshare_fund_etf_scale_sse,SH,589050,科创E,46968000.0,份,,,akshare:20260831
2026-08-31,akshare_fund_etf_scale_sse,SH,589060,科综东财,77137900.0,份,,,akshare:20260831
2026-08-31,akshare_fund_etf_scale_sse,SH,589070,科芯TH,1977293000.0,份,,,akshare:20260831
2026-08-31,akshare_fund_etf_scale_sse,SH,589080,科创综E,173061000.0,份,,,akshare:20260831
2026-08-31,akshare_fund_etf_scale_sse,SH,589090,KCAI,181931000.0,份,,,akshare:20260831
2026-08-31,akshare_fund_etf_scale_sse,SH,589100,国泰芯片,893442500.0,份,,,akshare:20260831
2026-08-31,akshare_fund_etf_scale_sse,SH,589110,科AI国泰,543413000.0,份,,,akshare:20260831
2026-08-31,akshare_fund_etf_scale_sse,SH,589120,创新药基,1312620000.0,份,,,akshare:20260831
2026-08-31,akshare_fund_etf_scale_sse,SH,589130,科创芯易,3326780000.0,份,,,akshare:20260831
2026-08-31,akshare_fund_etf_scale_sse,SH,589150,科创平安,805437200.0,份,,,akshare:20260831
2026-08-31,akshare_fund_etf_scale_sse,SH,589160,科芯片GF,278296000.0,份,,,akshare:20260831
2026-08-31,akshare_fund_etf_scale_sse,SH,589170,芯设计KC,141909000.0,份,,,akshare:20260831
2026-08-31,akshare_fund_etf_scale_sse,SH,589180,科创材基,135818000.0,份,,,akshare:20260831
2026-08-31,akshare_fund_etf_scale_sse,SH,589190,科创芯基,3319562000.0,份,,,akshare:20260831
2026-08-31,akshare_fund_etf_scale_sse,SH,589200,科200E,22507000.0,份,,,akshare:20260831
2026-08-31,akshare_fund_etf_scale_sse,SH,589210,芯设计GF,1320938000.0,份,,,akshare:20260831
2026-08-31,akshare_fund_etf_scale_sse,SH,589220,科200GT,319495800.0,份,,,akshare:20260831
2026-08-31,akshare_fund_etf_scale_sse,SH,589230,AI科创CS,246053000.0,份,,,akshare:20260831
2026-08-31,akshare_fund_etf_scale_sse,SH,589250,芯设计PY,75101300.0,份,,,akshare:20260831
2026-08-31,akshare_fund_etf_scale_sse,SH,589260,科创芯设,64156000.0,份,,,akshare:20260831
2026-08-31,akshare_fund_etf_scale_sse,SH,589270,科创100Q,24516600.0,份,,,akshare:20260831
2026-08-31,akshare_fund_etf_scale_sse,SH,589280,科综增指,149069000.0,份,,,akshare:20260831
2026-08-31,akshare_fund_etf_scale_sse,SH,589290,芯片主题,135848900.0,份,,,akshare:20260831
2026-08-31,akshare_fund_etf_scale_sse,SH,589300,科综嘉实,41582500.0,份,,,akshare:20260831
2026-08-31,akshare_fund_etf_scale_sse,SH,589310,科创人工,313491800.0,份,,,akshare:20260831
2026-08-31,akshare_fund_etf_scale_sse,SH,589320,科200JS,114053000.0,份,,,akshare:20260831
2026-08-31,akshare_fund_etf_scale_sse,SH,589330,科200DC,170902000.0,份,,,akshare:20260831
2026-08-31,akshare_fund_etf_scale_sse,SH,589350,科芯片指,218281500.0,份,,,akshare:20260831
2026-08-31,akshare_fund_etf_scale_sse,SH,589360,科创50GT,2663174000.0,份,,,akshare:20260831
2026-08-31,akshare_fund_etf_scale_sse,SH,589380,AI科创指,95694300.0,份,,,akshare:20260831
2026-08-31,akshare_fund_etf_scale_sse,SH,589390,芯设计,1339810500.0,份,,,akshare:20260831
2026-08-31,akshare_fund_etf_scale_sse,SH,589400,芯设计FG,299785200.0,份,,,akshare:20260831
2026-08-31,akshare_fund_etf_scale_sse,SH,589410,科创AIJS,554565600.0,份,,,akshare:20260831
2026-08-31,akshare_fund_etf_scale_sse,SH,589420,芯设计MW,358481500.0,份,,,akshare:20260831
2026-08-31,akshare_fund_etf_scale_sse,SH,589460,科200HB,214630900.0,份,,,akshare:20260831
2026-08-31,akshare_fund_etf_scale_sse,SH,589500,科综工银,80064000.0,份,,,akshare:20260831
2026-08-31,akshare_fund_etf_scale_sse,SH,589520,AI科创板,828104600.0000001,份,,,akshare:20260831
2026-08-31,akshare_fund_etf_scale_sse,SH,589550,KC价值,25295500.0,份,,,akshare:20260831
2026-08-31,akshare_fund_etf_scale_sse,SH,589560,科创AITF,253355000.0,份,,,akshare:20260831
2026-08-31,akshare_fund_etf_scale_sse,SH,589580,科综价格,14354800.0,份,,,akshare:20260831
2026-08-31,akshare_fund_etf_scale_sse,SH,589600,富国科综,221535000.0,份,,,akshare:20260831
2026-08-31,akshare_fund_etf_scale_sse,SH,589630,科综国泰,343258000.0,份,,,akshare:20260831
2026-08-31,akshare_fund_etf_scale_sse,SH,589660,综指科创,257530000.0,份,,,akshare:20260831
2026-08-31,akshare_fund_etf_scale_sse,SH,589680,科创综Z,1364943700.0,份,,,akshare:20260831
2026-08-31,akshare_fund_etf_scale_sse,SH,589700,成长科创,30291000.0,份,,,akshare:20260831
2026-08-31,akshare_fund_etf_scale_sse,SH,589720,科创新药,4862823000.0,份,,,akshare:20260831
2026-08-31,akshare_fund_etf_scale_sse,SH,589770,科创全指,158569200.0,份,,,akshare:20260831
2026-08-31,akshare_fund_etf_scale_sse,SH,589780,科200FG,69215000.0,份,,,akshare:20260831
2026-08-31,akshare_fund_etf_scale_sse,SH,589800,科创综合,1099988200.0,份,,,akshare:20260831
2026-08-31,akshare_fund_etf_scale_sse,SH,589820,科200F,129720200.0,份,,,akshare:20260831
2026-08-31,akshare_fund_etf_scale_sse,SH,589850,科创东财,712057000.0,份,,,akshare:20260831
2026-08-31,akshare_fund_etf_scale_sse,SH,589860,天弘科综,170224000.0,份,,,akshare:20260831
2026-08-31,akshare_fund_etf_scale_sse,SH,589880,科创综,454996000.0,份,,,akshare:20260831
2026-08-31,akshare_fund_etf_scale_sse,SH,589890,景顺科综,84987000.0,份,,,akshare:20260831
2026-08-31,akshare_fund_etf_scale_sse,SH,589900,博时科综,173908200.0,份,,,akshare:20260831
2026-08-31,akshare_fund_etf_scale_sse,SH,589950,科100FG,357873000.0,份,,,akshare:20260831
2026-08-31,akshare_fund_etf_scale_sse,SH,589960,科创新源,173316000.0,份,,,akshare:20260831
2026-08-31,akshare_fund_etf_scale_sse,SH,589980,科基100,129122000.0,份,,,akshare:20260831
2026-08-31,akshare_fund_etf_scale_sse,SH,589990,科创板综,102090000.0,份,,,akshare:20260831
2026-09-01,akshare_fund_etf_scale_sse,SH,510010,治理ETF,130524400.0,份,,,akshare:20260901
2026-09-01,akshare_fund_etf_scale_sse,SH,510020,超大ETF,35848000.0,份,,,akshare:20260901
2026-09-01,akshare_fund_etf_scale_sse,SH,510030,价值ETF,146229800.0,份,,,akshare:20260901
2026-09-01,akshare_fund_etf_scale_sse,SH,510040,上证180E,26480000.0,份,,,akshare:20260901
2026-09-01,akshare_fund_etf_scale_sse,SH,510050,50ETF,6533766800.000001,份,,,akshare:20260901
2026-09-01,akshare_fund_etf_scale_sse,SH,510060,央企ETF,35959200.0,份,,,akshare:20260901
2026-09-01,akshare_fund_etf_scale_sse,SH,510090,ESG建信,25081100.0,份,,,akshare:20260901
2026-09-01,akshare_fund_etf_scale_sse,SH,510100,SZ50ETF,933806799.9999999,份,,,akshare:20260901
2026-09-01,akshare_fund_etf_scale_sse,SH,510130,中盘ETF,31485100.000000004,份,,,akshare:20260901
2026-09-01,akshare_fund_etf_scale_sse,SH,510140,上证指,77230500.0,份,,,akshare:20260901
2026-09-01,akshare_fund_etf_scale_sse,SH,510150,消费ETF,2839178600.0,份,,,akshare:20260901
2026-09-01,akshare_fund_etf_scale_sse,SH,510160,产业升级,184057400.00000003,份,,,akshare:20260901
2026-09-01,akshare_fund_etf_scale_sse,SH,510170,商品ETF,334914800.00000006,份,,,akshare:20260901
2026-09-01,akshare_fund_etf_scale_sse,SH,510180,180ETF,4416557700.0,份,,,akshare:20260901
2026-09-01,akshare_fund_etf_scale_sse,SH,510190,上证50基,23650800.0,份,,,akshare:20260901
2026-09-01,akshare_fund_etf_scale_sse,SH,510200,上证券商,143885500.0,份,,,akshare:20260901
2026-09-01,akshare_fund_etf_scale_sse,SH,510210,综指ETF,14210192600.0,份,,,akshare:20260901
2026-09-01,akshare_fund_etf_scale_sse,SH,510230,金融ETF,677808000.0,份,,,akshare:20260901
2026-09-01,akshare_fund_etf_scale_sse,SH,510270,国企ETF,16832100.0,份,,,akshare:20260901
2026-09-01,akshare_fund_etf_scale_sse,SH,510290,380ETF,54448900.0,份,,,akshare:20260901
2026-09-01,akshare_fund_etf_scale_sse,SH,510300,300ETF,22999987700.0,份,,,akshare:20260901
2026-09-01,akshare_fund_etf_scale_sse,SH,510310,HS300ETF,11294744000.0,份,,,akshare:20260901
2026-09-01,akshare_fund_etf_scale_sse,SH,510320,300中金,631068500.0,份,,,akshare:20260901
2026-09-01,akshare_fund_etf_scale_sse,SH,510330,华夏300,8375649800.0,份,,,akshare:20260901
2026-09-01,akshare_fund_etf_scale_sse,SH,510350,工银300,676014700.0,份,,,akshare:20260901
2026-09-01,akshare_fund_etf_scale_sse,SH,510360,广发300,1781381200.0,份,,,akshare:20260901
2026-09-01,akshare_fund_etf_scale_sse,SH,510370,兴业300,87258100.0,份,,,akshare:20260901
2026-09-01,akshare_fund_etf_scale_sse,SH,510380,国寿300,1461802400.0,份,,,akshare:20260901
2026-09-01,akshare_fund_etf_scale_sse,SH,510390,平安300,136550000.0,份,,,akshare:20260901
2026-09-01,akshare_fund_etf_scale_sse,SH,510410,资源ETF,439258399.99999994,份,,,akshare:20260901
2026-09-01,akshare_fund_etf_scale_sse,SH,510500,500ETF,5189368600.0,份,,,akshare:20260901
2026-09-01,akshare_fund_etf_scale_sse,SH,510510,广发500,839038300.0,份,,,akshare:20260901
2026-09-01,akshare_fund_etf_scale_sse,SH,510530,工银500,47479399.99999999,份,,,akshare:20260901
2026-09-01,akshare_fund_etf_scale_sse,SH,510550,方正500,23743300.0,份,,,akshare:20260901
2026-09-01,akshare_fund_etf_scale_sse,SH,510560,国寿500,52318700.0,份,,,akshare:20260901
2026-09-01,akshare_fund_etf_scale_sse,SH,510570,兴业500,33060600.0,份,,,akshare:20260901
2026-09-01,akshare_fund_etf_scale_sse,SH,510580,ZZ500ETF,1129368300.0,份,,,akshare:20260901
2026-09-01,akshare_fund_etf_scale_sse,SH,510590,平安500,116386100.0,份,,,akshare:20260901
2026-09-01,akshare_fund_etf_scale_sse,SH,510600,沪50ETF,13315100.0,份,,,akshare:20260901
2026-09-01,akshare_fund_etf_scale_sse,SH,510630,消费30,555361500.0,份,,,akshare:20260901
2026-09-01,akshare_fund_etf_scale_sse,SH,510650,金融行业,11952500.0,份,,,akshare:20260901
2026-09-01,akshare_fund_etf_scale_sse,SH,510660,医药行业,52379700.0,份,,,akshare:20260901
2026-09-01,akshare_fund_etf_scale_sse,SH,510670,180指,177993000.0,份,,,akshare:20260901
2026-09-01,akshare_fund_etf_scale_sse,SH,510680,万家50,20524699.999999996,份,,,akshare:20260901
2026-09-01,akshare_fund_etf_scale_sse,SH,510710,上50ETF,103718900.0,份,,,akshare:20260901
2026-09-01,akshare_fund_etf_scale_sse,SH,510720,红利国泰,1654766000.0,份,,,akshare:20260901
2026-09-01,akshare_fund_etf_scale_sse,SH,510760,上证ETF,3029503700.0,份,,,akshare:20260901
2026-09-01,akshare_fund_etf_scale_sse,SH,510770,G60创新,21610700.0,份,,,akshare:20260901
2026-09-01,akshare_fund_etf_scale_sse,SH,510800,上证50,174576000.0,份,,,akshare:20260901
2026-09-01,akshare_fund_etf_scale_sse,SH,510810,上海国企,5966693700.0,份,,,akshare:20260901
2026-09-01,akshare_fund_etf_scale_sse,SH,510850,工银上50,46698900.0,份,,,akshare:20260901
2026-09-01,akshare_fund_etf_scale_sse,SH,510880,红利ETF,5645175699.999999,份,,,akshare:20260901
2026-09-01,akshare_fund_etf_scale_sse,SH,510900,恒生中国,3221021900.0,份,,,akshare:20260901
2026-09-01,akshare_fund_etf_scale_sse,SH,510910,上证指CS,150796000.0,份,,,akshare:20260901
2026-09-01,akshare_fund_etf_scale_sse,SH,510950,上证广发,101920800.0,份,,,akshare:20260901
2026-09-01,akshare_fund_etf_scale_sse,SH,510980,上证综合,590798000.0,份,,,akshare:20260901
2026-09-01,akshare_fund_etf_scale_sse,SH,510990,ESG180,40948600.0,份,,,akshare:20260901
2026-09-01,akshare_fund_etf_scale_sse,SH,511010,国债ETF,50306300.0,份,,,akshare:20260901
2026-09-01,akshare_fund_etf_scale_sse,SH,511020,活跃国债,39197500.0,份,,,akshare:20260901
2026-09-01,akshare_fund_etf_scale_sse,SH,511030,公司债,402740700.0,份,,,akshare:20260901
2026-09-01,akshare_fund_etf_scale_sse,SH,511060,5年地债,21446300.0,份,,,akshare:20260901
2026-09-01,akshare_fund_etf_scale_sse,SH,511070,沪公司债,293131000.0,份,,,akshare:20260901
2026-09-01,akshare_fund_etf_scale_sse,SH,511090,30年国债,283038100.0,份,,,akshare:20260901
2026-09-01,akshare_fund_etf_scale_sse,SH,511100,基准国债,108840500.0,份,,,akshare:20260901
2026-09-01,akshare_fund_etf_scale_sse,SH,511110,公司债易,324999600.0,份,,,akshare:20260901
2026-09-01,akshare_fund_etf_scale_sse,SH,511120,科创债基,117710600.0,份,,,akshare:20260901
2026-09-01,akshare_fund_etf_scale_sse,SH,511130,国债30年,192979700.0,份,,,akshare:20260901
2026-09-01,akshare_fund_etf_scale_sse,SH,511150,科债永赢,111530900.0,份,,,akshare:20260901
2026-09-01,akshare_fund_etf_scale_sse,SH,511160,国债东财,21890900.0,份,,,akshare:20260901
2026-09-01,akshare_fund_etf_scale_sse,SH,511180,上证转债,991259700.0,份,,,akshare:20260901
2026-09-01,akshare_fund_etf_scale_sse,SH,511190,信用债,148804300.0,份,,,akshare:20260901
2026-09-01,akshare_fund_etf_scale_sse,SH,511200,信用债基,242567500.0,份,,,akshare:20260901
2026-09-01,akshare_fund_etf_scale_sse,SH,511220,城投ETF,5311881400.0,份,,,akshare:20260901
2026-09-01,akshare_fund_etf_scale_sse,SH,511260,十年国债,168806500.0,份,,,akshare:20260901
2026-09-01,akshare_fund_etf_scale_sse,SH,511270,10年地债,89937500.0,份,,,akshare:20260901
2026-09-01,akshare_fund_etf_scale_sse,SH,511360,短融ETF,736492600.0,份,,,akshare:20260901
2026-09-01,akshare_fund_etf_scale_sse,SH,511380,转债ETF,4527586700.0,份,,,akshare:20260901
2026-09-01,akshare_fund_etf_scale_sse,SH,511520,政金债,384196500.0,份,,,akshare:20260901
2026-09-01,akshare_fund_etf_scale_sse,SH,511580,国债政金,70104800.0,份,,,akshare:20260901
2026-09-01,akshare_fund_etf_scale_sse,SH,512000,券商ETF,72063035400.0,份,,,akshare:20260901
2026-09-01,akshare_fund_etf_scale_sse,SH,512010,医药ETF,40277694900.0,份,,,akshare:20260901
2026-09-01,akshare_fund_etf_scale_sse,SH,512020,A500,1109012700.0,份,,,akshare:20260901
2026-09-01,akshare_fund_etf_scale_sse,SH,512030,A50增,43240000.0,份,,,akshare:20260901
2026-09-01,akshare_fund_etf_scale_sse,SH,512040,国信价值,4488715900.0,份,,,akshare:20260901
2026-09-01,akshare_fund_etf_scale_sse,SH,512050,A500E,16348992200.0,份,,,akshare:20260901
2026-09-01,akshare_fund_etf_scale_sse,SH,512060,A100指基,10928000.0,份,,,akshare:20260901
2026-09-01,akshare_fund_etf_scale_sse,SH,512070,证券保险,16535479700.0,份,,,akshare:20260901
2026-09-01,akshare_fund_etf_scale_sse,SH,512080,A500中金,776186100.0,份,,,akshare:20260901
2026-09-01,akshare_fund_etf_scale_sse,SH,512090,MSCI易基,333592300.00000006,份,,,akshare:20260901
2026-09-01,akshare_fund_etf_scale_sse,SH,512100,1000ETF,6237217600.0,份,,,akshare:20260901
2026-09-01,akshare_fund_etf_scale_sse,SH,512120,医药50,776241900.0,份,,,akshare:20260901
2026-09-01,akshare_fund_etf_scale_sse,SH,512130,现金全指,14895000.0,份,,,akshare:20260901
2026-09-01,akshare_fund_etf_scale_sse,SH,512140,电力事业,142049000.0,份,,,akshare:20260901
2026-09-01,akshare_fund_etf_scale_sse,SH,512150,A50ETF,18073400.0,份,,,akshare:20260901
2026-09-01,akshare_fund_etf_scale_sse,SH,512160,MSCI基金,121777800.0,份,,,akshare:20260901
2026-09-01,akshare_fund_etf_scale_sse,SH,512170,医疗ETF,71643820500.0,份,,,akshare:20260901
2026-09-01,akshare_fund_etf_scale_sse,SH,512180,建信MSCI,48048000.0,份,,,akshare:20260901
2026-09-01,akshare_fund_etf_scale_sse,SH,512190,之江凤凰,200818400.0,份,,,akshare:20260901
2026-09-01,akshare_fund_etf_scale_sse,SH,512200,地产ETF,3050847900.0,份,,,akshare:20260901
2026-09-01,akshare_fund_etf_scale_sse,SH,512220,TMTETF,209967599.99999997,份,,,akshare:20260901
2026-09-01,akshare_fund_etf_scale_sse,SH,512240,A50龙头,21686000.0,份,,,akshare:20260901
2026-09-01,akshare_fund_etf_scale_sse,SH,512250,A50指数E,118100100.0,份,,,akshare:20260901
2026-09-01,akshare_fund_etf_scale_sse,SH,512260,500低波,20497700.0,份,,,akshare:20260901
2026-09-01,akshare_fund_etf_scale_sse,SH,512290,生物医药,3155820700.0,份,,,akshare:20260901
2026-09-01,akshare_fund_etf_scale_sse,SH,512330,信息ETF,355188000.0,份,,,akshare:20260901
2026-09-01,akshare_fund_etf_scale_sse,SH,512360,MSCI国际,27337700.0,份,,,akshare:20260901
2026-09-01,akshare_fund_etf_scale_sse,SH,512370,A500增指,296313000.0,份,,,akshare:20260901
2026-09-01,akshare_fund_etf_scale_sse,SH,512380,MSCI中国,75805600.0,份,,,akshare:20260901
2026-09-01,akshare_fund_etf_scale_sse,SH,512390,MSCI低波,12682000.0,份,,,akshare:20260901
2026-09-01,akshare_fund_etf_scale_sse,SH,512400,有色ETF,14222539000.0,份,,,akshare:20260901
2026-09-01,akshare_fund_etf_scale_sse,SH,512410,银行广发,43471700.0,份,,,akshare:20260901
2026-09-01,akshare_fund_etf_scale_sse,SH,512420,机械华安,74238900.0,份,,,akshare:20260901
2026-09-01,akshare_fund_etf_scale_sse,SH,512430,家电家居,28720000.0,份,,,akshare:20260901
2026-09-01,akshare_fund_etf_scale_sse,SH,512450,广发养殖,105867000.0,份,,,akshare:20260901
2026-09-01,akshare_fund_etf_scale_sse,SH,512460,电池主题,301823000.0,份,,,akshare:20260901
2026-09-01,akshare_fund_etf_scale_sse,SH,512480,半导体,19554007200.0,份,,,akshare:20260901
2026-09-01,akshare_fund_etf_scale_sse,SH,512500,中证500,1807208800.0,份,,,akshare:20260901
2026-09-01,akshare_fund_etf_scale_sse,SH,512510,ETF500,430429800.00000006,份,,,akshare:20260901
2026-09-01,akshare_fund_etf_scale_sse,SH,512520,MSCIETF,45056400.0,份,,,akshare:20260901
2026-09-01,akshare_fund_etf_scale_sse,SH,512530,300红利,95502000.0,份,,,akshare:20260901
2026-09-01,akshare_fund_etf_scale_sse,SH,512550,A50基金,107906000.0,份,,,akshare:20260901
2026-09-01,akshare_fund_etf_scale_sse,SH,512560,中证军工,941127000.0,份,,,akshare:20260901
2026-09-01,akshare_fund_etf_scale_sse,SH,512570,中证证券,4005806100.0,份,,,akshare:20260901
2026-09-01,akshare_fund_etf_scale_sse,SH,512580,环保ETF,567871700.0,份,,,akshare:20260901
2026-09-01,akshare_fund_etf_scale_sse,SH,512600,必选消费,1671356099.9999998,份,,,akshare:20260901
2026-09-01,akshare_fund_etf_scale_sse,SH,512620,农业TH,1417666000.0,份,,,akshare:20260901
2026-09-01,akshare_fund_etf_scale_sse,SH,512630,卫星基金,1636426000.0,份,,,akshare:20260901
2026-09-01,akshare_fund_etf_scale_sse,SH,512640,金融地产,20240900.0,份,,,akshare:20260901
2026-09-01,akshare_fund_etf_scale_sse,SH,512650,长三角,30941600.0,份,,,akshare:20260901
2026-09-01,akshare_fund_etf_scale_sse,SH,512660,军工ETF,6225080000.0,份,,,akshare:20260901
2026-09-01,akshare_fund_etf_scale_sse,SH,512670,国防ETF,2189652600.0,份,,,akshare:20260901
2026-09-01,akshare_fund_etf_scale_sse,SH,512680,军工基金,3054530100.0,份,,,akshare:20260901
2026-09-01,akshare_fund_etf_scale_sse,SH,512690,酒ETF,31544350200.0,份,,,akshare:20260901
2026-09-01,akshare_fund_etf_scale_sse,SH,512700,XD银行基,704581000.0,份,,,akshare:20260901
2026-09-01,akshare_fund_etf_scale_sse,SH,512710,军工龙头,11608658400.0,份,,,akshare:20260901
2026-09-01,akshare_fund_etf_scale_sse,SH,512720,计算机,363453399.99999994,份,,,akshare:20260901
2026-09-01,akshare_fund_etf_scale_sse,SH,512730,银行FUND,52083900.0,份,,,akshare:20260901
2026-09-01,akshare_fund_etf_scale_sse,SH,512750,基本面50,46554900.0,份,,,akshare:20260901
2026-09-01,akshare_fund_etf_scale_sse,SH,512760,芯片ETF,9613445500.0,份,,,akshare:20260901
2026-09-01,akshare_fund_etf_scale_sse,SH,512770,战略新兴,98267800.0,份,,,akshare:20260901
2026-09-01,akshare_fund_etf_scale_sse,SH,512800,银行ETF,11899479900.0,份,,,akshare:20260901
2026-09-01,akshare_fund_etf_scale_sse,SH,512810,国防军工,975583500.0,份,,,akshare:20260901
2026-09-01,akshare_fund_etf_scale_sse,SH,512820,银行股基,382601900.0,份,,,akshare:20260901
2026-09-01,akshare_fund_etf_scale_sse,SH,512870,杭州湾区,22410600.0,份,,,akshare:20260901
2026-09-01,akshare_fund_etf_scale_sse,SH,512880,证券ETF,56324291500.0,份,,,akshare:20260901
2026-09-01,akshare_fund_etf_scale_sse,SH,512890,红利低波,27027110800.0,份,,,akshare:20260901
2026-09-01,akshare_fund_etf_scale_sse,SH,512900,证券基金,7461406000.0,份,,,akshare:20260901
2026-09-01,akshare_fund_etf_scale_sse,SH,512910,100ETF,131128799.99999999,份,,,akshare:20260901
2026-09-01,akshare_fund_etf_scale_sse,SH,512930,AIETF,4844521300.0,份,,,akshare:20260901
2026-09-01,akshare_fund_etf_scale_sse,SH,512940,有色矿业,2143705000.0,份,,,akshare:20260901
2026-09-01,akshare_fund_etf_scale_sse,SH,512950,央企改革,4042551000.0,份,,,akshare:20260901
2026-09-01,akshare_fund_etf_scale_sse,SH,512960,央调ETF,3855457300.0,份,,,akshare:20260901
2026-09-01,akshare_fund_etf_scale_sse,SH,512970,湾区ETF,4987600.0,份,,,akshare:20260901
2026-09-01,akshare_fund_etf_scale_sse,SH,512980,传媒ETF,4957424400.0,份,,,akshare:20260901
2026-09-01,akshare_fund_etf_scale_sse,SH,512990,MSCIA股,99015400.00000001,份,,,akshare:20260901
2026-09-01,akshare_fund_etf_scale_sse,SH,513000,225ETF,1002911400.0,份,,,akshare:20260901
2026-09-01,akshare_fund_etf_scale_sse,SH,513010,港股科技,44239307000.0,份,,,akshare:20260901
2026-09-01,akshare_fund_etf_scale_sse,SH,513020,科技HK,2288145400.0,份,,,akshare:20260901
2026-09-01,akshare_fund_etf_scale_sse,SH,513030,德国ETF,1017779000.0,份,,,akshare:20260901
2026-09-01,akshare_fund_etf_scale_sse,SH,513040,HK互联网,6814341300.0,份,,,akshare:20260901
2026-09-01,akshare_fund_etf_scale_sse,SH,513050,中概互联,34538432700.0,份,,,akshare:20260901
2026-09-01,akshare_fund_etf_scale_sse,SH,513060,恒生医疗,8585393300.0,份,,,akshare:20260901
2026-09-01,akshare_fund_etf_scale_sse,SH,513070,HK消费50,1336760799.9999998,份,,,akshare:20260901
2026-09-01,akshare_fund_etf_scale_sse,SH,513080,法国ETF,660916000.0,份,,,akshare:20260901
2026-09-01,akshare_fund_etf_scale_sse,SH,513090,香港证券,9784488000.0,份,,,akshare:20260901
2026-09-01,akshare_fund_etf_scale_sse,SH,513100,纳指ETF,9465110600.0,份,,,akshare:20260901
2026-09-01,akshare_fund_etf_scale_sse,SH,513110,纳指100,2202435000.0,份,,,akshare:20260901
2026-09-01,akshare_fund_etf_scale_sse,SH,513120,HK创新药,18848635400.0,份,,,akshare:20260901
2026-09-01,akshare_fund_etf_scale_sse,SH,513130,恒生科技,56694347000.0,份,,,akshare:20260901
2026-09-01,akshare_fund_etf_scale_sse,SH,513140,港股金融,78368000.0,份,,,akshare:20260901
2026-09-01,akshare_fund_etf_scale_sse,SH,513150,港科技50,100559800.0,份,,,akshare:20260901
2026-09-01,akshare_fund_etf_scale_sse,SH,513160,科技30,3189189300.0,份,,,akshare:20260901
2026-09-01,akshare_fund_etf_scale_sse,SH,513170,恒生央企,163573000.0,份,,,akshare:20260901
2026-09-01,akshare_fund_etf_scale_sse,SH,513180,恒指科技,69546759500.0,份,,,akshare:20260901
2026-09-01,akshare_fund_etf_scale_sse,SH,513190,H股金融,996936000.0,份,,,akshare:20260901
2026-09-01,akshare_fund_etf_scale_sse,SH,513200,港股医药,890282100.0000001,份,,,akshare:20260901
2026-09-01,akshare_fund_etf_scale_sse,SH,513210,恒生E,40942000.0,份,,,akshare:20260901
2026-09-01,akshare_fund_etf_scale_sse,SH,513220,互联网30,521109400.0,份,,,akshare:20260901
2026-09-01,akshare_fund_etf_scale_sse,SH,513230,H股消费,329422699.99999994,份,,,akshare:20260901
2026-09-01,akshare_fund_etf_scale_sse,SH,513240,港信息,109496000.0,份,,,akshare:20260901
2026-09-01,akshare_fund_etf_scale_sse,SH,513260,恒科技,4735243000.0,份,,,akshare:20260901
2026-09-01,akshare_fund_etf_scale_sse,SH,513280,恒生生物,365114500.0,份,,,akshare:20260901
2026-09-01,akshare_fund_etf_scale_sse,SH,513290,纳指生物,1048572100.0000001,份,,,akshare:20260901
2026-09-01,akshare_fund_etf_scale_sse,SH,513300,纳斯达克,5336921000.0,份,,,akshare:20260901
2026-09-01,akshare_fund_etf_scale_sse,SH,513310,中韩芯片,2427427000.0,份,,,akshare:20260901
2026-09-01,akshare_fund_etf_scale_sse,SH,513320,HK新经济,91010600.0,份,,,akshare:20260901
2026-09-01,akshare_fund_etf_scale_sse,SH,513330,恒生互联,69857480000.0,份,,,akshare:20260901
2026-09-01,akshare_fund_etf_scale_sse,SH,513350,油气ETF,844746000.0,份,,,akshare:20260901
2026-09-01,akshare_fund_etf_scale_sse,SH,513360,教育ETF,617713900.0,份,,,akshare:20260901
2026-09-01,akshare_fund_etf_scale_sse,SH,513380,科技恒生,17782784900.0,份,,,akshare:20260901
2026-09-01,akshare_fund_etf_scale_sse,SH,513390,纳指基金,2145379100.0,份,,,akshare:20260901
2026-09-01,akshare_fund_etf_scale_sse,SH,513400,道琼斯,2762062000.0,份,,,akshare:20260901
2026-09-01,akshare_fund_etf_scale_sse,SH,513500,标普500,10214638600.0,份,,,akshare:20260901
2026-09-01,akshare_fund_etf_scale_sse,SH,513520,日经ETF,1077387200.0,份,,,akshare:20260901
2026-09-01,akshare_fund_etf_scale_sse,SH,513530,港股红利,2837938700.0,份,,,akshare:20260901
2026-09-01,akshare_fund_etf_scale_sse,SH,513550,港股通50,1682992000.0,份,,,akshare:20260901
2026-09-01,akshare_fund_etf_scale_sse,SH,513560,香港科技,531386000.0,份,,,akshare:20260901
2026-09-01,akshare_fund_etf_scale_sse,SH,513580,HS科技,6060118000.0,份,,,akshare:20260901
2026-09-01,akshare_fund_etf_scale_sse,SH,513590,香港消费,130518900.0,份,,,akshare:20260901
2026-09-01,akshare_fund_etf_scale_sse,SH,513600,恒指ETF,609829500.0,份,,,akshare:20260901
2026-09-01,akshare_fund_etf_scale_sse,SH,513620,港医疗指,57216000.0,份,,,akshare:20260901
2026-09-01,akshare_fund_etf_scale_sse,SH,513630,香港红利,7523359000.0,份,,,akshare:20260901
2026-09-01,akshare_fund_etf_scale_sse,SH,513650,标普ETF,4365734000.0,份,,,akshare:20260901
2026-09-01,akshare_fund_etf_scale_sse,SH,513660,恒生通,1808000200.0,份,,,akshare:20260901
2026-09-01,akshare_fund_etf_scale_sse,SH,513690,恒生股息,3149979900.0,份,,,akshare:20260901
2026-09-01,akshare_fund_etf_scale_sse,SH,513700,香港医药,794846000.0,份,,,akshare:20260901
2026-09-01,akshare_fund_etf_scale_sse,SH,513720,香港互联,248859000.0,份,,,akshare:20260901
2026-09-01,akshare_fund_etf_scale_sse,SH,513730,东南亚,776355000.0,份,,,akshare:20260901
2026-09-01,akshare_fund_etf_scale_sse,SH,513750,港股非银,8087838000.0,份,,,akshare:20260901
2026-09-01,akshare_fund_etf_scale_sse,SH,513770,港股互联,14450137900.0,份,,,akshare:20260901
2026-09-01,akshare_fund_etf_scale_sse,SH,513780,港股新药,1887657000.0,份,,,akshare:20260901
2026-09-01,akshare_fund_etf_scale_sse,SH,513800,东证ETF,1037044400.0,份,,,akshare:20260901
2026-09-01,akshare_fund_etf_scale_sse,SH,513810,港股国企,41992000.0,份,,,akshare:20260901
2026-09-01,akshare_fund_etf_scale_sse,SH,513820,港股分红,1737669000.0,份,,,akshare:20260901
2026-09-01,akshare_fund_etf_scale_sse,SH,513830,红利港股,53811000.0,份,,,akshare:20260901
2026-09-01,akshare_fund_etf_scale_sse,SH,513850,美国50,1244892600.0,份,,,akshare:20260901
2026-09-01,akshare_fund_etf_scale_sse,SH,513860,HKC科技,2719470600.0,份,,,akshare:20260901
2026-09-01,akshare_fund_etf_scale_sse,SH,513870,纳指指数,1377671000.0,份,,,akshare:20260901
2026-09-01,akshare_fund_etf_scale_sse,SH,513880,日经225,1313970000.0,份,,,akshare:20260901
2026-09-01,akshare_fund_etf_scale_sse,SH,513890,HK科技,895128000.0,份,,,akshare:20260901
2026-09-01,akshare_fund_etf_scale_sse,SH,513900,港股100,89978000.0,份,,,akshare:20260901
2026-09-01,akshare_fund_etf_scale_sse,SH,513910,红利央企,1966276000.0,份,,,akshare:20260901
2026-09-01,akshare_fund_etf_scale_sse,SH,513920,央企40,2605731000.0,份,,,akshare:20260901
2026-09-01,akshare_fund_etf_scale_sse,SH,513930,香港生科,102908000.0,份,,,akshare:20260901
2026-09-01,akshare_fund_etf_scale_sse,SH,513950,恒生红利,2407619000.0,份,,,akshare:20260901
2026-09-01,akshare_fund_etf_scale_sse,SH,513970,恒生消费,1406041000.0,份,,,akshare:20260901
2026-09-01,akshare_fund_etf_scale_sse,SH,513980,科技港股,16767204000.0,份,,,akshare:20260901
2026-09-01,akshare_fund_etf_scale_sse,SH,513990,港股通综,43000000.0,份,,,akshare:20260901
2026-09-01,akshare_fund_etf_scale_sse,SH,515000,科技ETF,3182579300.0,份,,,akshare:20260901
2026-09-01,akshare_fund_etf_scale_sse,SH,515010,华夏证券,2050771600.0,份,,,akshare:20260901
2026-09-01,akshare_fund_etf_scale_sse,SH,515020,银行指数,374845300.0,份,,,akshare:20260901
2026-09-01,akshare_fund_etf_scale_sse,SH,515030,新汽车,1495384000.0,份,,,akshare:20260901
2026-09-01,akshare_fund_etf_scale_sse,SH,515040,工业金属,51319600.0,份,,,akshare:20260901
2026-09-01,akshare_fund_etf_scale_sse,SH,515050,5GETF,17339205400.0,份,,,akshare:20260901
2026-09-01,akshare_fund_etf_scale_sse,SH,515060,华夏地产,1026478100.0,份,,,akshare:20260901
2026-09-01,akshare_fund_etf_scale_sse,SH,515070,AI智能,7506940400.0,份,,,akshare:20260901
2026-09-01,akshare_fund_etf_scale_sse,SH,515080,中证红利,6851148900.0,份,,,akshare:20260901
2026-09-01,akshare_fund_etf_scale_sse,SH,515090,可持续,11801700.0,份,,,akshare:20260901
2026-09-01,akshare_fund_etf_scale_sse,SH,515100,红利100,3639191500.0,份,,,akshare:20260901
2026-09-01,akshare_fund_etf_scale_sse,SH,515110,国企方达,214295000.0,份,,,akshare:20260901
2026-09-01,akshare_fund_etf_scale_sse,SH,515120,创新药,17382993600.0,份,,,akshare:20260901
2026-09-01,akshare_fund_etf_scale_sse,SH,515130,HS300E,94463200.0,份,,,akshare:20260901
2026-09-01,akshare_fund_etf_scale_sse,SH,515150,国企富国,397703200.0,份,,,akshare:20260901
2026-09-01,akshare_fund_etf_scale_sse,SH,515160,MSCI招商,243955099.99999997,份,,,akshare:20260901
2026-09-01,akshare_fund_etf_scale_sse,SH,515170,食品饮料,8607257900.0,份,,,akshare:20260901
2026-09-01,akshare_fund_etf_scale_sse,SH,515180,100红利,12809637000.0,份,,,akshare:20260901
2026-09-01,akshare_fund_etf_scale_sse,SH,515190,BOCI500,293466100.0,份,,,akshare:20260901
2026-09-01,akshare_fund_etf_scale_sse,SH,515200,创新100,37943200.0,份,,,akshare:20260901
2026-09-01,akshare_fund_etf_scale_sse,SH,515210,钢铁ETF,1011726100.0,份,,,akshare:20260901
2026-09-01,akshare_fund_etf_scale_sse,SH,515220,煤炭ETF,9895676900.0,份,,,akshare:20260901
2026-09-01,akshare_fund_etf_scale_sse,SH,515230,软件ETF,7923690900.0,份,,,akshare:20260901
2026-09-01,akshare_fund_etf_scale_sse,SH,515250,智能汽车,340944500.0,份,,,akshare:20260901
2026-09-01,akshare_fund_etf_scale_sse,SH,515260,电子ETF,866568400.0,份,,,akshare:20260901
2026-09-01,akshare_fund_etf_scale_sse,SH,515290,银行,2580472900.0,份,,,akshare:20260901
2026-09-01,akshare_fund_etf_scale_sse,SH,515300,红利300,3348175200.0,份,,,akshare:20260901
2026-09-01,akshare_fund_etf_scale_sse,SH,515310,添富300,314611200.0,份,,,akshare:20260901
2026-09-01,akshare_fund_etf_scale_sse,SH,515320,电子50,89309000.0,份,,,akshare:20260901
2026-09-01,akshare_fund_etf_scale_sse,SH,515330,天弘300,6176709500.0,份,,,akshare:20260901
2026-09-01,akshare_fund_etf_scale_sse,SH,515350,民生300,11699200.0,份,,,akshare:20260901
2026-09-01,akshare_fund_etf_scale_sse,SH,515360,方正300,37279300.0,份,,,akshare:20260901
2026-09-01,akshare_fund_etf_scale_sse,SH,515370,中证光伏,961713000.0,份,,,akshare:20260901
2026-09-01,akshare_fund_etf_scale_sse,SH,515380,泰康300,662499800.0,份,,,akshare:20260901
2026-09-01,akshare_fund_etf_scale_sse,SH,515390,HS300,1922683000.0,份,,,akshare:20260901
2026-09-01,akshare_fund_etf_scale_sse,SH,515400,大数据,1630631400.0000002,份,,,akshare:20260901
2026-09-01,akshare_fund_etf_scale_sse,SH,515450,红利50,14166835000.0,份,,,akshare:20260901
2026-09-01,akshare_fund_etf_scale_sse,SH,515460,质量红利,275091000.0,份,,,akshare:20260901
2026-09-01,akshare_fund_etf_scale_sse,SH,515480,红利一百,25340700.0,份,,,akshare:20260901
2026-09-01,akshare_fund_etf_scale_sse,SH,515530,泰康500,12242700.0,份,,,akshare:20260901
2026-09-01,akshare_fund_etf_scale_sse,SH,515550,国联500,20345700.0,份,,,akshare:20260901
2026-09-01,akshare_fund_etf_scale_sse,SH,515560,证券E,192883300.00000003,份,,,akshare:20260901
2026-09-01,akshare_fund_etf_scale_sse,SH,515580,中证科技,304031400.0,份,,,akshare:20260901
2026-09-01,akshare_fund_etf_scale_sse,SH,515590,500ETFEW,36113700.0,份,,,akshare:20260901
2026-09-01,akshare_fund_etf_scale_sse,SH,515600,央企创新,1037797400.0,份,,,akshare:20260901
2026-09-01,akshare_fund_etf_scale_sse,SH,515630,保险证券,921217700.0,份,,,akshare:20260901
2026-09-01,akshare_fund_etf_scale_sse,SH,515640,家电指数,17050000.0,份,,,akshare:20260901
2026-09-01,akshare_fund_etf_scale_sse,SH,515650,消费50,3035184000.0,份,,,akshare:20260901
2026-09-01,akshare_fund_etf_scale_sse,SH,515660,沪深300E,433594200.0,份,,,akshare:20260901
2026-09-01,akshare_fund_etf_scale_sse,SH,515680,创新央企,1099264700.0,份,,,akshare:20260901
2026-09-01,akshare_fund_etf_scale_sse,SH,515700,新能车,678510200.0,份,,,akshare:20260901
2026-09-01,akshare_fund_etf_scale_sse,SH,515710,食品ETF,2323099800.0,份,,,akshare:20260901
2026-09-01,akshare_fund_etf_scale_sse,SH,515720,金科富国,441611000.0,份,,,akshare:20260901
2026-09-01,akshare_fund_etf_scale_sse,SH,515730,家居家电,39892000.0,份,,,akshare:20260901
2026-09-01,akshare_fund_etf_scale_sse,SH,515750,科技50,264140500.0,份,,,akshare:20260901
2026-09-01,akshare_fund_etf_scale_sse,SH,515760,浙江国资,94388100.0,份,,,akshare:20260901
2026-09-01,akshare_fund_etf_scale_sse,SH,515770,MSCIAETF,39727300.0,份,,,akshare:20260901
2026-09-01,akshare_fund_etf_scale_sse,SH,515790,光伏ETF,5961494000.0,份,,,akshare:20260901
2026-09-01,akshare_fund_etf_scale_sse,SH,515800,800ETF,3943937199.9999995,份,,,akshare:20260901
2026-09-01,akshare_fund_etf_scale_sse,SH,515810,ZZ800ETF,263908800.0,份,,,akshare:20260901
2026-09-01,akshare_fund_etf_scale_sse,SH,515840,食品南方,33426400.0,份,,,akshare:20260901
2026-09-01,akshare_fund_etf_scale_sse,SH,515850,证券龙头,480291000.0,份,,,akshare:20260901
2026-09-01,akshare_fund_etf_scale_sse,SH,515860,科技100,101878900.0,份,,,akshare:20260901
2026-09-01,akshare_fund_etf_scale_sse,SH,515880,通信ETF,63105774000.0,份,,,akshare:20260901
2026-09-01,akshare_fund_etf_scale_sse,SH,515890,红利博时,377443900.0,份,,,akshare:20260901
2026-09-01,akshare_fund_etf_scale_sse,SH,515900,央创ETF,2227246500.0,份,,,akshare:20260901
2026-09-01,akshare_fund_etf_scale_sse,SH,515910,质量ETF,227507000.0,份,,,akshare:20260901
2026-09-01,akshare_fund_etf_scale_sse,SH,515920,智能消费,64405700.0,份,,,akshare:20260901
2026-09-01,akshare_fund_etf_scale_sse,SH,515950,医药龙头,531200600.0,份,,,akshare:20260901
2026-09-01,akshare_fund_etf_scale_sse,SH,515960,医药100,239991900.0,份,,,akshare:20260901
2026-09-01,akshare_fund_etf_scale_sse,SH,515970,华夏机械,601088000.0,份,,,akshare:20260901
2026-09-01,akshare_fund_etf_scale_sse,SH,515980,人工智能,6194129000.0,份,,,akshare:20260901
2026-09-01,akshare_fund_etf_scale_sse,SH,515990,添富国企,53350200.00000001,份,,,akshare:20260901
2026-09-01,akshare_fund_etf_scale_sse,SH,516000,数据ETF,424855000.0,份,,,akshare:20260901
2026-09-01,akshare_fund_etf_scale_sse,SH,516010,游戏ETF,2459693000.0,份,,,akshare:20260901
2026-09-01,akshare_fund_etf_scale_sse,SH,516020,化工ETF,3466326200.0,份,,,akshare:20260901
2026-09-01,akshare_fund_etf_scale_sse,SH,516050,科技龙头,160228000.0,份,,,akshare:20260901
2026-09-01,akshare_fund_etf_scale_sse,SH,516060,新药ETF,296237400.0,份,,,akshare:20260901
2026-09-01,akshare_fund_etf_scale_sse,SH,516070,碳中和50,291646000.0,份,,,akshare:20260901
2026-09-01,akshare_fund_etf_scale_sse,SH,516080,创新医药,5263554800.0,份,,,akshare:20260901
2026-09-01,akshare_fund_etf_scale_sse,SH,516090,新能源E,1654844800.0,份,,,akshare:20260901
2026-09-01,akshare_fund_etf_scale_sse,SH,516100,科技金融,1136759700.0,份,,,akshare:20260901
2026-09-01,akshare_fund_etf_scale_sse,SH,516110,汽车ETF,216623100.0,份,,,akshare:20260901
2026-09-01,akshare_fund_etf_scale_sse,SH,516120,化工50,5022582000.0,份,,,akshare:20260901
2026-09-01,akshare_fund_etf_scale_sse,SH,516130,消费龙头,1578890000.0,份,,,akshare:20260901
2026-09-01,akshare_fund_etf_scale_sse,SH,516150,稀土基金,3820077000.0,份,,,akshare:20260901
2026-09-01,akshare_fund_etf_scale_sse,SH,516160,新能源,1518642000.0,份,,,akshare:20260901
2026-09-01,akshare_fund_etf_scale_sse,SH,516180,光伏产业,149987000.0,份,,,akshare:20260901
2026-09-01,akshare_fund_etf_scale_sse,SH,516190,文娱ETF,118818500.0,份,,,akshare:20260901
2026-09-01,akshare_fund_etf_scale_sse,SH,516200,证券行业,444604000.0,份,,,akshare:20260901
2026-09-01,akshare_fund_etf_scale_sse,SH,516210,银行股,76631000.0,份,,,akshare:20260901
2026-09-01,akshare_fund_etf_scale_sse,SH,516220,化工龙头,257170000.0,份,,,akshare:20260901
2026-09-01,akshare_fund_etf_scale_sse,SH,516230,光伏招商,744921000.0,份,,,akshare:20260901
2026-09-01,akshare_fund_etf_scale_sse,SH,516250,富国机械,63878000.0,份,,,akshare:20260901
2026-09-01,akshare_fund_etf_scale_sse,SH,516260,物联网50,43882600.0,份,,,akshare:20260901
2026-09-01,akshare_fund_etf_scale_sse,SH,516270,新能源50,295409000.0,份,,,akshare:20260901
2026-09-01,akshare_fund_etf_scale_sse,SH,516290,光伏基金,739196900.0,份,,,akshare:20260901
2026-09-01,akshare_fund_etf_scale_sse,SH,516300,中证1000,39012600.0,份,,,akshare:20260901
2026-09-01,akshare_fund_etf_scale_sse,SH,516310,银行指基,1559658500.0,份,,,akshare:20260901
2026-09-01,akshare_fund_etf_scale_sse,SH,516320,装备ETF,87589300.0,份,,,akshare:20260901
2026-09-01,akshare_fund_etf_scale_sse,SH,516330,物联网,8471300.0,份,,,akshare:20260901
2026-09-01,akshare_fund_etf_scale_sse,SH,516350,芯片50,1420415300.0,份,,,akshare:20260901
2026-09-01,akshare_fund_etf_scale_sse,SH,516360,新材料,57551800.0,份,,,akshare:20260901
2026-09-01,akshare_fund_etf_scale_sse,SH,516370,全指电力,292408000.0,份,,,akshare:20260901
2026-09-01,akshare_fund_etf_scale_sse,SH,516380,智能电车,83449300.0,份,,,akshare:20260901
2026-09-01,akshare_fund_etf_scale_sse,SH,516390,电动车,181261000.0,份,,,akshare:20260901
2026-09-01,akshare_fund_etf_scale_sse,SH,516440,南方机械,138126600.0,份,,,akshare:20260901
2026-09-01,akshare_fund_etf_scale_sse,SH,516460,现金流E,421693000.0,份,,,akshare:20260901
2026-09-01,akshare_fund_etf_scale_sse,SH,516500,生物ETF,203937200.0,份,,,akshare:20260901
2026-09-01,akshare_fund_etf_scale_sse,SH,516510,云计算,1505890000.0,份,,,akshare:20260901
2026-09-01,akshare_fund_etf_scale_sse,SH,516520,智能驾驶,791765500.0,份,,,akshare:20260901
2026-09-01,akshare_fund_etf_scale_sse,SH,516530,物流快递,17802300.0,份,,,akshare:20260901
2026-09-01,akshare_fund_etf_scale_sse,SH,516550,农业ETF,260414400.0,份,,,akshare:20260901
2026-09-01,akshare_fund_etf_scale_sse,SH,516560,养老ETF,208758000.0,份,,,akshare:20260901
2026-09-01,akshare_fund_etf_scale_sse,SH,516570,石化ETF,1133357600.0,份,,,akshare:20260901
2026-09-01,akshare_fund_etf_scale_sse,SH,516580,新能源BS,146124100.0,份,,,akshare:20260901
2026-09-01,akshare_fund_etf_scale_sse,SH,516590,电动汽车,52015000.0,份,,,akshare:20260901
2026-09-01,akshare_fund_etf_scale_sse,SH,516600,消服ETF,110332099.99999999,份,,,akshare:20260901
2026-09-01,akshare_fund_etf_scale_sse,SH,516610,医服ETF,232974800.0,份,,,akshare:20260901
2026-09-01,akshare_fund_etf_scale_sse,SH,516620,影视ETF,340267500.0,份,,,akshare:20260901
2026-09-01,akshare_fund_etf_scale_sse,SH,516630,云计算50,475156000.0,份,,,akshare:20260901
2026-09-01,akshare_fund_etf_scale_sse,SH,516640,芯片龙头,1308482800.0,份,,,akshare:20260901
2026-09-01,akshare_fund_etf_scale_sse,SH,516650,有色50,5233464800.0,份,,,akshare:20260901
2026-09-01,akshare_fund_etf_scale_sse,SH,516660,新能汽车,154689000.0,份,,,akshare:20260901
2026-09-01,akshare_fund_etf_scale_sse,SH,516670,畜牧养殖,3364266300.0,份,,,akshare:20260901
2026-09-01,akshare_fund_etf_scale_sse,SH,516700,数据产业,175122000.0,份,,,akshare:20260901
2026-09-01,akshare_fund_etf_scale_sse,SH,516710,新材料50,74272000.0,份,,,akshare:20260901
2026-09-01,akshare_fund_etf_scale_sse,SH,516720,ESGETF,9337800.0,份,,,akshare:20260901
2026-09-01,akshare_fund_etf_scale_sse,SH,516730,证券公司,227380800.00000003,份,,,akshare:20260901
2026-09-01,akshare_fund_etf_scale_sse,SH,516750,建材ETF,138667300.0,份,,,akshare:20260901
2026-09-01,akshare_fund_etf_scale_sse,SH,516760,养殖ETF,296215100.0,份,,,akshare:20260901
2026-09-01,akshare_fund_etf_scale_sse,SH,516770,游戏动漫,271048000.0,份,,,akshare:20260901
2026-09-01,akshare_fund_etf_scale_sse,SH,516780,稀土ETF,2396599700.0,份,,,akshare:20260901
2026-09-01,akshare_fund_etf_scale_sse,SH,516790,保健ETF,182682200.0,份,,,akshare:20260901
2026-09-01,akshare_fund_etf_scale_sse,SH,516800,智能制造,182308000.0,份,,,akshare:20260901
2026-09-01,akshare_fund_etf_scale_sse,SH,516810,农业,523478900.0,份,,,akshare:20260901
2026-09-01,akshare_fund_etf_scale_sse,SH,516820,医疗创新,4581415200.0,份,,,akshare:20260901
2026-09-01,akshare_fund_etf_scale_sse,SH,516830,300ESG,89676900.0,份,,,akshare:20260901
2026-09-01,akshare_fund_etf_scale_sse,SH,516840,汽车基金,135277000.0,份,,,akshare:20260901
2026-09-01,akshare_fund_etf_scale_sse,SH,516850,新能源80,139237000.0,份,,,akshare:20260901
2026-09-01,akshare_fund_etf_scale_sse,SH,516860,金融科技,1157522000.0,份,,,akshare:20260901
2026-09-01,akshare_fund_etf_scale_sse,SH,516880,光伏50,915944100.0,份,,,akshare:20260901
2026-09-01,akshare_fund_etf_scale_sse,SH,516890,新材ETF,33311400.0,份,,,akshare:20260901
2026-09-01,akshare_fund_etf_scale_sse,SH,516900,食品50,280229000.0,份,,,akshare:20260901
2026-09-01,akshare_fund_etf_scale_sse,SH,516910,物流ETF,62141800.0,份,,,akshare:20260901
2026-09-01,akshare_fund_etf_scale_sse,SH,516920,芯片基金,479463000.0,份,,,akshare:20260901
2026-09-01,akshare_fund_etf_scale_sse,SH,516930,生科ETF,106139599.99999999,份,,,akshare:20260901
2026-09-01,akshare_fund_etf_scale_sse,SH,516950,基建ETF,115821000.0,份,,,akshare:20260901
2026-09-01,akshare_fund_etf_scale_sse,SH,516960,机械ETF,16051099.999999998,份,,,akshare:20260901
2026-09-01,akshare_fund_etf_scale_sse,SH,516970,基建50,1174542500.0,份,,,akshare:20260901
2026-09-01,akshare_fund_etf_scale_sse,SH,516980,证券先锋,55516000.0,份,,,akshare:20260901
2026-09-01,akshare_fund_etf_scale_sse,SH,517000,沪港深,122793000.0,份,,,akshare:20260901
2026-09-01,akshare_fund_etf_scale_sse,SH,517010,HGS500E,78144200.0,份,,,akshare:20260901
2026-09-01,akshare_fund_etf_scale_sse,SH,517030,HGS300,84040300.0,份,,,akshare:20260901
2026-09-01,akshare_fund_etf_scale_sse,SH,517050,互联网50,347605000.0,份,,,akshare:20260901
2026-09-01,akshare_fund_etf_scale_sse,SH,517080,HGS500,173166000.0,份,,,akshare:20260901
2026-09-01,akshare_fund_etf_scale_sse,SH,517090,共赢ETF,53075000.0,份,,,akshare:20260901
2026-09-01,akshare_fund_etf_scale_sse,SH,517100,AH500ETF,143602100.0,份,,,akshare:20260901
2026-09-01,akshare_fund_etf_scale_sse,SH,517110,创新药HK,1340098500.0,份,,,akshare:20260901
2026-09-01,akshare_fund_etf_scale_sse,SH,517120,创新药50,576966400.0,份,,,akshare:20260901
2026-09-01,akshare_fund_etf_scale_sse,SH,517130,云计算JS,188654000.0,份,,,akshare:20260901
2026-09-01,akshare_fund_etf_scale_sse,SH,517160,长江ETF,1826777500.0,份,,,akshare:20260901
2026-09-01,akshare_fund_etf_scale_sse,SH,517170,沪港深E,16131800.0,份,,,akshare:20260901
2026-09-01,akshare_fund_etf_scale_sse,SH,517180,中国国企,89496299.99999999,份,,,akshare:20260901
2026-09-01,akshare_fund_etf_scale_sse,SH,517200,互联网,144782000.0,份,,,akshare:20260901
2026-09-01,akshare_fund_etf_scale_sse,SH,517230,云计算MW,162545800.0,份,,,akshare:20260901
2026-09-01,akshare_fund_etf_scale_sse,SH,517300,AH300ETF,1002434500.0,份,,,akshare:20260901
2026-09-01,akshare_fund_etf_scale_sse,SH,517330,长江保护,1809169000.0,份,,,akshare:20260901
2026-09-01,akshare_fund_etf_scale_sse,SH,517350,龙头科技,49042000.0,份,,,akshare:20260901
2026-09-01,akshare_fund_etf_scale_sse,SH,517360,AH科技,25083000.0,份,,,akshare:20260901
2026-09-01,akshare_fund_etf_scale_sse,SH,517380,创新药AH,3034326300.0,份,,,akshare:20260901
2026-09-01,akshare_fund_etf_scale_sse,SH,517390,云计算AH,130112600.0,份,,,akshare:20260901
2026-09-01,akshare_fund_etf_scale_sse,SH,517400,黄金股票,977792000.0,份,,,akshare:20260901
2026-09-01,akshare_fund_etf_scale_sse,SH,517520,黄金股,6271404000.0,份,,,akshare:20260901
2026-09-01,akshare_fund_etf_scale_sse,SH,517550,消费主题,80417400.0,份,,,akshare:20260901
2026-09-01,akshare_fund_etf_scale_sse,SH,517660,物联网AH,39880700.0,份,,,akshare:20260901
2026-09-01,akshare_fund_etf_scale_sse,SH,517770,游戏传媒,196947800.0,份,,,akshare:20260901
2026-09-01,akshare_fund_etf_scale_sse,SH,517800,AI50,212539700.0,份,,,akshare:20260901
2026-09-01,akshare_fund_etf_scale_sse,SH,517850,张江ETF,38185200.0,份,,,akshare:20260901
2026-09-01,akshare_fund_etf_scale_sse,SH,517880,品牌消费,49337100.0,份,,,akshare:20260901
2026-09-01,akshare_fund_etf_scale_sse,SH,517900,银行优选,394993500.0,份,,,akshare:20260901
2026-09-01,akshare_fund_etf_scale_sse,SH,517950,交银科技,48623200.0,份,,,akshare:20260901
2026-09-01,akshare_fund_etf_scale_sse,SH,517990,医药基金,46987900.0,份,,,akshare:20260901
2026-09-01,akshare_fund_etf_scale_sse,SH,518600,上海金,814216300.0,份,,,akshare:20260901
2026-09-01,akshare_fund_etf_scale_sse,SH,518660,工银黄金,957752700.0,份,,,akshare:20260901
2026-09-01,akshare_fund_etf_scale_sse,SH,518680,金ETF,766569500.0,份,,,akshare:20260901
2026-09-01,akshare_fund_etf_scale_sse,SH,518800,黄金基金,3749279200.0,份,,,akshare:20260901
2026-09-01,akshare_fund_etf_scale_sse,SH,518850,黄金9999,1887078700.0,份,,,akshare:20260901
2026-09-01,akshare_fund_etf_scale_sse,SH,518860,上海金E,465459800.00000006,份,,,akshare:20260901
2026-09-01,akshare_fund_etf_scale_sse,SH,518880,黄金ETF,11721840800.0,份,,,akshare:20260901
2026-09-01,akshare_fund_etf_scale_sse,SH,518890,中银黄金,372554800.00000006,份,,,akshare:20260901
2026-09-01,akshare_fund_etf_scale_sse,SH,520500,恒生新药,1889805000.0,份,,,akshare:20260901
2026-09-01,akshare_fund_etf_scale_sse,SH,520510,港股医疗,241728000.0,份,,,akshare:20260901
2026-09-01,akshare_fund_etf_scale_sse,SH,520520,HK消费,52606000.0,份,,,akshare:20260901
2026-09-01,akshare_fund_etf_scale_sse,SH,520530,港科ETF,234776000.0,份,,,akshare:20260901
2026-09-01,akshare_fund_etf_scale_sse,SH,520550,红利恒生,1149524000.0,份,,,akshare:20260901
2026-09-01,akshare_fund_etf_scale_sse,SH,520560,香港30,607419000.0,份,,,akshare:20260901
2026-09-01,akshare_fund_etf_scale_sse,SH,520570,科技恒指,3506876000.0,份,,,akshare:20260901
2026-09-01,akshare_fund_etf_scale_sse,SH,520580,新兴亚洲,290983900.0,份,,,akshare:20260901
2026-09-01,akshare_fund_etf_scale_sse,SH,520590,恒科,196235000.0,份,,,akshare:20260901
2026-09-01,akshare_fund_etf_scale_sse,SH,520600,汽车港股,235868000.0,份,,,akshare:20260901
2026-09-01,akshare_fund_etf_scale_sse,SH,520610,港红利指,425963000.0,份,,,akshare:20260901
2026-09-01,akshare_fund_etf_scale_sse,SH,520620,港股消费,288409000.0,份,,,akshare:20260901
2026-09-01,akshare_fund_etf_scale_sse,SH,520630,互联港股,594610000.0,份,,,akshare:20260901
2026-09-01,akshare_fund_etf_scale_sse,SH,520650,互联网HK,2482755000.0,份,,,akshare:20260901
2026-09-01,akshare_fund_etf_scale_sse,SH,520660,港红利CS,2092485500.0,份,,,akshare:20260901
2026-09-01,akshare_fund_etf_scale_sse,SH,520670,港科基金,213928100.0,份,,,akshare:20260901
2026-09-01,akshare_fund_etf_scale_sse,SH,520680,港股通车,69369000.0,份,,,akshare:20260901
2026-09-01,akshare_fund_etf_scale_sse,SH,520690,恒生港药,623454000.0,份,,,akshare:20260901
2026-09-01,akshare_fund_etf_scale_sse,SH,520700,创新药WJ,460076000.0,份,,,akshare:20260901
2026-09-01,akshare_fund_etf_scale_sse,SH,520710,信息港股,97029000.0,份,,,akshare:20260901
2026-09-01,akshare_fund_etf_scale_sse,SH,520720,香港汽车,121942000.0,份,,,akshare:20260901
2026-09-01,akshare_fund_etf_scale_sse,SH,520730,汽车WJ,118394400.0,份,,,akshare:20260901
2026-09-01,akshare_fund_etf_scale_sse,SH,520740,互联香港,46012600.0,份,,,akshare:20260901
2026-09-01,akshare_fund_etf_scale_sse,SH,520750,HK信息,134384000.0,份,,,akshare:20260901
2026-09-01,akshare_fund_etf_scale_sse,SH,520760,港股生物,128466000.0,份,,,akshare:20260901
2026-09-01,akshare_fund_etf_scale_sse,SH,520770,港股恒指,213373800.0,份,,,akshare:20260901
2026-09-01,akshare_fund_etf_scale_sse,SH,520780,港股车50,39460000.0,份,,,akshare:20260901
2026-09-01,akshare_fund_etf_scale_sse,SH,520790,港互联网,578075000.0,份,,,akshare:20260901
2026-09-01,akshare_fund_etf_scale_sse,SH,520810,港高股息,322360000.0,份,,,akshare:20260901
2026-09-01,akshare_fund_etf_scale_sse,SH,520820,恒指通,58682000.0,份,,,akshare:20260901
2026-09-01,akshare_fund_etf_scale_sse,SH,520830,沙特ETF,1064619000.0,份,,,akshare:20260901
2026-09-01,akshare_fund_etf_scale_sse,SH,520840,港科技,1126549000.0,份,,,akshare:20260901
2026-09-01,akshare_fund_etf_scale_sse,SH,520850,港医疗,139249600.0,份,,,akshare:20260901
2026-09-01,akshare_fund_etf_scale_sse,SH,520860,港股通科,340195000.0,份,,,akshare:20260901
2026-09-01,akshare_fund_etf_scale_sse,SH,520870,巴西ETF,511977200.0,份,,,akshare:20260901
2026-09-01,akshare_fund_etf_scale_sse,SH,520880,港创新药,4395618000.0,份,,,akshare:20260901
2026-09-01,akshare_fund_etf_scale_sse,SH,520890,港红利,80508000.0,份,,,akshare:20260901
2026-09-01,akshare_fund_etf_scale_sse,SH,520900,红利香港,1531175000.0,份,,,akshare:20260901
2026-09-01,akshare_fund_etf_scale_sse,SH,520910,HK互联,753445000.0,份,,,akshare:20260901
2026-09-01,akshare_fund_etf_scale_sse,SH,520920,恒生科TH,18894019000.0,份,,,akshare:20260901
2026-09-01,akshare_fund_etf_scale_sse,SH,520930,恒生生科,160733000.0,份,,,akshare:20260901
2026-09-01,akshare_fund_etf_scale_sse,SH,520940,恒指基金,22297000.0,份,,,akshare:20260901
2026-09-01,akshare_fund_etf_scale_sse,SH,520950,港股50,325421000.0,份,,,akshare:20260901
2026-09-01,akshare_fund_etf_scale_sse,SH,520960,恒指港通,50603400.0,份,,,akshare:20260901
2026-09-01,akshare_fund_etf_scale_sse,SH,520970,港股通药,1252358000.0,份,,,akshare:20260901
2026-09-01,akshare_fund_etf_scale_sse,SH,520980,港科技30,3169387000.0,份,,,akshare:20260901
2026-09-01,akshare_fund_etf_scale_sse,SH,520990,国新红利,3420470500.0,份,,,akshare:20260901
2026-09-01,akshare_fund_etf_scale_sse,SH,526000,港股信息,176142000.0,份,,,akshare:20260901
2026-09-01,akshare_fund_etf_scale_sse,SH,526010,香港医疗,36458000.0,份,,,akshare:20260901
2026-09-01,akshare_fund_etf_scale_sse,SH,526030,港信息基,153465000.0,份,,,akshare:20260901
2026-09-01,akshare_fund_etf_scale_sse,SH,526050,香港信息,53630000.0,份,,,akshare:20260901
2026-09-01,akshare_fund_etf_scale_sse,SH,526070,恒生博时,52377000.0,份,,,akshare:20260901
2026-09-01,akshare_fund_etf_scale_sse,SH,530000,50ETF基,941029400.0,份,,,akshare:20260901
2026-09-01,akshare_fund_etf_scale_sse,SH,530050,SH50ETF,128813000.0,份,,,akshare:20260901
2026-09-01,akshare_fund_etf_scale_sse,SH,530060,上证综E,876193000.0,份,,,akshare:20260901
2026-09-01,akshare_fund_etf_scale_sse,SH,530080,180指基,28917000.0,份,,,akshare:20260901
2026-09-01,akshare_fund_etf_scale_sse,SH,530100,上证580,120696000.0,份,,,akshare:20260901
2026-09-01,akshare_fund_etf_scale_sse,SH,530180,上证180,57952000.0,份,,,akshare:20260901
2026-09-01,akshare_fund_etf_scale_sse,SH,530280,180ETF指,29934000.0,份,,,akshare:20260901
2026-09-01,akshare_fund_etf_scale_sse,SH,530300,180指数,33643000.0,份,,,akshare:20260901
2026-09-01,akshare_fund_etf_scale_sse,SH,530380,上证380,134705000.0,份,,,akshare:20260901
2026-09-01,akshare_fund_etf_scale_sse,SH,530530,580ETF,134460000.0,份,,,akshare:20260901
2026-09-01,akshare_fund_etf_scale_sse,SH,530580,180基金,55149000.0,份,,,akshare:20260901
2026-09-01,akshare_fund_etf_scale_sse,SH,530680,180E,108891900.0,份,,,akshare:20260901
2026-09-01,akshare_fund_etf_scale_sse,SH,530800,上180ETF,18201800.0,份,,,akshare:20260901
2026-09-01,akshare_fund_etf_scale_sse,SH,530880,上证红利,39836000.0,份,,,akshare:20260901
2026-09-01,akshare_fund_etf_scale_sse,SH,551000,科创债,79904100.0,份,,,akshare:20260901
2026-09-01,akshare_fund_etf_scale_sse,SH,551030,科创债券,183340000.0,份,,,akshare:20260901
2026-09-01,akshare_fund_etf_scale_sse,SH,551060,科创债沪,57401000.0,份,,,akshare:20260901
2026-09-01,akshare_fund_etf_scale_sse,SH,551300,科创债摩,50997500.0,份,,,akshare:20260901
2026-09-01,akshare_fund_etf_scale_sse,SH,551500,科创债易,128220000.0,份,,,akshare:20260901
2026-09-01,akshare_fund_etf_scale_sse,SH,551510,科债AAA,142216100.0,份,,,akshare:20260901
2026-09-01,akshare_fund_etf_scale_sse,SH,551520,科创债汇,216161600.0,份,,,akshare:20260901
2026-09-01,akshare_fund_etf_scale_sse,SH,551550,科创AAA,179338200.0,份,,,akshare:20260901
2026-09-01,akshare_fund_etf_scale_sse,SH,551560,科创债兴,171678800.0,份,,,akshare:20260901
2026-09-01,akshare_fund_etf_scale_sse,SH,551580,科创债TK,107026800.0,份,,,akshare:20260901
2026-09-01,akshare_fund_etf_scale_sse,SH,551800,国泰科债,116051400.0,份,,,akshare:20260901
2026-09-01,akshare_fund_etf_scale_sse,SH,551900,科创债指,138931700.0,份,,,akshare:20260901
2026-09-01,akshare_fund_etf_scale_sse,SH,560010,1000基金,1830621700.0000002,份,,,akshare:20260901
2026-09-01,akshare_fund_etf_scale_sse,SH,560020,红利添富,133562000.0,份,,,akshare:20260901
2026-09-01,akshare_fund_etf_scale_sse,SH,560030,800价值,23432000.0,份,,,akshare:20260901
2026-09-01,akshare_fund_etf_scale_sse,SH,560050,MSCIA50,2179934400.0,份,,,akshare:20260901
2026-09-01,akshare_fund_etf_scale_sse,SH,560060,碳中和基,76090000.0,份,,,akshare:20260901
2026-09-01,akshare_fund_etf_scale_sse,SH,560070,央企分红,83362300.0,份,,,akshare:20260901
2026-09-01,akshare_fund_etf_scale_sse,SH,560080,中药ETF,2257265000.0,份,,,akshare:20260901
2026-09-01,akshare_fund_etf_scale_sse,SH,560090,证券指数,2288365000.0,份,,,akshare:20260901
2026-09-01,akshare_fund_etf_scale_sse,SH,560100,增强ETF,55080300.0,份,,,akshare:20260901
2026-09-01,akshare_fund_etf_scale_sse,SH,560110,ZZ1000,346903500.0,份,,,akshare:20260901
2026-09-01,akshare_fund_etf_scale_sse,SH,560120,500现金,578689000.0,份,,,akshare:20260901
2026-09-01,akshare_fund_etf_scale_sse,SH,560130,食品基金,69776200.0,份,,,akshare:20260901
2026-09-01,akshare_fund_etf_scale_sse,SH,560150,红利TK,681279299.9999999,份,,,akshare:20260901
2026-09-01,akshare_fund_etf_scale_sse,SH,560160,食品E,109706000.0,份,,,akshare:20260901
2026-09-01,akshare_fund_etf_scale_sse,SH,560170,央企科技,374495500.0,份,,,akshare:20260901
2026-09-01,akshare_fund_etf_scale_sse,SH,560180,ESG300,15603000.0,份,,,akshare:20260901
2026-09-01,akshare_fund_etf_scale_sse,SH,560190,公用事业,26834000.0,份,,,akshare:20260901
2026-09-01,akshare_fund_etf_scale_sse,SH,560210,景顺农牧,514522000.0,份,,,akshare:20260901
2026-09-01,akshare_fund_etf_scale_sse,SH,560220,2000基金,60717000.0,份,,,akshare:20260901
2026-09-01,akshare_fund_etf_scale_sse,SH,560230,光伏富国,85889000.0,份,,,akshare:20260901
2026-09-01,akshare_fund_etf_scale_sse,SH,560250,红利质量,140833000.0,份,,,akshare:20260901
2026-09-01,akshare_fund_etf_scale_sse,SH,560260,医疗50,1715664700.0,份,,,akshare:20260901
2026-09-01,akshare_fund_etf_scale_sse,SH,560270,电力指数,164439000.0,份,,,akshare:20260901
2026-09-01,akshare_fund_etf_scale_sse,SH,560280,工程机械,1584252000.0,份,,,akshare:20260901
2026-09-01,akshare_fund_etf_scale_sse,SH,560290,景顺有色,367694000.0,份,,,akshare:20260901
2026-09-01,akshare_fund_etf_scale_sse,SH,560300,电信50,26803400.0,份,,,akshare:20260901
2026-09-01,akshare_fund_etf_scale_sse,SH,560310,光伏博时,185122000.0,份,,,akshare:20260901
2026-09-01,akshare_fund_etf_scale_sse,SH,560320,食品富国,118332000.0,份,,,akshare:20260901
2026-09-01,akshare_fund_etf_scale_sse,SH,560330,300价值E,17130000.0,份,,,akshare:20260901
2026-09-01,akshare_fund_etf_scale_sse,SH,560350,A50指数,845532100.0000001,份,,,akshare:20260901
2026-09-01,akshare_fund_etf_scale_sse,SH,560360,软件指数,225345000.0,份,,,akshare:20260901
2026-09-01,akshare_fund_etf_scale_sse,SH,560370,全指红利,210084000.0,份,,,akshare:20260901
2026-09-01,akshare_fund_etf_scale_sse,SH,560380,A100,140861000.0,份,,,akshare:20260901
2026-09-01,akshare_fund_etf_scale_sse,SH,560390,电网E,2035258000.0,份,,,akshare:20260901
2026-09-01,akshare_fund_etf_scale_sse,SH,560400,证券华泰,170493000.0,份,,,akshare:20260901
2026-09-01,akshare_fund_etf_scale_sse,SH,560410,电池鹏华,58786100.0,份,,,akshare:20260901
2026-09-01,akshare_fund_etf_scale_sse,SH,560420,食品Q,130780200.0,份,,,akshare:20260901
2026-09-01,akshare_fund_etf_scale_sse,SH,560450,电力TH,248569000.0,份,,,akshare:20260901
2026-09-01,akshare_fund_etf_scale_sse,SH,560460,电力平安,283037000.0,份,,,akshare:20260901
2026-09-01,akshare_fund_etf_scale_sse,SH,560470,有色E,304340000.0,份,,,akshare:20260901
2026-09-01,akshare_fund_etf_scale_sse,SH,560480,中证电力,139803000.0,份,,,akshare:20260901
2026-09-01,akshare_fund_etf_scale_sse,SH,560490,华泰有色,105482000.0,份,,,akshare:20260901
2026-09-01,akshare_fund_etf_scale_sse,SH,560500,500质量,295339000.0,份,,,akshare:20260901
2026-09-01,akshare_fund_etf_scale_sse,SH,560510,中证A500,2531026900.0,份,,,akshare:20260901
2026-09-01,akshare_fund_etf_scale_sse,SH,560520,红利大成,51751000.0,份,,,akshare:20260901
2026-09-01,akshare_fund_etf_scale_sse,SH,560530,A500ETF,3994623700.0,份,,,akshare:20260901
2026-09-01,akshare_fund_etf_scale_sse,SH,560550,碳中和,123597400.0,份,,,akshare:20260901
2026-09-01,akshare_fund_etf_scale_sse,SH,560560,碳中和TK,70190100.0,份,,,akshare:20260901
2026-09-01,akshare_fund_etf_scale_sse,SH,560570,A500低波,1157541200.0,份,,,akshare:20260901
2026-09-01,akshare_fund_etf_scale_sse,SH,560580,电力指基,441003000.0,份,,,akshare:20260901
2026-09-01,akshare_fund_etf_scale_sse,SH,560590,1000鹏华,28710000.0,份,,,akshare:20260901
2026-09-01,akshare_fund_etf_scale_sse,SH,560610,A500指数,5245988400.0,份,,,akshare:20260901
2026-09-01,akshare_fund_etf_scale_sse,SH,560620,公用WJ,26367000.0,份,,,akshare:20260901
2026-09-01,akshare_fund_etf_scale_sse,SH,560630,机器人WJ,153394000.0,份,,,akshare:20260901
2026-09-01,akshare_fund_etf_scale_sse,SH,560660,云50ETF,129938000.0,份,,,akshare:20260901
2026-09-01,akshare_fund_etf_scale_sse,SH,560670,中证银行,41974000.0,份,,,akshare:20260901
2026-09-01,akshare_fund_etf_scale_sse,SH,560680,龙头消费,335225600.0,份,,,akshare:20260901
2026-09-01,akshare_fund_etf_scale_sse,SH,560690,电信主题,20389000.0,份,,,akshare:20260901
2026-09-01,akshare_fund_etf_scale_sse,SH,560700,央红利50,450036900.0,份,,,akshare:20260901
2026-09-01,akshare_fund_etf_scale_sse,SH,560710,船舶ETF,1745580000.0,份,,,akshare:20260901
2026-09-01,akshare_fund_etf_scale_sse,SH,560720,工银红利,97548000.0,份,,,akshare:20260901
2026-09-01,akshare_fund_etf_scale_sse,SH,560730,红利GTHT,81836300.0,份,,,akshare:20260901
2026-09-01,akshare_fund_etf_scale_sse,SH,560750,A500申万,78554800.0,份,,,akshare:20260901
2026-09-01,akshare_fund_etf_scale_sse,SH,560770,机器人ZS,1651633000.0,份,,,akshare:20260901
2026-09-01,akshare_fund_etf_scale_sse,SH,560780,半导设备,13027488000.0,份,,,akshare:20260901
2026-09-01,akshare_fund_etf_scale_sse,SH,560790,软件服务,225455900.0,份,,,akshare:20260901
2026-09-01,akshare_fund_etf_scale_sse,SH,560800,数字ETF,293951100.0,份,,,akshare:20260901
2026-09-01,akshare_fund_etf_scale_sse,SH,560810,央企ESG,181116000.0,份,,,akshare:20260901
2026-09-01,akshare_fund_etf_scale_sse,SH,560820,A50新华,40926000.0,份,,,akshare:20260901
2026-09-01,akshare_fund_etf_scale_sse,SH,560830,电指数,701519000.0,份,,,akshare:20260901
2026-09-01,akshare_fund_etf_scale_sse,SH,560850,信创50,69164000.0,份,,,akshare:20260901
2026-09-01,akshare_fund_etf_scale_sse,SH,560860,工业有色,5328233000.0,份,,,akshare:20260901
2026-09-01,akshare_fund_etf_scale_sse,SH,560870,中银有色,93351900.0,份,,,akshare:20260901
2026-09-01,akshare_fund_etf_scale_sse,SH,560880,家电基金,193732000.0,份,,,akshare:20260901
2026-09-01,akshare_fund_etf_scale_sse,SH,560900,创新药企,211969100.0,份,,,akshare:20260901
2026-09-01,akshare_fund_etf_scale_sse,SH,560910,中证电池,194721000.0,份,,,akshare:20260901
2026-09-01,akshare_fund_etf_scale_sse,SH,560920,招商机械,44373300.0,份,,,akshare:20260901
2026-09-01,akshare_fund_etf_scale_sse,SH,560930,电力E,208024000.0,份,,,akshare:20260901
2026-09-01,akshare_fund_etf_scale_sse,SH,560950,500增,15483000.0,份,,,akshare:20260901
2026-09-01,akshare_fund_etf_scale_sse,SH,560970,有色金属,69138000.0,份,,,akshare:20260901
2026-09-01,akshare_fund_etf_scale_sse,SH,560980,光伏龙头,348022000.0,份,,,akshare:20260901
2026-09-01,akshare_fund_etf_scale_sse,SH,560990,科技先锋,15187100.0,份,,,akshare:20260901
2026-09-01,akshare_fund_etf_scale_sse,SH,561000,300指增,49920000.0,份,,,akshare:20260901
2026-09-01,akshare_fund_etf_scale_sse,SH,561010,软件开发,291356000.0,份,,,akshare:20260901
2026-09-01,akshare_fund_etf_scale_sse,SH,561020,食品招商,31022199.999999996,份,,,akshare:20260901
2026-09-01,akshare_fund_etf_scale_sse,SH,561030,机械华泰,186550000.0,份,,,akshare:20260901
2026-09-01,akshare_fund_etf_scale_sse,SH,561050,稀金属E,230250000.0,份,,,akshare:20260901
2026-09-01,akshare_fund_etf_scale_sse,SH,561060,红利国企,49065000.0,份,,,akshare:20260901
2026-09-01,akshare_fund_etf_scale_sse,SH,561080,现金自由,24250000.0,份,,,akshare:20260901
2026-09-01,akshare_fund_etf_scale_sse,SH,561090,A500增,212974000.0,份,,,akshare:20260901
2026-09-01,akshare_fund_etf_scale_sse,SH,561100,电子龙头,598746900.0,份,,,akshare:20260901
2026-09-01,akshare_fund_etf_scale_sse,SH,561120,家电ETF,28159899.999999996,份,,,akshare:20260901
2026-09-01,akshare_fund_etf_scale_sse,SH,561130,国货ETF,83935200.0,份,,,akshare:20260901
2026-09-01,akshare_fund_etf_scale_sse,SH,561160,锂电池,2286835000.0,份,,,akshare:20260901
2026-09-01,akshare_fund_etf_scale_sse,SH,561170,绿电50,541032700.0,份,,,akshare:20260901
2026-09-01,akshare_fund_etf_scale_sse,SH,561180,A100ETF,49609600.0,份,,,akshare:20260901
2026-09-01,akshare_fund_etf_scale_sse,SH,561190,双碳ETF,193318000.0,份,,,akshare:20260901
2026-09-01,akshare_fund_etf_scale_sse,SH,561200,A100基金,31470500.0,份,,,akshare:20260901
2026-09-01,akshare_fund_etf_scale_sse,SH,561220,国企数字,46053000.0,份,,,akshare:20260901
2026-09-01,akshare_fund_etf_scale_sse,SH,561230,A50,450477800.0,份,,,akshare:20260901
2026-09-01,akshare_fund_etf_scale_sse,SH,561250,稀金属PH,75752200.0,份,,,akshare:20260901
2026-09-01,akshare_fund_etf_scale_sse,SH,561260,能源ETF,24095200.0,份,,,akshare:20260901
2026-09-01,akshare_fund_etf_scale_sse,SH,561280,增强1000,87847700.0,份,,,akshare:20260901
2026-09-01,akshare_fund_etf_scale_sse,SH,561300,300增ETF,502965000.0,份,,,akshare:20260901
2026-09-01,akshare_fund_etf_scale_sse,SH,561310,消电ETF,107833100.0,份,,,akshare:20260901
2026-09-01,akshare_fund_etf_scale_sse,SH,561320,交运ETF,34369000.0,份,,,akshare:20260901
2026-09-01,akshare_fund_etf_scale_sse,SH,561330,矿业ETF,1788392100.0,份,,,akshare:20260901
2026-09-01,akshare_fund_etf_scale_sse,SH,561350,国泰500,94700000.0,份,,,akshare:20260901
2026-09-01,akshare_fund_etf_scale_sse,SH,561360,石油ETF,1367148000.0,份,,,akshare:20260901
2026-09-01,akshare_fund_etf_scale_sse,SH,561370,2000ETF,32356000.0,份,,,akshare:20260901
2026-09-01,akshare_fund_etf_scale_sse,SH,561380,电网ETF,6313534000.0,份,,,akshare:20260901
2026-09-01,akshare_fund_etf_scale_sse,SH,561390,稀金属PA,88128100.0,份,,,akshare:20260901
2026-09-01,akshare_fund_etf_scale_sse,SH,561400,鑫元养殖,40519000.0,份,,,akshare:20260901
2026-09-01,akshare_fund_etf_scale_sse,SH,561410,光伏工银,204613300.00000003,份,,,akshare:20260901
2026-09-01,akshare_fund_etf_scale_sse,SH,561420,300现金,1011237000.0,份,,,akshare:20260901
2026-09-01,akshare_fund_etf_scale_sse,SH,561430,全指质量,37223200.0,份,,,akshare:20260901
2026-09-01,akshare_fund_etf_scale_sse,SH,561450,华泰红利,81124300.0,份,,,akshare:20260901
2026-09-01,akshare_fund_etf_scale_sse,SH,561460,AITH,1046020000.0,份,,,akshare:20260901
2026-09-01,akshare_fund_etf_scale_sse,SH,561470,畜牧TH,42936000.0,份,,,akshare:20260901
2026-09-01,akshare_fund_etf_scale_sse,SH,561490,红利财通,90631299.99999999,份,,,akshare:20260901
2026-09-01,akshare_fund_etf_scale_sse,SH,561500,漂亮50,56100300.0,份,,,akshare:20260901
2026-09-01,akshare_fund_etf_scale_sse,SH,561510,中医药,64206000.0,份,,,akshare:20260901
2026-09-01,akshare_fund_etf_scale_sse,SH,561550,500指增,1322989600.0,份,,,akshare:20260901
2026-09-01,akshare_fund_etf_scale_sse,SH,561560,电力ETF,1938624200.0000002,份,,,akshare:20260901
2026-09-01,akshare_fund_etf_scale_sse,SH,561570,油气基金,72147000.0,份,,,akshare:20260901
2026-09-01,akshare_fund_etf_scale_sse,SH,561580,央企红利,1911870700.0,份,,,akshare:20260901
2026-09-01,akshare_fund_etf_scale_sse,SH,561590,1000增强,101499599.99999999,份,,,akshare:20260901
2026-09-01,akshare_fund_etf_scale_sse,SH,561600,消费电子,296548000.0,份,,,akshare:20260901
2026-09-01,akshare_fund_etf_scale_sse,SH,561620,华泰化工,36727000.0,份,,,akshare:20260901
2026-09-01,akshare_fund_etf_scale_sse,SH,561630,华泰质量,41898000.0,份,,,akshare:20260901
2026-09-01,akshare_fund_etf_scale_sse,SH,561660,通航基金,68710000.0,份,,,akshare:20260901
2026-09-01,akshare_fund_etf_scale_sse,SH,561680,A500红低,58169000.0,份,,,akshare:20260901
2026-09-01,akshare_fund_etf_scale_sse,SH,561700,电力基金,351813600.0,份,,,akshare:20260901
2026-09-01,akshare_fund_etf_scale_sse,SH,561730,中证A股,126748100.0,份,,,akshare:20260901
2026-09-01,akshare_fund_etf_scale_sse,SH,561750,A50博时,61496000.0,份,,,akshare:20260901
2026-09-01,akshare_fund_etf_scale_sse,SH,561760,油气博时,156195000.0,份,,,akshare:20260901
2026-09-01,akshare_fund_etf_scale_sse,SH,561770,指基A100,37550000.0,份,,,akshare:20260901
2026-09-01,akshare_fund_etf_scale_sse,SH,561780,1000指增,19355800.0,份,,,akshare:20260901
2026-09-01,akshare_fund_etf_scale_sse,SH,561790,现代能源,56934000.0,份,,,akshare:20260901
2026-09-01,akshare_fund_etf_scale_sse,SH,561800,稀金属,202577200.0,份,,,akshare:20260901
2026-09-01,akshare_fund_etf_scale_sse,SH,561810,华泰医疗,68638400.0,份,,,akshare:20260901
2026-09-01,akshare_fund_etf_scale_sse,SH,561870,现金流指,89765000.0,份,,,akshare:20260901
2026-09-01,akshare_fund_etf_scale_sse,SH,561880,A100指数,82389000.0,份,,,akshare:20260901
2026-09-01,akshare_fund_etf_scale_sse,SH,561890,A股E,41112600.0,份,,,akshare:20260901
2026-09-01,akshare_fund_etf_scale_sse,SH,561900,沪深ESG,26334400.0,份,,,akshare:20260901
2026-09-01,akshare_fund_etf_scale_sse,SH,561910,电池ETF,4741076600.0,份,,,akshare:20260901
2026-09-01,akshare_fund_etf_scale_sse,SH,561920,疫苗龙头,61692000.0,份,,,akshare:20260901
2026-09-01,akshare_fund_etf_scale_sse,SH,561930,招商300,184260600.0,份,,,akshare:20260901
2026-09-01,akshare_fund_etf_scale_sse,SH,561950,500增强A,72156000.0,份,,,akshare:20260901
2026-09-01,akshare_fund_etf_scale_sse,SH,561960,央企回报,57385200.00000001,份,,,akshare:20260901
2026-09-01,akshare_fund_etf_scale_sse,SH,561980,芯片设备,8475550000.0,份,,,akshare:20260901
2026-09-01,akshare_fund_etf_scale_sse,SH,561990,300增强,340649200.0,份,,,akshare:20260901
2026-09-01,akshare_fund_etf_scale_sse,SH,562000,中证A100,596737900.0,份,,,akshare:20260901
2026-09-01,akshare_fund_etf_scale_sse,SH,562010,绿色能源,18298700.0,份,,,akshare:20260901
2026-09-01,akshare_fund_etf_scale_sse,SH,562030,信创基金,137973900.0,份,,,akshare:20260901
2026-09-01,akshare_fund_etf_scale_sse,SH,562050,药ETF,100468000.0,份,,,akshare:20260901
2026-09-01,akshare_fund_etf_scale_sse,SH,562060,标普红利,5091792600.0,份,,,akshare:20260901
2026-09-01,akshare_fund_etf_scale_sse,SH,562070,300ETF增,552542000.0,份,,,akshare:20260901
2026-09-01,akshare_fund_etf_scale_sse,SH,562080,自由现金,592757200.0,份,,,akshare:20260901
2026-09-01,akshare_fund_etf_scale_sse,SH,562180,N红低,146150000.0,份,,,akshare:20260901
2026-09-01,akshare_fund_etf_scale_sse,SH,562300,低碳ETF,55495000.0,份,,,akshare:20260901
2026-09-01,akshare_fund_etf_scale_sse,SH,562310,300成长,432572300.00000006,份,,,akshare:20260901
2026-09-01,akshare_fund_etf_scale_sse,SH,562320,300价值A,55295500.0,份,,,akshare:20260901
2026-09-01,akshare_fund_etf_scale_sse,SH,562330,500价值,12018900.000000002,份,,,akshare:20260901
2026-09-01,akshare_fund_etf_scale_sse,SH,562340,500成长,8144299.999999999,份,,,akshare:20260901
2026-09-01,akshare_fund_etf_scale_sse,SH,562350,电力,131410900.0,份,,,akshare:20260901
2026-09-01,akshare_fund_etf_scale_sse,SH,562360,机器人YH,292474000.0,份,,,akshare:20260901
2026-09-01,akshare_fund_etf_scale_sse,SH,562380,科技引领,74628900.0,份,,,akshare:20260901
2026-09-01,akshare_fund_etf_scale_sse,SH,562390,中药,79429000.0,份,,,akshare:20260901
2026-09-01,akshare_fund_etf_scale_sse,SH,562500,机器人,18473687300.0,份,,,akshare:20260901
2026-09-01,akshare_fund_etf_scale_sse,SH,562510,旅游ETF,1111095000.0,份,,,akshare:20260901
2026-09-01,akshare_fund_etf_scale_sse,SH,562520,1000成长,28568000.0,份,,,akshare:20260901
2026-09-01,akshare_fund_etf_scale_sse,SH,562530,1000价值,177144000.0,份,,,akshare:20260901
2026-09-01,akshare_fund_etf_scale_sse,SH,562550,绿电ETF,1518419300.0,份,,,akshare:20260901
2026-09-01,akshare_fund_etf_scale_sse,SH,562560,信息技术,22765500.0,份,,,akshare:20260901
2026-09-01,akshare_fund_etf_scale_sse,SH,562570,信创ETF,301281000.0,份,,,akshare:20260901
2026-09-01,akshare_fund_etf_scale_sse,SH,562580,可选消费,39223300.0,份,,,akshare:20260901
2026-09-01,akshare_fund_etf_scale_sse,SH,562590,半导材料,9193989000.0,份,,,akshare:20260901
2026-09-01,akshare_fund_etf_scale_sse,SH,562600,医疗器械,450937400.0,份,,,akshare:20260901
2026-09-01,akshare_fund_etf_scale_sse,SH,562660,ZZ2000,366874000.0,份,,,akshare:20260901
2026-09-01,akshare_fund_etf_scale_sse,SH,562700,汽车零件,98750000.0,份,,,akshare:20260901
2026-09-01,akshare_fund_etf_scale_sse,SH,562800,稀有金属,5658745000.0,份,,,akshare:20260901
2026-09-01,akshare_fund_etf_scale_sse,SH,562810,上证增强,50451000.0,份,,,akshare:20260901
2026-09-01,akshare_fund_etf_scale_sse,SH,562820,集成电路,416408000.0,份,,,akshare:20260901
2026-09-01,akshare_fund_etf_scale_sse,SH,562850,央企能源,181981500.0,份,,,akshare:20260901
2026-09-01,akshare_fund_etf_scale_sse,SH,562860,疫苗ETF,330895000.0,份,,,akshare:20260901
2026-09-01,akshare_fund_etf_scale_sse,SH,562870,证券全指,588505200.0,份,,,akshare:20260901
2026-09-01,akshare_fund_etf_scale_sse,SH,562880,电池基金,889399600.0000001,份,,,akshare:20260901
2026-09-01,akshare_fund_etf_scale_sse,SH,562890,A50中证,270551000.0,份,,,akshare:20260901
2026-09-01,akshare_fund_etf_scale_sse,SH,562900,现代农业,242706300.0,份,,,akshare:20260901
2026-09-01,akshare_fund_etf_scale_sse,SH,562910,高端制造,300227300.0,份,,,akshare:20260901
2026-09-01,akshare_fund_etf_scale_sse,SH,562920,信息安全,92069000.0,份,,,akshare:20260901
2026-09-01,akshare_fund_etf_scale_sse,SH,562930,软件30,1700437000.0,份,,,akshare:20260901
2026-09-01,akshare_fund_etf_scale_sse,SH,562950,消电50,1026258300.0,份,,,akshare:20260901
2026-09-01,akshare_fund_etf_scale_sse,SH,562960,绿色电力,1236391000.0,份,,,akshare:20260901
2026-09-01,akshare_fund_etf_scale_sse,SH,562970,光伏E,364448000.0,份,,,akshare:20260901
2026-09-01,akshare_fund_etf_scale_sse,SH,562990,碳中和E,376756000.0,份,,,akshare:20260901
2026-09-01,akshare_fund_etf_scale_sse,SH,563000,中国A50,1538451099.9999998,份,,,akshare:20260901
2026-09-01,akshare_fund_etf_scale_sse,SH,563010,电信ETF,94189300.0,份,,,akshare:20260901
2026-09-01,akshare_fund_etf_scale_sse,SH,563020,低波红利,10714910000.0,份,,,akshare:20260901
2026-09-01,akshare_fund_etf_scale_sse,SH,563030,增强500,127169000.0,份,,,akshare:20260901
2026-09-01,akshare_fund_etf_scale_sse,SH,563050,科技央企,136208400.0,份,,,akshare:20260901
2026-09-01,akshare_fund_etf_scale_sse,SH,563060,央企50,188527000.0,份,,,akshare:20260901
2026-09-01,akshare_fund_etf_scale_sse,SH,563080,中证A50E,1100588400.0,份,,,akshare:20260901
2026-09-01,akshare_fund_etf_scale_sse,SH,563090,上50增强,55848000.0,份,,,akshare:20260901
2026-09-01,akshare_fund_etf_scale_sse,SH,563150,油气资源,34399000.0,份,,,akshare:20260901
2026-09-01,akshare_fund_etf_scale_sse,SH,563180,高股息,100420000.0,份,,,akshare:20260901
2026-09-01,akshare_fund_etf_scale_sse,SH,563200,2000指数,53458800.0,份,,,akshare:20260901
2026-09-01,akshare_fund_etf_scale_sse,SH,563210,专精特新,116067000.0,份,,,akshare:20260901
2026-09-01,akshare_fund_etf_scale_sse,SH,563220,A500富国,6452013700.0,份,,,akshare:20260901
2026-09-01,akshare_fund_etf_scale_sse,SH,563230,卫星ETF,3329237000.0,份,,,akshare:20260901
2026-09-01,akshare_fund_etf_scale_sse,SH,563280,A50增强,5206600.0,份,,,akshare:20260901
2026-09-01,akshare_fund_etf_scale_sse,SH,563300,中证2000,4813674000.0,份,,,akshare:20260901
2026-09-01,akshare_fund_etf_scale_sse,SH,563320,通用航空,223892000.0,份,,,akshare:20260901
2026-09-01,akshare_fund_etf_scale_sse,SH,563330,A股ETF,30760600.0,份,,,akshare:20260901
2026-09-01,akshare_fund_etf_scale_sse,SH,563350,中证A50,169997599.99999997,份,,,akshare:20260901
2026-09-01,akshare_fund_etf_scale_sse,SH,563360,A500基金,31429987400.000004,份,,,akshare:20260901
2026-09-01,akshare_fund_etf_scale_sse,SH,563380,航空航天,869950000.0,份,,,akshare:20260901
2026-09-01,akshare_fund_etf_scale_sse,SH,563390,现金基金,2141844000.0,份,,,akshare:20260901
2026-09-01,akshare_fund_etf_scale_sse,SH,563500,A500华宝,765958700.0,份,,,akshare:20260901
2026-09-01,akshare_fund_etf_scale_sse,SH,563510,A500红利,283537000.0,份,,,akshare:20260901
2026-09-01,akshare_fund_etf_scale_sse,SH,563520,300永赢,442065000.0,份,,,akshare:20260901
2026-09-01,akshare_fund_etf_scale_sse,SH,563530,卫星E,1567748000.0,份,,,akshare:20260901
2026-09-01,akshare_fund_etf_scale_sse,SH,563550,增强A500,82559000.0,份,,,akshare:20260901
2026-09-01,akshare_fund_etf_scale_sse,SH,563560,科技成长,54769000.0,份,,,akshare:20260901
2026-09-01,akshare_fund_etf_scale_sse,SH,563570,金融科,104374000.0,份,,,akshare:20260901
2026-09-01,akshare_fund_etf_scale_sse,SH,563580,现金800,243648000.0,份,,,akshare:20260901
2026-09-01,akshare_fund_etf_scale_sse,SH,563590,红利A500,60944399.99999999,份,,,akshare:20260901
2026-09-01,akshare_fund_etf_scale_sse,SH,563600,A500增强,66483000.0,份,,,akshare:20260901
2026-09-01,akshare_fund_etf_scale_sse,SH,563620,现金流全,51049000.0,份,,,akshare:20260901
2026-09-01,akshare_fund_etf_scale_sse,SH,563630,A500指增,37947100.0,份,,,akshare:20260901
2026-09-01,akshare_fund_etf_scale_sse,SH,563650,A500中证,140909000.0,份,,,akshare:20260901
2026-09-01,akshare_fund_etf_scale_sse,SH,563660,A500银河,63085200.00000001,份,,,akshare:20260901
2026-09-01,akshare_fund_etf_scale_sse,SH,563670,金科基金,180987000.0,份,,,akshare:20260901
2026-09-01,akshare_fund_etf_scale_sse,SH,563680,现金流TF,104959000.0,份,,,akshare:20260901
2026-09-01,akshare_fund_etf_scale_sse,SH,563690,红利永赢,34882000.0,份,,,akshare:20260901
2026-09-01,akshare_fund_etf_scale_sse,SH,563700,红利价值,365150000.0,份,,,akshare:20260901
2026-09-01,akshare_fund_etf_scale_sse,SH,563750,500添富,337237000.0,份,,,akshare:20260901
2026-09-01,akshare_fund_etf_scale_sse,SH,563760,中银现金,699913200.0000001,份,,,akshare:20260901
2026-09-01,akshare_fund_etf_scale_sse,SH,563770,全指现金,25807000.0,份,,,akshare:20260901
2026-09-01,akshare_fund_etf_scale_sse,SH,563780,现金指数,248027100.0,份,,,akshare:20260901
2026-09-01,akshare_fund_etf_scale_sse,SH,563790,卫星产业,1191447000.0,份,,,akshare:20260901
2026-09-01,akshare_fund_etf_scale_sse,SH,563800,A500龙头,9010978100.0,份,,,akshare:20260901
2026-09-01,akshare_fund_etf_scale_sse,SH,563830,现金流基,134896000.0,份,,,akshare:20260901
2026-09-01,akshare_fund_etf_scale_sse,SH,563850,食品广发,114881700.0,份,,,akshare:20260901
2026-09-01,akshare_fund_etf_scale_sse,SH,563860,A500海富,182844300.0,份,,,akshare:20260901
2026-09-01,akshare_fund_etf_scale_sse,SH,563870,航空通用,108303900.0,份,,,akshare:20260901
2026-09-01,akshare_fund_etf_scale_sse,SH,563880,A500添富,1570996400.0000002,份,,,akshare:20260901
2026-09-01,akshare_fund_etf_scale_sse,SH,563890,红利国有,22336000.0,份,,,akshare:20260901
2026-09-01,akshare_fund_etf_scale_sse,SH,563900,现金流,463965700.0,份,,,akshare:20260901
2026-09-01,akshare_fund_etf_scale_sse,SH,563930,上指增强,28592000.0,份,,,akshare:20260901
2026-09-01,akshare_fund_etf_scale_sse,SH,563960,300质量,360012000.0,份,,,akshare:20260901
2026-09-01,akshare_fund_etf_scale_sse,SH,563980,800红利,188967000.0,份,,,akshare:20260901
2026-09-01,akshare_fund_etf_scale_sse,SH,563990,800现金,299573000.0,份,,,akshare:20260901
2026-09-01,akshare_fund_etf_scale_sse,SH,588000,科创50,51146668200.0,份,,,akshare:20260901
2026-09-01,akshare_fund_etf_scale_sse,SH,588010,科创材料,940425800.0,份,,,akshare:20260901
2026-09-01,akshare_fund_etf_scale_sse,SH,588020,科创50E,2195373000.0,份,,,akshare:20260901
2026-09-01,akshare_fund_etf_scale_sse,SH,588030,科创指基,2288838100.0,份,,,akshare:20260901
2026-09-01,akshare_fund_etf_scale_sse,SH,588040,科创板指,127889000.0,份,,,akshare:20260901
2026-09-01,akshare_fund_etf_scale_sse,SH,588050,科创ETF,6477241300.0,份,,,akshare:20260901
2026-09-01,akshare_fund_etf_scale_sse,SH,588060,上证科创,7231140000.0,份,,,akshare:20260901
2026-09-01,akshare_fund_etf_scale_sse,SH,588070,科创万家,40437000.0,份,,,akshare:20260901
2026-09-01,akshare_fund_etf_scale_sse,SH,588080,科创板50,24898628100.0,份,,,akshare:20260901
2026-09-01,akshare_fund_etf_scale_sse,SH,588090,科创板,2997072800.0000005,份,,,akshare:20260901
2026-09-01,akshare_fund_etf_scale_sse,SH,588100,科创信息,201746200.0,份,,,akshare:20260901
2026-09-01,akshare_fund_etf_scale_sse,SH,588110,科创成长,1039032000.0,份,,,akshare:20260901
2026-09-01,akshare_fund_etf_scale_sse,SH,588120,科100ETF,901622000.0,份,,,akshare:20260901
2026-09-01,akshare_fund_etf_scale_sse,SH,588130,科创药,469082600.0,份,,,akshare:20260901
2026-09-01,akshare_fund_etf_scale_sse,SH,588140,科200GF,217751000.0,份,,,akshare:20260901
2026-09-01,akshare_fund_etf_scale_sse,SH,588150,科创龙头,387432600.0,份,,,akshare:20260901
2026-09-01,akshare_fund_etf_scale_sse,SH,588160,科创新材,881496000.0,份,,,akshare:20260901
2026-09-01,akshare_fund_etf_scale_sse,SH,588170,科创半导,45141447000.0,份,,,akshare:20260901
2026-09-01,akshare_fund_etf_scale_sse,SH,588180,科创50基,734853700.0,份,,,akshare:20260901
2026-09-01,akshare_fund_etf_scale_sse,SH,588190,科创100,1342618299.9999998,份,,,akshare:20260901
2026-09-01,akshare_fund_etf_scale_sse,SH,588200,科创芯片,42563684300.0,份,,,akshare:20260901
2026-09-01,akshare_fund_etf_scale_sse,SH,588210,科创100E,248254000.0,份,,,akshare:20260901
2026-09-01,akshare_fund_etf_scale_sse,SH,588220,科创100F,3641697900.0,份,,,akshare:20260901
2026-09-01,akshare_fund_etf_scale_sse,SH,588230,科创200,773939000.0,份,,,akshare:20260901
2026-09-01,akshare_fund_etf_scale_sse,SH,588240,科200,116633000.0,份,,,akshare:20260901
2026-09-01,akshare_fund_etf_scale_sse,SH,588250,KC医药,265675000.0,份,,,akshare:20260901
2026-09-01,akshare_fund_etf_scale_sse,SH,588260,科创技术,46746000.0,份,,,akshare:20260901
2026-09-01,akshare_fund_etf_scale_sse,SH,588270,科创200F,304410000.0,份,,,akshare:20260901
2026-09-01,akshare_fund_etf_scale_sse,SH,588280,科创五零,380121000.0,份,,,akshare:20260901
2026-09-01,akshare_fund_etf_scale_sse,SH,588290,芯片科创,4906191000.0,份,,,akshare:20260901
2026-09-01,akshare_fund_etf_scale_sse,SH,588300,双创ETF,1519210500.0,份,,,akshare:20260901
2026-09-01,akshare_fund_etf_scale_sse,SH,588310,双创基金,33037500.0,份,,,akshare:20260901
2026-09-01,akshare_fund_etf_scale_sse,SH,588320,双创增强,83824599.99999999,份,,,akshare:20260901
2026-09-01,akshare_fund_etf_scale_sse,SH,588330,双创龙头,1175737800.0,份,,,akshare:20260901
2026-09-01,akshare_fund_etf_scale_sse,SH,588350,双创,652546000.0,份,,,akshare:20260901
2026-09-01,akshare_fund_etf_scale_sse,SH,588360,创创ETF,216281800.0,份,,,akshare:20260901
2026-09-01,akshare_fund_etf_scale_sse,SH,588370,科创策略,73272000.0,份,,,akshare:20260901
2026-09-01,akshare_fund_etf_scale_sse,SH,588380,创50ETF,2678770000.0,份,,,akshare:20260901
2026-09-01,akshare_fund_etf_scale_sse,SH,588390,科创创业,161935900.0,份,,,akshare:20260901
2026-09-01,akshare_fund_etf_scale_sse,SH,588400,双创50,1362600600.0,份,,,akshare:20260901
2026-09-01,akshare_fund_etf_scale_sse,SH,588410,双创AI,113250000.0,份,,,akshare:20260901
2026-09-01,akshare_fund_etf_scale_sse,SH,588420,AI双创,337648000.0,份,,,akshare:20260901
2026-09-01,akshare_fund_etf_scale_sse,SH,588430,科创创AI,96458000.0,份,,,akshare:20260901
2026-09-01,akshare_fund_etf_scale_sse,SH,588450,科创50增,60568700.0,份,,,akshare:20260901
2026-09-01,akshare_fund_etf_scale_sse,SH,588460,科创增强,645014000.0,份,,,akshare:20260901
2026-09-01,akshare_fund_etf_scale_sse,SH,588470,双创智能,283907000.0,份,,,akshare:20260901
2026-09-01,akshare_fund_etf_scale_sse,SH,588480,AI50双创,241717000.0,份,,,akshare:20260901
2026-09-01,akshare_fund_etf_scale_sse,SH,588500,科创100Z,47647000.0,份,,,akshare:20260901
2026-09-01,akshare_fund_etf_scale_sse,SH,588510,智能双创,321175000.0,份,,,akshare:20260901
2026-09-01,akshare_fund_etf_scale_sse,SH,588520,科创增,12957000.0,份,,,akshare:20260901
2026-09-01,akshare_fund_etf_scale_sse,SH,588530,AIBOCI,225033300.00000003,份,,,akshare:20260901
2026-09-01,akshare_fund_etf_scale_sse,SH,588550,科创增指,63290000.0,份,,,akshare:20260901
2026-09-01,akshare_fund_etf_scale_sse,SH,588660,双创五零,38344000.0,份,,,akshare:20260901
2026-09-01,akshare_fund_etf_scale_sse,SH,588670,科综增强,39792000.0,份,,,akshare:20260901
2026-09-01,akshare_fund_etf_scale_sse,SH,588680,科100增,32361000.0,份,,,akshare:20260901
2026-09-01,akshare_fund_etf_scale_sse,SH,588690,科综指增,51636000.0,份,,,akshare:20260901
2026-09-01,akshare_fund_etf_scale_sse,SH,588700,科创生物,445336200.0,份,,,akshare:20260901
2026-09-01,akshare_fund_etf_scale_sse,SH,588710,科半导体,11616885000.0,份,,,akshare:20260901
2026-09-01,akshare_fund_etf_scale_sse,SH,588720,中银科创,109741800.0,份,,,akshare:20260901
2026-09-01,akshare_fund_etf_scale_sse,SH,588730,科创AI,719396300.0,份,,,akshare:20260901
2026-09-01,akshare_fund_etf_scale_sse,SH,588750,科创芯50,3256228000.0,份,,,akshare:20260901
2026-09-01,akshare_fund_etf_scale_sse,SH,588760,AI科创,2422532000.0,份,,,akshare:20260901
2026-09-01,akshare_fund_etf_scale_sse,SH,588770,信息科创,311597100.0,份,,,akshare:20260901
2026-09-01,akshare_fund_etf_scale_sse,SH,588780,芯片设计,1007902000.0,份,,,akshare:20260901
2026-09-01,akshare_fund_etf_scale_sse,SH,588790,科创智能,3274384000.0,份,,,akshare:20260901
2026-09-01,akshare_fund_etf_scale_sse,SH,588800,科创100C,1717377000.0,份,,,akshare:20260901
2026-09-01,akshare_fund_etf_scale_sse,SH,588810,科创板芯,801324000.0,份,,,akshare:20260901
2026-09-01,akshare_fund_etf_scale_sse,SH,588820,科创200E,151400000.0,份,,,akshare:20260901
2026-09-01,akshare_fund_etf_scale_sse,SH,588830,科创新能,594847900.0,份,,,akshare:20260901
2026-09-01,akshare_fund_etf_scale_sse,SH,588840,50科创,58236000.0,份,,,akshare:20260901
2026-09-01,akshare_fund_etf_scale_sse,SH,588850,科创机械,78779000.0,份,,,akshare:20260901
2026-09-01,akshare_fund_etf_scale_sse,SH,588860,科创医药,352889400.0,份,,,akshare:20260901
2026-09-01,akshare_fund_etf_scale_sse,SH,588870,科创50指,794552000.0,份,,,akshare:20260901
2026-09-01,akshare_fund_etf_scale_sse,SH,588880,科创指数,108368000.0,份,,,akshare:20260901
2026-09-01,akshare_fund_etf_scale_sse,SH,588890,科创芯,2807430000.0,份,,,akshare:20260901
2026-09-01,akshare_fund_etf_scale_sse,SH,588900,科创100S,355783000.0,份,,,akshare:20260901
2026-09-01,akshare_fund_etf_scale_sse,SH,588910,科创价值,100049100.0,份,,,akshare:20260901
2026-09-01,akshare_fund_etf_scale_sse,SH,588920,KC芯片,321876000.0,份,,,akshare:20260901
2026-09-01,akshare_fund_etf_scale_sse,SH,588930,科创板AI,617329000.0,份,,,akshare:20260901
2026-09-01,akshare_fund_etf_scale_sse,SH,588940,科创富国,2912840000.0,份,,,akshare:20260901
2026-09-01,akshare_fund_etf_scale_sse,SH,588950,景顺科创,686729700.0,份,,,akshare:20260901
2026-09-01,akshare_fund_etf_scale_sse,SH,588960,新能科创,142579800.0,份,,,akshare:20260901
2026-09-01,akshare_fund_etf_scale_sse,SH,588980,科创广发,11920000.0,份,,,akshare:20260901
2026-09-01,akshare_fund_etf_scale_sse,SH,588990,科芯片,199745400.0,份,,,akshare:20260901
2026-09-01,akshare_fund_etf_scale_sse,SH,589000,科创综指,1047507800.0,份,,,akshare:20260901
2026-09-01,akshare_fund_etf_scale_sse,SH,589010,科创AI指,923793000.0,份,,,akshare:20260901
2026-09-01,akshare_fund_etf_scale_sse,SH,589020,KC半导体,4500438000.0,份,,,akshare:20260901
2026-09-01,akshare_fund_etf_scale_sse,SH,589030,科芯设计,874077000.0,份,,,akshare:20260901
2026-09-01,akshare_fund_etf_scale_sse,SH,589050,科创E,46968000.0,份,,,akshare:20260901
2026-09-01,akshare_fund_etf_scale_sse,SH,589060,科综东财,82137900.00000001,份,,,akshare:20260901
2026-09-01,akshare_fund_etf_scale_sse,SH,589070,科芯TH,2001293000.0,份,,,akshare:20260901
2026-09-01,akshare_fund_etf_scale_sse,SH,589080,科创综E,158061000.0,份,,,akshare:20260901
2026-09-01,akshare_fund_etf_scale_sse,SH,589090,KCAI,181931000.0,份,,,akshare:20260901
2026-09-01,akshare_fund_etf_scale_sse,SH,589100,国泰芯片,905442500.0,份,,,akshare:20260901
2026-09-01,akshare_fund_etf_scale_sse,SH,589110,科AI国泰,543413000.0,份,,,akshare:20260901
2026-09-01,akshare_fund_etf_scale_sse,SH,589120,创新药基,1328620000.0,份,,,akshare:20260901
2026-09-01,akshare_fund_etf_scale_sse,SH,589130,科创芯易,3347780000.0,份,,,akshare:20260901
2026-09-01,akshare_fund_etf_scale_sse,SH,589150,科创平安,823437200.0,份,,,akshare:20260901
2026-09-01,akshare_fund_etf_scale_sse,SH,589160,科芯片GF,284296000.0,份,,,akshare:20260901
2026-09-01,akshare_fund_etf_scale_sse,SH,589170,芯设计KC,144909000.0,份,,,akshare:20260901
2026-09-01,akshare_fund_etf_scale_sse,SH,589180,科创材基,140318000.0,份,,,akshare:20260901
2026-09-01,akshare_fund_etf_scale_sse,SH,589190,科创芯基,3403562000.0,份,,,akshare:20260901
2026-09-01,akshare_fund_etf_scale_sse,SH,589200,科200E,22507000.0,份,,,akshare:20260901
2026-09-01,akshare_fund_etf_scale_sse,SH,589210,芯设计GF,1316938000.0,份,,,akshare:20260901
2026-09-01,akshare_fund_etf_scale_sse,SH,589220,科200GT,319495800.0,份,,,akshare:20260901
2026-09-01,akshare_fund_etf_scale_sse,SH,589230,AI科创CS,243553000.0,份,,,akshare:20260901
2026-09-01,akshare_fund_etf_scale_sse,SH,589250,芯设计PY,75101300.0,份,,,akshare:20260901
2026-09-01,akshare_fund_etf_scale_sse,SH,589260,科创芯设,64156000.0,份,,,akshare:20260901
2026-09-01,akshare_fund_etf_scale_sse,SH,589270,科创100Q,24516600.0,份,,,akshare:20260901
2026-09-01,akshare_fund_etf_scale_sse,SH,589280,科综增指,149069000.0,份,,,akshare:20260901
2026-09-01,akshare_fund_etf_scale_sse,SH,589290,芯片主题,143848900.0,份,,,akshare:20260901
2026-09-01,akshare_fund_etf_scale_sse,SH,589300,科综嘉实,41582500.0,份,,,akshare:20260901
2026-09-01,akshare_fund_etf_scale_sse,SH,589310,科创人工,313491800.0,份,,,akshare:20260901
2026-09-01,akshare_fund_etf_scale_sse,SH,589320,科200JS,114053000.0,份,,,akshare:20260901
2026-09-01,akshare_fund_etf_scale_sse,SH,589330,科200DC,170902000.0,份,,,akshare:20260901
2026-09-01,akshare_fund_etf_scale_sse,SH,589350,科芯片指,226281500.0,份,,,akshare:20260901
2026-09-01,akshare_fund_etf_scale_sse,SH,589360,科创50GT,2669174000.0,份,,,akshare:20260901
2026-09-01,akshare_fund_etf_scale_sse,SH,589380,AI科创指,97694300.0,份,,,akshare:20260901
2026-09-01,akshare_fund_etf_scale_sse,SH,589390,芯设计,1351810500.0,份,,,akshare:20260901
2026-09-01,akshare_fund_etf_scale_sse,SH,589400,芯设计FG,303785200.0,份,,,akshare:20260901
2026-09-01,akshare_fund_etf_scale_sse,SH,589410,科创AIJS,558565600.0,份,,,akshare:20260901
2026-09-01,akshare_fund_etf_scale_sse,SH,589420,芯设计MW,358481500.0,份,,,akshare:20260901
2026-09-01,akshare_fund_etf_scale_sse,SH,589460,科200HB,214630900.0,份,,,akshare:20260901
2026-09-01,akshare_fund_etf_scale_sse,SH,589500,科综工银,80064000.0,份,,,akshare:20260901
2026-09-01,akshare_fund_etf_scale_sse,SH,589520,AI科创板,831104600.0000001,份,,,akshare:20260901
2026-09-01,akshare_fund_etf_scale_sse,SH,589550,KC价值,25295500.0,份,,,akshare:20260901
2026-09-01,akshare_fund_etf_scale_sse,SH,589560,科创AITF,253355000.0,份,,,akshare:20260901
2026-09-01,akshare_fund_etf_scale_sse,SH,589580,科综价格,14354800.0,份,,,akshare:20260901
2026-09-01,akshare_fund_etf_scale_sse,SH,589600,富国科综,221535000.0,份,,,akshare:20260901
2026-09-01,akshare_fund_etf_scale_sse,SH,589630,科综国泰,343258000.0,份,,,akshare:20260901
2026-09-01,akshare_fund_etf_scale_sse,SH,589660,综指科创,261530000.0,份,,,akshare:20260901
2026-09-01,akshare_fund_etf_scale_sse,SH,589680,科创综Z,1379943700.0,份,,,akshare:20260901
2026-09-01,akshare_fund_etf_scale_sse,SH,589700,成长科创,30291000.0,份,,,akshare:20260901
2026-09-01,akshare_fund_etf_scale_sse,SH,589720,科创新药,5013823000.0,份,,,akshare:20260901
2026-09-01,akshare_fund_etf_scale_sse,SH,589770,科创全指,163569200.0,份,,,akshare:20260901
2026-09-01,akshare_fund_etf_scale_sse,SH,589780,科200FG,69215000.0,份,,,akshare:20260901
2026-09-01,akshare_fund_etf_scale_sse,SH,589800,科创综合,1111988200.0,份,,,akshare:20260901
2026-09-01,akshare_fund_etf_scale_sse,SH,589820,科200F,129720200.0,份,,,akshare:20260901
2026-09-01,akshare_fund_etf_scale_sse,SH,589850,科创东财,730057000.0,份,,,akshare:20260901
2026-09-01,akshare_fund_etf_scale_sse,SH,589860,天弘科综,166224000.0,份,,,akshare:20260901
2026-09-01,akshare_fund_etf_scale_sse,SH,589880,科创综,449996000.0,份,,,akshare:20260901
2026-09-01,akshare_fund_etf_scale_sse,SH,589890,景顺科综,84987000.0,份,,,akshare:20260901
2026-09-01,akshare_fund_etf_scale_sse,SH,589900,博时科综,173908200.0,份,,,akshare:20260901
2026-09-01,akshare_fund_etf_scale_sse,SH,589950,科100FG,357873000.0,份,,,akshare:20260901
2026-09-01,akshare_fund_etf_scale_sse,SH,589960,科创新源,171316000.0,份,,,akshare:20260901
2026-09-01,akshare_fund_etf_scale_sse,SH,589980,科基100,129122000.0,份,,,akshare:20260901
2026-09-01,akshare_fund_etf_scale_sse,SH,589990,科创板综,106090000.0,份,,,akshare:20260901
2026-09-02,akshare_fund_etf_scale_sse,SH,510010,治理ETF,130524400.0,份,,,akshare:20260902
2026-09-02,akshare_fund_etf_scale_sse,SH,510020,超大ETF,35848000.0,份,,,akshare:20260902
2026-09-02,akshare_fund_etf_scale_sse,SH,510030,价值ETF,144729800.0,份,,,akshare:20260902
2026-09-02,akshare_fund_etf_scale_sse,SH,510040,上证180E,26480000.0,份,,,akshare:20260902
2026-09-02,akshare_fund_etf_scale_sse,SH,510050,50ETF,6472566800.000001,份,,,akshare:20260902
2026-09-02,akshare_fund_etf_scale_sse,SH,510060,央企ETF,34959200.0,份,,,akshare:20260902
2026-09-02,akshare_fund_etf_scale_sse,SH,510090,ESG建信,26081100.0,份,,,akshare:20260902
2026-09-02,akshare_fund_etf_scale_sse,SH,510100,SZ50ETF,909506799.9999999,份,,,akshare:20260902
2026-09-02,akshare_fund_etf_scale_sse,SH,510130,中盘ETF,31485100.000000004,份,,,akshare:20260902
2026-09-02,akshare_fund_etf_scale_sse,SH,510140,上证指,80230500.0,份,,,akshare:20260902
2026-09-02,akshare_fund_etf_scale_sse,SH,510150,消费ETF,2839178600.0,份,,,akshare:20260902
2026-09-02,akshare_fund_etf_scale_sse,SH,510160,产业升级,184057400.00000003,份,,,akshare:20260902
2026-09-02,akshare_fund_etf_scale_sse,SH,510170,商品ETF,334914800.00000006,份,,,akshare:20260902
2026-09-02,akshare_fund_etf_scale_sse,SH,510180,180ETF,4415557700.0,份,,,akshare:20260902
2026-09-02,akshare_fund_etf_scale_sse,SH,510190,上证50基,23650800.0,份,,,akshare:20260902
2026-09-02,akshare_fund_etf_scale_sse,SH,510200,上证券商,143885500.0,份,,,akshare:20260902
2026-09-02,akshare_fund_etf_scale_sse,SH,510210,综指ETF,14192192600.0,份,,,akshare:20260902
2026-09-02,akshare_fund_etf_scale_sse,SH,510230,金融ETF,664808000.0,份,,,akshare:20260902
2026-09-02,akshare_fund_etf_scale_sse,SH,510270,国企ETF,16832100.0,份,,,akshare:20260902
2026-09-02,akshare_fund_etf_scale_sse,SH,510290,380ETF,54448900.0,份,,,akshare:20260902
2026-09-02,akshare_fund_etf_scale_sse,SH,510300,300ETF,22956787700.0,份,,,akshare:20260902
2026-09-02,akshare_fund_etf_scale_sse,SH,510310,HS300ETF,11290244000.0,份,,,akshare:20260902
2026-09-02,akshare_fund_etf_scale_sse,SH,510320,300中金,631068500.0,份,,,akshare:20260902
2026-09-02,akshare_fund_etf_scale_sse,SH,510330,华夏300,8352249800.0,份,,,akshare:20260902
2026-09-02,akshare_fund_etf_scale_sse,SH,510350,工银300,676914700.0,份,,,akshare:20260902
2026-09-02,akshare_fund_etf_scale_sse,SH,510360,广发300,1781381200.0,份,,,akshare:20260902
2026-09-02,akshare_fund_etf_scale_sse,SH,510370,兴业300,87258100.0,份,,,akshare:20260902
2026-09-02,akshare_fund_etf_scale_sse,SH,510380,国寿300,1461802400.0,份,,,akshare:20260902
2026-09-02,akshare_fund_etf_scale_sse,SH,510390,平安300,136550000.0,份,,,akshare:20260902
2026-09-02,akshare_fund_etf_scale_sse,SH,510410,资源ETF,441258399.99999994,份,,,akshare:20260902
2026-09-02,akshare_fund_etf_scale_sse,SH,510500,500ETF,5063368600.0,份,,,akshare:20260902
2026-09-02,akshare_fund_etf_scale_sse,SH,510510,广发500,849038300.0,份,,,akshare:20260902
2026-09-02,akshare_fund_etf_scale_sse,SH,510530,工银500,47479399.99999999,份,,,akshare:20260902
2026-09-02,akshare_fund_etf_scale_sse,SH,510550,方正500,23743300.0,份,,,akshare:20260902
2026-09-02,akshare_fund_etf_scale_sse,SH,510560,国寿500,52318700.0,份,,,akshare:20260902
2026-09-02,akshare_fund_etf_scale_sse,SH,510570,兴业500,43060600.00000001,份,,,akshare:20260902
2026-09-02,akshare_fund_etf_scale_sse,SH,510580,ZZ500ETF,1122168300.0,份,,,akshare:20260902
2026-09-02,akshare_fund_etf_scale_sse,SH,510590,平安500,116386100.0,份,,,akshare:20260902
2026-09-02,akshare_fund_etf_scale_sse,SH,510600,沪50ETF,13015100.0,份,,,akshare:20260902
2026-09-02,akshare_fund_etf_scale_sse,SH,510630,消费30,556361500.0,份,,,akshare:20260902
2026-09-02,akshare_fund_etf_scale_sse,SH,510650,金融行业,11952500.0,份,,,akshare:20260902
2026-09-02,akshare_fund_etf_scale_sse,SH,510660,医药行业,52379700.0,份,,,akshare:20260902
2026-09-02,akshare_fund_etf_scale_sse,SH,510670,180指,177993000.0,份,,,akshare:20260902
2026-09-02,akshare_fund_etf_scale_sse,SH,510680,万家50,19624700.0,份,,,akshare:20260902
2026-09-02,akshare_fund_etf_scale_sse,SH,510710,上50ETF,102218900.0,份,,,akshare:20260902
2026-09-02,akshare_fund_etf_scale_sse,SH,510720,红利国泰,1663766000.0,份,,,akshare:20260902
2026-09-02,akshare_fund_etf_scale_sse,SH,510760,上证ETF,3008503700.0,份,,,akshare:20260902
2026-09-02,akshare_fund_etf_scale_sse,SH,510770,G60创新,21610700.0,份,,,akshare:20260902
2026-09-02,akshare_fund_etf_scale_sse,SH,510800,上证50,173576000.0,份,,,akshare:20260902
2026-09-02,akshare_fund_etf_scale_sse,SH,510810,上海国企,5970593700.0,份,,,akshare:20260902
2026-09-02,akshare_fund_etf_scale_sse,SH,510850,工银上50,46698900.0,份,,,akshare:20260902
2026-09-02,akshare_fund_etf_scale_sse,SH,510880,红利ETF,5611175699.999999,份,,,akshare:20260902
2026-09-02,akshare_fund_etf_scale_sse,SH,510900,恒生中国,3221021900.0,份,,,akshare:20260902
2026-09-02,akshare_fund_etf_scale_sse,SH,510910,上证指CS,150796000.0,份,,,akshare:20260902
2026-09-02,akshare_fund_etf_scale_sse,SH,510950,上证广发,101920800.0,份,,,akshare:20260902
2026-09-02,akshare_fund_etf_scale_sse,SH,510980,上证综合,614798000.0,份,,,akshare:20260902
2026-09-02,akshare_fund_etf_scale_sse,SH,510990,ESG180,40948600.0,份,,,akshare:20260902
2026-09-02,akshare_fund_etf_scale_sse,SH,511010,国债ETF,49746300.0,份,,,akshare:20260902
2026-09-02,akshare_fund_etf_scale_sse,SH,511020,活跃国债,39017500.0,份,,,akshare:20260902
2026-09-02,akshare_fund_etf_scale_sse,SH,511030,公司债,402740700.0,份,,,akshare:20260902
2026-09-02,akshare_fund_etf_scale_sse,SH,511060,5年地债,21446300.0,份,,,akshare:20260902
2026-09-02,akshare_fund_etf_scale_sse,SH,511070,沪公司债,293121000.0,份,,,akshare:20260902
2026-09-02,akshare_fund_etf_scale_sse,SH,511090,30年国债,284338100.0,份,,,akshare:20260902
2026-09-02,akshare_fund_etf_scale_sse,SH,511100,基准国债,108830500.0,份,,,akshare:20260902
2026-09-02,akshare_fund_etf_scale_sse,SH,511110,公司债易,326999600.0,份,,,akshare:20260902
2026-09-02,akshare_fund_etf_scale_sse,SH,511120,科创债基,117710600.0,份,,,akshare:20260902
2026-09-02,akshare_fund_etf_scale_sse,SH,511130,国债30年,194429700.0,份,,,akshare:20260902
2026-09-02,akshare_fund_etf_scale_sse,SH,511150,科债永赢,111530900.0,份,,,akshare:20260902
2026-09-02,akshare_fund_etf_scale_sse,SH,511160,国债东财,21880900.0,份,,,akshare:20260902
2026-09-02,akshare_fund_etf_scale_sse,SH,511180,上证转债,1014259700.0,份,,,akshare:20260902
2026-09-02,akshare_fund_etf_scale_sse,SH,511190,信用债,149314300.0,份,,,akshare:20260902
2026-09-02,akshare_fund_etf_scale_sse,SH,511200,信用债基,244387500.0,份,,,akshare:20260902
2026-09-02,akshare_fund_etf_scale_sse,SH,511220,城投ETF,5311881400.0,份,,,akshare:20260902
2026-09-02,akshare_fund_etf_scale_sse,SH,511260,十年国债,168846500.0,份,,,akshare:20260902
2026-09-02,akshare_fund_etf_scale_sse,SH,511270,10年地债,89937500.0,份,,,akshare:20260902
2026-09-02,akshare_fund_etf_scale_sse,SH,511360,短融ETF,735788600.0,份,,,akshare:20260902
2026-09-02,akshare_fund_etf_scale_sse,SH,511380,转债ETF,4577186700.0,份,,,akshare:20260902
2026-09-02,akshare_fund_etf_scale_sse,SH,511520,政金债,386196500.0,份,,,akshare:20260902
2026-09-02,akshare_fund_etf_scale_sse,SH,511580,国债政金,70966800.0,份,,,akshare:20260902
2026-09-02,akshare_fund_etf_scale_sse,SH,512000,券商ETF,72293435400.0,份,,,akshare:20260902
2026-09-02,akshare_fund_etf_scale_sse,SH,512010,医药ETF,40082694900.0,份,,,akshare:20260902
2026-09-02,akshare_fund_etf_scale_sse,SH,512020,A500,1109012700.0,份,,,akshare:20260902
2026-09-02,akshare_fund_etf_scale_sse,SH,512030,A50增,43240000.0,份,,,akshare:20260902
2026-09-02,akshare_fund_etf_scale_sse,SH,512040,国信价值,4474715900.0,份,,,akshare:20260902
2026-09-02,akshare_fund_etf_scale_sse,SH,512050,A500E,16147992200.0,份,,,akshare:20260902
2026-09-02,akshare_fund_etf_scale_sse,SH,512060,A100指基,10928000.0,份,,,akshare:20260902
2026-09-02,akshare_fund_etf_scale_sse,SH,512070,证券保险,16390479700.0,份,,,akshare:20260902
2026-09-02,akshare_fund_etf_scale_sse,SH,512080,A500中金,776186100.0,份,,,akshare:20260902
2026-09-02,akshare_fund_etf_scale_sse,SH,512090,MSCI易基,325592300.0,份,,,akshare:20260902
2026-09-02,akshare_fund_etf_scale_sse,SH,512100,1000ETF,6065217600.0,份,,,akshare:20260902
2026-09-02,akshare_fund_etf_scale_sse,SH,512120,医药50,776241900.0,份,,,akshare:20260902
2026-09-02,akshare_fund_etf_scale_sse,SH,512130,现金全指,14895000.0,份,,,akshare:20260902
2026-09-02,akshare_fund_etf_scale_sse,SH,512140,电力事业,142049000.0,份,,,akshare:20260902
2026-09-02,akshare_fund_etf_scale_sse,SH,512150,A50ETF,18073400.0,份,,,akshare:20260902
2026-09-02,akshare_fund_etf_scale_sse,SH,512160,MSCI基金,121777800.0,份,,,akshare:20260902
2026-09-02,akshare_fund_etf_scale_sse,SH,512170,医疗ETF,71691820500.0,份,,,akshare:20260902
2026-09-02,akshare_fund_etf_scale_sse,SH,512180,建信MSCI,48048000.0,份,,,akshare:20260902
2026-09-02,akshare_fund_etf_scale_sse,SH,512190,之江凤凰,200818400.0,份,,,akshare:20260902
2026-09-02,akshare_fund_etf_scale_sse,SH,512200,地产ETF,3025847900.0,份,,,akshare:20260902
2026-09-02,akshare_fund_etf_scale_sse,SH,512220,TMTETF,214467599.99999997,份,,,akshare:20260902
2026-09-02,akshare_fund_etf_scale_sse,SH,512240,A50龙头,21686000.0,份,,,akshare:20260902
2026-09-02,akshare_fund_etf_scale_sse,SH,512250,A50指数E,119600100.0,份,,,akshare:20260902
2026-09-02,akshare_fund_etf_scale_sse,SH,512260,500低波,19697700.0,份,,,akshare:20260902
2026-09-02,akshare_fund_etf_scale_sse,SH,512290,生物医药,3153820700.0,份,,,akshare:20260902
2026-09-02,akshare_fund_etf_scale_sse,SH,512330,信息ETF,355188000.0,份,,,akshare:20260902
2026-09-02,akshare_fund_etf_scale_sse,SH,512360,MSCI国际,27337700.0,份,,,akshare:20260902
2026-09-02,akshare_fund_etf_scale_sse,SH,512370,A500增指,296313000.0,份,,,akshare:20260902
2026-09-02,akshare_fund_etf_scale_sse,SH,512380,MSCI中国,75805600.0,份,,,akshare:20260902
2026-09-02,akshare_fund_etf_scale_sse,SH,512390,MSCI低波,12682000.0,份,,,akshare:20260902
2026-09-02,akshare_fund_etf_scale_sse,SH,512400,有色ETF,14120039000.0,份,,,akshare:20260902
2026-09-02,akshare_fund_etf_scale_sse,SH,512410,银行广发,45271700.0,份,,,akshare:20260902
2026-09-02,akshare_fund_etf_scale_sse,SH,512420,机械华安,74238900.0,份,,,akshare:20260902
2026-09-02,akshare_fund_etf_scale_sse,SH,512430,家电家居,28720000.0,份,,,akshare:20260902
2026-09-02,akshare_fund_etf_scale_sse,SH,512450,广发养殖,103867000.0,份,,,akshare:20260902
2026-09-02,akshare_fund_etf_scale_sse,SH,512460,电池主题,303823000.0,份,,,akshare:20260902
2026-09-02,akshare_fund_etf_scale_sse,SH,512480,半导体,19518007200.0,份,,,akshare:20260902
2026-09-02,akshare_fund_etf_scale_sse,SH,512500,中证500,1744808800.0,份,,,akshare:20260902
2026-09-02,akshare_fund_etf_scale_sse,SH,512510,ETF500,430429800.00000006,份,,,akshare:20260902
2026-09-02,akshare_fund_etf_scale_sse,SH,512520,MSCIETF,45056400.0,份,,,akshare:20260902
2026-09-02,akshare_fund_etf_scale_sse,SH,512530,300红利,95502000.0,份,,,akshare:20260902
2026-09-02,akshare_fund_etf_scale_sse,SH,512550,A50基金,108906000.0,份,,,akshare:20260902
2026-09-02,akshare_fund_etf_scale_sse,SH,512560,中证军工,958127000.0,份,,,akshare:20260902
2026-09-02,akshare_fund_etf_scale_sse,SH,512570,中证证券,4008806100.0,份,,,akshare:20260902
2026-09-02,akshare_fund_etf_scale_sse,SH,512580,环保ETF,571471700.0,份,,,akshare:20260902
2026-09-02,akshare_fund_etf_scale_sse,SH,512600,必选消费,1671356099.9999998,份,,,akshare:20260902
2026-09-02,akshare_fund_etf_scale_sse,SH,512620,农业TH,1415666000.0,份,,,akshare:20260902
2026-09-02,akshare_fund_etf_scale_sse,SH,512630,卫星基金,1633426000.0,份,,,akshare:20260902
2026-09-02,akshare_fund_etf_scale_sse,SH,512640,金融地产,20240900.0,份,,,akshare:20260902
2026-09-02,akshare_fund_etf_scale_sse,SH,512650,长三角,30941600.0,份,,,akshare:20260902
2026-09-02,akshare_fund_etf_scale_sse,SH,512660,军工ETF,6456080000.0,份,,,akshare:20260902
2026-09-02,akshare_fund_etf_scale_sse,SH,512670,国防ETF,2192652600.0,份,,,akshare:20260902
2026-09-02,akshare_fund_etf_scale_sse,SH,512680,军工基金,3069730100.0,份,,,akshare:20260902
2026-09-02,akshare_fund_etf_scale_sse,SH,512690,酒ETF,31610950200.0,份,,,akshare:20260902
2026-09-02,akshare_fund_etf_scale_sse,SH,512700,银行基金,691081000.0,份,,,akshare:20260902
2026-09-02,akshare_fund_etf_scale_sse,SH,512710,军工龙头,11681658400.0,份,,,akshare:20260902
2026-09-02,akshare_fund_etf_scale_sse,SH,512720,计算机,359453399.99999994,份,,,akshare:20260902
2026-09-02,akshare_fund_etf_scale_sse,SH,512730,银行FUND,51583900.0,份,,,akshare:20260902
2026-09-02,akshare_fund_etf_scale_sse,SH,512750,基本面50,46554900.0,份,,,akshare:20260902
2026-09-02,akshare_fund_etf_scale_sse,SH,512760,芯片ETF,9647445500.0,份,,,akshare:20260902
2026-09-02,akshare_fund_etf_scale_sse,SH,512770,战略新兴,98267800.0,份,,,akshare:20260902
2026-09-02,akshare_fund_etf_scale_sse,SH,512800,银行ETF,11860479900.0,份,,,akshare:20260902
2026-09-02,akshare_fund_etf_scale_sse,SH,512810,国防军工,977583500.0,份,,,akshare:20260902
2026-09-02,akshare_fund_etf_scale_sse,SH,512820,银行股基,370301900.0,份,,,akshare:20260902
2026-09-02,akshare_fund_etf_scale_sse,SH,512870,杭州湾区,22410600.0,份,,,akshare:20260902
2026-09-02,akshare_fund_etf_scale_sse,SH,512880,证券ETF,56435291500.0,份,,,akshare:20260902
2026-09-02,akshare_fund_etf_scale_sse,SH,512890,红利低波,26920110800.0,份,,,akshare:20260902
2026-09-02,akshare_fund_etf_scale_sse,SH,512900,证券基金,7454906000.0,份,,,akshare:20260902
2026-09-02,akshare_fund_etf_scale_sse,SH,512910,100ETF,131128799.99999999,份,,,akshare:20260902
2026-09-02,akshare_fund_etf_scale_sse,SH,512930,AIETF,4840521300.0,份,,,akshare:20260902
2026-09-02,akshare_fund_etf_scale_sse,SH,512940,有色矿业,2146705000.0,份,,,akshare:20260902
2026-09-02,akshare_fund_etf_scale_sse,SH,512950,央企改革,4044551000.0,份,,,akshare:20260902
2026-09-02,akshare_fund_etf_scale_sse,SH,512960,央调ETF,3856057300.0,份,,,akshare:20260902
2026-09-02,akshare_fund_etf_scale_sse,SH,512970,湾区ETF,4987600.0,份,,,akshare:20260902
2026-09-02,akshare_fund_etf_scale_sse,SH,512980,传媒ETF,4913924400.0,份,,,akshare:20260902
2026-09-02,akshare_fund_etf_scale_sse,SH,512990,MSCIA股,99015400.00000001,份,,,akshare:20260902
2026-09-02,akshare_fund_etf_scale_sse,SH,513000,225ETF,1003411400.0,份,,,akshare:20260902
2026-09-02,akshare_fund_etf_scale_sse,SH,513010,港股科技,44239307000.0,份,,,akshare:20260902
2026-09-02,akshare_fund_etf_scale_sse,SH,513020,科技HK,2288145400.0,份,,,akshare:20260902
2026-09-02,akshare_fund_etf_scale_sse,SH,513030,德国ETF,1018779000.0,份,,,akshare:20260902
2026-09-02,akshare_fund_etf_scale_sse,SH,513040,HK互联网,6796841300.0,份,,,akshare:20260902
2026-09-02,akshare_fund_etf_scale_sse,SH,513050,中概互联,34573432700.0,份,,,akshare:20260902
2026-09-02,akshare_fund_etf_scale_sse,SH,513060,恒生医疗,8585393300.0,份,,,akshare:20260902
2026-09-02,akshare_fund_etf_scale_sse,SH,513070,HK消费50,1336760799.9999998,份,,,akshare:20260902
2026-09-02,akshare_fund_etf_scale_sse,SH,513080,法国ETF,661916000.0,份,,,akshare:20260902
2026-09-02,akshare_fund_etf_scale_sse,SH,513090,香港证券,9781988000.0,份,,,akshare:20260902
2026-09-02,akshare_fund_etf_scale_sse,SH,513100,纳指ETF,9465110600.0,份,,,akshare:20260902
2026-09-02,akshare_fund_etf_scale_sse,SH,513110,纳指100,2203435000.0,份,,,akshare:20260902
2026-09-02,akshare_fund_etf_scale_sse,SH,513120,HK创新药,18840135400.0,份,,,akshare:20260902
2026-09-02,akshare_fund_etf_scale_sse,SH,513130,恒生科技,57436347000.0,份,,,akshare:20260902
2026-09-02,akshare_fund_etf_scale_sse,SH,513140,港股金融,78368000.0,份,,,akshare:20260902
2026-09-02,akshare_fund_etf_scale_sse,SH,513150,港科技50,100559800.0,份,,,akshare:20260902
2026-09-02,akshare_fund_etf_scale_sse,SH,513160,科技30,3189189300.0,份,,,akshare:20260902
2026-09-02,akshare_fund_etf_scale_sse,SH,513170,恒生央企,162573000.0,份,,,akshare:20260902
2026-09-02,akshare_fund_etf_scale_sse,SH,513180,恒指科技,69546759500.0,份,,,akshare:20260902
2026-09-02,akshare_fund_etf_scale_sse,SH,513190,H股金融,996936000.0,份,,,akshare:20260902
2026-09-02,akshare_fund_etf_scale_sse,SH,513200,港股医药,890282100.0000001,份,,,akshare:20260902
2026-09-02,akshare_fund_etf_scale_sse,SH,513210,恒生E,40942000.0,份,,,akshare:20260902
2026-09-02,akshare_fund_etf_scale_sse,SH,513220,互联网30,521109400.0,份,,,akshare:20260902
2026-09-02,akshare_fund_etf_scale_sse,SH,513230,H股消费,329422699.99999994,份,,,akshare:20260902
2026-09-02,akshare_fund_etf_scale_sse,SH,513240,港信息,107496000.0,份,,,akshare:20260902
2026-09-02,akshare_fund_etf_scale_sse,SH,513260,恒科技,4740243000.0,份,,,akshare:20260902
2026-09-02,akshare_fund_etf_scale_sse,SH,513280,恒生生物,365114500.0,份,,,akshare:20260902
2026-09-02,akshare_fund_etf_scale_sse,SH,513290,纳指生物,1052572100.0000001,份,,,akshare:20260902
2026-09-02,akshare_fund_etf_scale_sse,SH,513300,纳斯达克,5340671000.0,份,,,akshare:20260902
2026-09-02,akshare_fund_etf_scale_sse,SH,513310,中韩芯片,2433427000.0,份,,,akshare:20260902
2026-09-02,akshare_fund_etf_scale_sse,SH,513320,HK新经济,91010600.0,份,,,akshare:20260902
2026-09-02,akshare_fund_etf_scale_sse,SH,513330,恒生互联,70107480000.0,份,,,akshare:20260902
2026-09-02,akshare_fund_etf_scale_sse,SH,513350,油气ETF,845746000.0,份,,,akshare:20260902
2026-09-02,akshare_fund_etf_scale_sse,SH,513360,教育ETF,617713900.0,份,,,akshare:20260902
2026-09-02,akshare_fund_etf_scale_sse,SH,513380,科技恒生,17782784900.0,份,,,akshare:20260902
2026-09-02,akshare_fund_etf_scale_sse,SH,513390,纳指基金,2146379100.0,份,,,akshare:20260902
2026-09-02,akshare_fund_etf_scale_sse,SH,513400,道琼斯,2782062000.0,份,,,akshare:20260902
2026-09-02,akshare_fund_etf_scale_sse,SH,513500,标普500,10244638600.0,份,,,akshare:20260902
2026-09-02,akshare_fund_etf_scale_sse,SH,513520,日经ETF,1077887200.0,份,,,akshare:20260902
2026-09-02,akshare_fund_etf_scale_sse,SH,513530,港股红利,2920938700.0,份,,,akshare:20260902
2026-09-02,akshare_fund_etf_scale_sse,SH,513550,港股通50,1680992000.0,份,,,akshare:20260902
2026-09-02,akshare_fund_etf_scale_sse,SH,513560,香港科技,531386000.0,份,,,akshare:20260902
2026-09-02,akshare_fund_etf_scale_sse,SH,513580,HS科技,6060118000.0,份,,,akshare:20260902
2026-09-02,akshare_fund_etf_scale_sse,SH,513590,香港消费,130518900.0,份,,,akshare:20260902
2026-09-02,akshare_fund_etf_scale_sse,SH,513600,恒指ETF,608829500.0,份,,,akshare:20260902
2026-09-02,akshare_fund_etf_scale_sse,SH,513620,港医疗指,55216000.0,份,,,akshare:20260902
2026-09-02,akshare_fund_etf_scale_sse,SH,513630,香港红利,7521359000.0,份,,,akshare:20260902
2026-09-02,akshare_fund_etf_scale_sse,SH,513650,标普ETF,4367734000.0,份,,,akshare:20260902
2026-09-02,akshare_fund_etf_scale_sse,SH,513660,恒生通,1808000200.0,份,,,akshare:20260902
2026-09-02,akshare_fund_etf_scale_sse,SH,513690,恒生股息,3149979900.0,份,,,akshare:20260902
2026-09-02,akshare_fund_etf_scale_sse,SH,513700,香港医药,794846000.0,份,,,akshare:20260902
2026-09-02,akshare_fund_etf_scale_sse,SH,513720,香港互联,248859000.0,份,,,akshare:20260902
2026-09-02,akshare_fund_etf_scale_sse,SH,513730,东南亚,777355000.0,份,,,akshare:20260902
2026-09-02,akshare_fund_etf_scale_sse,SH,513750,港股非银,8077838000.0,份,,,akshare:20260902
2026-09-02,akshare_fund_etf_scale_sse,SH,513770,港股互联,14433137900.0,份,,,akshare:20260902
2026-09-02,akshare_fund_etf_scale_sse,SH,513780,港股新药,1887657000.0,份,,,akshare:20260902
2026-09-02,akshare_fund_etf_scale_sse,SH,513800,东证ETF,1037044400.0,份,,,akshare:20260902
2026-09-02,akshare_fund_etf_scale_sse,SH,513810,港股国企,41992000.0,份,,,akshare:20260902
2026-09-02,akshare_fund_etf_scale_sse,SH,513820,港股分红,1737669000.0,份,,,akshare:20260902
2026-09-02,akshare_fund_etf_scale_sse,SH,513830,红利港股,52811000.0,份,,,akshare:20260902
2026-09-02,akshare_fund_etf_scale_sse,SH,513850,美国50,1245892600.0,份,,,akshare:20260902
2026-09-02,akshare_fund_etf_scale_sse,SH,513860,HKC科技,2684470600.0,份,,,akshare:20260902
2026-09-02,akshare_fund_etf_scale_sse,SH,513870,纳指指数,1378671000.0,份,,,akshare:20260902
2026-09-02,akshare_fund_etf_scale_sse,SH,513880,日经225,1314970000.0,份,,,akshare:20260902
2026-09-02,akshare_fund_etf_scale_sse,SH,513890,HK科技,894128000.0,份,,,akshare:20260902
2026-09-02,akshare_fund_etf_scale_sse,SH,513900,港股100,89978000.0,份,,,akshare:20260902
2026-09-02,akshare_fund_etf_scale_sse,SH,513910,红利央企,1955276000.0,份,,,akshare:20260902
2026-09-02,akshare_fund_etf_scale_sse,SH,513920,央企40,2605231000.0,份,,,akshare:20260902
2026-09-02,akshare_fund_etf_scale_sse,SH,513930,香港生科,102908000.0,份,,,akshare:20260902
2026-09-02,akshare_fund_etf_scale_sse,SH,513950,恒生红利,2403619000.0,份,,,akshare:20260902
2026-09-02,akshare_fund_etf_scale_sse,SH,513970,恒生消费,1406041000.0,份,,,akshare:20260902
2026-09-02,akshare_fund_etf_scale_sse,SH,513980,科技港股,16767204000.0,份,,,akshare:20260902
2026-09-02,akshare_fund_etf_scale_sse,SH,513990,港股通综,43000000.0,份,,,akshare:20260902
2026-09-02,akshare_fund_etf_scale_sse,SH,515000,科技ETF,3226579300.0,份,,,akshare:20260902
2026-09-02,akshare_fund_etf_scale_sse,SH,515010,华夏证券,2077771600.0,份,,,akshare:20260902
2026-09-02,akshare_fund_etf_scale_sse,SH,515020,银行指数,374345300.0,份,,,akshare:20260902
2026-09-02,akshare_fund_etf_scale_sse,SH,515030,新汽车,1499384000.0,份,,,akshare:20260902
2026-09-02,akshare_fund_etf_scale_sse,SH,515040,工业金属,52319600.0,份,,,akshare:20260902
2026-09-02,akshare_fund_etf_scale_sse,SH,515050,5GETF,17325205400.0,份,,,akshare:20260902
2026-09-02,akshare_fund_etf_scale_sse,SH,515060,华夏地产,1010478100.0,份,,,akshare:20260902
2026-09-02,akshare_fund_etf_scale_sse,SH,515070,AI智能,7520940400.0,份,,,akshare:20260902
2026-09-02,akshare_fund_etf_scale_sse,SH,515080,中证红利,6820148900.0,份,,,akshare:20260902
2026-09-02,akshare_fund_etf_scale_sse,SH,515090,可持续,10801700.0,份,,,akshare:20260902
2026-09-02,akshare_fund_etf_scale_sse,SH,515100,红利100,3635441500.0,份,,,akshare:20260902
2026-09-02,akshare_fund_etf_scale_sse,SH,515110,国企方达,214295000.0,份,,,akshare:20260902
2026-09-02,akshare_fund_etf_scale_sse,SH,515120,创新药,17542993600.0,份,,,akshare:20260902
2026-09-02,akshare_fund_etf_scale_sse,SH,515130,HS300E,94463200.0,份,,,akshare:20260902
2026-09-02,akshare_fund_etf_scale_sse,SH,515150,国企富国,398703200.0,份,,,akshare:20260902
2026-09-02,akshare_fund_etf_scale_sse,SH,515160,MSCI招商,243955099.99999997,份,,,akshare:20260902
2026-09-02,akshare_fund_etf_scale_sse,SH,515170,食品饮料,8617757900.0,份,,,akshare:20260902
2026-09-02,akshare_fund_etf_scale_sse,SH,515180,100红利,12743637000.0,份,,,akshare:20260902
2026-09-02,akshare_fund_etf_scale_sse,SH,515190,BOCI500,293466100.0,份,,,akshare:20260902
2026-09-02,akshare_fund_etf_scale_sse,SH,515200,创新100,37943200.0,份,,,akshare:20260902
2026-09-02,akshare_fund_etf_scale_sse,SH,515210,钢铁ETF,992226100.0,份,,,akshare:20260902
2026-09-02,akshare_fund_etf_scale_sse,SH,515220,煤炭ETF,9188676900.0,份,,,akshare:20260902
2026-09-02,akshare_fund_etf_scale_sse,SH,515230,软件ETF,7955690900.0,份,,,akshare:20260902
2026-09-02,akshare_fund_etf_scale_sse,SH,515250,智能汽车,341944500.0,份,,,akshare:20260902
2026-09-02,akshare_fund_etf_scale_sse,SH,515260,电子ETF,898568400.0,份,,,akshare:20260902
2026-09-02,akshare_fund_etf_scale_sse,SH,515290,银行,2527072900.0,份,,,akshare:20260902
2026-09-02,akshare_fund_etf_scale_sse,SH,515300,红利300,3312175200.0,份,,,akshare:20260902
2026-09-02,akshare_fund_etf_scale_sse,SH,515310,添富300,314611200.0,份,,,akshare:20260902
2026-09-02,akshare_fund_etf_scale_sse,SH,515320,电子50,89309000.0,份,,,akshare:20260902
2026-09-02,akshare_fund_etf_scale_sse,SH,515330,天弘300,6173709500.0,份,,,akshare:20260902
2026-09-02,akshare_fund_etf_scale_sse,SH,515350,民生300,11699200.0,份,,,akshare:20260902
2026-09-02,akshare_fund_etf_scale_sse,SH,515360,方正300,37279300.0,份,,,akshare:20260902
2026-09-02,akshare_fund_etf_scale_sse,SH,515370,中证光伏,965713000.0,份,,,akshare:20260902
2026-09-02,akshare_fund_etf_scale_sse,SH,515380,泰康300,661599800.0,份,,,akshare:20260902
2026-09-02,akshare_fund_etf_scale_sse,SH,515390,HS300,1886683000.0,份,,,akshare:20260902
2026-09-02,akshare_fund_etf_scale_sse,SH,515400,大数据,1656631400.0000002,份,,,akshare:20260902
2026-09-02,akshare_fund_etf_scale_sse,SH,515450,红利50,14107335000.0,份,,,akshare:20260902
2026-09-02,akshare_fund_etf_scale_sse,SH,515460,质量红利,275091000.0,份,,,akshare:20260902
2026-09-02,akshare_fund_etf_scale_sse,SH,515480,红利一百,25340700.0,份,,,akshare:20260902
2026-09-02,akshare_fund_etf_scale_sse,SH,515530,泰康500,12242700.0,份,,,akshare:20260902
2026-09-02,akshare_fund_etf_scale_sse,SH,515550,国联500,20345700.0,份,,,akshare:20260902
2026-09-02,akshare_fund_etf_scale_sse,SH,515560,证券E,192883300.00000003,份,,,akshare:20260902
2026-09-02,akshare_fund_etf_scale_sse,SH,515580,中证科技,304031400.0,份,,,akshare:20260902
2026-09-02,akshare_fund_etf_scale_sse,SH,515590,500ETFEW,36113700.0,份,,,akshare:20260902
2026-09-02,akshare_fund_etf_scale_sse,SH,515600,央企创新,1037797400.0,份,,,akshare:20260902
2026-09-02,akshare_fund_etf_scale_sse,SH,515630,保险证券,921717700.0,份,,,akshare:20260902
2026-09-02,akshare_fund_etf_scale_sse,SH,515640,家电指数,17050000.0,份,,,akshare:20260902
2026-09-02,akshare_fund_etf_scale_sse,SH,515650,消费50,3029184000.0,份,,,akshare:20260902
2026-09-02,akshare_fund_etf_scale_sse,SH,515660,沪深300E,433594200.0,份,,,akshare:20260902
2026-09-02,akshare_fund_etf_scale_sse,SH,515680,创新央企,1099264700.0,份,,,akshare:20260902
2026-09-02,akshare_fund_etf_scale_sse,SH,515700,新能车,658510200.0,份,,,akshare:20260902
2026-09-02,akshare_fund_etf_scale_sse,SH,515710,食品ETF,2321599800.0,份,,,akshare:20260902
2026-09-02,akshare_fund_etf_scale_sse,SH,515720,金科富国,440611000.0,份,,,akshare:20260902
2026-09-02,akshare_fund_etf_scale_sse,SH,515730,家居家电,39892000.0,份,,,akshare:20260902
2026-09-02,akshare_fund_etf_scale_sse,SH,515750,科技50,264140500.0,份,,,akshare:20260902
2026-09-02,akshare_fund_etf_scale_sse,SH,515760,浙江国资,94388100.0,份,,,akshare:20260902
2026-09-02,akshare_fund_etf_scale_sse,SH,515770,MSCIAETF,39727300.0,份,,,akshare:20260902
2026-09-02,akshare_fund_etf_scale_sse,SH,515790,光伏ETF,5967494000.0,份,,,akshare:20260902
2026-09-02,akshare_fund_etf_scale_sse,SH,515800,800ETF,3930437199.9999995,份,,,akshare:20260902
2026-09-02,akshare_fund_etf_scale_sse,SH,515810,ZZ800ETF,263908800.0,份,,,akshare:20260902
2026-09-02,akshare_fund_etf_scale_sse,SH,515840,食品南方,33426400.0,份,,,akshare:20260902
2026-09-02,akshare_fund_etf_scale_sse,SH,515850,证券龙头,481291000.0,份,,,akshare:20260902
2026-09-02,akshare_fund_etf_scale_sse,SH,515860,科技100,101878900.0,份,,,akshare:20260902
2026-09-02,akshare_fund_etf_scale_sse,SH,515880,通信ETF,62573774000.0,份,,,akshare:20260902
2026-09-02,akshare_fund_etf_scale_sse,SH,515890,红利博时,377443900.0,份,,,akshare:20260902
2026-09-02,akshare_fund_etf_scale_sse,SH,515900,央创ETF,2227246500.0,份,,,akshare:20260902
2026-09-02,akshare_fund_etf_scale_sse,SH,515910,质量ETF,224507000.0,份,,,akshare:20260902
2026-09-02,akshare_fund_etf_scale_sse,SH,515920,智能消费,64405700.0,份,,,akshare:20260902
2026-09-02,akshare_fund_etf_scale_sse,SH,515950,医药龙头,531200600.0,份,,,akshare:20260902
2026-09-02,akshare_fund_etf_scale_sse,SH,515960,医药100,239991900.0,份,,,akshare:20260902
2026-09-02,akshare_fund_etf_scale_sse,SH,515970,华夏机械,602088000.0,份,,,akshare:20260902
2026-09-02,akshare_fund_etf_scale_sse,SH,515980,人工智能,6239129000.0,份,,,akshare:20260902
2026-09-02,akshare_fund_etf_scale_sse,SH,515990,添富国企,53350200.00000001,份,,,akshare:20260902
2026-09-02,akshare_fund_etf_scale_sse,SH,516000,数据ETF,425855000.0,份,,,akshare:20260902
2026-09-02,akshare_fund_etf_scale_sse,SH,516010,游戏ETF,2450693000.0,份,,,akshare:20260902
2026-09-02,akshare_fund_etf_scale_sse,SH,516020,化工ETF,3473826200.0,份,,,akshare:20260902
2026-09-02,akshare_fund_etf_scale_sse,SH,516050,科技龙头,160228000.0,份,,,akshare:20260902
2026-09-02,akshare_fund_etf_scale_sse,SH,516060,新药ETF,299237400.0,份,,,akshare:20260902
2026-09-02,akshare_fund_etf_scale_sse,SH,516070,碳中和50,291646000.0,份,,,akshare:20260902
2026-09-02,akshare_fund_etf_scale_sse,SH,516080,创新医药,5308554800.0,份,,,akshare:20260902
2026-09-02,akshare_fund_etf_scale_sse,SH,516090,新能源E,1670844800.0,份,,,akshare:20260902
2026-09-02,akshare_fund_etf_scale_sse,SH,516100,科技金融,1131759700.0,份,,,akshare:20260902
2026-09-02,akshare_fund_etf_scale_sse,SH,516110,汽车ETF,212623100.0,份,,,akshare:20260902
2026-09-02,akshare_fund_etf_scale_sse,SH,516120,化工50,5030082000.0,份,,,akshare:20260902
2026-09-02,akshare_fund_etf_scale_sse,SH,516130,消费龙头,1579890000.0,份,,,akshare:20260902
2026-09-02,akshare_fund_etf_scale_sse,SH,516150,稀土基金,3808577000.0,份,,,akshare:20260902
2026-09-02,akshare_fund_etf_scale_sse,SH,516160,新能源,1516642000.0,份,,,akshare:20260902
2026-09-02,akshare_fund_etf_scale_sse,SH,516180,光伏产业,151987000.0,份,,,akshare:20260902
2026-09-02,akshare_fund_etf_scale_sse,SH,516190,文娱ETF,117818500.0,份,,,akshare:20260902
2026-09-02,akshare_fund_etf_scale_sse,SH,516200,证券行业,444604000.0,份,,,akshare:20260902
2026-09-02,akshare_fund_etf_scale_sse,SH,516210,银行股,76031000.0,份,,,akshare:20260902
2026-09-02,akshare_fund_etf_scale_sse,SH,516220,化工龙头,256170000.0,份,,,akshare:20260902
2026-09-02,akshare_fund_etf_scale_sse,SH,516230,光伏招商,748921000.0,份,,,akshare:20260902
2026-09-02,akshare_fund_etf_scale_sse,SH,516250,富国机械,64878000.0,份,,,akshare:20260902
2026-09-02,akshare_fund_etf_scale_sse,SH,516260,物联网50,43882600.0,份,,,akshare:20260902
2026-09-02,akshare_fund_etf_scale_sse,SH,516270,新能源50,302909000.0,份,,,akshare:20260902
2026-09-02,akshare_fund_etf_scale_sse,SH,516290,光伏基金,739196900.0,份,,,akshare:20260902
2026-09-02,akshare_fund_etf_scale_sse,SH,516300,中证1000,39012600.0,份,,,akshare:20260902
2026-09-02,akshare_fund_etf_scale_sse,SH,516310,银行指基,1584258500.0,份,,,akshare:20260902
2026-09-02,akshare_fund_etf_scale_sse,SH,516320,装备ETF,88589300.0,份,,,akshare:20260902
2026-09-02,akshare_fund_etf_scale_sse,SH,516330,物联网,8471300.0,份,,,akshare:20260902
2026-09-02,akshare_fund_etf_scale_sse,SH,516350,芯片50,1416415300.0,份,,,akshare:20260902
2026-09-02,akshare_fund_etf_scale_sse,SH,516360,新材料,58551800.0,份,,,akshare:20260902
2026-09-02,akshare_fund_etf_scale_sse,SH,516370,全指电力,292408000.0,份,,,akshare:20260902
2026-09-02,akshare_fund_etf_scale_sse,SH,516380,智能电车,84449300.0,份,,,akshare:20260902
2026-09-02,akshare_fund_etf_scale_sse,SH,516390,电动车,181261000.0,份,,,akshare:20260902
2026-09-02,akshare_fund_etf_scale_sse,SH,516440,南方机械,137626600.0,份,,,akshare:20260902
2026-09-02,akshare_fund_etf_scale_sse,SH,516460,现金流E,420693000.0,份,,,akshare:20260902
2026-09-02,akshare_fund_etf_scale_sse,SH,516500,生物ETF,204937200.0,份,,,akshare:20260902
2026-09-02,akshare_fund_etf_scale_sse,SH,516510,云计算,1503890000.0,份,,,akshare:20260902
2026-09-02,akshare_fund_etf_scale_sse,SH,516520,智能驾驶,789765500.0,份,,,akshare:20260902
2026-09-02,akshare_fund_etf_scale_sse,SH,516530,物流快递,18302300.0,份,,,akshare:20260902
2026-09-02,akshare_fund_etf_scale_sse,SH,516550,农业ETF,259414400.0,份,,,akshare:20260902
2026-09-02,akshare_fund_etf_scale_sse,SH,516560,养老ETF,211258000.0,份,,,akshare:20260902
2026-09-02,akshare_fund_etf_scale_sse,SH,516570,石化ETF,1134357600.0,份,,,akshare:20260902
2026-09-02,akshare_fund_etf_scale_sse,SH,516580,新能源BS,148124100.0,份,,,akshare:20260902
2026-09-02,akshare_fund_etf_scale_sse,SH,516590,电动汽车,53015000.0,份,,,akshare:20260902
2026-09-02,akshare_fund_etf_scale_sse,SH,516600,消服ETF,110332099.99999999,份,,,akshare:20260902
2026-09-02,akshare_fund_etf_scale_sse,SH,516610,医服ETF,232974800.0,份,,,akshare:20260902
2026-09-02,akshare_fund_etf_scale_sse,SH,516620,影视ETF,320267500.0,份,,,akshare:20260902
2026-09-02,akshare_fund_etf_scale_sse,SH,516630,云计算50,474156000.0,份,,,akshare:20260902
2026-09-02,akshare_fund_etf_scale_sse,SH,516640,芯片龙头,1312482800.0,份,,,akshare:20260902
2026-09-02,akshare_fund_etf_scale_sse,SH,516650,有色50,5246464800.0,份,,,akshare:20260902
2026-09-02,akshare_fund_etf_scale_sse,SH,516660,新能汽车,155689000.0,份,,,akshare:20260902
2026-09-02,akshare_fund_etf_scale_sse,SH,516670,畜牧养殖,3353266300.0,份,,,akshare:20260902
2026-09-02,akshare_fund_etf_scale_sse,SH,516700,数据产业,174122000.0,份,,,akshare:20260902
2026-09-02,akshare_fund_etf_scale_sse,SH,516710,新材料50,76272000.0,份,,,akshare:20260902
2026-09-02,akshare_fund_etf_scale_sse,SH,516720,ESGETF,9337800.0,份,,,akshare:20260902
2026-09-02,akshare_fund_etf_scale_sse,SH,516730,证券公司,227380800.00000003,份,,,akshare:20260902
2026-09-02,akshare_fund_etf_scale_sse,SH,516750,建材ETF,138667300.0,份,,,akshare:20260902
2026-09-02,akshare_fund_etf_scale_sse,SH,516760,养殖ETF,296215100.0,份,,,akshare:20260902
2026-09-02,akshare_fund_etf_scale_sse,SH,516770,游戏动漫,270048000.0,份,,,akshare:20260902
2026-09-02,akshare_fund_etf_scale_sse,SH,516780,稀土ETF,2390599700.0,份,,,akshare:20260902
2026-09-02,akshare_fund_etf_scale_sse,SH,516790,保健ETF,182682200.0,份,,,akshare:20260902
2026-09-02,akshare_fund_etf_scale_sse,SH,516800,智能制造,182308000.0,份,,,akshare:20260902
2026-09-02,akshare_fund_etf_scale_sse,SH,516810,农业,524478900.0,份,,,akshare:20260902
2026-09-02,akshare_fund_etf_scale_sse,SH,516820,医疗创新,4603415200.0,份,,,akshare:20260902
2026-09-02,akshare_fund_etf_scale_sse,SH,516830,300ESG,89676900.0,份,,,akshare:20260902
2026-09-02,akshare_fund_etf_scale_sse,SH,516840,汽车基金,135277000.0,份,,,akshare:20260902
2026-09-02,akshare_fund_etf_scale_sse,SH,516850,新能源80,140237000.0,份,,,akshare:20260902
2026-09-02,akshare_fund_etf_scale_sse,SH,516860,金融科技,1154522000.0,份,,,akshare:20260902
2026-09-02,akshare_fund_etf_scale_sse,SH,516880,光伏50,915944100.0,份,,,akshare:20260902
2026-09-02,akshare_fund_etf_scale_sse,SH,516890,新材ETF,34311400.0,份,,,akshare:20260902
2026-09-02,akshare_fund_etf_scale_sse,SH,516900,食品50,280229000.0,份,,,akshare:20260902
2026-09-02,akshare_fund_etf_scale_sse,SH,516910,物流ETF,60141800.0,份,,,akshare:20260902
2026-09-02,akshare_fund_etf_scale_sse,SH,516920,芯片基金,484463000.0,份,,,akshare:20260902
2026-09-02,akshare_fund_etf_scale_sse,SH,516930,生科ETF,106139599.99999999,份,,,akshare:20260902
2026-09-02,akshare_fund_etf_scale_sse,SH,516950,基建ETF,114821000.0,份,,,akshare:20260902
2026-09-02,akshare_fund_etf_scale_sse,SH,516960,机械ETF,16051099.999999998,份,,,akshare:20260902
2026-09-02,akshare_fund_etf_scale_sse,SH,516970,基建50,1175042500.0,份,,,akshare:20260902
2026-09-02,akshare_fund_etf_scale_sse,SH,516980,证券先锋,55516000.0,份,,,akshare:20260902
2026-09-02,akshare_fund_etf_scale_sse,SH,517000,沪港深,122793000.0,份,,,akshare:20260902
2026-09-02,akshare_fund_etf_scale_sse,SH,517010,HGS500E,78144200.0,份,,,akshare:20260902
2026-09-02,akshare_fund_etf_scale_sse,SH,517030,HGS300,84040300.0,份,,,akshare:20260902
2026-09-02,akshare_fund_etf_scale_sse,SH,517050,互联网50,347605000.0,份,,,akshare:20260902
2026-09-02,akshare_fund_etf_scale_sse,SH,517080,HGS500,173166000.0,份,,,akshare:20260902
2026-09-02,akshare_fund_etf_scale_sse,SH,517090,共赢ETF,53075000.0,份,,,akshare:20260902
2026-09-02,akshare_fund_etf_scale_sse,SH,517100,AH500ETF,143602100.0,份,,,akshare:20260902
2026-09-02,akshare_fund_etf_scale_sse,SH,517110,创新药HK,1351098500.0,份,,,akshare:20260902
2026-09-02,akshare_fund_etf_scale_sse,SH,517120,创新药50,578966400.0,份,,,akshare:20260902
2026-09-02,akshare_fund_etf_scale_sse,SH,517130,云计算JS,188654000.0,份,,,akshare:20260902
2026-09-02,akshare_fund_etf_scale_sse,SH,517160,长江ETF,1826777500.0,份,,,akshare:20260902
2026-09-02,akshare_fund_etf_scale_sse,SH,517170,沪港深E,16131800.0,份,,,akshare:20260902
2026-09-02,akshare_fund_etf_scale_sse,SH,517180,中国国企,88496299.99999999,份,,,akshare:20260902
2026-09-02,akshare_fund_etf_scale_sse,SH,517200,互联网,145782000.0,份,,,akshare:20260902
2026-09-02,akshare_fund_etf_scale_sse,SH,517230,云计算MW,160545800.0,份,,,akshare:20260902
2026-09-02,akshare_fund_etf_scale_sse,SH,517300,AH300ETF,1002434500.0,份,,,akshare:20260902
2026-09-02,akshare_fund_etf_scale_sse,SH,517330,长江保护,1809169000.0,份,,,akshare:20260902
2026-09-02,akshare_fund_etf_scale_sse,SH,517350,龙头科技,49042000.0,份,,,akshare:20260902
2026-09-02,akshare_fund_etf_scale_sse,SH,517360,AH科技,25083000.0,份,,,akshare:20260902
2026-09-02,akshare_fund_etf_scale_sse,SH,517380,创新药AH,3034326300.0,份,,,akshare:20260902
2026-09-02,akshare_fund_etf_scale_sse,SH,517390,云计算AH,130112600.0,份,,,akshare:20260902
2026-09-02,akshare_fund_etf_scale_sse,SH,517400,黄金股票,1035792000.0,份,,,akshare:20260902
2026-09-02,akshare_fund_etf_scale_sse,SH,517520,黄金股,6319904000.0,份,,,akshare:20260902
2026-09-02,akshare_fund_etf_scale_sse,SH,517550,消费主题,80417400.0,份,,,akshare:20260902
2026-09-02,akshare_fund_etf_scale_sse,SH,517660,物联网AH,39880700.0,份,,,akshare:20260902
2026-09-02,akshare_fund_etf_scale_sse,SH,517770,游戏传媒,195947800.0,份,,,akshare:20260902
2026-09-02,akshare_fund_etf_scale_sse,SH,517800,AI50,213539700.0,份,,,akshare:20260902
2026-09-02,akshare_fund_etf_scale_sse,SH,517850,张江ETF,38185200.0,份,,,akshare:20260902
2026-09-02,akshare_fund_etf_scale_sse,SH,517880,品牌消费,49337100.0,份,,,akshare:20260902
2026-09-02,akshare_fund_etf_scale_sse,SH,517900,银行优选,384993500.0,份,,,akshare:20260902
2026-09-02,akshare_fund_etf_scale_sse,SH,517950,交银科技,48623200.0,份,,,akshare:20260902
2026-09-02,akshare_fund_etf_scale_sse,SH,517990,医药基金,46987900.0,份,,,akshare:20260902
2026-09-02,akshare_fund_etf_scale_sse,SH,518600,上海金,828916300.0,份,,,akshare:20260902
2026-09-02,akshare_fund_etf_scale_sse,SH,518660,工银黄金,957452700.0,份,,,akshare:20260902
2026-09-02,akshare_fund_etf_scale_sse,SH,518680,金ETF,782569500.0,份,,,akshare:20260902
2026-09-02,akshare_fund_etf_scale_sse,SH,518800,黄金基金,3756979200.0,份,,,akshare:20260902
2026-09-02,akshare_fund_etf_scale_sse,SH,518850,黄金9999,1915878700.0,份,,,akshare:20260902
2026-09-02,akshare_fund_etf_scale_sse,SH,518860,上海金E,465459800.00000006,份,,,akshare:20260902
2026-09-02,akshare_fund_etf_scale_sse,SH,518880,黄金ETF,11721840800.0,份,,,akshare:20260902
2026-09-02,akshare_fund_etf_scale_sse,SH,518890,中银黄金,373154800.00000006,份,,,akshare:20260902
2026-09-02,akshare_fund_etf_scale_sse,SH,520500,恒生新药,1899305000.0,份,,,akshare:20260902
2026-09-02,akshare_fund_etf_scale_sse,SH,520510,港股医疗,241728000.0,份,,,akshare:20260902
2026-09-02,akshare_fund_etf_scale_sse,SH,520520,HK消费,52606000.0,份,,,akshare:20260902
2026-09-02,akshare_fund_etf_scale_sse,SH,520530,港科ETF,235776000.0,份,,,akshare:20260902
2026-09-02,akshare_fund_etf_scale_sse,SH,520550,红利恒生,1152524000.0,份,,,akshare:20260902
2026-09-02,akshare_fund_etf_scale_sse,SH,520560,香港30,607419000.0,份,,,akshare:20260902
2026-09-02,akshare_fund_etf_scale_sse,SH,520570,科技恒指,3509876000.0,份,,,akshare:20260902
2026-09-02,akshare_fund_etf_scale_sse,SH,520580,新兴亚洲,290983900.0,份,,,akshare:20260902
2026-09-02,akshare_fund_etf_scale_sse,SH,520590,恒科,196235000.0,份,,,akshare:20260902
2026-09-02,akshare_fund_etf_scale_sse,SH,520600,汽车港股,266368000.0,份,,,akshare:20260902
2026-09-02,akshare_fund_etf_scale_sse,SH,520610,港红利指,427963000.0,份,,,akshare:20260902
2026-09-02,akshare_fund_etf_scale_sse,SH,520620,港股消费,288409000.0,份,,,akshare:20260902
2026-09-02,akshare_fund_etf_scale_sse,SH,520630,互联港股,594610000.0,份,,,akshare:20260902
2026-09-02,akshare_fund_etf_scale_sse,SH,520650,互联网HK,2482755000.0,份,,,akshare:20260902
2026-09-02,akshare_fund_etf_scale_sse,SH,520660,港红利CS,2058485500.0,份,,,akshare:20260902
2026-09-02,akshare_fund_etf_scale_sse,SH,520670,港科基金,213928100.0,份,,,akshare:20260902
2026-09-02,akshare_fund_etf_scale_sse,SH,520680,港股通车,70369000.0,份,,,akshare:20260902
2026-09-02,akshare_fund_etf_scale_sse,SH,520690,恒生港药,631454000.0,份,,,akshare:20260902
2026-09-02,akshare_fund_etf_scale_sse,SH,520700,创新药WJ,460076000.0,份,,,akshare:20260902
2026-09-02,akshare_fund_etf_scale_sse,SH,520710,信息港股,97029000.0,份,,,akshare:20260902
2026-09-02,akshare_fund_etf_scale_sse,SH,520720,香港汽车,122942000.0,份,,,akshare:20260902
2026-09-02,akshare_fund_etf_scale_sse,SH,520730,汽车WJ,118394400.0,份,,,akshare:20260902
2026-09-02,akshare_fund_etf_scale_sse,SH,520740,互联香港,46012600.0,份,,,akshare:20260902
2026-09-02,akshare_fund_etf_scale_sse,SH,520750,HK信息,134384000.0,份,,,akshare:20260902
2026-09-02,akshare_fund_etf_scale_sse,SH,520760,港股生物,128466000.0,份,,,akshare:20260902
2026-09-02,akshare_fund_etf_scale_sse,SH,520770,港股恒指,213373800.0,份,,,akshare:20260902
2026-09-02,akshare_fund_etf_scale_sse,SH,520780,港股车50,39460000.0,份,,,akshare:20260902
2026-09-02,akshare_fund_etf_scale_sse,SH,520790,港互联网,585075000.0,份,,,akshare:20260902
2026-09-02,akshare_fund_etf_scale_sse,SH,520810,港高股息,318360000.0,份,,,akshare:20260902
2026-09-02,akshare_fund_etf_scale_sse,SH,520820,恒指通,58682000.0,份,,,akshare:20260902
2026-09-02,akshare_fund_etf_scale_sse,SH,520830,沙特ETF,1057619000.0,份,,,akshare:20260902
2026-09-02,akshare_fund_etf_scale_sse,SH,520840,港科技,1126549000.0,份,,,akshare:20260902
2026-09-02,akshare_fund_etf_scale_sse,SH,520850,港医疗,139249600.0,份,,,akshare:20260902
2026-09-02,akshare_fund_etf_scale_sse,SH,520860,港股通科,340195000.0,份,,,akshare:20260902
2026-09-02,akshare_fund_etf_scale_sse,SH,520870,巴西ETF,511977200.0,份,,,akshare:20260902
2026-09-02,akshare_fund_etf_scale_sse,SH,520880,港创新药,4395618000.0,份,,,akshare:20260902
2026-09-02,akshare_fund_etf_scale_sse,SH,520890,港红利,80508000.0,份,,,akshare:20260902
2026-09-02,akshare_fund_etf_scale_sse,SH,520900,红利香港,1531175000.0,份,,,akshare:20260902
2026-09-02,akshare_fund_etf_scale_sse,SH,520910,HK互联,755445000.0,份,,,akshare:20260902
2026-09-02,akshare_fund_etf_scale_sse,SH,520920,恒生科TH,18938019000.0,份,,,akshare:20260902
2026-09-02,akshare_fund_etf_scale_sse,SH,520930,恒生生科,160733000.0,份,,,akshare:20260902
2026-09-02,akshare_fund_etf_scale_sse,SH,520940,恒指基金,22297000.0,份,,,akshare:20260902
2026-09-02,akshare_fund_etf_scale_sse,SH,520950,港股50,325421000.0,份,,,akshare:20260902
2026-09-02,akshare_fund_etf_scale_sse,SH,520960,恒指港通,50603400.0,份,,,akshare:20260902
2026-09-02,akshare_fund_etf_scale_sse,SH,520970,港股通药,1252358000.0,份,,,akshare:20260902
2026-09-02,akshare_fund_etf_scale_sse,SH,520980,港科技30,3166387000.0,份,,,akshare:20260902
2026-09-02,akshare_fund_etf_scale_sse,SH,520990,国新红利,3413470500.0,份,,,akshare:20260902
2026-09-02,akshare_fund_etf_scale_sse,SH,526000,港股信息,176142000.0,份,,,akshare:20260902
2026-09-02,akshare_fund_etf_scale_sse,SH,526010,香港医疗,36458000.0,份,,,akshare:20260902
2026-09-02,akshare_fund_etf_scale_sse,SH,526030,港信息基,153465000.0,份,,,akshare:20260902
2026-09-02,akshare_fund_etf_scale_sse,SH,526050,香港信息,53630000.0,份,,,akshare:20260902
2026-09-02,akshare_fund_etf_scale_sse,SH,526070,恒生博时,52377000.0,份,,,akshare:20260902
2026-09-02,akshare_fund_etf_scale_sse,SH,530000,50ETF基,940029400.0,份,,,akshare:20260902
2026-09-02,akshare_fund_etf_scale_sse,SH,530050,SH50ETF,127813000.0,份,,,akshare:20260902
2026-09-02,akshare_fund_etf_scale_sse,SH,530060,上证综E,873193000.0,份,,,akshare:20260902
2026-09-02,akshare_fund_etf_scale_sse,SH,530080,180指基,24917000.0,份,,,akshare:20260902
2026-09-02,akshare_fund_etf_scale_sse,SH,530100,上证580,120696000.0,份,,,akshare:20260902
2026-09-02,akshare_fund_etf_scale_sse,SH,530180,上证180,57952000.0,份,,,akshare:20260902
2026-09-02,akshare_fund_etf_scale_sse,SH,530280,180ETF指,29934000.0,份,,,akshare:20260902
2026-09-02,akshare_fund_etf_scale_sse,SH,530300,180指数,33643000.0,份,,,akshare:20260902
2026-09-02,akshare_fund_etf_scale_sse,SH,530380,上证380,134705000.0,份,,,akshare:20260902
2026-09-02,akshare_fund_etf_scale_sse,SH,530530,580ETF,134460000.0,份,,,akshare:20260902
2026-09-02,akshare_fund_etf_scale_sse,SH,530580,180基金,53149000.0,份,,,akshare:20260902
2026-09-02,akshare_fund_etf_scale_sse,SH,530680,180E,106891900.0,份,,,akshare:20260902
2026-09-02,akshare_fund_etf_scale_sse,SH,530800,上180ETF,18201800.0,份,,,akshare:20260902
2026-09-02,akshare_fund_etf_scale_sse,SH,530880,上证红利,40336000.0,份,,,akshare:20260902
2026-09-02,akshare_fund_etf_scale_sse,SH,551000,科创债,78904100.0,份,,,akshare:20260902
2026-09-02,akshare_fund_etf_scale_sse,SH,551030,科创债券,183340000.0,份,,,akshare:20260902
2026-09-02,akshare_fund_etf_scale_sse,SH,551060,科创债沪,57301000.0,份,,,akshare:20260902
2026-09-02,akshare_fund_etf_scale_sse,SH,551300,科创债摩,50997500.0,份,,,akshare:20260902
2026-09-02,akshare_fund_etf_scale_sse,SH,551500,科创债易,129220000.0,份,,,akshare:20260902
2026-09-02,akshare_fund_etf_scale_sse,SH,551510,科债AAA,142216100.0,份,,,akshare:20260902
2026-09-02,akshare_fund_etf_scale_sse,SH,551520,科创债汇,215161600.0,份,,,akshare:20260902
2026-09-02,akshare_fund_etf_scale_sse,SH,551550,科创AAA,179338200.0,份,,,akshare:20260902
2026-09-02,akshare_fund_etf_scale_sse,SH,551560,科创债兴,171678800.0,份,,,akshare:20260902
2026-09-02,akshare_fund_etf_scale_sse,SH,551580,科创债TK,107026800.0,份,,,akshare:20260902
2026-09-02,akshare_fund_etf_scale_sse,SH,551800,国泰科债,116051400.0,份,,,akshare:20260902
2026-09-02,akshare_fund_etf_scale_sse,SH,551900,科创债指,138931700.0,份,,,akshare:20260902
2026-09-02,akshare_fund_etf_scale_sse,SH,560010,1000基金,1828621700.0000002,份,,,akshare:20260902
2026-09-02,akshare_fund_etf_scale_sse,SH,560020,红利添富,133562000.0,份,,,akshare:20260902
2026-09-02,akshare_fund_etf_scale_sse,SH,560030,800价值,23432000.0,份,,,akshare:20260902
2026-09-02,akshare_fund_etf_scale_sse,SH,560050,MSCIA50,2157434400.0,份,,,akshare:20260902
2026-09-02,akshare_fund_etf_scale_sse,SH,560060,碳中和基,77090000.0,份,,,akshare:20260902
2026-09-02,akshare_fund_etf_scale_sse,SH,560070,央企分红,82362300.0,份,,,akshare:20260902
2026-09-02,akshare_fund_etf_scale_sse,SH,560080,中药ETF,2280265000.0,份,,,akshare:20260902
2026-09-02,akshare_fund_etf_scale_sse,SH,560090,证券指数,2289865000.0,份,,,akshare:20260902
2026-09-02,akshare_fund_etf_scale_sse,SH,560100,增强ETF,55080300.0,份,,,akshare:20260902
2026-09-02,akshare_fund_etf_scale_sse,SH,560110,ZZ1000,346903500.0,份,,,akshare:20260902
2026-09-02,akshare_fund_etf_scale_sse,SH,560120,500现金,577689000.0,份,,,akshare:20260902
2026-09-02,akshare_fund_etf_scale_sse,SH,560130,食品基金,69776200.0,份,,,akshare:20260902
2026-09-02,akshare_fund_etf_scale_sse,SH,560150,红利TK,680279299.9999999,份,,,akshare:20260902
2026-09-02,akshare_fund_etf_scale_sse,SH,560160,食品E,110706000.0,份,,,akshare:20260902
2026-09-02,akshare_fund_etf_scale_sse,SH,560170,央企科技,376495500.0,份,,,akshare:20260902
2026-09-02,akshare_fund_etf_scale_sse,SH,560180,ESG300,15603000.0,份,,,akshare:20260902
2026-09-02,akshare_fund_etf_scale_sse,SH,560190,公用事业,26834000.0,份,,,akshare:20260902
2026-09-02,akshare_fund_etf_scale_sse,SH,560210,景顺农牧,514522000.0,份,,,akshare:20260902
2026-09-02,akshare_fund_etf_scale_sse,SH,560220,2000基金,60717000.0,份,,,akshare:20260902
2026-09-02,akshare_fund_etf_scale_sse,SH,560230,光伏富国,85889000.0,份,,,akshare:20260902
2026-09-02,akshare_fund_etf_scale_sse,SH,560250,红利质量,140833000.0,份,,,akshare:20260902
2026-09-02,akshare_fund_etf_scale_sse,SH,560260,医疗50,1714664700.0,份,,,akshare:20260902
2026-09-02,akshare_fund_etf_scale_sse,SH,560270,电力指数,164439000.0,份,,,akshare:20260902
2026-09-02,akshare_fund_etf_scale_sse,SH,560280,工程机械,1525252000.0,份,,,akshare:20260902
2026-09-02,akshare_fund_etf_scale_sse,SH,560290,景顺有色,371694000.0,份,,,akshare:20260902
2026-09-02,akshare_fund_etf_scale_sse,SH,560300,电信50,27803400.0,份,,,akshare:20260902
2026-09-02,akshare_fund_etf_scale_sse,SH,560310,光伏博时,185122000.0,份,,,akshare:20260902
2026-09-02,akshare_fund_etf_scale_sse,SH,560320,食品富国,118332000.0,份,,,akshare:20260902
2026-09-02,akshare_fund_etf_scale_sse,SH,560330,300价值E,17130000.0,份,,,akshare:20260902
2026-09-02,akshare_fund_etf_scale_sse,SH,560350,A50指数,843532100.0000001,份,,,akshare:20260902
2026-09-02,akshare_fund_etf_scale_sse,SH,560360,软件指数,226345000.0,份,,,akshare:20260902
2026-09-02,akshare_fund_etf_scale_sse,SH,560370,全指红利,211584000.0,份,,,akshare:20260902
2026-09-02,akshare_fund_etf_scale_sse,SH,560380,A100,142861000.0,份,,,akshare:20260902
2026-09-02,akshare_fund_etf_scale_sse,SH,560390,电网E,2034258000.0,份,,,akshare:20260902
2026-09-02,akshare_fund_etf_scale_sse,SH,560400,证券华泰,170493000.0,份,,,akshare:20260902
2026-09-02,akshare_fund_etf_scale_sse,SH,560410,电池鹏华,58786100.0,份,,,akshare:20260902
2026-09-02,akshare_fund_etf_scale_sse,SH,560420,食品Q,130780200.0,份,,,akshare:20260902
2026-09-02,akshare_fund_etf_scale_sse,SH,560450,电力TH,244569000.0,份,,,akshare:20260902
2026-09-02,akshare_fund_etf_scale_sse,SH,560460,电力平安,282537000.0,份,,,akshare:20260902
2026-09-02,akshare_fund_etf_scale_sse,SH,560470,有色E,304340000.0,份,,,akshare:20260902
2026-09-02,akshare_fund_etf_scale_sse,SH,560480,中证电力,138303000.0,份,,,akshare:20260902
2026-09-02,akshare_fund_etf_scale_sse,SH,560490,华泰有色,106482000.0,份,,,akshare:20260902
2026-09-02,akshare_fund_etf_scale_sse,SH,560500,500质量,295339000.0,份,,,akshare:20260902
2026-09-02,akshare_fund_etf_scale_sse,SH,560510,中证A500,2531026900.0,份,,,akshare:20260902
2026-09-02,akshare_fund_etf_scale_sse,SH,560520,红利大成,50751000.0,份,,,akshare:20260902
2026-09-02,akshare_fund_etf_scale_sse,SH,560530,A500ETF,3997623700.0,份,,,akshare:20260902
2026-09-02,akshare_fund_etf_scale_sse,SH,560550,碳中和,125597400.0,份,,,akshare:20260902
2026-09-02,akshare_fund_etf_scale_sse,SH,560560,碳中和TK,70190100.0,份,,,akshare:20260902
2026-09-02,akshare_fund_etf_scale_sse,SH,560570,A500低波,1154541200.0,份,,,akshare:20260902
2026-09-02,akshare_fund_etf_scale_sse,SH,560580,电力指基,439003000.0,份,,,akshare:20260902
2026-09-02,akshare_fund_etf_scale_sse,SH,560590,1000鹏华,25710000.0,份,,,akshare:20260902
2026-09-02,akshare_fund_etf_scale_sse,SH,560610,A500指数,5242988400.0,份,,,akshare:20260902
2026-09-02,akshare_fund_etf_scale_sse,SH,560620,公用WJ,26367000.0,份,,,akshare:20260902
2026-09-02,akshare_fund_etf_scale_sse,SH,560630,机器人WJ,153394000.0,份,,,akshare:20260902
2026-09-02,akshare_fund_etf_scale_sse,SH,560660,云50ETF,129938000.0,份,,,akshare:20260902
2026-09-02,akshare_fund_etf_scale_sse,SH,560670,中证银行,41474000.0,份,,,akshare:20260902
2026-09-02,akshare_fund_etf_scale_sse,SH,560680,龙头消费,338225600.0,份,,,akshare:20260902
2026-09-02,akshare_fund_etf_scale_sse,SH,560690,电信主题,19639000.0,份,,,akshare:20260902
2026-09-02,akshare_fund_etf_scale_sse,SH,560700,央红利50,449036900.0,份,,,akshare:20260902
2026-09-02,akshare_fund_etf_scale_sse,SH,560710,船舶ETF,1737580000.0,份,,,akshare:20260902
2026-09-02,akshare_fund_etf_scale_sse,SH,560720,工银红利,97548000.0,份,,,akshare:20260902
2026-09-02,akshare_fund_etf_scale_sse,SH,560730,红利GTHT,81836300.0,份,,,akshare:20260902
2026-09-02,akshare_fund_etf_scale_sse,SH,560750,A500申万,78554800.0,份,,,akshare:20260902
2026-09-02,akshare_fund_etf_scale_sse,SH,560770,机器人ZS,1650133000.0,份,,,akshare:20260902
2026-09-02,akshare_fund_etf_scale_sse,SH,560780,半导设备,12958488000.0,份,,,akshare:20260902
2026-09-02,akshare_fund_etf_scale_sse,SH,560790,软件服务,225455900.0,份,,,akshare:20260902
2026-09-02,akshare_fund_etf_scale_sse,SH,560800,数字ETF,293951100.0,份,,,akshare:20260902
2026-09-02,akshare_fund_etf_scale_sse,SH,560810,央企ESG,181116000.0,份,,,akshare:20260902
2026-09-02,akshare_fund_etf_scale_sse,SH,560820,A50新华,40926000.0,份,,,akshare:20260902
2026-09-02,akshare_fund_etf_scale_sse,SH,560830,电指数,697519000.0,份,,,akshare:20260902
2026-09-02,akshare_fund_etf_scale_sse,SH,560850,信创50,69164000.0,份,,,akshare:20260902
2026-09-02,akshare_fund_etf_scale_sse,SH,560860,工业有色,5354233000.0,份,,,akshare:20260902
2026-09-02,akshare_fund_etf_scale_sse,SH,560870,中银有色,91351900.0,份,,,akshare:20260902
2026-09-02,akshare_fund_etf_scale_sse,SH,560880,家电基金,193732000.0,份,,,akshare:20260902
2026-09-02,akshare_fund_etf_scale_sse,SH,560900,创新药企,213969100.0,份,,,akshare:20260902
2026-09-02,akshare_fund_etf_scale_sse,SH,560910,中证电池,195721000.0,份,,,akshare:20260902
2026-09-02,akshare_fund_etf_scale_sse,SH,560920,招商机械,44373300.0,份,,,akshare:20260902
2026-09-02,akshare_fund_etf_scale_sse,SH,560930,电力E,207024000.0,份,,,akshare:20260902
2026-09-02,akshare_fund_etf_scale_sse,SH,560950,500增,15483000.0,份,,,akshare:20260902
2026-09-02,akshare_fund_etf_scale_sse,SH,560970,有色金属,67138000.0,份,,,akshare:20260902
2026-09-02,akshare_fund_etf_scale_sse,SH,560980,光伏龙头,343522000.0,份,,,akshare:20260902
2026-09-02,akshare_fund_etf_scale_sse,SH,560990,科技先锋,15187100.0,份,,,akshare:20260902
2026-09-02,akshare_fund_etf_scale_sse,SH,561000,300指增,49920000.0,份,,,akshare:20260902
2026-09-02,akshare_fund_etf_scale_sse,SH,561010,软件开发,290356000.0,份,,,akshare:20260902
2026-09-02,akshare_fund_etf_scale_sse,SH,561020,食品招商,31022199.999999996,份,,,akshare:20260902
2026-09-02,akshare_fund_etf_scale_sse,SH,561030,机械华泰,186550000.0,份,,,akshare:20260902
2026-09-02,akshare_fund_etf_scale_sse,SH,561050,稀金属E,230250000.0,份,,,akshare:20260902
2026-09-02,akshare_fund_etf_scale_sse,SH,561060,红利国企,47065000.0,份,,,akshare:20260902
2026-09-02,akshare_fund_etf_scale_sse,SH,561080,现金自由,24250000.0,份,,,akshare:20260902
2026-09-02,akshare_fund_etf_scale_sse,SH,561090,A500增,209974000.0,份,,,akshare:20260902
2026-09-02,akshare_fund_etf_scale_sse,SH,561100,电子龙头,598746900.0,份,,,akshare:20260902
2026-09-02,akshare_fund_etf_scale_sse,SH,561120,家电ETF,28159899.999999996,份,,,akshare:20260902
2026-09-02,akshare_fund_etf_scale_sse,SH,561130,国货ETF,85935200.0,份,,,akshare:20260902
2026-09-02,akshare_fund_etf_scale_sse,SH,561160,锂电池,2295835000.0,份,,,akshare:20260902
2026-09-02,akshare_fund_etf_scale_sse,SH,561170,绿电50,537532700.0,份,,,akshare:20260902
2026-09-02,akshare_fund_etf_scale_sse,SH,561180,A100ETF,49609600.0,份,,,akshare:20260902
2026-09-02,akshare_fund_etf_scale_sse,SH,561190,双碳ETF,194318000.0,份,,,akshare:20260902
2026-09-02,akshare_fund_etf_scale_sse,SH,561200,A100基金,33470500.0,份,,,akshare:20260902
2026-09-02,akshare_fund_etf_scale_sse,SH,561220,国企数字,47553000.0,份,,,akshare:20260902
2026-09-02,akshare_fund_etf_scale_sse,SH,561230,A50,452477800.0,份,,,akshare:20260902
2026-09-02,akshare_fund_etf_scale_sse,SH,561250,稀金属PH,73752200.0,份,,,akshare:20260902
2026-09-02,akshare_fund_etf_scale_sse,SH,561260,能源ETF,23095200.0,份,,,akshare:20260902
2026-09-02,akshare_fund_etf_scale_sse,SH,561280,增强1000,87847700.0,份,,,akshare:20260902
2026-09-02,akshare_fund_etf_scale_sse,SH,561300,300增ETF,502965000.0,份,,,akshare:20260902
2026-09-02,akshare_fund_etf_scale_sse,SH,561310,消电ETF,104833100.0,份,,,akshare:20260902
2026-09-02,akshare_fund_etf_scale_sse,SH,561320,交运ETF,34369000.0,份,,,akshare:20260902
2026-09-02,akshare_fund_etf_scale_sse,SH,561330,矿业ETF,1816392100.0,份,,,akshare:20260902
2026-09-02,akshare_fund_etf_scale_sse,SH,561350,国泰500,88700000.0,份,,,akshare:20260902
2026-09-02,akshare_fund_etf_scale_sse,SH,561360,石油ETF,1355148000.0,份,,,akshare:20260902
2026-09-02,akshare_fund_etf_scale_sse,SH,561370,2000ETF,32356000.0,份,,,akshare:20260902
2026-09-02,akshare_fund_etf_scale_sse,SH,561380,电网ETF,6303534000.0,份,,,akshare:20260902
2026-09-02,akshare_fund_etf_scale_sse,SH,561390,稀金属PA,90128100.0,份,,,akshare:20260902
2026-09-02,akshare_fund_etf_scale_sse,SH,561400,鑫元养殖,40519000.0,份,,,akshare:20260902
2026-09-02,akshare_fund_etf_scale_sse,SH,561410,光伏工银,204613300.00000003,份,,,akshare:20260902
2026-09-02,akshare_fund_etf_scale_sse,SH,561420,300现金,1010237000.0,份,,,akshare:20260902
2026-09-02,akshare_fund_etf_scale_sse,SH,561430,全指质量,37223200.0,份,,,akshare:20260902
2026-09-02,akshare_fund_etf_scale_sse,SH,561450,华泰红利,80124300.0,份,,,akshare:20260902
2026-09-02,akshare_fund_etf_scale_sse,SH,561460,AITH,1176020000.0,份,,,akshare:20260902
2026-09-02,akshare_fund_etf_scale_sse,SH,561470,畜牧TH,42936000.0,份,,,akshare:20260902
2026-09-02,akshare_fund_etf_scale_sse,SH,561490,红利财通,90631299.99999999,份,,,akshare:20260902
2026-09-02,akshare_fund_etf_scale_sse,SH,561500,漂亮50,54600300.0,份,,,akshare:20260902
2026-09-02,akshare_fund_etf_scale_sse,SH,561510,中医药,65206000.0,份,,,akshare:20260902
2026-09-02,akshare_fund_etf_scale_sse,SH,561550,500指增,1334989600.0,份,,,akshare:20260902
2026-09-02,akshare_fund_etf_scale_sse,SH,561560,电力ETF,1933124200.0000002,份,,,akshare:20260902
2026-09-02,akshare_fund_etf_scale_sse,SH,561570,油气基金,73147000.0,份,,,akshare:20260902
2026-09-02,akshare_fund_etf_scale_sse,SH,561580,央企红利,1911870700.0,份,,,akshare:20260902
2026-09-02,akshare_fund_etf_scale_sse,SH,561590,1000增强,101499599.99999999,份,,,akshare:20260902
2026-09-02,akshare_fund_etf_scale_sse,SH,561600,消费电子,296548000.0,份,,,akshare:20260902
2026-09-02,akshare_fund_etf_scale_sse,SH,561620,华泰化工,35227000.0,份,,,akshare:20260902
2026-09-02,akshare_fund_etf_scale_sse,SH,561630,华泰质量,41898000.0,份,,,akshare:20260902
2026-09-02,akshare_fund_etf_scale_sse,SH,561660,通航基金,69710000.0,份,,,akshare:20260902
2026-09-02,akshare_fund_etf_scale_sse,SH,561680,A500红低,58169000.0,份,,,akshare:20260902
2026-09-02,akshare_fund_etf_scale_sse,SH,561700,电力基金,350813600.0,份,,,akshare:20260902
2026-09-02,akshare_fund_etf_scale_sse,SH,561730,中证A股,102748100.0,份,,,akshare:20260902
2026-09-02,akshare_fund_etf_scale_sse,SH,561750,A50博时,61496000.0,份,,,akshare:20260902
2026-09-02,akshare_fund_etf_scale_sse,SH,561760,油气博时,156195000.0,份,,,akshare:20260902
2026-09-02,akshare_fund_etf_scale_sse,SH,561770,指基A100,35550000.0,份,,,akshare:20260902
2026-09-02,akshare_fund_etf_scale_sse,SH,561780,1000指增,19355800.0,份,,,akshare:20260902
2026-09-02,akshare_fund_etf_scale_sse,SH,561790,现代能源,56034000.0,份,,,akshare:20260902
2026-09-02,akshare_fund_etf_scale_sse,SH,561800,稀金属,203577200.0,份,,,akshare:20260902
2026-09-02,akshare_fund_etf_scale_sse,SH,561810,华泰医疗,68638400.0,份,,,akshare:20260902
2026-09-02,akshare_fund_etf_scale_sse,SH,561830,N有色,235571100.0,份,,,akshare:20260902
2026-09-02,akshare_fund_etf_scale_sse,SH,561870,现金流指,89765000.0,份,,,akshare:20260902
2026-09-02,akshare_fund_etf_scale_sse,SH,561880,A100指数,86389000.0,份,,,akshare:20260902
2026-09-02,akshare_fund_etf_scale_sse,SH,561890,A股E,41112600.0,份,,,akshare:20260902
2026-09-02,akshare_fund_etf_scale_sse,SH,561900,沪深ESG,26334400.0,份,,,akshare:20260902
2026-09-02,akshare_fund_etf_scale_sse,SH,561910,电池ETF,4784076600.0,份,,,akshare:20260902
2026-09-02,akshare_fund_etf_scale_sse,SH,561920,疫苗龙头,62692000.0,份,,,akshare:20260902
2026-09-02,akshare_fund_etf_scale_sse,SH,561930,招商300,184260600.0,份,,,akshare:20260902
2026-09-02,akshare_fund_etf_scale_sse,SH,561950,500增强A,72156000.0,份,,,akshare:20260902
2026-09-02,akshare_fund_etf_scale_sse,SH,561960,央企回报,56785200.00000001,份,,,akshare:20260902
2026-09-02,akshare_fund_etf_scale_sse,SH,561980,芯片设备,8545550000.0,份,,,akshare:20260902
2026-09-02,akshare_fund_etf_scale_sse,SH,561990,300增强,340649200.0,份,,,akshare:20260902
2026-09-02,akshare_fund_etf_scale_sse,SH,562000,中证A100,596737900.0,份,,,akshare:20260902
2026-09-02,akshare_fund_etf_scale_sse,SH,562010,绿色能源,18298700.0,份,,,akshare:20260902
2026-09-02,akshare_fund_etf_scale_sse,SH,562030,信创基金,138973900.0,份,,,akshare:20260902
2026-09-02,akshare_fund_etf_scale_sse,SH,562050,药ETF,100468000.0,份,,,akshare:20260902
2026-09-02,akshare_fund_etf_scale_sse,SH,562060,标普红利,5121792600.0,份,,,akshare:20260902
2026-09-02,akshare_fund_etf_scale_sse,SH,562070,300ETF增,549542000.0,份,,,akshare:20260902
2026-09-02,akshare_fund_etf_scale_sse,SH,562080,自由现金,596757200.0,份,,,akshare:20260902
2026-09-02,akshare_fund_etf_scale_sse,SH,562180,红低A500,134150000.0,份,,,akshare:20260902
2026-09-02,akshare_fund_etf_scale_sse,SH,562300,低碳ETF,55495000.0,份,,,akshare:20260902
2026-09-02,akshare_fund_etf_scale_sse,SH,562310,300成长,422572300.00000006,份,,,akshare:20260902
2026-09-02,akshare_fund_etf_scale_sse,SH,562320,300价值A,55295500.0,份,,,akshare:20260902
2026-09-02,akshare_fund_etf_scale_sse,SH,562330,500价值,12018900.000000002,份,,,akshare:20260902
2026-09-02,akshare_fund_etf_scale_sse,SH,562340,500成长,9144300.0,份,,,akshare:20260902
2026-09-02,akshare_fund_etf_scale_sse,SH,562350,电力,130410900.0,份,,,akshare:20260902
2026-09-02,akshare_fund_etf_scale_sse,SH,562360,机器人YH,292474000.0,份,,,akshare:20260902
2026-09-02,akshare_fund_etf_scale_sse,SH,562380,科技引领,74628900.0,份,,,akshare:20260902
2026-09-02,akshare_fund_etf_scale_sse,SH,562390,中药,80429000.0,份,,,akshare:20260902
2026-09-02,akshare_fund_etf_scale_sse,SH,562500,机器人,18497687300.0,份,,,akshare:20260902
2026-09-02,akshare_fund_etf_scale_sse,SH,562510,旅游ETF,1110095000.0,份,,,akshare:20260902
2026-09-02,akshare_fund_etf_scale_sse,SH,562520,1000成长,28568000.0,份,,,akshare:20260902
2026-09-02,akshare_fund_etf_scale_sse,SH,562530,1000价值,160144000.0,份,,,akshare:20260902
2026-09-02,akshare_fund_etf_scale_sse,SH,562550,绿电ETF,1510419300.0,份,,,akshare:20260902
2026-09-02,akshare_fund_etf_scale_sse,SH,562560,信息技术,22765500.0,份,,,akshare:20260902
2026-09-02,akshare_fund_etf_scale_sse,SH,562570,信创ETF,298281000.0,份,,,akshare:20260902
2026-09-02,akshare_fund_etf_scale_sse,SH,562580,可选消费,42223300.0,份,,,akshare:20260902
2026-09-02,akshare_fund_etf_scale_sse,SH,562590,半导材料,9151989000.0,份,,,akshare:20260902
2026-09-02,akshare_fund_etf_scale_sse,SH,562600,医疗器械,452937400.0,份,,,akshare:20260902
2026-09-02,akshare_fund_etf_scale_sse,SH,562660,ZZ2000,372874000.0,份,,,akshare:20260902
2026-09-02,akshare_fund_etf_scale_sse,SH,562700,汽车零件,97750000.0,份,,,akshare:20260902
2026-09-02,akshare_fund_etf_scale_sse,SH,562800,稀有金属,5665495000.0,份,,,akshare:20260902
2026-09-02,akshare_fund_etf_scale_sse,SH,562810,上证增强,50451000.0,份,,,akshare:20260902
2026-09-02,akshare_fund_etf_scale_sse,SH,562820,集成电路,416408000.0,份,,,akshare:20260902
2026-09-02,akshare_fund_etf_scale_sse,SH,562850,央企能源,176981500.0,份,,,akshare:20260902
2026-09-02,akshare_fund_etf_scale_sse,SH,562860,疫苗ETF,332895000.0,份,,,akshare:20260902
2026-09-02,akshare_fund_etf_scale_sse,SH,562870,证券全指,588505200.0,份,,,akshare:20260902
2026-09-02,akshare_fund_etf_scale_sse,SH,562880,电池基金,893899600.0000001,份,,,akshare:20260902
2026-09-02,akshare_fund_etf_scale_sse,SH,562890,A50中证,272051000.0,份,,,akshare:20260902
2026-09-02,akshare_fund_etf_scale_sse,SH,562900,现代农业,241706300.0,份,,,akshare:20260902
2026-09-02,akshare_fund_etf_scale_sse,SH,562910,高端制造,300227300.0,份,,,akshare:20260902
2026-09-02,akshare_fund_etf_scale_sse,SH,562920,信息安全,89069000.0,份,,,akshare:20260902
2026-09-02,akshare_fund_etf_scale_sse,SH,562930,软件30,1710437000.0,份,,,akshare:20260902
2026-09-02,akshare_fund_etf_scale_sse,SH,562950,消电50,1037258300.0,份,,,akshare:20260902
2026-09-02,akshare_fund_etf_scale_sse,SH,562960,绿色电力,1237391000.0,份,,,akshare:20260902
2026-09-02,akshare_fund_etf_scale_sse,SH,562970,光伏E,364448000.0,份,,,akshare:20260902
2026-09-02,akshare_fund_etf_scale_sse,SH,562990,碳中和E,376756000.0,份,,,akshare:20260902
2026-09-02,akshare_fund_etf_scale_sse,SH,563000,中国A50,1538451099.9999998,份,,,akshare:20260902
2026-09-02,akshare_fund_etf_scale_sse,SH,563010,电信ETF,88189300.0,份,,,akshare:20260902
2026-09-02,akshare_fund_etf_scale_sse,SH,563020,低波红利,10630910000.0,份,,,akshare:20260902
2026-09-02,akshare_fund_etf_scale_sse,SH,563030,增强500,127169000.0,份,,,akshare:20260902
2026-09-02,akshare_fund_etf_scale_sse,SH,563050,科技央企,142208400.0,份,,,akshare:20260902
2026-09-02,akshare_fund_etf_scale_sse,SH,563060,央企50,180527000.0,份,,,akshare:20260902
2026-09-02,akshare_fund_etf_scale_sse,SH,563080,中证A50E,1100588400.0,份,,,akshare:20260902
2026-09-02,akshare_fund_etf_scale_sse,SH,563090,上50增强,55848000.0,份,,,akshare:20260902
2026-09-02,akshare_fund_etf_scale_sse,SH,563150,油气资源,34399000.0,份,,,akshare:20260902
2026-09-02,akshare_fund_etf_scale_sse,SH,563180,高股息,100420000.0,份,,,akshare:20260902
2026-09-02,akshare_fund_etf_scale_sse,SH,563200,2000指数,51458800.0,份,,,akshare:20260902
2026-09-02,akshare_fund_etf_scale_sse,SH,563210,专精特新,112067000.0,份,,,akshare:20260902
2026-09-02,akshare_fund_etf_scale_sse,SH,563220,A500富国,6404013700.0,份,,,akshare:20260902
2026-09-02,akshare_fund_etf_scale_sse,SH,563230,卫星ETF,3343237000.0,份,,,akshare:20260902
2026-09-02,akshare_fund_etf_scale_sse,SH,563280,A50增强,5206600.0,份,,,akshare:20260902
2026-09-02,akshare_fund_etf_scale_sse,SH,563300,中证2000,4473674000.0,份,,,akshare:20260902
2026-09-02,akshare_fund_etf_scale_sse,SH,563320,通用航空,223892000.0,份,,,akshare:20260902
2026-09-02,akshare_fund_etf_scale_sse,SH,563330,A股ETF,30760600.0,份,,,akshare:20260902
2026-09-02,akshare_fund_etf_scale_sse,SH,563350,中证A50,169997599.99999997,份,,,akshare:20260902
2026-09-02,akshare_fund_etf_scale_sse,SH,563360,A500基金,31186987400.000004,份,,,akshare:20260902
2026-09-02,akshare_fund_etf_scale_sse,SH,563380,航空航天,859950000.0,份,,,akshare:20260902
2026-09-02,akshare_fund_etf_scale_sse,SH,563390,现金基金,2143344000.0,份,,,akshare:20260902
2026-09-02,akshare_fund_etf_scale_sse,SH,563500,A500华宝,765958700.0,份,,,akshare:20260902
2026-09-02,akshare_fund_etf_scale_sse,SH,563510,A500红利,282537000.0,份,,,akshare:20260902
2026-09-02,akshare_fund_etf_scale_sse,SH,563520,300永赢,436065000.0,份,,,akshare:20260902
2026-09-02,akshare_fund_etf_scale_sse,SH,563530,卫星E,1568748000.0,份,,,akshare:20260902
2026-09-02,akshare_fund_etf_scale_sse,SH,563550,增强A500,82559000.0,份,,,akshare:20260902
2026-09-02,akshare_fund_etf_scale_sse,SH,563560,科技成长,54769000.0,份,,,akshare:20260902
2026-09-02,akshare_fund_etf_scale_sse,SH,563570,金融科,105374000.0,份,,,akshare:20260902
2026-09-02,akshare_fund_etf_scale_sse,SH,563580,现金800,243648000.0,份,,,akshare:20260902
2026-09-02,akshare_fund_etf_scale_sse,SH,563590,红利A500,60944399.99999999,份,,,akshare:20260902
2026-09-02,akshare_fund_etf_scale_sse,SH,563600,A500增强,66483000.0,份,,,akshare:20260902
2026-09-02,akshare_fund_etf_scale_sse,SH,563620,现金流全,51049000.0,份,,,akshare:20260902
2026-09-02,akshare_fund_etf_scale_sse,SH,563630,A500指增,37947100.0,份,,,akshare:20260902
2026-09-02,akshare_fund_etf_scale_sse,SH,563650,A500中证,140909000.0,份,,,akshare:20260902
2026-09-02,akshare_fund_etf_scale_sse,SH,563660,A500银河,63085200.00000001,份,,,akshare:20260902
2026-09-02,akshare_fund_etf_scale_sse,SH,563670,金科基金,180987000.0,份,,,akshare:20260902
2026-09-02,akshare_fund_etf_scale_sse,SH,563680,现金流TF,103959000.0,份,,,akshare:20260902
2026-09-02,akshare_fund_etf_scale_sse,SH,563690,红利永赢,34882000.0,份,,,akshare:20260902
2026-09-02,akshare_fund_etf_scale_sse,SH,563700,红利价值,364150000.0,份,,,akshare:20260902
2026-09-02,akshare_fund_etf_scale_sse,SH,563750,500添富,334737000.0,份,,,akshare:20260902
2026-09-02,akshare_fund_etf_scale_sse,SH,563760,中银现金,699913200.0000001,份,,,akshare:20260902
2026-09-02,akshare_fund_etf_scale_sse,SH,563770,全指现金,27307000.0,份,,,akshare:20260902
2026-09-02,akshare_fund_etf_scale_sse,SH,563780,现金指数,244027100.0,份,,,akshare:20260902
2026-09-02,akshare_fund_etf_scale_sse,SH,563790,卫星产业,1186447000.0,份,,,akshare:20260902
2026-09-02,akshare_fund_etf_scale_sse,SH,563800,A500龙头,8977978100.0,份,,,akshare:20260902
2026-09-02,akshare_fund_etf_scale_sse,SH,563830,现金流基,134896000.0,份,,,akshare:20260902
2026-09-02,akshare_fund_etf_scale_sse,SH,563850,食品广发,115481700.0,份,,,akshare:20260902
2026-09-02,akshare_fund_etf_scale_sse,SH,563860,A500海富,182844300.0,份,,,akshare:20260902
2026-09-02,akshare_fund_etf_scale_sse,SH,563870,航空通用,106303900.0,份,,,akshare:20260902
2026-09-02,akshare_fund_etf_scale_sse,SH,563880,A500添富,1549996400.0000002,份,,,akshare:20260902
2026-09-02,akshare_fund_etf_scale_sse,SH,563890,红利国有,22336000.0,份,,,akshare:20260902
2026-09-02,akshare_fund_etf_scale_sse,SH,563900,现金流,457965700.0,份,,,akshare:20260902
2026-09-02,akshare_fund_etf_scale_sse,SH,563930,上指增强,28592000.0,份,,,akshare:20260902
2026-09-02,akshare_fund_etf_scale_sse,SH,563960,300质量,360012000.0,份,,,akshare:20260902
2026-09-02,akshare_fund_etf_scale_sse,SH,563980,800红利,188967000.0,份,,,akshare:20260902
2026-09-02,akshare_fund_etf_scale_sse,SH,563990,800现金,304573000.0,份,,,akshare:20260902
2026-09-02,akshare_fund_etf_scale_sse,SH,588000,科创50,51419668200.0,份,,,akshare:20260902
2026-09-02,akshare_fund_etf_scale_sse,SH,588010,科创材料,970425800.0,份,,,akshare:20260902
2026-09-02,akshare_fund_etf_scale_sse,SH,588020,科创50E,2201373000.0,份,,,akshare:20260902
2026-09-02,akshare_fund_etf_scale_sse,SH,588030,科创指基,2297838100.0,份,,,akshare:20260902
2026-09-02,akshare_fund_etf_scale_sse,SH,588040,科创板指,131889000.0,份,,,akshare:20260902
2026-09-02,akshare_fund_etf_scale_sse,SH,588050,科创ETF,6501241300.0,份,,,akshare:20260902
2026-09-02,akshare_fund_etf_scale_sse,SH,588060,上证科创,7291140000.0,份,,,akshare:20260902
2026-09-02,akshare_fund_etf_scale_sse,SH,588070,科创万家,40437000.0,份,,,akshare:20260902
2026-09-02,akshare_fund_etf_scale_sse,SH,588080,科创板50,25048628100.0,份,,,akshare:20260902
2026-09-02,akshare_fund_etf_scale_sse,SH,588090,科创板,3003072800.0000005,份,,,akshare:20260902
2026-09-02,akshare_fund_etf_scale_sse,SH,588100,科创信息,215746200.0,份,,,akshare:20260902
2026-09-02,akshare_fund_etf_scale_sse,SH,588110,科创成长,1039032000.0,份,,,akshare:20260902
2026-09-02,akshare_fund_etf_scale_sse,SH,588120,科100ETF,907622000.0,份,,,akshare:20260902
2026-09-02,akshare_fund_etf_scale_sse,SH,588130,科创药,466082600.0,份,,,akshare:20260902
2026-09-02,akshare_fund_etf_scale_sse,SH,588140,科200GF,217751000.0,份,,,akshare:20260902
2026-09-02,akshare_fund_etf_scale_sse,SH,588150,科创龙头,387432600.0,份,,,akshare:20260902
2026-09-02,akshare_fund_etf_scale_sse,SH,588160,科创新材,885996000.0,份,,,akshare:20260902
2026-09-02,akshare_fund_etf_scale_sse,SH,588170,科创半导,44541447000.0,份,,,akshare:20260902
2026-09-02,akshare_fund_etf_scale_sse,SH,588180,科创50基,738353700.0,份,,,akshare:20260902
2026-09-02,akshare_fund_etf_scale_sse,SH,588190,科创100,1348618299.9999998,份,,,akshare:20260902
2026-09-02,akshare_fund_etf_scale_sse,SH,588200,科创芯片,42572684300.0,份,,,akshare:20260902
2026-09-02,akshare_fund_etf_scale_sse,SH,588210,科创100E,250754000.0,份,,,akshare:20260902
2026-09-02,akshare_fund_etf_scale_sse,SH,588220,科创100F,3767697900.0,份,,,akshare:20260902
2026-09-02,akshare_fund_etf_scale_sse,SH,588230,科创200,767939000.0,份,,,akshare:20260902
2026-09-02,akshare_fund_etf_scale_sse,SH,588240,科200,119633000.0,份,,,akshare:20260902
2026-09-02,akshare_fund_etf_scale_sse,SH,588250,KC医药,267675000.0,份,,,akshare:20260902
2026-09-02,akshare_fund_etf_scale_sse,SH,588260,科创技术,46746000.0,份,,,akshare:20260902
2026-09-02,akshare_fund_etf_scale_sse,SH,588270,科创200F,304410000.0,份,,,akshare:20260902
2026-09-02,akshare_fund_etf_scale_sse,SH,588280,科创五零,388121000.0,份,,,akshare:20260902
2026-09-02,akshare_fund_etf_scale_sse,SH,588290,芯片科创,4874691000.0,份,,,akshare:20260902
2026-09-02,akshare_fund_etf_scale_sse,SH,588300,双创ETF,1525210500.0,份,,,akshare:20260902
2026-09-02,akshare_fund_etf_scale_sse,SH,588310,双创基金,30637500.0,份,,,akshare:20260902
2026-09-02,akshare_fund_etf_scale_sse,SH,588320,双创增强,83824599.99999999,份,,,akshare:20260902
2026-09-02,akshare_fund_etf_scale_sse,SH,588330,双创龙头,1175737800.0,份,,,akshare:20260902
2026-09-02,akshare_fund_etf_scale_sse,SH,588350,双创,656546000.0,份,,,akshare:20260902
2026-09-02,akshare_fund_etf_scale_sse,SH,588360,创创ETF,219081800.0,份,,,akshare:20260902
2026-09-02,akshare_fund_etf_scale_sse,SH,588370,科创策略,73272000.0,份,,,akshare:20260902
2026-09-02,akshare_fund_etf_scale_sse,SH,588380,创50ETF,2699770000.0,份,,,akshare:20260902
2026-09-02,akshare_fund_etf_scale_sse,SH,588390,科创创业,161935900.0,份,,,akshare:20260902
2026-09-02,akshare_fund_etf_scale_sse,SH,588400,双创50,1365600600.0,份,,,akshare:20260902
2026-09-02,akshare_fund_etf_scale_sse,SH,588410,双创AI,115250000.0,份,,,akshare:20260902
2026-09-02,akshare_fund_etf_scale_sse,SH,588420,AI双创,339648000.0,份,,,akshare:20260902
2026-09-02,akshare_fund_etf_scale_sse,SH,588430,科创创AI,98458000.0,份,,,akshare:20260902
2026-09-02,akshare_fund_etf_scale_sse,SH,588450,科创50增,60568700.0,份,,,akshare:20260902
2026-09-02,akshare_fund_etf_scale_sse,SH,588460,科创增强,645014000.0,份,,,akshare:20260902
2026-09-02,akshare_fund_etf_scale_sse,SH,588470,双创智能,280907000.0,份,,,akshare:20260902
2026-09-02,akshare_fund_etf_scale_sse,SH,588480,AI50双创,239717000.0,份,,,akshare:20260902
2026-09-02,akshare_fund_etf_scale_sse,SH,588500,科创100Z,46647000.0,份,,,akshare:20260902
2026-09-02,akshare_fund_etf_scale_sse,SH,588510,智能双创,321175000.0,份,,,akshare:20260902
2026-09-02,akshare_fund_etf_scale_sse,SH,588520,科创增,12957000.0,份,,,akshare:20260902
2026-09-02,akshare_fund_etf_scale_sse,SH,588530,AIBOCI,225033300.00000003,份,,,akshare:20260902
2026-09-02,akshare_fund_etf_scale_sse,SH,588550,科创增指,63290000.0,份,,,akshare:20260902
2026-09-02,akshare_fund_etf_scale_sse,SH,588660,双创五零,38344000.0,份,,,akshare:20260902
2026-09-02,akshare_fund_etf_scale_sse,SH,588670,科综增强,39792000.0,份,,,akshare:20260902
2026-09-02,akshare_fund_etf_scale_sse,SH,588680,科100增,32361000.0,份,,,akshare:20260902
2026-09-02,akshare_fund_etf_scale_sse,SH,588690,科综指增,51636000.0,份,,,akshare:20260902
2026-09-02,akshare_fund_etf_scale_sse,SH,588700,科创生物,455336200.0,份,,,akshare:20260902
2026-09-02,akshare_fund_etf_scale_sse,SH,588710,科半导体,11562885000.0,份,,,akshare:20260902
2026-09-02,akshare_fund_etf_scale_sse,SH,588720,中银科创,112241800.0,份,,,akshare:20260902
2026-09-02,akshare_fund_etf_scale_sse,SH,588730,科创AI,721396300.0,份,,,akshare:20260902
2026-09-02,akshare_fund_etf_scale_sse,SH,588750,科创芯50,3262228000.0,份,,,akshare:20260902
2026-09-02,akshare_fund_etf_scale_sse,SH,588760,AI科创,2434532000.0,份,,,akshare:20260902
2026-09-02,akshare_fund_etf_scale_sse,SH,588770,信息科创,314597100.0,份,,,akshare:20260902
2026-09-02,akshare_fund_etf_scale_sse,SH,588780,芯片设计,1007902000.0,份,,,akshare:20260902
2026-09-02,akshare_fund_etf_scale_sse,SH,588790,科创智能,3298384000.0,份,,,akshare:20260902
2026-09-02,akshare_fund_etf_scale_sse,SH,588800,科创100C,1714877000.0,份,,,akshare:20260902
2026-09-02,akshare_fund_etf_scale_sse,SH,588810,科创板芯,804324000.0,份,,,akshare:20260902
2026-09-02,akshare_fund_etf_scale_sse,SH,588820,科创200E,151400000.0,份,,,akshare:20260902
2026-09-02,akshare_fund_etf_scale_sse,SH,588830,科创新能,594847900.0,份,,,akshare:20260902
2026-09-02,akshare_fund_etf_scale_sse,SH,588840,50科创,61236000.0,份,,,akshare:20260902
2026-09-02,akshare_fund_etf_scale_sse,SH,588850,科创机械,76779000.0,份,,,akshare:20260902
2026-09-02,akshare_fund_etf_scale_sse,SH,588860,科创医药,356889400.0,份,,,akshare:20260902
2026-09-02,akshare_fund_etf_scale_sse,SH,588870,科创50指,809552000.0,份,,,akshare:20260902
2026-09-02,akshare_fund_etf_scale_sse,SH,588880,科创指数,108368000.0,份,,,akshare:20260902
2026-09-02,akshare_fund_etf_scale_sse,SH,588890,科创芯,2804430000.0,份,,,akshare:20260902
2026-09-02,akshare_fund_etf_scale_sse,SH,588900,科创100S,358783000.0,份,,,akshare:20260902
2026-09-02,akshare_fund_etf_scale_sse,SH,588910,科创价值,100049100.0,份,,,akshare:20260902
2026-09-02,akshare_fund_etf_scale_sse,SH,588920,KC芯片,321876000.0,份,,,akshare:20260902
2026-09-02,akshare_fund_etf_scale_sse,SH,588930,科创板AI,617329000.0,份,,,akshare:20260902
2026-09-02,akshare_fund_etf_scale_sse,SH,588940,科创富国,2936840000.0,份,,,akshare:20260902
2026-09-02,akshare_fund_etf_scale_sse,SH,588950,景顺科创,695729700.0,份,,,akshare:20260902
2026-09-02,akshare_fund_etf_scale_sse,SH,588960,新能科创,143579800.0,份,,,akshare:20260902
2026-09-02,akshare_fund_etf_scale_sse,SH,588980,科创广发,14420000.0,份,,,akshare:20260902
2026-09-02,akshare_fund_etf_scale_sse,SH,588990,科芯片,201745400.0,份,,,akshare:20260902
2026-09-02,akshare_fund_etf_scale_sse,SH,589000,科创综指,1063507800.0,份,,,akshare:20260902
2026-09-02,akshare_fund_etf_scale_sse,SH,589010,科创AI指,926793000.0,份,,,akshare:20260902
2026-09-02,akshare_fund_etf_scale_sse,SH,589020,KC半导体,4492438000.0,份,,,akshare:20260902
2026-09-02,akshare_fund_etf_scale_sse,SH,589030,科芯设计,883077000.0,份,,,akshare:20260902
2026-09-02,akshare_fund_etf_scale_sse,SH,589050,科创E,50968000.0,份,,,akshare:20260902
2026-09-02,akshare_fund_etf_scale_sse,SH,589060,科综东财,82137900.00000001,份,,,akshare:20260902
2026-09-02,akshare_fund_etf_scale_sse,SH,589070,科芯TH,1989293000.0,份,,,akshare:20260902
2026-09-02,akshare_fund_etf_scale_sse,SH,589080,科创综E,153061000.0,份,,,akshare:20260902
2026-09-02,akshare_fund_etf_scale_sse,SH,589090,KCAI,184431000.0,份,,,akshare:20260902
2026-09-02,akshare_fund_etf_scale_sse,SH,589100,国泰芯片,911442500.0,份,,,akshare:20260902
2026-09-02,akshare_fund_etf_scale_sse,SH,589110,科AI国泰,543413000.0,份,,,akshare:20260902
2026-09-02,akshare_fund_etf_scale_sse,SH,589120,创新药基,1401620000.0,份,,,akshare:20260902
2026-09-02,akshare_fund_etf_scale_sse,SH,589130,科创芯易,3359780000.0,份,,,akshare:20260902
2026-09-02,akshare_fund_etf_scale_sse,SH,589150,科创平安,823437200.0,份,,,akshare:20260902
2026-09-02,akshare_fund_etf_scale_sse,SH,589160,科芯片GF,284296000.0,份,,,akshare:20260902
2026-09-02,akshare_fund_etf_scale_sse,SH,589170,芯设计KC,144909000.0,份,,,akshare:20260902
2026-09-02,akshare_fund_etf_scale_sse,SH,589180,科创材基,140318000.0,份,,,akshare:20260902
2026-09-02,akshare_fund_etf_scale_sse,SH,589190,科创芯基,3493562000.0,份,,,akshare:20260902
2026-09-02,akshare_fund_etf_scale_sse,SH,589200,科200E,22507000.0,份,,,akshare:20260902
2026-09-02,akshare_fund_etf_scale_sse,SH,589210,芯设计GF,1324938000.0,份,,,akshare:20260902
2026-09-02,akshare_fund_etf_scale_sse,SH,589220,科200GT,322495800.0,份,,,akshare:20260902
2026-09-02,akshare_fund_etf_scale_sse,SH,589230,AI科创CS,243553000.0,份,,,akshare:20260902
2026-09-02,akshare_fund_etf_scale_sse,SH,589250,芯设计PY,75101300.0,份,,,akshare:20260902
2026-09-02,akshare_fund_etf_scale_sse,SH,589260,科创芯设,73156000.0,份,,,akshare:20260902
2026-09-02,akshare_fund_etf_scale_sse,SH,589270,科创100Q,24516600.0,份,,,akshare:20260902
2026-09-02,akshare_fund_etf_scale_sse,SH,589280,科综增指,149069000.0,份,,,akshare:20260902
2026-09-02,akshare_fund_etf_scale_sse,SH,589290,芯片主题,147848900.0,份,,,akshare:20260902
2026-09-02,akshare_fund_etf_scale_sse,SH,589300,科综嘉实,41582500.0,份,,,akshare:20260902
2026-09-02,akshare_fund_etf_scale_sse,SH,589310,科创人工,313491800.0,份,,,akshare:20260902
2026-09-02,akshare_fund_etf_scale_sse,SH,589320,科200JS,114053000.0,份,,,akshare:20260902
2026-09-02,akshare_fund_etf_scale_sse,SH,589330,科200DC,170902000.0,份,,,akshare:20260902
2026-09-02,akshare_fund_etf_scale_sse,SH,589350,科芯片指,222281500.0,份,,,akshare:20260902
2026-09-02,akshare_fund_etf_scale_sse,SH,589360,科创50GT,2687174000.0,份,,,akshare:20260902
2026-09-02,akshare_fund_etf_scale_sse,SH,589380,AI科创指,99694300.0,份,,,akshare:20260902
2026-09-02,akshare_fund_etf_scale_sse,SH,589390,芯设计,1355810500.0,份,,,akshare:20260902
2026-09-02,akshare_fund_etf_scale_sse,SH,589400,芯设计FG,307785200.0,份,,,akshare:20260902
2026-09-02,akshare_fund_etf_scale_sse,SH,589410,科创AIJS,560565600.0,份,,,akshare:20260902
2026-09-02,akshare_fund_etf_scale_sse,SH,589420,芯设计MW,358481500.0,份,,,akshare:20260902
2026-09-02,akshare_fund_etf_scale_sse,SH,589460,科200HB,214630900.0,份,,,akshare:20260902
2026-09-02,akshare_fund_etf_scale_sse,SH,589500,科综工银,80064000.0,份,,,akshare:20260902
2026-09-02,akshare_fund_etf_scale_sse,SH,589520,AI科创板,837104600.0000001,份,,,akshare:20260902
2026-09-02,akshare_fund_etf_scale_sse,SH,589550,KC价值,25295500.0,份,,,akshare:20260902
2026-09-02,akshare_fund_etf_scale_sse,SH,589560,科创AITF,259355000.0,份,,,akshare:20260902
2026-09-02,akshare_fund_etf_scale_sse,SH,589580,科综价格,14354800.0,份,,,akshare:20260902
2026-09-02,akshare_fund_etf_scale_sse,SH,589600,富国科综,221535000.0,份,,,akshare:20260902
2026-09-02,akshare_fund_etf_scale_sse,SH,589630,科综国泰,343258000.0,份,,,akshare:20260902
2026-09-02,akshare_fund_etf_scale_sse,SH,589660,综指科创,261530000.0,份,,,akshare:20260902
2026-09-02,akshare_fund_etf_scale_sse,SH,589680,科创综Z,1389943700.0,份,,,akshare:20260902
2026-09-02,akshare_fund_etf_scale_sse,SH,589700,成长科创,30291000.0,份,,,akshare:20260902
2026-09-02,akshare_fund_etf_scale_sse,SH,589720,科创新药,5229823000.0,份,,,akshare:20260902
2026-09-02,akshare_fund_etf_scale_sse,SH,589770,科创全指,153569200.0,份,,,akshare:20260902
2026-09-02,akshare_fund_etf_scale_sse,SH,589780,科200FG,69215000.0,份,,,akshare:20260902
2026-09-02,akshare_fund_etf_scale_sse,SH,589800,科创综合,1123988200.0,份,,,akshare:20260902
2026-09-02,akshare_fund_etf_scale_sse,SH,589820,科200F,129720200.0,份,,,akshare:20260902
2026-09-02,akshare_fund_etf_scale_sse,SH,589850,科创东财,748057000.0,份,,,akshare:20260902
2026-09-02,akshare_fund_etf_scale_sse,SH,589860,天弘科综,166224000.0,份,,,akshare:20260902
2026-09-02,akshare_fund_etf_scale_sse,SH,589880,科创综,449996000.0,份,,,akshare:20260902
2026-09-02,akshare_fund_etf_scale_sse,SH,589890,景顺科综,84987000.0,份,,,akshare:20260902
2026-09-02,akshare_fund_etf_scale_sse,SH,589900,博时科综,173908200.0,份,,,akshare:20260902
2026-09-02,akshare_fund_etf_scale_sse,SH,589950,科100FG,360873000.0,份,,,akshare:20260902
2026-09-02,akshare_fund_etf_scale_sse,SH,589960,科创新源,167316000.0,份,,,akshare:20260902
2026-09-02,akshare_fund_etf_scale_sse,SH,589980,科基100,129122000.0,份,,,akshare:20260902
2026-09-02,akshare_fund_etf_scale_sse,SH,589990,科创板综,110090000.0,份,,,akshare:20260902
2026-09-03,akshare_fund_etf_scale_sse,SH,510010,治理ETF,130524400.0,份,,,akshare:20260903
2026-09-03,akshare_fund_etf_scale_sse,SH,510020,超大ETF,35848000.0,份,,,akshare:20260903
2026-09-03,akshare_fund_etf_scale_sse,SH,510030,价值ETF,144229800.0,份,,,akshare:20260903
2026-09-03,akshare_fund_etf_scale_sse,SH,510040,上证180E,26480000.0,份,,,akshare:20260903
2026-09-03,akshare_fund_etf_scale_sse,SH,510050,50ETF,6560766800.000001,份,,,akshare:20260903
2026-09-03,akshare_fund_etf_scale_sse,SH,510060,央企ETF,34959200.0,份,,,akshare:20260903
2026-09-03,akshare_fund_etf_scale_sse,SH,510090,ESG建信,26081100.0,份,,,akshare:20260903
2026-09-03,akshare_fund_etf_scale_sse,SH,510100,SZ50ETF,933806799.9999999,份,,,akshare:20260903
2026-09-03,akshare_fund_etf_scale_sse,SH,510130,中盘ETF,31485100.000000004,份,,,akshare:20260903
2026-09-03,akshare_fund_etf_scale_sse,SH,510140,上证指,83230500.0,份,,,akshare:20260903
2026-09-03,akshare_fund_etf_scale_sse,SH,510150,消费ETF,2837178600.0,份,,,akshare:20260903
2026-09-03,akshare_fund_etf_scale_sse,SH,510160,产业升级,184057400.00000003,份,,,akshare:20260903
2026-09-03,akshare_fund_etf_scale_sse,SH,510170,商品ETF,334914800.00000006,份,,,akshare:20260903
2026-09-03,akshare_fund_etf_scale_sse,SH,510180,180ETF,4415557700.0,份,,,akshare:20260903
2026-09-03,akshare_fund_etf_scale_sse,SH,510190,上证50基,23650800.0,份,,,akshare:20260903
2026-09-03,akshare_fund_etf_scale_sse,SH,510200,上证券商,143385500.0,份,,,akshare:20260903
2026-09-03,akshare_fund_etf_scale_sse,SH,510210,综指ETF,14156192600.0,份,,,akshare:20260903
2026-09-03,akshare_fund_etf_scale_sse,SH,510230,金融ETF,658808000.0,份,,,akshare:20260903
2026-09-03,akshare_fund_etf_scale_sse,SH,510270,国企ETF,16832100.0,份,,,akshare:20260903
2026-09-03,akshare_fund_etf_scale_sse,SH,510290,380ETF,54448900.0,份,,,akshare:20260903
2026-09-03,akshare_fund_etf_scale_sse,SH,510300,300ETF,23120587700.0,份,,,akshare:20260903
2026-09-03,akshare_fund_etf_scale_sse,SH,510310,HS300ETF,11296544000.0,份,,,akshare:20260903
2026-09-03,akshare_fund_etf_scale_sse,SH,510320,300中金,634068500.0,份,,,akshare:20260903
2026-09-03,akshare_fund_etf_scale_sse,SH,510330,华夏300,8355849800.0,份,,,akshare:20260903
2026-09-03,akshare_fund_etf_scale_sse,SH,510350,工银300,676914700.0,份,,,akshare:20260903
2026-09-03,akshare_fund_etf_scale_sse,SH,510360,广发300,1781381200.0,份,,,akshare:20260903
2026-09-03,akshare_fund_etf_scale_sse,SH,510370,兴业300,87258100.0,份,,,akshare:20260903
2026-09-03,akshare_fund_etf_scale_sse,SH,510380,国寿300,1461802400.0,份,,,akshare:20260903
2026-09-03,akshare_fund_etf_scale_sse,SH,510390,平安300,136550000.0,份,,,akshare:20260903
2026-09-03,akshare_fund_etf_scale_sse,SH,510410,资源ETF,441258399.99999994,份,,,akshare:20260903
2026-09-03,akshare_fund_etf_scale_sse,SH,510500,500ETF,5059368600.0,份,,,akshare:20260903
2026-09-03,akshare_fund_etf_scale_sse,SH,510510,广发500,847038300.0,份,,,akshare:20260903
2026-09-03,akshare_fund_etf_scale_sse,SH,510530,工银500,47479399.99999999,份,,,akshare:20260903
2026-09-03,akshare_fund_etf_scale_sse,SH,510550,方正500,23743300.0,份,,,akshare:20260903
2026-09-03,akshare_fund_etf_scale_sse,SH,510560,国寿500,52318700.0,份,,,akshare:20260903
2026-09-03,akshare_fund_etf_scale_sse,SH,510570,兴业500,48060600.00000001,份,,,akshare:20260903
2026-09-03,akshare_fund_etf_scale_sse,SH,510580,ZZ500ETF,1125368300.0,份,,,akshare:20260903
2026-09-03,akshare_fund_etf_scale_sse,SH,510590,平安500,116386100.0,份,,,akshare:20260903
2026-09-03,akshare_fund_etf_scale_sse,SH,510600,沪50ETF,13015100.0,份,,,akshare:20260903
2026-09-03,akshare_fund_etf_scale_sse,SH,510630,消费30,555361500.0,份,,,akshare:20260903
2026-09-03,akshare_fund_etf_scale_sse,SH,510650,金融行业,11952500.0,份,,,akshare:20260903
2026-09-03,akshare_fund_etf_scale_sse,SH,510660,医药行业,52379700.0,份,,,akshare:20260903
2026-09-03,akshare_fund_etf_scale_sse,SH,510670,180指,177993000.0,份,,,akshare:20260903
2026-09-03,akshare_fund_etf_scale_sse,SH,510680,万家50,19324700.0,份,,,akshare:20260903
2026-09-03,akshare_fund_etf_scale_sse,SH,510710,上50ETF,102218900.0,份,,,akshare:20260903
2026-09-03,akshare_fund_etf_scale_sse,SH,510720,红利国泰,1645766000.0,份,,,akshare:20260903
2026-09-03,akshare_fund_etf_scale_sse,SH,510760,上证ETF,2990503700.0,份,,,akshare:20260903
2026-09-03,akshare_fund_etf_scale_sse,SH,510770,G60创新,21610700.0,份,,,akshare:20260903
2026-09-03,akshare_fund_etf_scale_sse,SH,510800,上证50,174576000.0,份,,,akshare:20260903
2026-09-03,akshare_fund_etf_scale_sse,SH,510810,上海国企,5970593700.0,份,,,akshare:20260903
2026-09-03,akshare_fund_etf_scale_sse,SH,510850,工银上50,46098900.0,份,,,akshare:20260903
2026-09-03,akshare_fund_etf_scale_sse,SH,510880,红利ETF,5593175699.999999,份,,,akshare:20260903
2026-09-03,akshare_fund_etf_scale_sse,SH,510900,恒生中国,3221021900.0,份,,,akshare:20260903
2026-09-03,akshare_fund_etf_scale_sse,SH,510910,上证指CS,150796000.0,份,,,akshare:20260903
2026-09-03,akshare_fund_etf_scale_sse,SH,510950,上证广发,101020800.0,份,,,akshare:20260903
2026-09-03,akshare_fund_etf_scale_sse,SH,510980,上证综合,611798000.0,份,,,akshare:20260903
2026-09-03,akshare_fund_etf_scale_sse,SH,510990,ESG180,40948600.0,份,,,akshare:20260903
2026-09-03,akshare_fund_etf_scale_sse,SH,511010,国债ETF,49916300.0,份,,,akshare:20260903
2026-09-03,akshare_fund_etf_scale_sse,SH,511020,活跃国债,38817500.0,份,,,akshare:20260903
2026-09-03,akshare_fund_etf_scale_sse,SH,511030,公司债,402740700.0,份,,,akshare:20260903
2026-09-03,akshare_fund_etf_scale_sse,SH,511060,5年地债,21446300.0,份,,,akshare:20260903
2026-09-03,akshare_fund_etf_scale_sse,SH,511070,沪公司债,295131000.0,份,,,akshare:20260903
2026-09-03,akshare_fund_etf_scale_sse,SH,511090,30年国债,289818100.0,份,,,akshare:20260903
2026-09-03,akshare_fund_etf_scale_sse,SH,511100,基准国债,107620500.0,份,,,akshare:20260903
2026-09-03,akshare_fund_etf_scale_sse,SH,511110,公司债易,330699600.0,份,,,akshare:20260903
2026-09-03,akshare_fund_etf_scale_sse,SH,511120,科创债基,117710600.0,份,,,akshare:20260903
2026-09-03,akshare_fund_etf_scale_sse,SH,511130,国债30年,195839700.0,份,,,akshare:20260903
2026-09-03,akshare_fund_etf_scale_sse,SH,511150,科债永赢,111530900.0,份,,,akshare:20260903
2026-09-03,akshare_fund_etf_scale_sse,SH,511160,国债东财,21860900.0,份,,,akshare:20260903
2026-09-03,akshare_fund_etf_scale_sse,SH,511180,上证转债,1025559700.0,份,,,akshare:20260903
2026-09-03,akshare_fund_etf_scale_sse,SH,511190,信用债,151314300.0,份,,,akshare:20260903
2026-09-03,akshare_fund_etf_scale_sse,SH,511200,信用债基,246797500.0,份,,,akshare:20260903
2026-09-03,akshare_fund_etf_scale_sse,SH,511220,城投ETF,5311881400.0,份,,,akshare:20260903
2026-09-03,akshare_fund_etf_scale_sse,SH,511260,十年国债,169386500.0,份,,,akshare:20260903
2026-09-03,akshare_fund_etf_scale_sse,SH,511270,10年地债,89937500.0,份,,,akshare:20260903
2026-09-03,akshare_fund_etf_scale_sse,SH,511360,短融ETF,735780600.0,份,,,akshare:20260903
2026-09-03,akshare_fund_etf_scale_sse,SH,511380,转债ETF,4657986700.0,份,,,akshare:20260903
2026-09-03,akshare_fund_etf_scale_sse,SH,511520,政金债,388166500.0,份,,,akshare:20260903
2026-09-03,akshare_fund_etf_scale_sse,SH,511580,国债政金,70966800.0,份,,,akshare:20260903
2026-09-03,akshare_fund_etf_scale_sse,SH,512000,券商ETF,71967035400.0,份,,,akshare:20260903
2026-09-03,akshare_fund_etf_scale_sse,SH,512010,医药ETF,40071694900.0,份,,,akshare:20260903
2026-09-03,akshare_fund_etf_scale_sse,SH,512020,A500,1109012700.0,份,,,akshare:20260903
2026-09-03,akshare_fund_etf_scale_sse,SH,512030,A50增,43240000.0,份,,,akshare:20260903
2026-09-03,akshare_fund_etf_scale_sse,SH,512040,国信价值,4496715900.0,份,,,akshare:20260903
2026-09-03,akshare_fund_etf_scale_sse,SH,512050,A500E,16156992200.0,份,,,akshare:20260903
2026-09-03,akshare_fund_etf_scale_sse,SH,512060,A100指基,10928000.0,份,,,akshare:20260903
2026-09-03,akshare_fund_etf_scale_sse,SH,512070,证券保险,16351479700.0,份,,,akshare:20260903
2026-09-03,akshare_fund_etf_scale_sse,SH,512080,A500中金,776186100.0,份,,,akshare:20260903
2026-09-03,akshare_fund_etf_scale_sse,SH,512090,MSCI易基,337592300.00000006,份,,,akshare:20260903
2026-09-03,akshare_fund_etf_scale_sse,SH,512100,1000ETF,6111217600.0,份,,,akshare:20260903
2026-09-03,akshare_fund_etf_scale_sse,SH,512120,医药50,776241900.0,份,,,akshare:20260903
2026-09-03,akshare_fund_etf_scale_sse,SH,512130,现金全指,14895000.0,份,,,akshare:20260903
2026-09-03,akshare_fund_etf_scale_sse,SH,512140,电力事业,141049000.0,份,,,akshare:20260903
2026-09-03,akshare_fund_etf_scale_sse,SH,512150,A50ETF,18073400.0,份,,,akshare:20260903
2026-09-03,akshare_fund_etf_scale_sse,SH,512160,MSCI基金,121777800.0,份,,,akshare:20260903
2026-09-03,akshare_fund_etf_scale_sse,SH,512170,医疗ETF,71649820500.0,份,,,akshare:20260903
2026-09-03,akshare_fund_etf_scale_sse,SH,512180,建信MSCI,48048000.0,份,,,akshare:20260903
2026-09-03,akshare_fund_etf_scale_sse,SH,512190,之江凤凰,201518400.0,份,,,akshare:20260903
2026-09-03,akshare_fund_etf_scale_sse,SH,512200,地产ETF,3033597900.0,份,,,akshare:20260903
2026-09-03,akshare_fund_etf_scale_sse,SH,512220,TMTETF,214467599.99999997,份,,,akshare:20260903
2026-09-03,akshare_fund_etf_scale_sse,SH,512240,A50龙头,21686000.0,份,,,akshare:20260903
2026-09-03,akshare_fund_etf_scale_sse,SH,512250,A50指数E,119600100.0,份,,,akshare:20260903
2026-09-03,akshare_fund_etf_scale_sse,SH,512260,500低波,19697700.0,份,,,akshare:20260903
2026-09-03,akshare_fund_etf_scale_sse,SH,512290,生物医药,3159820700.0,份,,,akshare:20260903
2026-09-03,akshare_fund_etf_scale_sse,SH,512330,信息ETF,355188000.0,份,,,akshare:20260903
2026-09-03,akshare_fund_etf_scale_sse,SH,512360,MSCI国际,27337700.0,份,,,akshare:20260903
2026-09-03,akshare_fund_etf_scale_sse,SH,512370,A500增指,296313000.0,份,,,akshare:20260903
2026-09-03,akshare_fund_etf_scale_sse,SH,512380,MSCI中国,75805600.0,份,,,akshare:20260903
2026-09-03,akshare_fund_etf_scale_sse,SH,512390,MSCI低波,12682000.0,份,,,akshare:20260903
2026-09-03,akshare_fund_etf_scale_sse,SH,512400,有色ETF,14056539000.0,份,,,akshare:20260903
2026-09-03,akshare_fund_etf_scale_sse,SH,512410,银行广发,42271700.0,份,,,akshare:20260903
2026-09-03,akshare_fund_etf_scale_sse,SH,512420,机械华安,75238900.0,份,,,akshare:20260903
2026-09-03,akshare_fund_etf_scale_sse,SH,512430,家电家居,28720000.0,份,,,akshare:20260903
2026-09-03,akshare_fund_etf_scale_sse,SH,512450,广发养殖,103867000.0,份,,,akshare:20260903
2026-09-03,akshare_fund_etf_scale_sse,SH,512460,电池主题,303823000.0,份,,,akshare:20260903
2026-09-03,akshare_fund_etf_scale_sse,SH,512480,半导体,19782007200.0,份,,,akshare:20260903
2026-09-03,akshare_fund_etf_scale_sse,SH,512500,中证500,1732008800.0,份,,,akshare:20260903
2026-09-03,akshare_fund_etf_scale_sse,SH,512510,ETF500,430429800.00000006,份,,,akshare:20260903
2026-09-03,akshare_fund_etf_scale_sse,SH,512520,MSCIETF,45056400.0,份,,,akshare:20260903
2026-09-03,akshare_fund_etf_scale_sse,SH,512530,300红利,95502000.0,份,,,akshare:20260903
2026-09-03,akshare_fund_etf_scale_sse,SH,512550,A50基金,108906000.0,份,,,akshare:20260903
2026-09-03,akshare_fund_etf_scale_sse,SH,512560,中证军工,954127000.0,份,,,akshare:20260903
2026-09-03,akshare_fund_etf_scale_sse,SH,512570,中证证券,4003806100.0,份,,,akshare:20260903
2026-09-03,akshare_fund_etf_scale_sse,SH,512580,环保ETF,571471700.0,份,,,akshare:20260903
2026-09-03,akshare_fund_etf_scale_sse,SH,512600,必选消费,1675256099.9999998,份,,,akshare:20260903
2026-09-03,akshare_fund_etf_scale_sse,SH,512620,农业TH,1414666000.0,份,,,akshare:20260903
2026-09-03,akshare_fund_etf_scale_sse,SH,512630,卫星基金,1636426000.0,份,,,akshare:20260903
2026-09-03,akshare_fund_etf_scale_sse,SH,512640,金融地产,20240900.0,份,,,akshare:20260903
2026-09-03,akshare_fund_etf_scale_sse,SH,512650,长三角,30941600.0,份,,,akshare:20260903
2026-09-03,akshare_fund_etf_scale_sse,SH,512660,军工ETF,6501080000.0,份,,,akshare:20260903
2026-09-03,akshare_fund_etf_scale_sse,SH,512670,国防ETF,2202652600.0,份,,,akshare:20260903
2026-09-03,akshare_fund_etf_scale_sse,SH,512680,军工基金,3092130100.0,份,,,akshare:20260903
2026-09-03,akshare_fund_etf_scale_sse,SH,512690,酒ETF,31681150200.0,份,,,akshare:20260903
2026-09-03,akshare_fund_etf_scale_sse,SH,512700,银行基金,696081000.0,份,,,akshare:20260903
2026-09-03,akshare_fund_etf_scale_sse,SH,512710,军工龙头,11570658400.0,份,,,akshare:20260903
2026-09-03,akshare_fund_etf_scale_sse,SH,512720,计算机,359453399.99999994,份,,,akshare:20260903
2026-09-03,akshare_fund_etf_scale_sse,SH,512730,银行FUND,51583900.0,份,,,akshare:20260903
2026-09-03,akshare_fund_etf_scale_sse,SH,512750,基本面50,46554900.0,份,,,akshare:20260903
2026-09-03,akshare_fund_etf_scale_sse,SH,512760,芯片ETF,9691445500.0,份,,,akshare:20260903
2026-09-03,akshare_fund_etf_scale_sse,SH,512770,战略新兴,98267800.0,份,,,akshare:20260903
2026-09-03,akshare_fund_etf_scale_sse,SH,512800,银行ETF,11738679900.0,份,,,akshare:20260903
2026-09-03,akshare_fund_etf_scale_sse,SH,512810,国防军工,979583500.0,份,,,akshare:20260903
2026-09-03,akshare_fund_etf_scale_sse,SH,512820,银行股基,370301900.0,份,,,akshare:20260903
2026-09-03,akshare_fund_etf_scale_sse,SH,512870,杭州湾区,22410600.0,份,,,akshare:20260903
2026-09-03,akshare_fund_etf_scale_sse,SH,512880,证券ETF,56162291500.0,份,,,akshare:20260903
2026-09-03,akshare_fund_etf_scale_sse,SH,512890,红利低波,26449110800.0,份,,,akshare:20260903
2026-09-03,akshare_fund_etf_scale_sse,SH,512900,证券基金,7454906000.0,份,,,akshare:20260903
2026-09-03,akshare_fund_etf_scale_sse,SH,512910,100ETF,131128799.99999999,份,,,akshare:20260903
2026-09-03,akshare_fund_etf_scale_sse,SH,512930,AIETF,4852521300.0,份,,,akshare:20260903
2026-09-03,akshare_fund_etf_scale_sse,SH,512940,有色矿业,2143705000.0,份,,,akshare:20260903
2026-09-03,akshare_fund_etf_scale_sse,SH,512950,央企改革,4044551000.0,份,,,akshare:20260903
2026-09-03,akshare_fund_etf_scale_sse,SH,512960,央调ETF,3854857300.0,份,,,akshare:20260903
2026-09-03,akshare_fund_etf_scale_sse,SH,512970,湾区ETF,4987600.0,份,,,akshare:20260903
2026-09-03,akshare_fund_etf_scale_sse,SH,512980,传媒ETF,5063924400.0,份,,,akshare:20260903
2026-09-03,akshare_fund_etf_scale_sse,SH,512990,MSCIA股,99015400.00000001,份,,,akshare:20260903
2026-09-03,akshare_fund_etf_scale_sse,SH,513000,225ETF,1003911400.0,份,,,akshare:20260903
2026-09-03,akshare_fund_etf_scale_sse,SH,513010,港股科技,44238307000.0,份,,,akshare:20260903
2026-09-03,akshare_fund_etf_scale_sse,SH,513020,科技HK,2288145400.0,份,,,akshare:20260903
2026-09-03,akshare_fund_etf_scale_sse,SH,513030,德国ETF,1019779000.0,份,,,akshare:20260903
2026-09-03,akshare_fund_etf_scale_sse,SH,513040,HK互联网,6794341300.0,份,,,akshare:20260903
2026-09-03,akshare_fund_etf_scale_sse,SH,513050,中概互联,34587432700.0,份,,,akshare:20260903
2026-09-03,akshare_fund_etf_scale_sse,SH,513060,恒生医疗,8585393300.0,份,,,akshare:20260903
2026-09-03,akshare_fund_etf_scale_sse,SH,513070,HK消费50,1336760799.9999998,份,,,akshare:20260903
2026-09-03,akshare_fund_etf_scale_sse,SH,513080,法国ETF,662916000.0,份,,,akshare:20260903
2026-09-03,akshare_fund_etf_scale_sse,SH,513090,香港证券,9768988000.0,份,,,akshare:20260903
2026-09-03,akshare_fund_etf_scale_sse,SH,513100,纳指ETF,9465110600.0,份,,,akshare:20260903
2026-09-03,akshare_fund_etf_scale_sse,SH,513110,纳指100,2204435000.0,份,,,akshare:20260903
2026-09-03,akshare_fund_etf_scale_sse,SH,513120,HK创新药,18761635400.0,份,,,akshare:20260903
2026-09-03,akshare_fund_etf_scale_sse,SH,513130,恒生科技,57782347000.0,份,,,akshare:20260903
2026-09-03,akshare_fund_etf_scale_sse,SH,513140,港股金融,78368000.0,份,,,akshare:20260903
2026-09-03,akshare_fund_etf_scale_sse,SH,513150,港科技50,100559800.0,份,,,akshare:20260903
2026-09-03,akshare_fund_etf_scale_sse,SH,513160,科技30,3189189300.0,份,,,akshare:20260903
2026-09-03,akshare_fund_etf_scale_sse,SH,513170,恒生央企,162573000.0,份,,,akshare:20260903
2026-09-03,akshare_fund_etf_scale_sse,SH,513180,恒指科技,69546759500.0,份,,,akshare:20260903
2026-09-03,akshare_fund_etf_scale_sse,SH,513190,H股金融,996936000.0,份,,,akshare:20260903
2026-09-03,akshare_fund_etf_scale_sse,SH,513200,港股医药,890282100.0000001,份,,,akshare:20260903
2026-09-03,akshare_fund_etf_scale_sse,SH,513210,恒生E,40942000.0,份,,,akshare:20260903
2026-09-03,akshare_fund_etf_scale_sse,SH,513220,互联网30,521109400.0,份,,,akshare:20260903
2026-09-03,akshare_fund_etf_scale_sse,SH,513230,H股消费,329422699.99999994,份,,,akshare:20260903
2026-09-03,akshare_fund_etf_scale_sse,SH,513240,港信息,107496000.0,份,,,akshare:20260903
2026-09-03,akshare_fund_etf_scale_sse,SH,513260,恒科技,4746243000.0,份,,,akshare:20260903
2026-09-03,akshare_fund_etf_scale_sse,SH,513280,恒生生物,365114500.0,份,,,akshare:20260903
2026-09-03,akshare_fund_etf_scale_sse,SH,513290,纳指生物,1056572100.0000001,份,,,akshare:20260903
2026-09-03,akshare_fund_etf_scale_sse,SH,513300,纳斯达克,5344421000.0,份,,,akshare:20260903
2026-09-03,akshare_fund_etf_scale_sse,SH,513310,中韩芯片,2439427000.0,份,,,akshare:20260903
2026-09-03,akshare_fund_etf_scale_sse,SH,513320,HK新经济,91010600.0,份,,,akshare:20260903
2026-09-03,akshare_fund_etf_scale_sse,SH,513330,恒生互联,70439480000.0,份,,,akshare:20260903
2026-09-03,akshare_fund_etf_scale_sse,SH,513350,油气ETF,846746000.0,份,,,akshare:20260903
2026-09-03,akshare_fund_etf_scale_sse,SH,513360,教育ETF,617713900.0,份,,,akshare:20260903
2026-09-03,akshare_fund_etf_scale_sse,SH,513380,科技恒生,17783784900.0,份,,,akshare:20260903
2026-09-03,akshare_fund_etf_scale_sse,SH,513390,纳指基金,2147379100.0,份,,,akshare:20260903
2026-09-03,akshare_fund_etf_scale_sse,SH,513400,道琼斯,2802062000.0,份,,,akshare:20260903
2026-09-03,akshare_fund_etf_scale_sse,SH,513500,标普500,10264638600.0,份,,,akshare:20260903
2026-09-03,akshare_fund_etf_scale_sse,SH,513520,日经ETF,1078387200.0,份,,,akshare:20260903
2026-09-03,akshare_fund_etf_scale_sse,SH,513530,港股红利,2922438700.0,份,,,akshare:20260903
2026-09-03,akshare_fund_etf_scale_sse,SH,513550,港股通50,1678992000.0,份,,,akshare:20260903
2026-09-03,akshare_fund_etf_scale_sse,SH,513560,香港科技,531386000.0,份,,,akshare:20260903
2026-09-03,akshare_fund_etf_scale_sse,SH,513580,HS科技,6060118000.0,份,,,akshare:20260903
2026-09-03,akshare_fund_etf_scale_sse,SH,513590,香港消费,130518900.0,份,,,akshare:20260903
2026-09-03,akshare_fund_etf_scale_sse,SH,513600,恒指ETF,608829500.0,份,,,akshare:20260903
2026-09-03,akshare_fund_etf_scale_sse,SH,513620,港医疗指,55216000.0,份,,,akshare:20260903
2026-09-03,akshare_fund_etf_scale_sse,SH,513630,香港红利,7520359000.0,份,,,akshare:20260903
2026-09-03,akshare_fund_etf_scale_sse,SH,513650,标普ETF,4369734000.0,份,,,akshare:20260903
2026-09-03,akshare_fund_etf_scale_sse,SH,513660,恒生通,1802000200.0,份,,,akshare:20260903
2026-09-03,akshare_fund_etf_scale_sse,SH,513690,恒生股息,3149979900.0,份,,,akshare:20260903
2026-09-03,akshare_fund_etf_scale_sse,SH,513700,香港医药,794846000.0,份,,,akshare:20260903
2026-09-03,akshare_fund_etf_scale_sse,SH,513720,香港互联,248859000.0,份,,,akshare:20260903
2026-09-03,akshare_fund_etf_scale_sse,SH,513730,东南亚,777355000.0,份,,,akshare:20260903
2026-09-03,akshare_fund_etf_scale_sse,SH,513750,港股非银,8039338000.0,份,,,akshare:20260903
2026-09-03,akshare_fund_etf_scale_sse,SH,513770,港股互联,14422137900.0,份,,,akshare:20260903
2026-09-03,akshare_fund_etf_scale_sse,SH,513780,港股新药,1887657000.0,份,,,akshare:20260903
2026-09-03,akshare_fund_etf_scale_sse,SH,513800,东证ETF,1037044400.0,份,,,akshare:20260903
2026-09-03,akshare_fund_etf_scale_sse,SH,513810,港股国企,41992000.0,份,,,akshare:20260903
2026-09-03,akshare_fund_etf_scale_sse,SH,513820,港股分红,1737669000.0,份,,,akshare:20260903
2026-09-03,akshare_fund_etf_scale_sse,SH,513830,红利港股,52811000.0,份,,,akshare:20260903
2026-09-03,akshare_fund_etf_scale_sse,SH,513850,美国50,1246892600.0,份,,,akshare:20260903
2026-09-03,akshare_fund_etf_scale_sse,SH,513860,HKC科技,2660470600.0,份,,,akshare:20260903
2026-09-03,akshare_fund_etf_scale_sse,SH,513870,纳指指数,1379671000.0,份,,,akshare:20260903
2026-09-03,akshare_fund_etf_scale_sse,SH,513880,日经225,1315970000.0,份,,,akshare:20260903
2026-09-03,akshare_fund_etf_scale_sse,SH,513890,HK科技,893128000.0,份,,,akshare:20260903
2026-09-03,akshare_fund_etf_scale_sse,SH,513900,港股100,89978000.0,份,,,akshare:20260903
2026-09-03,akshare_fund_etf_scale_sse,SH,513910,红利央企,1953276000.0,份,,,akshare:20260903
2026-09-03,akshare_fund_etf_scale_sse,SH,513920,央企40,2605231000.0,份,,,akshare:20260903
2026-09-03,akshare_fund_etf_scale_sse,SH,513930,香港生科,102908000.0,份,,,akshare:20260903
2026-09-03,akshare_fund_etf_scale_sse,SH,513950,恒生红利,2395619000.0,份,,,akshare:20260903
2026-09-03,akshare_fund_etf_scale_sse,SH,513970,恒生消费,1406041000.0,份,,,akshare:20260903
2026-09-03,akshare_fund_etf_scale_sse,SH,513980,科技港股,16660204000.0,份,,,akshare:20260903
2026-09-03,akshare_fund_etf_scale_sse,SH,513990,港股通综,43000000.0,份,,,akshare:20260903
2026-09-03,akshare_fund_etf_scale_sse,SH,515000,科技ETF,3252579300.0,份,,,akshare:20260903
2026-09-03,akshare_fund_etf_scale_sse,SH,515010,华夏证券,2075271600.0,份,,,akshare:20260903
2026-09-03,akshare_fund_etf_scale_sse,SH,515020,银行指数,372845300.0,份,,,akshare:20260903
2026-09-03,akshare_fund_etf_scale_sse,SH,515030,新汽车,1497384000.0,份,,,akshare:20260903
2026-09-03,akshare_fund_etf_scale_sse,SH,515040,工业金属,52319600.0,份,,,akshare:20260903
2026-09-03,akshare_fund_etf_scale_sse,SH,515050,5GETF,17457205400.0,份,,,akshare:20260903
2026-09-03,akshare_fund_etf_scale_sse,SH,515060,华夏地产,1004478100.0,份,,,akshare:20260903
2026-09-03,akshare_fund_etf_scale_sse,SH,515070,AI智能,7520940400.0,份,,,akshare:20260903
2026-09-03,akshare_fund_etf_scale_sse,SH,515080,中证红利,6762148900.0,份,,,akshare:20260903
2026-09-03,akshare_fund_etf_scale_sse,SH,515090,可持续,10801700.0,份,,,akshare:20260903
2026-09-03,akshare_fund_etf_scale_sse,SH,515100,红利100,3627941500.0,份,,,akshare:20260903
2026-09-03,akshare_fund_etf_scale_sse,SH,515110,国企方达,214295000.0,份,,,akshare:20260903
2026-09-03,akshare_fund_etf_scale_sse,SH,515120,创新药,17595993600.0,份,,,akshare:20260903
2026-09-03,akshare_fund_etf_scale_sse,SH,515130,HS300E,94463200.0,份,,,akshare:20260903
2026-09-03,akshare_fund_etf_scale_sse,SH,515150,国企富国,398703200.0,份,,,akshare:20260903
2026-09-03,akshare_fund_etf_scale_sse,SH,515160,MSCI招商,243955099.99999997,份,,,akshare:20260903
2026-09-03,akshare_fund_etf_scale_sse,SH,515170,食品饮料,8626757900.0,份,,,akshare:20260903
2026-09-03,akshare_fund_etf_scale_sse,SH,515180,100红利,12652637000.0,份,,,akshare:20260903
2026-09-03,akshare_fund_etf_scale_sse,SH,515190,BOCI500,293466100.0,份,,,akshare:20260903
2026-09-03,akshare_fund_etf_scale_sse,SH,515200,创新100,37943200.0,份,,,akshare:20260903
2026-09-03,akshare_fund_etf_scale_sse,SH,515210,钢铁ETF,986226100.0,份,,,akshare:20260903
2026-09-03,akshare_fund_etf_scale_sse,SH,515220,煤炭ETF,8970176900.0,份,,,akshare:20260903
2026-09-03,akshare_fund_etf_scale_sse,SH,515230,软件ETF,7944690900.0,份,,,akshare:20260903
2026-09-03,akshare_fund_etf_scale_sse,SH,515250,智能汽车,342944500.0,份,,,akshare:20260903
2026-09-03,akshare_fund_etf_scale_sse,SH,515260,电子ETF,890568400.0,份,,,akshare:20260903
2026-09-03,akshare_fund_etf_scale_sse,SH,515290,银行,2504572900.0,份,,,akshare:20260903
2026-09-03,akshare_fund_etf_scale_sse,SH,515300,红利300,3204675200.0,份,,,akshare:20260903
2026-09-03,akshare_fund_etf_scale_sse,SH,515310,添富300,318111200.0,份,,,akshare:20260903
2026-09-03,akshare_fund_etf_scale_sse,SH,515320,电子50,89309000.0,份,,,akshare:20260903
2026-09-03,akshare_fund_etf_scale_sse,SH,515330,天弘300,6173709500.0,份,,,akshare:20260903
2026-09-03,akshare_fund_etf_scale_sse,SH,515350,民生300,11699200.0,份,,,akshare:20260903
2026-09-03,akshare_fund_etf_scale_sse,SH,515360,方正300,37279300.0,份,,,akshare:20260903
2026-09-03,akshare_fund_etf_scale_sse,SH,515370,中证光伏,965713000.0,份,,,akshare:20260903
2026-09-03,akshare_fund_etf_scale_sse,SH,515380,泰康300,661599800.0,份,,,akshare:20260903
2026-09-03,akshare_fund_etf_scale_sse,SH,515390,HS300,1886683000.0,份,,,akshare:20260903
2026-09-03,akshare_fund_etf_scale_sse,SH,515400,大数据,1643631400.0000002,份,,,akshare:20260903
2026-09-03,akshare_fund_etf_scale_sse,SH,515450,红利50,14063835000.0,份,,,akshare:20260903
2026-09-03,akshare_fund_etf_scale_sse,SH,515460,质量红利,275091000.0,份,,,akshare:20260903
2026-09-03,akshare_fund_etf_scale_sse,SH,515480,红利一百,25340700.0,份,,,akshare:20260903
2026-09-03,akshare_fund_etf_scale_sse,SH,515530,泰康500,12242700.0,份,,,akshare:20260903
2026-09-03,akshare_fund_etf_scale_sse,SH,515550,国联500,20345700.0,份,,,akshare:20260903
2026-09-03,akshare_fund_etf_scale_sse,SH,515560,证券E,192883300.00000003,份,,,akshare:20260903
2026-09-03,akshare_fund_etf_scale_sse,SH,515580,中证科技,302031400.0,份,,,akshare:20260903
2026-09-03,akshare_fund_etf_scale_sse,SH,515590,500ETFEW,36113700.0,份,,,akshare:20260903
2026-09-03,akshare_fund_etf_scale_sse,SH,515600,央企创新,1037797400.0,份,,,akshare:20260903
2026-09-03,akshare_fund_etf_scale_sse,SH,515630,保险证券,925217700.0,份,,,akshare:20260903
2026-09-03,akshare_fund_etf_scale_sse,SH,515640,家电指数,17050000.0,份,,,akshare:20260903
2026-09-03,akshare_fund_etf_scale_sse,SH,515650,消费50,3021184000.0,份,,,akshare:20260903
2026-09-03,akshare_fund_etf_scale_sse,SH,515660,沪深300E,433594200.0,份,,,akshare:20260903
2026-09-03,akshare_fund_etf_scale_sse,SH,515680,创新央企,1099264700.0,份,,,akshare:20260903
2026-09-03,akshare_fund_etf_scale_sse,SH,515700,新能车,658510200.0,份,,,akshare:20260903
2026-09-03,akshare_fund_etf_scale_sse,SH,515710,食品ETF,2324599800.0,份,,,akshare:20260903
2026-09-03,akshare_fund_etf_scale_sse,SH,515720,金科富国,440611000.0,份,,,akshare:20260903
2026-09-03,akshare_fund_etf_scale_sse,SH,515730,家居家电,39892000.0,份,,,akshare:20260903
2026-09-03,akshare_fund_etf_scale_sse,SH,515750,科技50,263140500.0,份,,,akshare:20260903
2026-09-03,akshare_fund_etf_scale_sse,SH,515760,浙江国资,94388100.0,份,,,akshare:20260903
2026-09-03,akshare_fund_etf_scale_sse,SH,515770,MSCIAETF,39727300.0,份,,,akshare:20260903
2026-09-03,akshare_fund_etf_scale_sse,SH,515790,光伏ETF,5983494000.0,份,,,akshare:20260903
2026-09-03,akshare_fund_etf_scale_sse,SH,515800,800ETF,3907937199.9999995,份,,,akshare:20260903
2026-09-03,akshare_fund_etf_scale_sse,SH,515810,ZZ800ETF,263908800.0,份,,,akshare:20260903
2026-09-03,akshare_fund_etf_scale_sse,SH,515840,食品南方,33426400.0,份,,,akshare:20260903
2026-09-03,akshare_fund_etf_scale_sse,SH,515850,证券龙头,481291000.0,份,,,akshare:20260903
2026-09-03,akshare_fund_etf_scale_sse,SH,515860,科技100,101878900.0,份,,,akshare:20260903
2026-09-03,akshare_fund_etf_scale_sse,SH,515880,通信ETF,62547774000.0,份,,,akshare:20260903
2026-09-03,akshare_fund_etf_scale_sse,SH,515890,红利博时,377443900.0,份,,,akshare:20260903
2026-09-03,akshare_fund_etf_scale_sse,SH,515900,央创ETF,2226046500.0,份,,,akshare:20260903
2026-09-03,akshare_fund_etf_scale_sse,SH,515910,质量ETF,224507000.0,份,,,akshare:20260903
2026-09-03,akshare_fund_etf_scale_sse,SH,515920,智能消费,64405700.0,份,,,akshare:20260903
2026-09-03,akshare_fund_etf_scale_sse,SH,515950,医药龙头,533200600.0,份,,,akshare:20260903
2026-09-03,akshare_fund_etf_scale_sse,SH,515960,医药100,239991900.0,份,,,akshare:20260903
2026-09-03,akshare_fund_etf_scale_sse,SH,515970,华夏机械,531088000.0,份,,,akshare:20260903
2026-09-03,akshare_fund_etf_scale_sse,SH,515980,人工智能,6311129000.0,份,,,akshare:20260903
2026-09-03,akshare_fund_etf_scale_sse,SH,515990,添富国企,53350200.00000001,份,,,akshare:20260903
2026-09-03,akshare_fund_etf_scale_sse,SH,516000,数据ETF,451855000.0,份,,,akshare:20260903
2026-09-03,akshare_fund_etf_scale_sse,SH,516010,游戏ETF,2467693000.0,份,,,akshare:20260903
2026-09-03,akshare_fund_etf_scale_sse,SH,516020,化工ETF,3491326200.0,份,,,akshare:20260903
2026-09-03,akshare_fund_etf_scale_sse,SH,516050,科技龙头,161228000.0,份,,,akshare:20260903
2026-09-03,akshare_fund_etf_scale_sse,SH,516060,新药ETF,300237400.0,份,,,akshare:20260903
2026-09-03,akshare_fund_etf_scale_sse,SH,516070,碳中和50,291646000.0,份,,,akshare:20260903
2026-09-03,akshare_fund_etf_scale_sse,SH,516080,创新医药,5295554800.0,份,,,akshare:20260903
2026-09-03,akshare_fund_etf_scale_sse,SH,516090,新能源E,1670844800.0,份,,,akshare:20260903
2026-09-03,akshare_fund_etf_scale_sse,SH,516100,科技金融,1131759700.0,份,,,akshare:20260903
2026-09-03,akshare_fund_etf_scale_sse,SH,516110,汽车ETF,215623100.0,份,,,akshare:20260903
2026-09-03,akshare_fund_etf_scale_sse,SH,516120,化工50,5032082000.0,份,,,akshare:20260903
2026-09-03,akshare_fund_etf_scale_sse,SH,516130,消费龙头,1579890000.0,份,,,akshare:20260903
2026-09-03,akshare_fund_etf_scale_sse,SH,516150,稀土基金,3810077000.0,份,,,akshare:20260903
2026-09-03,akshare_fund_etf_scale_sse,SH,516160,新能源,1510142000.0,份,,,akshare:20260903
2026-09-03,akshare_fund_etf_scale_sse,SH,516180,光伏产业,150987000.0,份,,,akshare:20260903
2026-09-03,akshare_fund_etf_scale_sse,SH,516190,文娱ETF,117818500.0,份,,,akshare:20260903
2026-09-03,akshare_fund_etf_scale_sse,SH,516200,证券行业,444604000.0,份,,,akshare:20260903
2026-09-03,akshare_fund_etf_scale_sse,SH,516210,银行股,75431000.0,份,,,akshare:20260903
2026-09-03,akshare_fund_etf_scale_sse,SH,516220,化工龙头,257170000.0,份,,,akshare:20260903
2026-09-03,akshare_fund_etf_scale_sse,SH,516230,光伏招商,748921000.0,份,,,akshare:20260903
2026-09-03,akshare_fund_etf_scale_sse,SH,516250,富国机械,63878000.0,份,,,akshare:20260903
2026-09-03,akshare_fund_etf_scale_sse,SH,516260,物联网50,43882600.0,份,,,akshare:20260903
2026-09-03,akshare_fund_etf_scale_sse,SH,516270,新能源50,304409000.0,份,,,akshare:20260903
2026-09-03,akshare_fund_etf_scale_sse,SH,516290,光伏基金,743196900.0,份,,,akshare:20260903
2026-09-03,akshare_fund_etf_scale_sse,SH,516300,中证1000,39012600.0,份,,,akshare:20260903
2026-09-03,akshare_fund_etf_scale_sse,SH,516310,银行指基,1563558500.0,份,,,akshare:20260903
2026-09-03,akshare_fund_etf_scale_sse,SH,516320,装备ETF,88589300.0,份,,,akshare:20260903
2026-09-03,akshare_fund_etf_scale_sse,SH,516330,物联网,8471300.0,份,,,akshare:20260903
2026-09-03,akshare_fund_etf_scale_sse,SH,516350,芯片50,1426415300.0,份,,,akshare:20260903
2026-09-03,akshare_fund_etf_scale_sse,SH,516360,新材料,57551800.0,份,,,akshare:20260903
2026-09-03,akshare_fund_etf_scale_sse,SH,516370,全指电力,291408000.0,份,,,akshare:20260903
2026-09-03,akshare_fund_etf_scale_sse,SH,516380,智能电车,84449300.0,份,,,akshare:20260903
2026-09-03,akshare_fund_etf_scale_sse,SH,516390,电动车,182761000.0,份,,,akshare:20260903
2026-09-03,akshare_fund_etf_scale_sse,SH,516440,南方机械,136126600.0,份,,,akshare:20260903
2026-09-03,akshare_fund_etf_scale_sse,SH,516460,现金流E,420693000.0,份,,,akshare:20260903
2026-09-03,akshare_fund_etf_scale_sse,SH,516500,生物ETF,204937200.0,份,,,akshare:20260903
2026-09-03,akshare_fund_etf_scale_sse,SH,516510,云计算,1491890000.0,份,,,akshare:20260903
2026-09-03,akshare_fund_etf_scale_sse,SH,516520,智能驾驶,789765500.0,份,,,akshare:20260903
2026-09-03,akshare_fund_etf_scale_sse,SH,516530,物流快递,16802300.0,份,,,akshare:20260903
2026-09-03,akshare_fund_etf_scale_sse,SH,516550,农业ETF,260414400.0,份,,,akshare:20260903
2026-09-03,akshare_fund_etf_scale_sse,SH,516560,养老ETF,211258000.0,份,,,akshare:20260903
2026-09-03,akshare_fund_etf_scale_sse,SH,516570,石化ETF,1125357600.0,份,,,akshare:20260903
2026-09-03,akshare_fund_etf_scale_sse,SH,516580,新能源BS,148124100.0,份,,,akshare:20260903
2026-09-03,akshare_fund_etf_scale_sse,SH,516590,电动汽车,52015000.0,份,,,akshare:20260903
2026-09-03,akshare_fund_etf_scale_sse,SH,516600,消服ETF,110332099.99999999,份,,,akshare:20260903
2026-09-03,akshare_fund_etf_scale_sse,SH,516610,医服ETF,231974800.0,份,,,akshare:20260903
2026-09-03,akshare_fund_etf_scale_sse,SH,516620,影视ETF,304767500.0,份,,,akshare:20260903
2026-09-03,akshare_fund_etf_scale_sse,SH,516630,云计算50,473156000.0,份,,,akshare:20260903
2026-09-03,akshare_fund_etf_scale_sse,SH,516640,芯片龙头,1324482800.0,份,,,akshare:20260903
2026-09-03,akshare_fund_etf_scale_sse,SH,516650,有色50,5243464800.0,份,,,akshare:20260903
2026-09-03,akshare_fund_etf_scale_sse,SH,516660,新能汽车,155689000.0,份,,,akshare:20260903
2026-09-03,akshare_fund_etf_scale_sse,SH,516670,畜牧养殖,3352266300.0,份,,,akshare:20260903
2026-09-03,akshare_fund_etf_scale_sse,SH,516700,数据产业,170622000.0,份,,,akshare:20260903
2026-09-03,akshare_fund_etf_scale_sse,SH,516710,新材料50,74272000.0,份,,,akshare:20260903
2026-09-03,akshare_fund_etf_scale_sse,SH,516720,ESGETF,9337800.0,份,,,akshare:20260903
2026-09-03,akshare_fund_etf_scale_sse,SH,516730,证券公司,227380800.00000003,份,,,akshare:20260903
2026-09-03,akshare_fund_etf_scale_sse,SH,516750,建材ETF,139167300.0,份,,,akshare:20260903
2026-09-03,akshare_fund_etf_scale_sse,SH,516760,养殖ETF,297215100.0,份,,,akshare:20260903
2026-09-03,akshare_fund_etf_scale_sse,SH,516770,游戏动漫,268048000.0,份,,,akshare:20260903
2026-09-03,akshare_fund_etf_scale_sse,SH,516780,稀土ETF,2392599700.0,份,,,akshare:20260903
2026-09-03,akshare_fund_etf_scale_sse,SH,516790,保健ETF,182682200.0,份,,,akshare:20260903
2026-09-03,akshare_fund_etf_scale_sse,SH,516800,智能制造,182308000.0,份,,,akshare:20260903
2026-09-03,akshare_fund_etf_scale_sse,SH,516810,农业,525478900.0,份,,,akshare:20260903
2026-09-03,akshare_fund_etf_scale_sse,SH,516820,医疗创新,4598415200.0,份,,,akshare:20260903
2026-09-03,akshare_fund_etf_scale_sse,SH,516830,300ESG,89676900.0,份,,,akshare:20260903
2026-09-03,akshare_fund_etf_scale_sse,SH,516840,汽车基金,135277000.0,份,,,akshare:20260903
2026-09-03,akshare_fund_etf_scale_sse,SH,516850,新能源80,142237000.0,份,,,akshare:20260903
2026-09-03,akshare_fund_etf_scale_sse,SH,516860,金融科技,1156522000.0,份,,,akshare:20260903
2026-09-03,akshare_fund_etf_scale_sse,SH,516880,光伏50,917944100.0,份,,,akshare:20260903
2026-09-03,akshare_fund_etf_scale_sse,SH,516890,新材ETF,33311400.0,份,,,akshare:20260903
2026-09-03,akshare_fund_etf_scale_sse,SH,516900,食品50,280229000.0,份,,,akshare:20260903
2026-09-03,akshare_fund_etf_scale_sse,SH,516910,物流ETF,58641800.0,份,,,akshare:20260903
2026-09-03,akshare_fund_etf_scale_sse,SH,516920,芯片基金,486963000.0,份,,,akshare:20260903
2026-09-03,akshare_fund_etf_scale_sse,SH,516930,生科ETF,106139599.99999999,份,,,akshare:20260903
2026-09-03,akshare_fund_etf_scale_sse,SH,516950,基建ETF,107821000.0,份,,,akshare:20260903
2026-09-03,akshare_fund_etf_scale_sse,SH,516960,机械ETF,16051099.999999998,份,,,akshare:20260903
2026-09-03,akshare_fund_etf_scale_sse,SH,516970,基建50,1172542500.0,份,,,akshare:20260903
2026-09-03,akshare_fund_etf_scale_sse,SH,516980,证券先锋,55016000.0,份,,,akshare:20260903
2026-09-03,akshare_fund_etf_scale_sse,SH,517000,沪港深,122793000.0,份,,,akshare:20260903
2026-09-03,akshare_fund_etf_scale_sse,SH,517010,HGS500E,78144200.0,份,,,akshare:20260903
2026-09-03,akshare_fund_etf_scale_sse,SH,517030,HGS300,84040300.0,份,,,akshare:20260903
2026-09-03,akshare_fund_etf_scale_sse,SH,517050,互联网50,347605000.0,份,,,akshare:20260903
2026-09-03,akshare_fund_etf_scale_sse,SH,517080,HGS500,173166000.0,份,,,akshare:20260903
2026-09-03,akshare_fund_etf_scale_sse,SH,517090,共赢ETF,53075000.0,份,,,akshare:20260903
2026-09-03,akshare_fund_etf_scale_sse,SH,517100,AH500ETF,143602100.0,份,,,akshare:20260903
2026-09-03,akshare_fund_etf_scale_sse,SH,517110,创新药HK,1341098500.0,份,,,akshare:20260903
2026-09-03,akshare_fund_etf_scale_sse,SH,517120,创新药50,572966400.0,份,,,akshare:20260903
2026-09-03,akshare_fund_etf_scale_sse,SH,517130,云计算JS,188654000.0,份,,,akshare:20260903
2026-09-03,akshare_fund_etf_scale_sse,SH,517160,长江ETF,1826777500.0,份,,,akshare:20260903
2026-09-03,akshare_fund_etf_scale_sse,SH,517170,沪港深E,16131800.0,份,,,akshare:20260903
2026-09-03,akshare_fund_etf_scale_sse,SH,517180,中国国企,89496299.99999999,份,,,akshare:20260903
2026-09-03,akshare_fund_etf_scale_sse,SH,517200,互联网,144782000.0,份,,,akshare:20260903
2026-09-03,akshare_fund_etf_scale_sse,SH,517230,云计算MW,160545800.0,份,,,akshare:20260903
2026-09-03,akshare_fund_etf_scale_sse,SH,517300,AH300ETF,1002434500.0,份,,,akshare:20260903
2026-09-03,akshare_fund_etf_scale_sse,SH,517330,长江保护,1809169000.0,份,,,akshare:20260903
2026-09-03,akshare_fund_etf_scale_sse,SH,517350,龙头科技,49042000.0,份,,,akshare:20260903
2026-09-03,akshare_fund_etf_scale_sse,SH,517360,AH科技,25083000.0,份,,,akshare:20260903
2026-09-03,akshare_fund_etf_scale_sse,SH,517380,创新药AH,3008326300.0,份,,,akshare:20260903
2026-09-03,akshare_fund_etf_scale_sse,SH,517390,云计算AH,130112600.0,份,,,akshare:20260903
2026-09-03,akshare_fund_etf_scale_sse,SH,517400,黄金股票,1031792000.0,份,,,akshare:20260903
2026-09-03,akshare_fund_etf_scale_sse,SH,517520,黄金股,6317904000.0,份,,,akshare:20260903
2026-09-03,akshare_fund_etf_scale_sse,SH,517550,消费主题,80417400.0,份,,,akshare:20260903
2026-09-03,akshare_fund_etf_scale_sse,SH,517660,物联网AH,39880700.0,份,,,akshare:20260903
2026-09-03,akshare_fund_etf_scale_sse,SH,517770,游戏传媒,195947800.0,份,,,akshare:20260903
2026-09-03,akshare_fund_etf_scale_sse,SH,517800,AI50,213539700.0,份,,,akshare:20260903
2026-09-03,akshare_fund_etf_scale_sse,SH,517850,张江ETF,38185200.0,份,,,akshare:20260903
2026-09-03,akshare_fund_etf_scale_sse,SH,517880,品牌消费,49337100.0,份,,,akshare:20260903
2026-09-03,akshare_fund_etf_scale_sse,SH,517900,银行优选,377993500.0,份,,,akshare:20260903
2026-09-03,akshare_fund_etf_scale_sse,SH,517950,交银科技,48623200.0,份,,,akshare:20260903
2026-09-03,akshare_fund_etf_scale_sse,SH,517990,医药基金,46987900.0,份,,,akshare:20260903
2026-09-03,akshare_fund_etf_scale_sse,SH,518600,上海金,833416300.0,份,,,akshare:20260903
2026-09-03,akshare_fund_etf_scale_sse,SH,518660,工银黄金,963752700.0,份,,,akshare:20260903
2026-09-03,akshare_fund_etf_scale_sse,SH,518680,金ETF,786269500.0,份,,,akshare:20260903
2026-09-03,akshare_fund_etf_scale_sse,SH,518800,黄金基金,3785879200.0,份,,,akshare:20260903
2026-09-03,akshare_fund_etf_scale_sse,SH,518850,黄金9999,1920678700.0,份,,,akshare:20260903
2026-09-03,akshare_fund_etf_scale_sse,SH,518860,上海金E,465459800.00000006,份,,,akshare:20260903
2026-09-03,akshare_fund_etf_scale_sse,SH,518880,黄金ETF,11711940800.0,份,,,akshare:20260903
2026-09-03,akshare_fund_etf_scale_sse,SH,518890,中银黄金,373754800.00000006,份,,,akshare:20260903
2026-09-03,akshare_fund_etf_scale_sse,SH,520500,恒生新药,1899305000.0,份,,,akshare:20260903
2026-09-03,akshare_fund_etf_scale_sse,SH,520510,港股医疗,241728000.0,份,,,akshare:20260903
2026-09-03,akshare_fund_etf_scale_sse,SH,520520,HK消费,52606000.0,份,,,akshare:20260903
2026-09-03,akshare_fund_etf_scale_sse,SH,520530,港科ETF,235776000.0,份,,,akshare:20260903
2026-09-03,akshare_fund_etf_scale_sse,SH,520550,红利恒生,1152524000.0,份,,,akshare:20260903
2026-09-03,akshare_fund_etf_scale_sse,SH,520560,香港30,607419000.0,份,,,akshare:20260903
2026-09-03,akshare_fund_etf_scale_sse,SH,520570,科技恒指,3508876000.0,份,,,akshare:20260903
2026-09-03,akshare_fund_etf_scale_sse,SH,520580,新兴亚洲,290983900.0,份,,,akshare:20260903
2026-09-03,akshare_fund_etf_scale_sse,SH,520590,恒科,196235000.0,份,,,akshare:20260903
2026-09-03,akshare_fund_etf_scale_sse,SH,520600,汽车港股,266368000.0,份,,,akshare:20260903
2026-09-03,akshare_fund_etf_scale_sse,SH,520610,港红利指,426963000.0,份,,,akshare:20260903
2026-09-03,akshare_fund_etf_scale_sse,SH,520620,港股消费,285409000.0,份,,,akshare:20260903
2026-09-03,akshare_fund_etf_scale_sse,SH,520630,互联港股,594610000.0,份,,,akshare:20260903
2026-09-03,akshare_fund_etf_scale_sse,SH,520650,互联网HK,2483255000.0,份,,,akshare:20260903
2026-09-03,akshare_fund_etf_scale_sse,SH,520660,港红利CS,1987485500.0,份,,,akshare:20260903
2026-09-03,akshare_fund_etf_scale_sse,SH,520670,港科基金,213928100.0,份,,,akshare:20260903
2026-09-03,akshare_fund_etf_scale_sse,SH,520680,港股通车,70369000.0,份,,,akshare:20260903
2026-09-03,akshare_fund_etf_scale_sse,SH,520690,恒生港药,631454000.0,份,,,akshare:20260903
2026-09-03,akshare_fund_etf_scale_sse,SH,520700,创新药WJ,460076000.0,份,,,akshare:20260903
2026-09-03,akshare_fund_etf_scale_sse,SH,520710,信息港股,97029000.0,份,,,akshare:20260903
2026-09-03,akshare_fund_etf_scale_sse,SH,520720,香港汽车,122942000.0,份,,,akshare:20260903
2026-09-03,akshare_fund_etf_scale_sse,SH,520730,汽车WJ,118394400.0,份,,,akshare:20260903
2026-09-03,akshare_fund_etf_scale_sse,SH,520740,互联香港,46012600.0,份,,,akshare:20260903
2026-09-03,akshare_fund_etf_scale_sse,SH,520750,HK信息,134384000.0,份,,,akshare:20260903
2026-09-03,akshare_fund_etf_scale_sse,SH,520760,港股生物,128466000.0,份,,,akshare:20260903
2026-09-03,akshare_fund_etf_scale_sse,SH,520770,港股恒指,213373800.0,份,,,akshare:20260903
2026-09-03,akshare_fund_etf_scale_sse,SH,520780,港股车50,39460000.0,份,,,akshare:20260903
2026-09-03,akshare_fund_etf_scale_sse,SH,520790,港互联网,582075000.0,份,,,akshare:20260903
2026-09-03,akshare_fund_etf_scale_sse,SH,520810,港高股息,318360000.0,份,,,akshare:20260903
2026-09-03,akshare_fund_etf_scale_sse,SH,520820,恒指通,58682000.0,份,,,akshare:20260903
2026-09-03,akshare_fund_etf_scale_sse,SH,520830,沙特ETF,1057619000.0,份,,,akshare:20260903
2026-09-03,akshare_fund_etf_scale_sse,SH,520840,港科技,1127049000.0,份,,,akshare:20260903
2026-09-03,akshare_fund_etf_scale_sse,SH,520850,港医疗,140249600.0,份,,,akshare:20260903
2026-09-03,akshare_fund_etf_scale_sse,SH,520860,港股通科,342195000.0,份,,,akshare:20260903
2026-09-03,akshare_fund_etf_scale_sse,SH,520870,巴西ETF,512477200.0,份,,,akshare:20260903
2026-09-03,akshare_fund_etf_scale_sse,SH,520880,港创新药,4395618000.0,份,,,akshare:20260903
2026-09-03,akshare_fund_etf_scale_sse,SH,520890,港红利,80508000.0,份,,,akshare:20260903
2026-09-03,akshare_fund_etf_scale_sse,SH,520900,红利香港,1531175000.0,份,,,akshare:20260903
2026-09-03,akshare_fund_etf_scale_sse,SH,520910,HK互联,755445000.0,份,,,akshare:20260903
2026-09-03,akshare_fund_etf_scale_sse,SH,520920,恒生科TH,18910019000.0,份,,,akshare:20260903
2026-09-03,akshare_fund_etf_scale_sse,SH,520930,恒生生科,160733000.0,份,,,akshare:20260903
2026-09-03,akshare_fund_etf_scale_sse,SH,520940,恒指基金,22297000.0,份,,,akshare:20260903
2026-09-03,akshare_fund_etf_scale_sse,SH,520950,港股50,325421000.0,份,,,akshare:20260903
2026-09-03,akshare_fund_etf_scale_sse,SH,520960,恒指港通,50603400.0,份,,,akshare:20260903
2026-09-03,akshare_fund_etf_scale_sse,SH,520970,港股通药,1252358000.0,份,,,akshare:20260903
2026-09-03,akshare_fund_etf_scale_sse,SH,520980,港科技30,3166387000.0,份,,,akshare:20260903
2026-09-03,akshare_fund_etf_scale_sse,SH,520990,国新红利,3409470500.0,份,,,akshare:20260903
2026-09-03,akshare_fund_etf_scale_sse,SH,526000,港股信息,176142000.0,份,,,akshare:20260903
2026-09-03,akshare_fund_etf_scale_sse,SH,526010,香港医疗,36458000.0,份,,,akshare:20260903
2026-09-03,akshare_fund_etf_scale_sse,SH,526030,港信息基,153465000.0,份,,,akshare:20260903
2026-09-03,akshare_fund_etf_scale_sse,SH,526050,香港信息,53630000.0,份,,,akshare:20260903
2026-09-03,akshare_fund_etf_scale_sse,SH,526070,恒生博时,52377000.0,份,,,akshare:20260903
2026-09-03,akshare_fund_etf_scale_sse,SH,530000,50ETF基,938029400.0,份,,,akshare:20260903
2026-09-03,akshare_fund_etf_scale_sse,SH,530050,SH50ETF,125813000.0,份,,,akshare:20260903
2026-09-03,akshare_fund_etf_scale_sse,SH,530060,上证综E,873193000.0,份,,,akshare:20260903
2026-09-03,akshare_fund_etf_scale_sse,SH,530080,180指基,24917000.0,份,,,akshare:20260903
2026-09-03,akshare_fund_etf_scale_sse,SH,530100,上证580,120696000.0,份,,,akshare:20260903
2026-09-03,akshare_fund_etf_scale_sse,SH,530180,上证180,57952000.0,份,,,akshare:20260903
2026-09-03,akshare_fund_etf_scale_sse,SH,530280,180ETF指,29934000.0,份,,,akshare:20260903
2026-09-03,akshare_fund_etf_scale_sse,SH,530300,180指数,33643000.0,份,,,akshare:20260903
2026-09-03,akshare_fund_etf_scale_sse,SH,530380,上证380,134705000.0,份,,,akshare:20260903
2026-09-03,akshare_fund_etf_scale_sse,SH,530530,580ETF,134460000.0,份,,,akshare:20260903
2026-09-03,akshare_fund_etf_scale_sse,SH,530580,180基金,53149000.0,份,,,akshare:20260903
2026-09-03,akshare_fund_etf_scale_sse,SH,530680,180E,106891900.0,份,,,akshare:20260903
2026-09-03,akshare_fund_etf_scale_sse,SH,530800,上180ETF,18201800.0,份,,,akshare:20260903
2026-09-03,akshare_fund_etf_scale_sse,SH,530880,上证红利,39336000.0,份,,,akshare:20260903
2026-09-03,akshare_fund_etf_scale_sse,SH,551000,科创债,77904100.0,份,,,akshare:20260903
2026-09-03,akshare_fund_etf_scale_sse,SH,551030,科创债券,183340000.0,份,,,akshare:20260903
2026-09-03,akshare_fund_etf_scale_sse,SH,551060,科创债沪,57351000.0,份,,,akshare:20260903
2026-09-03,akshare_fund_etf_scale_sse,SH,551300,科创债摩,50997500.0,份,,,akshare:20260903
2026-09-03,akshare_fund_etf_scale_sse,SH,551500,科创债易,129470000.0,份,,,akshare:20260903
2026-09-03,akshare_fund_etf_scale_sse,SH,551510,科债AAA,142216100.0,份,,,akshare:20260903
2026-09-03,akshare_fund_etf_scale_sse,SH,551520,科创债汇,215211600.0,份,,,akshare:20260903
2026-09-03,akshare_fund_etf_scale_sse,SH,551550,科创AAA,179388200.0,份,,,akshare:20260903
2026-09-03,akshare_fund_etf_scale_sse,SH,551560,科创债兴,171728800.0,份,,,akshare:20260903
2026-09-03,akshare_fund_etf_scale_sse,SH,551580,科创债TK,107026800.0,份,,,akshare:20260903
2026-09-03,akshare_fund_etf_scale_sse,SH,551800,国泰科债,116081400.0,份,,,akshare:20260903
2026-09-03,akshare_fund_etf_scale_sse,SH,551900,科创债指,138931700.0,份,,,akshare:20260903
2026-09-03,akshare_fund_etf_scale_sse,SH,560010,1000基金,1846621700.0000002,份,,,akshare:20260903
2026-09-03,akshare_fund_etf_scale_sse,SH,560020,红利添富,131562000.0,份,,,akshare:20260903
2026-09-03,akshare_fund_etf_scale_sse,SH,560030,800价值,23432000.0,份,,,akshare:20260903
2026-09-03,akshare_fund_etf_scale_sse,SH,560050,MSCIA50,2167434400.0,份,,,akshare:20260903
2026-09-03,akshare_fund_etf_scale_sse,SH,560060,碳中和基,76090000.0,份,,,akshare:20260903
2026-09-03,akshare_fund_etf_scale_sse,SH,560070,央企分红,82362300.0,份,,,akshare:20260903
2026-09-03,akshare_fund_etf_scale_sse,SH,560080,中药ETF,2281765000.0,份,,,akshare:20260903
2026-09-03,akshare_fund_etf_scale_sse,SH,560090,证券指数,2287365000.0,份,,,akshare:20260903
2026-09-03,akshare_fund_etf_scale_sse,SH,560100,增强ETF,53580300.0,份,,,akshare:20260903
2026-09-03,akshare_fund_etf_scale_sse,SH,560110,ZZ1000,346903500.0,份,,,akshare:20260903
2026-09-03,akshare_fund_etf_scale_sse,SH,560120,500现金,578689000.0,份,,,akshare:20260903
2026-09-03,akshare_fund_etf_scale_sse,SH,560130,食品基金,69776200.0,份,,,akshare:20260903
2026-09-03,akshare_fund_etf_scale_sse,SH,560150,红利TK,678279299.9999999,份,,,akshare:20260903
2026-09-03,akshare_fund_etf_scale_sse,SH,560160,食品E,110706000.0,份,,,akshare:20260903
2026-09-03,akshare_fund_etf_scale_sse,SH,560170,央企科技,382495500.0,份,,,akshare:20260903
2026-09-03,akshare_fund_etf_scale_sse,SH,560180,ESG300,15603000.0,份,,,akshare:20260903
2026-09-03,akshare_fund_etf_scale_sse,SH,560190,公用事业,26834000.0,份,,,akshare:20260903
2026-09-03,akshare_fund_etf_scale_sse,SH,560210,景顺农牧,514522000.0,份,,,akshare:20260903
2026-09-03,akshare_fund_etf_scale_sse,SH,560220,2000基金,60717000.0,份,,,akshare:20260903
2026-09-03,akshare_fund_etf_scale_sse,SH,560230,光伏富国,85889000.0,份,,,akshare:20260903
2026-09-03,akshare_fund_etf_scale_sse,SH,560250,红利质量,139333000.0,份,,,akshare:20260903
2026-09-03,akshare_fund_etf_scale_sse,SH,560260,医疗50,1715664700.0,份,,,akshare:20260903
2026-09-03,akshare_fund_etf_scale_sse,SH,560270,电力指数,164439000.0,份,,,akshare:20260903
2026-09-03,akshare_fund_etf_scale_sse,SH,560280,工程机械,1478252000.0,份,,,akshare:20260903
2026-09-03,akshare_fund_etf_scale_sse,SH,560290,景顺有色,370694000.0,份,,,akshare:20260903
2026-09-03,akshare_fund_etf_scale_sse,SH,560300,电信50,27803400.0,份,,,akshare:20260903
2026-09-03,akshare_fund_etf_scale_sse,SH,560310,光伏博时,188122000.0,份,,,akshare:20260903
2026-09-03,akshare_fund_etf_scale_sse,SH,560320,食品富国,118332000.0,份,,,akshare:20260903
2026-09-03,akshare_fund_etf_scale_sse,SH,560330,300价值E,17130000.0,份,,,akshare:20260903
2026-09-03,akshare_fund_etf_scale_sse,SH,560350,A50指数,841532100.0000001,份,,,akshare:20260903
2026-09-03,akshare_fund_etf_scale_sse,SH,560360,软件指数,224345000.0,份,,,akshare:20260903
2026-09-03,akshare_fund_etf_scale_sse,SH,560370,全指红利,214584000.0,份,,,akshare:20260903
2026-09-03,akshare_fund_etf_scale_sse,SH,560380,A100,140861000.0,份,,,akshare:20260903
2026-09-03,akshare_fund_etf_scale_sse,SH,560390,电网E,2034258000.0,份,,,akshare:20260903
2026-09-03,akshare_fund_etf_scale_sse,SH,560400,证券华泰,170493000.0,份,,,akshare:20260903
2026-09-03,akshare_fund_etf_scale_sse,SH,560410,电池鹏华,58786100.0,份,,,akshare:20260903
2026-09-03,akshare_fund_etf_scale_sse,SH,560420,食品Q,130780200.0,份,,,akshare:20260903
2026-09-03,akshare_fund_etf_scale_sse,SH,560450,电力TH,244569000.0,份,,,akshare:20260903
2026-09-03,akshare_fund_etf_scale_sse,SH,560460,电力平安,281037000.0,份,,,akshare:20260903
2026-09-03,akshare_fund_etf_scale_sse,SH,560470,有色E,303340000.0,份,,,akshare:20260903
2026-09-03,akshare_fund_etf_scale_sse,SH,560480,中证电力,137303000.0,份,,,akshare:20260903
2026-09-03,akshare_fund_etf_scale_sse,SH,560490,华泰有色,106482000.0,份,,,akshare:20260903
2026-09-03,akshare_fund_etf_scale_sse,SH,560500,500质量,294339000.0,份,,,akshare:20260903
2026-09-03,akshare_fund_etf_scale_sse,SH,560510,中证A500,2531026900.0,份,,,akshare:20260903
2026-09-03,akshare_fund_etf_scale_sse,SH,560520,红利大成,50751000.0,份,,,akshare:20260903
2026-09-03,akshare_fund_etf_scale_sse,SH,560530,A500ETF,4006623700.0,份,,,akshare:20260903
2026-09-03,akshare_fund_etf_scale_sse,SH,560550,碳中和,123597400.0,份,,,akshare:20260903
2026-09-03,akshare_fund_etf_scale_sse,SH,560560,碳中和TK,70190100.0,份,,,akshare:20260903
2026-09-03,akshare_fund_etf_scale_sse,SH,560570,A500低波,1154541200.0,份,,,akshare:20260903
2026-09-03,akshare_fund_etf_scale_sse,SH,560580,电力指基,435003000.0,份,,,akshare:20260903
2026-09-03,akshare_fund_etf_scale_sse,SH,560590,1000鹏华,22710000.0,份,,,akshare:20260903
2026-09-03,akshare_fund_etf_scale_sse,SH,560610,A500指数,5242988400.0,份,,,akshare:20260903
2026-09-03,akshare_fund_etf_scale_sse,SH,560620,公用WJ,26367000.0,份,,,akshare:20260903
2026-09-03,akshare_fund_etf_scale_sse,SH,560630,机器人WJ,152394000.0,份,,,akshare:20260903
2026-09-03,akshare_fund_etf_scale_sse,SH,560660,云50ETF,128938000.0,份,,,akshare:20260903
2026-09-03,akshare_fund_etf_scale_sse,SH,560670,中证银行,41474000.0,份,,,akshare:20260903
2026-09-03,akshare_fund_etf_scale_sse,SH,560680,龙头消费,338225600.0,份,,,akshare:20260903
2026-09-03,akshare_fund_etf_scale_sse,SH,560690,电信主题,19639000.0,份,,,akshare:20260903
2026-09-03,akshare_fund_etf_scale_sse,SH,560700,央红利50,448036900.0,份,,,akshare:20260903
2026-09-03,akshare_fund_etf_scale_sse,SH,560710,船舶ETF,1736580000.0,份,,,akshare:20260903
2026-09-03,akshare_fund_etf_scale_sse,SH,560720,工银红利,96548000.0,份,,,akshare:20260903
2026-09-03,akshare_fund_etf_scale_sse,SH,560730,红利GTHT,78836300.0,份,,,akshare:20260903
2026-09-03,akshare_fund_etf_scale_sse,SH,560750,A500申万,78554800.0,份,,,akshare:20260903
2026-09-03,akshare_fund_etf_scale_sse,SH,560770,机器人ZS,1651633000.0,份,,,akshare:20260903
2026-09-03,akshare_fund_etf_scale_sse,SH,560780,半导设备,12994488000.0,份,,,akshare:20260903
2026-09-03,akshare_fund_etf_scale_sse,SH,560790,软件服务,225455900.0,份,,,akshare:20260903
2026-09-03,akshare_fund_etf_scale_sse,SH,560800,数字ETF,293951100.0,份,,,akshare:20260903
2026-09-03,akshare_fund_etf_scale_sse,SH,560810,央企ESG,181116000.0,份,,,akshare:20260903
2026-09-03,akshare_fund_etf_scale_sse,SH,560820,A50新华,40926000.0,份,,,akshare:20260903
2026-09-03,akshare_fund_etf_scale_sse,SH,560830,电指数,690019000.0,份,,,akshare:20260903
2026-09-03,akshare_fund_etf_scale_sse,SH,560850,信创50,68164000.0,份,,,akshare:20260903
2026-09-03,akshare_fund_etf_scale_sse,SH,560860,工业有色,5350233000.0,份,,,akshare:20260903
2026-09-03,akshare_fund_etf_scale_sse,SH,560870,中银有色,91351900.0,份,,,akshare:20260903
2026-09-03,akshare_fund_etf_scale_sse,SH,560880,家电基金,193732000.0,份,,,akshare:20260903
2026-09-03,akshare_fund_etf_scale_sse,SH,560900,创新药企,214969100.0,份,,,akshare:20260903
2026-09-03,akshare_fund_etf_scale_sse,SH,560910,中证电池,197721000.0,份,,,akshare:20260903
2026-09-03,akshare_fund_etf_scale_sse,SH,560920,招商机械,44373300.0,份,,,akshare:20260903
2026-09-03,akshare_fund_etf_scale_sse,SH,560930,电力E,205024000.0,份,,,akshare:20260903
2026-09-03,akshare_fund_etf_scale_sse,SH,560950,500增,15483000.0,份,,,akshare:20260903
2026-09-03,akshare_fund_etf_scale_sse,SH,560970,有色金属,67138000.0,份,,,akshare:20260903
2026-09-03,akshare_fund_etf_scale_sse,SH,560980,光伏龙头,343522000.0,份,,,akshare:20260903
2026-09-03,akshare_fund_etf_scale_sse,SH,560990,科技先锋,15187100.0,份,,,akshare:20260903
2026-09-03,akshare_fund_etf_scale_sse,SH,561000,300指增,49920000.0,份,,,akshare:20260903
2026-09-03,akshare_fund_etf_scale_sse,SH,561010,软件开发,290356000.0,份,,,akshare:20260903
2026-09-03,akshare_fund_etf_scale_sse,SH,561020,食品招商,30022199.999999996,份,,,akshare:20260903
2026-09-03,akshare_fund_etf_scale_sse,SH,561030,机械华泰,186550000.0,份,,,akshare:20260903
2026-09-03,akshare_fund_etf_scale_sse,SH,561050,稀金属E,230250000.0,份,,,akshare:20260903
2026-09-03,akshare_fund_etf_scale_sse,SH,561060,红利国企,47065000.0,份,,,akshare:20260903
2026-09-03,akshare_fund_etf_scale_sse,SH,561080,现金自由,24250000.0,份,,,akshare:20260903
2026-09-03,akshare_fund_etf_scale_sse,SH,561090,A500增,209974000.0,份,,,akshare:20260903
2026-09-03,akshare_fund_etf_scale_sse,SH,561100,电子龙头,604746900.0,份,,,akshare:20260903
2026-09-03,akshare_fund_etf_scale_sse,SH,561120,家电ETF,28159899.999999996,份,,,akshare:20260903
2026-09-03,akshare_fund_etf_scale_sse,SH,561130,国货ETF,85935200.0,份,,,akshare:20260903
2026-09-03,akshare_fund_etf_scale_sse,SH,561160,锂电池,2298835000.0,份,,,akshare:20260903
2026-09-03,akshare_fund_etf_scale_sse,SH,561170,绿电50,534032699.99999994,份,,,akshare:20260903
2026-09-03,akshare_fund_etf_scale_sse,SH,561180,A100ETF,49609600.0,份,,,akshare:20260903
2026-09-03,akshare_fund_etf_scale_sse,SH,561190,双碳ETF,193318000.0,份,,,akshare:20260903
2026-09-03,akshare_fund_etf_scale_sse,SH,561200,A100基金,33470500.0,份,,,akshare:20260903
2026-09-03,akshare_fund_etf_scale_sse,SH,561220,国企数字,47553000.0,份,,,akshare:20260903
2026-09-03,akshare_fund_etf_scale_sse,SH,561230,A50,452477800.0,份,,,akshare:20260903
2026-09-03,akshare_fund_etf_scale_sse,SH,561250,稀金属PH,71752200.0,份,,,akshare:20260903
2026-09-03,akshare_fund_etf_scale_sse,SH,561260,能源ETF,23095200.0,份,,,akshare:20260903
2026-09-03,akshare_fund_etf_scale_sse,SH,561280,增强1000,84847700.0,份,,,akshare:20260903
2026-09-03,akshare_fund_etf_scale_sse,SH,561300,300增ETF,511965000.0,份,,,akshare:20260903
2026-09-03,akshare_fund_etf_scale_sse,SH,561310,消电ETF,104833100.0,份,,,akshare:20260903
2026-09-03,akshare_fund_etf_scale_sse,SH,561320,交运ETF,34369000.0,份,,,akshare:20260903
2026-09-03,akshare_fund_etf_scale_sse,SH,561330,矿业ETF,1822392100.0,份,,,akshare:20260903
2026-09-03,akshare_fund_etf_scale_sse,SH,561350,国泰500,88700000.0,份,,,akshare:20260903
2026-09-03,akshare_fund_etf_scale_sse,SH,561360,石油ETF,1342148000.0,份,,,akshare:20260903
2026-09-03,akshare_fund_etf_scale_sse,SH,561370,2000ETF,32356000.0,份,,,akshare:20260903
2026-09-03,akshare_fund_etf_scale_sse,SH,561380,电网ETF,6288534000.0,份,,,akshare:20260903
2026-09-03,akshare_fund_etf_scale_sse,SH,561390,稀金属PA,89128100.0,份,,,akshare:20260903
2026-09-03,akshare_fund_etf_scale_sse,SH,561400,鑫元养殖,40519000.0,份,,,akshare:20260903
2026-09-03,akshare_fund_etf_scale_sse,SH,561410,光伏工银,204613300.00000003,份,,,akshare:20260903
2026-09-03,akshare_fund_etf_scale_sse,SH,561420,300现金,1010237000.0,份,,,akshare:20260903
2026-09-03,akshare_fund_etf_scale_sse,SH,561430,全指质量,35723200.0,份,,,akshare:20260903
2026-09-03,akshare_fund_etf_scale_sse,SH,561450,华泰红利,81624300.0,份,,,akshare:20260903
2026-09-03,akshare_fund_etf_scale_sse,SH,561460,AITH,1298520000.0,份,,,akshare:20260903
2026-09-03,akshare_fund_etf_scale_sse,SH,561470,畜牧TH,42936000.0,份,,,akshare:20260903
2026-09-03,akshare_fund_etf_scale_sse,SH,561490,红利财通,88631299.99999999,份,,,akshare:20260903
2026-09-03,akshare_fund_etf_scale_sse,SH,561500,漂亮50,54600300.0,份,,,akshare:20260903
2026-09-03,akshare_fund_etf_scale_sse,SH,561510,中医药,65206000.0,份,,,akshare:20260903
2026-09-03,akshare_fund_etf_scale_sse,SH,561530,N银行,172534000.0,份,,,akshare:20260903
2026-09-03,akshare_fund_etf_scale_sse,SH,561550,500指增,1334989600.0,份,,,akshare:20260903
2026-09-03,akshare_fund_etf_scale_sse,SH,561560,电力ETF,1929124200.0000002,份,,,akshare:20260903
2026-09-03,akshare_fund_etf_scale_sse,SH,561570,油气基金,73147000.0,份,,,akshare:20260903
2026-09-03,akshare_fund_etf_scale_sse,SH,561580,央企红利,1896870700.0,份,,,akshare:20260903
2026-09-03,akshare_fund_etf_scale_sse,SH,561590,1000增强,101499599.99999999,份,,,akshare:20260903
2026-09-03,akshare_fund_etf_scale_sse,SH,561600,消费电子,296548000.0,份,,,akshare:20260903
2026-09-03,akshare_fund_etf_scale_sse,SH,561620,华泰化工,34727000.0,份,,,akshare:20260903
2026-09-03,akshare_fund_etf_scale_sse,SH,561630,华泰质量,42898000.0,份,,,akshare:20260903
2026-09-03,akshare_fund_etf_scale_sse,SH,561660,通航基金,69710000.0,份,,,akshare:20260903
2026-09-03,akshare_fund_etf_scale_sse,SH,561680,A500红低,58169000.0,份,,,akshare:20260903
2026-09-03,akshare_fund_etf_scale_sse,SH,561700,电力基金,350313600.0,份,,,akshare:20260903
2026-09-03,akshare_fund_etf_scale_sse,SH,561730,中证A股,102748100.0,份,,,akshare:20260903
2026-09-03,akshare_fund_etf_scale_sse,SH,561750,A50博时,61496000.0,份,,,akshare:20260903
2026-09-03,akshare_fund_etf_scale_sse,SH,561760,油气博时,156195000.0,份,,,akshare:20260903
2026-09-03,akshare_fund_etf_scale_sse,SH,561770,指基A100,35550000.0,份,,,akshare:20260903
2026-09-03,akshare_fund_etf_scale_sse,SH,561780,1000指增,19355800.0,份,,,akshare:20260903
2026-09-03,akshare_fund_etf_scale_sse,SH,561790,现代能源,56034000.0,份,,,akshare:20260903
2026-09-03,akshare_fund_etf_scale_sse,SH,561800,稀金属,204577200.0,份,,,akshare:20260903
2026-09-03,akshare_fund_etf_scale_sse,SH,561810,华泰医疗,66638400.0,份,,,akshare:20260903
2026-09-03,akshare_fund_etf_scale_sse,SH,561830,有色GTHT,222571100.0,份,,,akshare:20260903
2026-09-03,akshare_fund_etf_scale_sse,SH,561870,现金流指,89765000.0,份,,,akshare:20260903
2026-09-03,akshare_fund_etf_scale_sse,SH,561880,A100指数,86389000.0,份,,,akshare:20260903
2026-09-03,akshare_fund_etf_scale_sse,SH,561890,A股E,41112600.0,份,,,akshare:20260903
2026-09-03,akshare_fund_etf_scale_sse,SH,561900,沪深ESG,26334400.0,份,,,akshare:20260903
2026-09-03,akshare_fund_etf_scale_sse,SH,561910,电池ETF,4790076600.0,份,,,akshare:20260903
2026-09-03,akshare_fund_etf_scale_sse,SH,561920,疫苗龙头,62692000.0,份,,,akshare:20260903
2026-09-03,akshare_fund_etf_scale_sse,SH,561930,招商300,187260600.0,份,,,akshare:20260903
2026-09-03,akshare_fund_etf_scale_sse,SH,561950,500增强A,72156000.0,份,,,akshare:20260903
2026-09-03,akshare_fund_etf_scale_sse,SH,561960,央企回报,56785200.00000001,份,,,akshare:20260903
2026-09-03,akshare_fund_etf_scale_sse,SH,561980,芯片设备,8615550000.0,份,,,akshare:20260903
2026-09-03,akshare_fund_etf_scale_sse,SH,561990,300增强,340649200.0,份,,,akshare:20260903
2026-09-03,akshare_fund_etf_scale_sse,SH,562000,中证A100,596737900.0,份,,,akshare:20260903
2026-09-03,akshare_fund_etf_scale_sse,SH,562010,绿色能源,18298700.0,份,,,akshare:20260903
2026-09-03,akshare_fund_etf_scale_sse,SH,562030,信创基金,136973900.0,份,,,akshare:20260903
2026-09-03,akshare_fund_etf_scale_sse,SH,562050,药ETF,99468000.0,份,,,akshare:20260903
2026-09-03,akshare_fund_etf_scale_sse,SH,562060,标普红利,5127792600.0,份,,,akshare:20260903
2026-09-03,akshare_fund_etf_scale_sse,SH,562070,300ETF增,549542000.0,份,,,akshare:20260903
2026-09-03,akshare_fund_etf_scale_sse,SH,562080,自由现金,594757200.0,份,,,akshare:20260903
2026-09-03,akshare_fund_etf_scale_sse,SH,562180,红低A500,125150000.0,份,,,akshare:20260903
2026-09-03,akshare_fund_etf_scale_sse,SH,562300,低碳ETF,55495000.0,份,,,akshare:20260903
2026-09-03,akshare_fund_etf_scale_sse,SH,562310,300成长,422572300.00000006,份,,,akshare:20260903
2026-09-03,akshare_fund_etf_scale_sse,SH,562320,300价值A,55295500.0,份,,,akshare:20260903
2026-09-03,akshare_fund_etf_scale_sse,SH,562330,500价值,12018900.000000002,份,,,akshare:20260903
2026-09-03,akshare_fund_etf_scale_sse,SH,562340,500成长,9144300.0,份,,,akshare:20260903
2026-09-03,akshare_fund_etf_scale_sse,SH,562350,电力,130410900.0,份,,,akshare:20260903
2026-09-03,akshare_fund_etf_scale_sse,SH,562360,机器人YH,292474000.0,份,,,akshare:20260903
2026-09-03,akshare_fund_etf_scale_sse,SH,562380,科技引领,75128900.0,份,,,akshare:20260903
2026-09-03,akshare_fund_etf_scale_sse,SH,562390,中药,80429000.0,份,,,akshare:20260903
2026-09-03,akshare_fund_etf_scale_sse,SH,562500,机器人,18487187300.0,份,,,akshare:20260903
2026-09-03,akshare_fund_etf_scale_sse,SH,562510,旅游ETF,1125095000.0,份,,,akshare:20260903
2026-09-03,akshare_fund_etf_scale_sse,SH,562520,1000成长,28568000.0,份,,,akshare:20260903
2026-09-03,akshare_fund_etf_scale_sse,SH,562530,1000价值,159144000.0,份,,,akshare:20260903
2026-09-03,akshare_fund_etf_scale_sse,SH,562550,绿电ETF,1502919300.0,份,,,akshare:20260903
2026-09-03,akshare_fund_etf_scale_sse,SH,562560,信息技术,22765500.0,份,,,akshare:20260903
2026-09-03,akshare_fund_etf_scale_sse,SH,562570,信创ETF,299281000.0,份,,,akshare:20260903
2026-09-03,akshare_fund_etf_scale_sse,SH,562580,可选消费,42223300.0,份,,,akshare:20260903
2026-09-03,akshare_fund_etf_scale_sse,SH,562590,半导材料,9208989000.0,份,,,akshare:20260903
2026-09-03,akshare_fund_etf_scale_sse,SH,562600,医疗器械,451937400.0,份,,,akshare:20260903
2026-09-03,akshare_fund_etf_scale_sse,SH,562660,ZZ2000,366874000.0,份,,,akshare:20260903
2026-09-03,akshare_fund_etf_scale_sse,SH,562700,汽车零件,97750000.0,份,,,akshare:20260903
2026-09-03,akshare_fund_etf_scale_sse,SH,562800,稀有金属,5704645000.0,份,,,akshare:20260903
2026-09-03,akshare_fund_etf_scale_sse,SH,562810,上证增强,50451000.0,份,,,akshare:20260903
2026-09-03,akshare_fund_etf_scale_sse,SH,562820,集成电路,416408000.0,份,,,akshare:20260903
2026-09-03,akshare_fund_etf_scale_sse,SH,562850,央企能源,176981500.0,份,,,akshare:20260903
2026-09-03,akshare_fund_etf_scale_sse,SH,562860,疫苗ETF,332895000.0,份,,,akshare:20260903
2026-09-03,akshare_fund_etf_scale_sse,SH,562870,证券全指,588005200.0,份,,,akshare:20260903
2026-09-03,akshare_fund_etf_scale_sse,SH,562880,电池基金,893899600.0000001,份,,,akshare:20260903
2026-09-03,akshare_fund_etf_scale_sse,SH,562890,A50中证,272051000.0,份,,,akshare:20260903
2026-09-03,akshare_fund_etf_scale_sse,SH,562900,现代农业,240706300.0,份,,,akshare:20260903
2026-09-03,akshare_fund_etf_scale_sse,SH,562910,高端制造,298227300.0,份,,,akshare:20260903
2026-09-03,akshare_fund_etf_scale_sse,SH,562920,信息安全,89069000.0,份,,,akshare:20260903
2026-09-03,akshare_fund_etf_scale_sse,SH,562930,软件30,1713437000.0,份,,,akshare:20260903
2026-09-03,akshare_fund_etf_scale_sse,SH,562950,消电50,1049258300.0,份,,,akshare:20260903
2026-09-03,akshare_fund_etf_scale_sse,SH,562960,绿色电力,1231391000.0,份,,,akshare:20260903
2026-09-03,akshare_fund_etf_scale_sse,SH,562970,光伏E,368448000.0,份,,,akshare:20260903
2026-09-03,akshare_fund_etf_scale_sse,SH,562990,碳中和E,376756000.0,份,,,akshare:20260903
2026-09-03,akshare_fund_etf_scale_sse,SH,563000,中国A50,1528451099.9999998,份,,,akshare:20260903
2026-09-03,akshare_fund_etf_scale_sse,SH,563010,电信ETF,88189300.0,份,,,akshare:20260903
2026-09-03,akshare_fund_etf_scale_sse,SH,563020,低波红利,10467910000.0,份,,,akshare:20260903
2026-09-03,akshare_fund_etf_scale_sse,SH,563030,增强500,127169000.0,份,,,akshare:20260903
2026-09-03,akshare_fund_etf_scale_sse,SH,563050,科技央企,143208400.0,份,,,akshare:20260903
2026-09-03,akshare_fund_etf_scale_sse,SH,563060,央企50,180527000.0,份,,,akshare:20260903
2026-09-03,akshare_fund_etf_scale_sse,SH,563080,中证A50E,1098588400.0,份,,,akshare:20260903
2026-09-03,akshare_fund_etf_scale_sse,SH,563090,上50增强,54848000.0,份,,,akshare:20260903
2026-09-03,akshare_fund_etf_scale_sse,SH,563150,油气资源,34399000.0,份,,,akshare:20260903
2026-09-03,akshare_fund_etf_scale_sse,SH,563180,高股息,100420000.0,份,,,akshare:20260903
2026-09-03,akshare_fund_etf_scale_sse,SH,563200,2000指数,51458800.0,份,,,akshare:20260903
2026-09-03,akshare_fund_etf_scale_sse,SH,563210,专精特新,110067000.0,份,,,akshare:20260903
2026-09-03,akshare_fund_etf_scale_sse,SH,563220,A500富国,6389013700.0,份,,,akshare:20260903
2026-09-03,akshare_fund_etf_scale_sse,SH,563230,卫星ETF,3343237000.0,份,,,akshare:20260903
2026-09-03,akshare_fund_etf_scale_sse,SH,563280,A50增强,5206600.0,份,,,akshare:20260903
2026-09-03,akshare_fund_etf_scale_sse,SH,563300,中证2000,4593674000.0,份,,,akshare:20260903
2026-09-03,akshare_fund_etf_scale_sse,SH,563320,通用航空,221892000.0,份,,,akshare:20260903
2026-09-03,akshare_fund_etf_scale_sse,SH,563330,A股ETF,30760600.0,份,,,akshare:20260903
2026-09-03,akshare_fund_etf_scale_sse,SH,563350,中证A50,171997599.99999997,份,,,akshare:20260903
2026-09-03,akshare_fund_etf_scale_sse,SH,563360,A500基金,31219987400.000004,份,,,akshare:20260903
2026-09-03,akshare_fund_etf_scale_sse,SH,563380,航空航天,857950000.0,份,,,akshare:20260903
2026-09-03,akshare_fund_etf_scale_sse,SH,563390,现金基金,2143344000.0,份,,,akshare:20260903
2026-09-03,akshare_fund_etf_scale_sse,SH,563500,A500华宝,765958700.0,份,,,akshare:20260903
2026-09-03,akshare_fund_etf_scale_sse,SH,563510,A500红利,280537000.0,份,,,akshare:20260903
2026-09-03,akshare_fund_etf_scale_sse,SH,563520,300永赢,439065000.0,份,,,akshare:20260903
2026-09-03,akshare_fund_etf_scale_sse,SH,563530,卫星E,1565748000.0,份,,,akshare:20260903
2026-09-03,akshare_fund_etf_scale_sse,SH,563550,增强A500,82559000.0,份,,,akshare:20260903
2026-09-03,akshare_fund_etf_scale_sse,SH,563560,科技成长,54769000.0,份,,,akshare:20260903
2026-09-03,akshare_fund_etf_scale_sse,SH,563570,金融科,104374000.0,份,,,akshare:20260903
2026-09-03,akshare_fund_etf_scale_sse,SH,563580,现金800,243648000.0,份,,,akshare:20260903
2026-09-03,akshare_fund_etf_scale_sse,SH,563590,红利A500,60944399.99999999,份,,,akshare:20260903
2026-09-03,akshare_fund_etf_scale_sse,SH,563600,A500增强,66483000.0,份,,,akshare:20260903
2026-09-03,akshare_fund_etf_scale_sse,SH,563620,现金流全,50049000.0,份,,,akshare:20260903
2026-09-03,akshare_fund_etf_scale_sse,SH,563630,A500指增,37947100.0,份,,,akshare:20260903
2026-09-03,akshare_fund_etf_scale_sse,SH,563650,A500中证,140909000.0,份,,,akshare:20260903
2026-09-03,akshare_fund_etf_scale_sse,SH,563660,A500银河,63085200.00000001,份,,,akshare:20260903
2026-09-03,akshare_fund_etf_scale_sse,SH,563670,金科基金,178987000.0,份,,,akshare:20260903
2026-09-03,akshare_fund_etf_scale_sse,SH,563680,现金流TF,103959000.0,份,,,akshare:20260903
2026-09-03,akshare_fund_etf_scale_sse,SH,563690,红利永赢,34882000.0,份,,,akshare:20260903
2026-09-03,akshare_fund_etf_scale_sse,SH,563700,红利价值,363150000.0,份,,,akshare:20260903
2026-09-03,akshare_fund_etf_scale_sse,SH,563750,500添富,339737000.0,份,,,akshare:20260903
2026-09-03,akshare_fund_etf_scale_sse,SH,563760,中银现金,699913200.0000001,份,,,akshare:20260903
2026-09-03,akshare_fund_etf_scale_sse,SH,563770,全指现金,27307000.0,份,,,akshare:20260903
2026-09-03,akshare_fund_etf_scale_sse,SH,563780,现金指数,242027100.0,份,,,akshare:20260903
2026-09-03,akshare_fund_etf_scale_sse,SH,563790,卫星产业,1186447000.0,份,,,akshare:20260903
2026-09-03,akshare_fund_etf_scale_sse,SH,563800,A500龙头,8998978100.0,份,,,akshare:20260903
2026-09-03,akshare_fund_etf_scale_sse,SH,563830,现金流基,134896000.0,份,,,akshare:20260903
2026-09-03,akshare_fund_etf_scale_sse,SH,563850,食品广发,114881700.0,份,,,akshare:20260903
2026-09-03,akshare_fund_etf_scale_sse,SH,563860,A500海富,182844300.0,份,,,akshare:20260903
2026-09-03,akshare_fund_etf_scale_sse,SH,563870,航空通用,106303900.0,份,,,akshare:20260903
2026-09-03,akshare_fund_etf_scale_sse,SH,563880,A500添富,1555996400.0000002,份,,,akshare:20260903
2026-09-03,akshare_fund_etf_scale_sse,SH,563890,红利国有,22336000.0,份,,,akshare:20260903
2026-09-03,akshare_fund_etf_scale_sse,SH,563900,现金流,455965700.0,份,,,akshare:20260903
2026-09-03,akshare_fund_etf_scale_sse,SH,563930,上指增强,28592000.0,份,,,akshare:20260903
2026-09-03,akshare_fund_etf_scale_sse,SH,563960,300质量,358512000.0,份,,,akshare:20260903
2026-09-03,akshare_fund_etf_scale_sse,SH,563980,800红利,188967000.0,份,,,akshare:20260903
2026-09-03,akshare_fund_etf_scale_sse,SH,563990,800现金,304573000.0,份,,,akshare:20260903
2026-09-03,akshare_fund_etf_scale_sse,SH,588000,科创50,52256668200.0,份,,,akshare:20260903
2026-09-03,akshare_fund_etf_scale_sse,SH,588010,科创材料,957925800.0,份,,,akshare:20260903
2026-09-03,akshare_fund_etf_scale_sse,SH,588020,科创50E,2201373000.0,份,,,akshare:20260903
2026-09-03,akshare_fund_etf_scale_sse,SH,588030,科创指基,2309838100.0,份,,,akshare:20260903
2026-09-03,akshare_fund_etf_scale_sse,SH,588040,科创板指,133889000.0,份,,,akshare:20260903
2026-09-03,akshare_fund_etf_scale_sse,SH,588050,科创ETF,6551241300.0,份,,,akshare:20260903
2026-09-03,akshare_fund_etf_scale_sse,SH,588060,上证科创,7369140000.0,份,,,akshare:20260903
2026-09-03,akshare_fund_etf_scale_sse,SH,588070,科创万家,40437000.0,份,,,akshare:20260903
2026-09-03,akshare_fund_etf_scale_sse,SH,588080,科创板50,25225628100.0,份,,,akshare:20260903
2026-09-03,akshare_fund_etf_scale_sse,SH,588090,科创板,3021072800.0000005,份,,,akshare:20260903
2026-09-03,akshare_fund_etf_scale_sse,SH,588100,科创信息,208746200.0,份,,,akshare:20260903
2026-09-03,akshare_fund_etf_scale_sse,SH,588110,科创成长,1045032000.0,份,,,akshare:20260903
2026-09-03,akshare_fund_etf_scale_sse,SH,588120,科100ETF,907622000.0,份,,,akshare:20260903
2026-09-03,akshare_fund_etf_scale_sse,SH,588130,科创药,457082600.0,份,,,akshare:20260903
2026-09-03,akshare_fund_etf_scale_sse,SH,588140,科200GF,217751000.0,份,,,akshare:20260903
2026-09-03,akshare_fund_etf_scale_sse,SH,588150,科创龙头,390932600.0,份,,,akshare:20260903
2026-09-03,akshare_fund_etf_scale_sse,SH,588160,科创新材,891996000.0,份,,,akshare:20260903
2026-09-03,akshare_fund_etf_scale_sse,SH,588170,科创半导,44859447000.0,份,,,akshare:20260903
2026-09-03,akshare_fund_etf_scale_sse,SH,588180,科创50基,741853700.0,份,,,akshare:20260903
2026-09-03,akshare_fund_etf_scale_sse,SH,588190,科创100,1357618299.9999998,份,,,akshare:20260903
2026-09-03,akshare_fund_etf_scale_sse,SH,588200,科创芯片,42986684300.0,份,,,akshare:20260903
2026-09-03,akshare_fund_etf_scale_sse,SH,588210,科创100E,250754000.0,份,,,akshare:20260903
2026-09-03,akshare_fund_etf_scale_sse,SH,588220,科创100F,3788697900.0,份,,,akshare:20260903
2026-09-03,akshare_fund_etf_scale_sse,SH,588230,科创200,734939000.0,份,,,akshare:20260903
2026-09-03,akshare_fund_etf_scale_sse,SH,588240,科200,119633000.0,份,,,akshare:20260903
2026-09-03,akshare_fund_etf_scale_sse,SH,588250,KC医药,269675000.0,份,,,akshare:20260903
2026-09-03,akshare_fund_etf_scale_sse,SH,588260,科创技术,46746000.0,份,,,akshare:20260903
2026-09-03,akshare_fund_etf_scale_sse,SH,588270,科创200F,304410000.0,份,,,akshare:20260903
2026-09-03,akshare_fund_etf_scale_sse,SH,588280,科创五零,396121000.0,份,,,akshare:20260903
2026-09-03,akshare_fund_etf_scale_sse,SH,588290,芯片科创,4901691000.0,份,,,akshare:20260903
2026-09-03,akshare_fund_etf_scale_sse,SH,588300,双创ETF,1528210500.0,份,,,akshare:20260903
2026-09-03,akshare_fund_etf_scale_sse,SH,588310,双创基金,30637500.0,份,,,akshare:20260903
2026-09-03,akshare_fund_etf_scale_sse,SH,588320,双创增强,83824599.99999999,份,,,akshare:20260903
2026-09-03,akshare_fund_etf_scale_sse,SH,588330,双创龙头,1187737800.0,份,,,akshare:20260903
2026-09-03,akshare_fund_etf_scale_sse,SH,588350,双创,658546000.0,份,,,akshare:20260903
2026-09-03,akshare_fund_etf_scale_sse,SH,588360,创创ETF,219081800.0,份,,,akshare:20260903
2026-09-03,akshare_fund_etf_scale_sse,SH,588370,科创策略,73272000.0,份,,,akshare:20260903
2026-09-03,akshare_fund_etf_scale_sse,SH,588380,创50ETF,2726770000.0,份,,,akshare:20260903
2026-09-03,akshare_fund_etf_scale_sse,SH,588390,科创创业,164935900.0,份,,,akshare:20260903
2026-09-03,akshare_fund_etf_scale_sse,SH,588400,双创50,1374600600.0,份,,,akshare:20260903
2026-09-03,akshare_fund_etf_scale_sse,SH,588410,双创AI,113250000.0,份,,,akshare:20260903
2026-09-03,akshare_fund_etf_scale_sse,SH,588420,AI双创,337648000.0,份,,,akshare:20260903
2026-09-03,akshare_fund_etf_scale_sse,SH,588430,科创创AI,96458000.0,份,,,akshare:20260903
2026-09-03,akshare_fund_etf_scale_sse,SH,588450,科创50增,60568700.0,份,,,akshare:20260903
2026-09-03,akshare_fund_etf_scale_sse,SH,588460,科创增强,649514000.0,份,,,akshare:20260903
2026-09-03,akshare_fund_etf_scale_sse,SH,588470,双创智能,280907000.0,份,,,akshare:20260903
2026-09-03,akshare_fund_etf_scale_sse,SH,588480,AI50双创,239717000.0,份,,,akshare:20260903
2026-09-03,akshare_fund_etf_scale_sse,SH,588500,科创100Z,45647000.0,份,,,akshare:20260903
2026-09-03,akshare_fund_etf_scale_sse,SH,588510,智能双创,321175000.0,份,,,akshare:20260903
2026-09-03,akshare_fund_etf_scale_sse,SH,588520,科创增,12957000.0,份,,,akshare:20260903
2026-09-03,akshare_fund_etf_scale_sse,SH,588530,AIBOCI,225033300.00000003,份,,,akshare:20260903
2026-09-03,akshare_fund_etf_scale_sse,SH,588550,科创增指,63290000.0,份,,,akshare:20260903
2026-09-03,akshare_fund_etf_scale_sse,SH,588660,双创五零,39344000.0,份,,,akshare:20260903
2026-09-03,akshare_fund_etf_scale_sse,SH,588670,科综增强,39792000.0,份,,,akshare:20260903
2026-09-03,akshare_fund_etf_scale_sse,SH,588680,科100增,32361000.0,份,,,akshare:20260903
2026-09-03,akshare_fund_etf_scale_sse,SH,588690,科综指增,51636000.0,份,,,akshare:20260903
2026-09-03,akshare_fund_etf_scale_sse,SH,588700,科创生物,452836200.0,份,,,akshare:20260903
2026-09-03,akshare_fund_etf_scale_sse,SH,588710,科半导体,11586885000.0,份,,,akshare:20260903
2026-09-03,akshare_fund_etf_scale_sse,SH,588720,中银科创,109741800.0,份,,,akshare:20260903
2026-09-03,akshare_fund_etf_scale_sse,SH,588730,科创AI,724396300.0,份,,,akshare:20260903
2026-09-03,akshare_fund_etf_scale_sse,SH,588750,科创芯50,3244228000.0,份,,,akshare:20260903
2026-09-03,akshare_fund_etf_scale_sse,SH,588760,AI科创,2437532000.0,份,,,akshare:20260903
2026-09-03,akshare_fund_etf_scale_sse,SH,588770,信息科创,311597100.0,份,,,akshare:20260903
2026-09-03,akshare_fund_etf_scale_sse,SH,588780,芯片设计,1031902000.0,份,,,akshare:20260903
2026-09-03,akshare_fund_etf_scale_sse,SH,588790,科创智能,3289384000.0,份,,,akshare:20260903
2026-09-03,akshare_fund_etf_scale_sse,SH,588800,科创100C,1714877000.0,份,,,akshare:20260903
2026-09-03,akshare_fund_etf_scale_sse,SH,588810,科创板芯,900324000.0,份,,,akshare:20260903
2026-09-03,akshare_fund_etf_scale_sse,SH,588820,科创200E,151400000.0,份,,,akshare:20260903
2026-09-03,akshare_fund_etf_scale_sse,SH,588830,科创新能,601847900.0,份,,,akshare:20260903
2026-09-03,akshare_fund_etf_scale_sse,SH,588840,50科创,61236000.0,份,,,akshare:20260903
2026-09-03,akshare_fund_etf_scale_sse,SH,588850,科创机械,76779000.0,份,,,akshare:20260903
2026-09-03,akshare_fund_etf_scale_sse,SH,588860,科创医药,356889400.0,份,,,akshare:20260903
2026-09-03,akshare_fund_etf_scale_sse,SH,588870,科创50指,857552000.0,份,,,akshare:20260903
2026-09-03,akshare_fund_etf_scale_sse,SH,588880,科创指数,111368000.0,份,,,akshare:20260903
2026-09-03,akshare_fund_etf_scale_sse,SH,588890,科创芯,2801430000.0,份,,,akshare:20260903
2026-09-03,akshare_fund_etf_scale_sse,SH,588900,科创100S,358783000.0,份,,,akshare:20260903
2026-09-03,akshare_fund_etf_scale_sse,SH,588910,科创价值,100049100.0,份,,,akshare:20260903
2026-09-03,akshare_fund_etf_scale_sse,SH,588920,KC芯片,326876000.0,份,,,akshare:20260903
2026-09-03,akshare_fund_etf_scale_sse,SH,588930,科创板AI,617329000.0,份,,,akshare:20260903
2026-09-03,akshare_fund_etf_scale_sse,SH,588940,科创富国,2978840000.0,份,,,akshare:20260903
2026-09-03,akshare_fund_etf_scale_sse,SH,588950,景顺科创,713729700.0,份,,,akshare:20260903
2026-09-03,akshare_fund_etf_scale_sse,SH,588960,新能科创,143579800.0,份,,,akshare:20260903
2026-09-03,akshare_fund_etf_scale_sse,SH,588980,科创广发,14420000.0,份,,,akshare:20260903
2026-09-03,akshare_fund_etf_scale_sse,SH,588990,科芯片,201745400.0,份,,,akshare:20260903
2026-09-03,akshare_fund_etf_scale_sse,SH,589000,科创综指,1067507800.0,份,,,akshare:20260903
2026-09-03,akshare_fund_etf_scale_sse,SH,589010,科创AI指,932793000.0,份,,,akshare:20260903
2026-09-03,akshare_fund_etf_scale_sse,SH,589020,KC半导体,4524438000.0,份,,,akshare:20260903
2026-09-03,akshare_fund_etf_scale_sse,SH,589030,科芯设计,892077000.0,份,,,akshare:20260903
2026-09-03,akshare_fund_etf_scale_sse,SH,589050,科创E,50968000.0,份,,,akshare:20260903
2026-09-03,akshare_fund_etf_scale_sse,SH,589060,科综东财,82137900.00000001,份,,,akshare:20260903
2026-09-03,akshare_fund_etf_scale_sse,SH,589070,科芯TH,2001293000.0,份,,,akshare:20260903
2026-09-03,akshare_fund_etf_scale_sse,SH,589080,科创综E,148061000.0,份,,,akshare:20260903
2026-09-03,akshare_fund_etf_scale_sse,SH,589090,KCAI,184431000.0,份,,,akshare:20260903
2026-09-03,akshare_fund_etf_scale_sse,SH,589100,国泰芯片,923442500.0,份,,,akshare:20260903
2026-09-03,akshare_fund_etf_scale_sse,SH,589110,科AI国泰,540413000.0,份,,,akshare:20260903
2026-09-03,akshare_fund_etf_scale_sse,SH,589120,创新药基,1412620000.0,份,,,akshare:20260903
2026-09-03,akshare_fund_etf_scale_sse,SH,589130,科创芯易,3374780000.0,份,,,akshare:20260903
2026-09-03,akshare_fund_etf_scale_sse,SH,589150,科创平安,827437200.0,份,,,akshare:20260903
2026-09-03,akshare_fund_etf_scale_sse,SH,589160,科芯片GF,290296000.0,份,,,akshare:20260903
2026-09-03,akshare_fund_etf_scale_sse,SH,589170,芯设计KC,147909000.0,份,,,akshare:20260903
2026-09-03,akshare_fund_etf_scale_sse,SH,589180,科创材基,140318000.0,份,,,akshare:20260903
2026-09-03,akshare_fund_etf_scale_sse,SH,589190,科创芯基,3577562000.0,份,,,akshare:20260903
2026-09-03,akshare_fund_etf_scale_sse,SH,589200,科200E,22507000.0,份,,,akshare:20260903
2026-09-03,akshare_fund_etf_scale_sse,SH,589210,芯设计GF,1344938000.0,份,,,akshare:20260903
2026-09-03,akshare_fund_etf_scale_sse,SH,589220,科200GT,322495800.0,份,,,akshare:20260903
2026-09-03,akshare_fund_etf_scale_sse,SH,589230,AI科创CS,246053000.0,份,,,akshare:20260903
2026-09-03,akshare_fund_etf_scale_sse,SH,589250,芯设计PY,75101300.0,份,,,akshare:20260903
2026-09-03,akshare_fund_etf_scale_sse,SH,589260,科创芯设,79156000.0,份,,,akshare:20260903
2026-09-03,akshare_fund_etf_scale_sse,SH,589270,科创100Q,24516600.0,份,,,akshare:20260903
2026-09-03,akshare_fund_etf_scale_sse,SH,589280,科综增指,149069000.0,份,,,akshare:20260903
2026-09-03,akshare_fund_etf_scale_sse,SH,589290,芯片主题,147848900.0,份,,,akshare:20260903
2026-09-03,akshare_fund_etf_scale_sse,SH,589300,科综嘉实,41582500.0,份,,,akshare:20260903
2026-09-03,akshare_fund_etf_scale_sse,SH,589310,科创人工,313491800.0,份,,,akshare:20260903
2026-09-03,akshare_fund_etf_scale_sse,SH,589320,科200JS,114053000.0,份,,,akshare:20260903
2026-09-03,akshare_fund_etf_scale_sse,SH,589330,科200DC,170902000.0,份,,,akshare:20260903
2026-09-03,akshare_fund_etf_scale_sse,SH,589350,科芯片指,230281500.0,份,,,akshare:20260903
2026-09-03,akshare_fund_etf_scale_sse,SH,589360,科创50GT,2681174000.0,份,,,akshare:20260903
2026-09-03,akshare_fund_etf_scale_sse,SH,589380,AI科创指,99694300.0,份,,,akshare:20260903
2026-09-03,akshare_fund_etf_scale_sse,SH,589390,芯设计,1375810500.0,份,,,akshare:20260903
2026-09-03,akshare_fund_etf_scale_sse,SH,589400,芯设计FG,307785200.0,份,,,akshare:20260903
2026-09-03,akshare_fund_etf_scale_sse,SH,589410,科创AIJS,560565600.0,份,,,akshare:20260903
2026-09-03,akshare_fund_etf_scale_sse,SH,589420,芯设计MW,362481500.0,份,,,akshare:20260903
2026-09-03,akshare_fund_etf_scale_sse,SH,589460,科200HB,214630900.0,份,,,akshare:20260903
2026-09-03,akshare_fund_etf_scale_sse,SH,589500,科综工银,80064000.0,份,,,akshare:20260903
2026-09-03,akshare_fund_etf_scale_sse,SH,589520,AI科创板,843104600.0000001,份,,,akshare:20260903
2026-09-03,akshare_fund_etf_scale_sse,SH,589550,KC价值,25295500.0,份,,,akshare:20260903
2026-09-03,akshare_fund_etf_scale_sse,SH,589560,科创AITF,256355000.0,份,,,akshare:20260903
2026-09-03,akshare_fund_etf_scale_sse,SH,589580,科综价格,14354800.0,份,,,akshare:20260903
2026-09-03,akshare_fund_etf_scale_sse,SH,589600,富国科综,221535000.0,份,,,akshare:20260903
2026-09-03,akshare_fund_etf_scale_sse,SH,589630,科综国泰,343258000.0,份,,,akshare:20260903
2026-09-03,akshare_fund_etf_scale_sse,SH,589660,综指科创,265530000.0,份,,,akshare:20260903
2026-09-03,akshare_fund_etf_scale_sse,SH,589680,科创综Z,1404943700.0,份,,,akshare:20260903
2026-09-03,akshare_fund_etf_scale_sse,SH,589700,成长科创,30291000.0,份,,,akshare:20260903
2026-09-03,akshare_fund_etf_scale_sse,SH,589720,科创新药,5148823000.0,份,,,akshare:20260903
2026-09-03,akshare_fund_etf_scale_sse,SH,589770,科创全指,153569200.0,份,,,akshare:20260903
2026-09-03,akshare_fund_etf_scale_sse,SH,589780,科200FG,69215000.0,份,,,akshare:20260903
2026-09-03,akshare_fund_etf_scale_sse,SH,589800,科创综合,1119988200.0,份,,,akshare:20260903
2026-09-03,akshare_fund_etf_scale_sse,SH,589820,科200F,129720200.0,份,,,akshare:20260903
2026-09-03,akshare_fund_etf_scale_sse,SH,589850,科创东财,769057000.0,份,,,akshare:20260903
2026-09-03,akshare_fund_etf_scale_sse,SH,589860,天弘科综,162224000.0,份,,,akshare:20260903
2026-09-03,akshare_fund_etf_scale_sse,SH,589880,科创综,449996000.0,份,,,akshare:20260903
2026-09-03,akshare_fund_etf_scale_sse,SH,589890,景顺科综,84987000.0,份,,,akshare:20260903
2026-09-03,akshare_fund_etf_scale_sse,SH,589900,博时科综,173908200.0,份,,,akshare:20260903
2026-09-03,akshare_fund_etf_scale_sse,SH,589950,科100FG,360873000.0,份,,,akshare:20260903
2026-09-03,akshare_fund_etf_scale_sse,SH,589960,科创新源,166316000.0,份,,,akshare:20260903
2026-09-03,akshare_fund_etf_scale_sse,SH,589980,科基100,129122000.0,份,,,akshare:20260903
2026-09-03,akshare_fund_etf_scale_sse,SH,589990,科创板综,110090000.0,份,,,akshare:20260903
2026-09-04,akshare_fund_etf_scale_sse,SH,510010,治理ETF,130524400.0,份,,,akshare:20260904
2026-09-04,akshare_fund_etf_scale_sse,SH,510020,超大ETF,35848000.0,份,,,akshare:20260904
2026-09-04,akshare_fund_etf_scale_sse,SH,510030,价值ETF,141229800.0,份,,,akshare:20260904
2026-09-04,akshare_fund_etf_scale_sse,SH,510040,上证180E,26480000.0,份,,,akshare:20260904
2026-09-04,akshare_fund_etf_scale_sse,SH,510050,50ETF,6810966800.000001,份,,,akshare:20260904
2026-09-04,akshare_fund_etf_scale_sse,SH,510060,央企ETF,34959200.0,份,,,akshare:20260904
2026-09-04,akshare_fund_etf_scale_sse,SH,510090,ESG建信,26081100.0,份,,,akshare:20260904
2026-09-04,akshare_fund_etf_scale_sse,SH,510100,SZ50ETF,959006799.9999999,份,,,akshare:20260904
2026-09-04,akshare_fund_etf_scale_sse,SH,510130,中盘ETF,31485100.000000004,份,,,akshare:20260904
2026-09-04,akshare_fund_etf_scale_sse,SH,510140,上证指,83230500.0,份,,,akshare:20260904
2026-09-04,akshare_fund_etf_scale_sse,SH,510150,消费ETF,2833178600.0,份,,,akshare:20260904
2026-09-04,akshare_fund_etf_scale_sse,SH,510160,产业升级,184057400.00000003,份,,,akshare:20260904
2026-09-04,akshare_fund_etf_scale_sse,SH,510170,商品ETF,328914800.00000006,份,,,akshare:20260904
2026-09-04,akshare_fund_etf_scale_sse,SH,510180,180ETF,4419557700.0,份,,,akshare:20260904
2026-09-04,akshare_fund_etf_scale_sse,SH,510190,上证50基,23650800.0,份,,,akshare:20260904
2026-09-04,akshare_fund_etf_scale_sse,SH,510200,上证券商,141885500.0,份,,,akshare:20260904
2026-09-04,akshare_fund_etf_scale_sse,SH,510210,综指ETF,14288192600.0,份,,,akshare:20260904
2026-09-04,akshare_fund_etf_scale_sse,SH,510230,金融ETF,640808000.0,份,,,akshare:20260904
2026-09-04,akshare_fund_etf_scale_sse,SH,510270,国企ETF,16832100.0,份,,,akshare:20260904
2026-09-04,akshare_fund_etf_scale_sse,SH,510290,380ETF,54448900.0,份,,,akshare:20260904
2026-09-04,akshare_fund_etf_scale_sse,SH,510300,300ETF,23377087700.0,份,,,akshare:20260904
2026-09-04,akshare_fund_etf_scale_sse,SH,510310,HS300ETF,11353244000.0,份,,,akshare:20260904
2026-09-04,akshare_fund_etf_scale_sse,SH,510320,300中金,634068500.0,份,,,akshare:20260904
2026-09-04,akshare_fund_etf_scale_sse,SH,510330,华夏300,8384649800.0,份,,,akshare:20260904
2026-09-04,akshare_fund_etf_scale_sse,SH,510350,工银300,676914700.0,份,,,akshare:20260904
2026-09-04,akshare_fund_etf_scale_sse,SH,510360,广发300,1817381200.0,份,,,akshare:20260904
2026-09-04,akshare_fund_etf_scale_sse,SH,510370,兴业300,87258100.0,份,,,akshare:20260904
2026-09-04,akshare_fund_etf_scale_sse,SH,510380,国寿300,1461802400.0,份,,,akshare:20260904
2026-09-04,akshare_fund_etf_scale_sse,SH,510390,平安300,136550000.0,份,,,akshare:20260904
2026-09-04,akshare_fund_etf_scale_sse,SH,510410,资源ETF,441258399.99999994,份,,,akshare:20260904
2026-09-04,akshare_fund_etf_scale_sse,SH,510500,500ETF,5219368600.0,份,,,akshare:20260904
2026-09-04,akshare_fund_etf_scale_sse,SH,510510,广发500,853038300.0,份,,,akshare:20260904
2026-09-04,akshare_fund_etf_scale_sse,SH,510530,工银500,47479399.99999999,份,,,akshare:20260904
2026-09-04,akshare_fund_etf_scale_sse,SH,510550,方正500,23743300.0,份,,,akshare:20260904
2026-09-04,akshare_fund_etf_scale_sse,SH,510560,国寿500,52318700.0,份,,,akshare:20260904
2026-09-04,akshare_fund_etf_scale_sse,SH,510570,兴业500,48060600.00000001,份,,,akshare:20260904
2026-09-04,akshare_fund_etf_scale_sse,SH,510580,ZZ500ETF,1138168300.0,份,,,akshare:20260904
2026-09-04,akshare_fund_etf_scale_sse,SH,510590,平安500,114386100.0,份,,,akshare:20260904
2026-09-04,akshare_fund_etf_scale_sse,SH,510600,沪50ETF,13315100.0,份,,,akshare:20260904
2026-09-04,akshare_fund_etf_scale_sse,SH,510630,消费30,548361500.0,份,,,akshare:20260904
2026-09-04,akshare_fund_etf_scale_sse,SH,510650,金融行业,12452500.0,份,,,akshare:20260904
2026-09-04,akshare_fund_etf_scale_sse,SH,510660,医药行业,52379700.0,份,,,akshare:20260904
2026-09-04,akshare_fund_etf_scale_sse,SH,510670,180指,177993000.0,份,,,akshare:20260904
2026-09-04,akshare_fund_etf_scale_sse,SH,510680,万家50,19324700.0,份,,,akshare:20260904
2026-09-04,akshare_fund_etf_scale_sse,SH,510710,上50ETF,103118900.0,份,,,akshare:20260904
2026-09-04,akshare_fund_etf_scale_sse,SH,510720,红利国泰,1645766000.0,份,,,akshare:20260904
2026-09-04,akshare_fund_etf_scale_sse,SH,510760,上证ETF,3050503700.0,份,,,akshare:20260904
2026-09-04,akshare_fund_etf_scale_sse,SH,510770,G60创新,21610700.0,份,,,akshare:20260904
2026-09-04,akshare_fund_etf_scale_sse,SH,510800,上证50,175576000.0,份,,,akshare:20260904
2026-09-04,akshare_fund_etf_scale_sse,SH,510810,上海国企,5969293700.0,份,,,akshare:20260904
2026-09-04,akshare_fund_etf_scale_sse,SH,510850,工银上50,46698900.0,份,,,akshare:20260904
2026-09-04,akshare_fund_etf_scale_sse,SH,510880,红利ETF,5571675699.999999,份,,,akshare:20260904
2026-09-04,akshare_fund_etf_scale_sse,SH,510900,恒生中国,3221021900.0,份,,,akshare:20260904
2026-09-04,akshare_fund_etf_scale_sse,SH,510910,上证指CS,150796000.0,份,,,akshare:20260904
2026-09-04,akshare_fund_etf_scale_sse,SH,510950,上证广发,101020800.0,份,,,akshare:20260904
2026-09-04,akshare_fund_etf_scale_sse,SH,510980,上证综合,623798000.0,份,,,akshare:20260904
2026-09-04,akshare_fund_etf_scale_sse,SH,510990,ESG180,40948600.0,份,,,akshare:20260904
2026-09-04,akshare_fund_etf_scale_sse,SH,511010,国债ETF,50596300.0,份,,,akshare:20260904
2026-09-04,akshare_fund_etf_scale_sse,SH,511020,活跃国债,38887500.0,份,,,akshare:20260904
2026-09-04,akshare_fund_etf_scale_sse,SH,511030,公司债,402740700.0,份,,,akshare:20260904
2026-09-04,akshare_fund_etf_scale_sse,SH,511060,5年地债,21746300.0,份,,,akshare:20260904
2026-09-04,akshare_fund_etf_scale_sse,SH,511070,沪公司债,296441000.0,份,,,akshare:20260904
2026-09-04,akshare_fund_etf_scale_sse,SH,511090,30年国债,293618100.0,份,,,akshare:20260904
2026-09-04,akshare_fund_etf_scale_sse,SH,511100,基准国债,108500500.0,份,,,akshare:20260904
2026-09-04,akshare_fund_etf_scale_sse,SH,511110,公司债易,332899600.0,份,,,akshare:20260904
2026-09-04,akshare_fund_etf_scale_sse,SH,511120,科创债基,117710600.0,份,,,akshare:20260904
2026-09-04,akshare_fund_etf_scale_sse,SH,511130,国债30年,196399700.0,份,,,akshare:20260904
2026-09-04,akshare_fund_etf_scale_sse,SH,511150,科债永赢,111530900.0,份,,,akshare:20260904
2026-09-04,akshare_fund_etf_scale_sse,SH,511160,国债东财,21860900.0,份,,,akshare:20260904
2026-09-04,akshare_fund_etf_scale_sse,SH,511180,上证转债,1020359700.0,份,,,akshare:20260904
2026-09-04,akshare_fund_etf_scale_sse,SH,511190,信用债,151364300.0,份,,,akshare:20260904
2026-09-04,akshare_fund_etf_scale_sse,SH,511200,信用债基,252167500.0,份,,,akshare:20260904
2026-09-04,akshare_fund_etf_scale_sse,SH,511220,城投ETF,5311881400.0,份,,,akshare:20260904
2026-09-04,akshare_fund_etf_scale_sse,SH,511260,十年国债,170936500.0,份,,,akshare:20260904
2026-09-04,akshare_fund_etf_scale_sse,SH,511270,10年地债,89937500.0,份,,,akshare:20260904
2026-09-04,akshare_fund_etf_scale_sse,SH,511360,短融ETF,747640600.0,份,,,akshare:20260904
2026-09-04,akshare_fund_etf_scale_sse,SH,511380,转债ETF,4723986700.0,份,,,akshare:20260904
2026-09-04,akshare_fund_etf_scale_sse,SH,511520,政金债,390166500.0,份,,,akshare:20260904
2026-09-04,akshare_fund_etf_scale_sse,SH,511580,国债政金,71466800.0,份,,,akshare:20260904
2026-09-04,akshare_fund_etf_scale_sse,SH,512000,券商ETF,71686235400.0,份,,,akshare:20260904
2026-09-04,akshare_fund_etf_scale_sse,SH,512010,医药ETF,40026694900.0,份,,,akshare:20260904
2026-09-04,akshare_fund_etf_scale_sse,SH,512020,A500,1118012700.0,份,,,akshare:20260904
2026-09-04,akshare_fund_etf_scale_sse,SH,512030,A50增,43240000.0,份,,,akshare:20260904
2026-09-04,akshare_fund_etf_scale_sse,SH,512040,国信价值,4536715900.0,份,,,akshare:20260904
2026-09-04,akshare_fund_etf_scale_sse,SH,512050,A500E,16477992200.0,份,,,akshare:20260904
2026-09-04,akshare_fund_etf_scale_sse,SH,512060,A100指基,10928000.0,份,,,akshare:20260904
2026-09-04,akshare_fund_etf_scale_sse,SH,512070,证券保险,16521479700.0,份,,,akshare:20260904
2026-09-04,akshare_fund_etf_scale_sse,SH,512080,A500中金,782186100.0,份,,,akshare:20260904
2026-09-04,akshare_fund_etf_scale_sse,SH,512090,MSCI易基,341592300.00000006,份,,,akshare:20260904
2026-09-04,akshare_fund_etf_scale_sse,SH,512100,1000ETF,6557217600.0,份,,,akshare:20260904
2026-09-04,akshare_fund_etf_scale_sse,SH,512120,医药50,776241900.0,份,,,akshare:20260904
2026-09-04,akshare_fund_etf_scale_sse,SH,512130,现金全指,14895000.0,份,,,akshare:20260904
2026-09-04,akshare_fund_etf_scale_sse,SH,512140,电力事业,139049000.0,份,,,akshare:20260904
2026-09-04,akshare_fund_etf_scale_sse,SH,512150,A50ETF,18073400.0,份,,,akshare:20260904
2026-09-04,akshare_fund_etf_scale_sse,SH,512160,MSCI基金,121777800.0,份,,,akshare:20260904
2026-09-04,akshare_fund_etf_scale_sse,SH,512170,医疗ETF,71652820500.0,份,,,akshare:20260904
2026-09-04,akshare_fund_etf_scale_sse,SH,512180,建信MSCI,48048000.0,份,,,akshare:20260904
2026-09-04,akshare_fund_etf_scale_sse,SH,512190,之江凤凰,208518400.0,份,,,akshare:20260904
2026-09-04,akshare_fund_etf_scale_sse,SH,512200,地产ETF,3217097900.0,份,,,akshare:20260904
2026-09-04,akshare_fund_etf_scale_sse,SH,512220,TMTETF,214467599.99999997,份,,,akshare:20260904
2026-09-04,akshare_fund_etf_scale_sse,SH,512240,A50龙头,21686000.0,份,,,akshare:20260904
2026-09-04,akshare_fund_etf_scale_sse,SH,512250,A50指数E,119600100.0,份,,,akshare:20260904
2026-09-04,akshare_fund_etf_scale_sse,SH,512260,500低波,19697700.0,份,,,akshare:20260904
2026-09-04,akshare_fund_etf_scale_sse,SH,512290,生物医药,3156820700.0,份,,,akshare:20260904
2026-09-04,akshare_fund_etf_scale_sse,SH,512330,信息ETF,355188000.0,份,,,akshare:20260904
2026-09-04,akshare_fund_etf_scale_sse,SH,512360,MSCI国际,27337700.0,份,,,akshare:20260904
2026-09-04,akshare_fund_etf_scale_sse,SH,512370,A500增指,296313000.0,份,,,akshare:20260904
2026-09-04,akshare_fund_etf_scale_sse,SH,512380,MSCI中国,75805600.0,份,,,akshare:20260904
2026-09-04,akshare_fund_etf_scale_sse,SH,512390,MSCI低波,9682000.0,份,,,akshare:20260904
2026-09-04,akshare_fund_etf_scale_sse,SH,512400,有色ETF,14372539000.0,份,,,akshare:20260904
2026-09-04,akshare_fund_etf_scale_sse,SH,512410,银行广发,41371700.0,份,,,akshare:20260904
2026-09-04,akshare_fund_etf_scale_sse,SH,512420,机械华安,73238900.0,份,,,akshare:20260904
2026-09-04,akshare_fund_etf_scale_sse,SH,512430,家电家居,28720000.0,份,,,akshare:20260904
2026-09-04,akshare_fund_etf_scale_sse,SH,512450,广发养殖,100867000.0,份,,,akshare:20260904
2026-09-04,akshare_fund_etf_scale_sse,SH,512460,电池主题,305823000.0,份,,,akshare:20260904
2026-09-04,akshare_fund_etf_scale_sse,SH,512480,半导体,20550007200.0,份,,,akshare:20260904
2026-09-04,akshare_fund_etf_scale_sse,SH,512500,中证500,1750408800.0,份,,,akshare:20260904
2026-09-04,akshare_fund_etf_scale_sse,SH,512510,ETF500,430429800.00000006,份,,,akshare:20260904
2026-09-04,akshare_fund_etf_scale_sse,SH,512520,MSCIETF,45056400.0,份,,,akshare:20260904
2026-09-04,akshare_fund_etf_scale_sse,SH,512530,300红利,94502000.0,份,,,akshare:20260904
2026-09-04,akshare_fund_etf_scale_sse,SH,512550,A50基金,108906000.0,份,,,akshare:20260904
2026-09-04,akshare_fund_etf_scale_sse,SH,512560,中证军工,959127000.0,份,,,akshare:20260904
2026-09-04,akshare_fund_etf_scale_sse,SH,512570,中证证券,3963806100.0,份,,,akshare:20260904
2026-09-04,akshare_fund_etf_scale_sse,SH,512580,环保ETF,571471700.0,份,,,akshare:20260904
2026-09-04,akshare_fund_etf_scale_sse,SH,512600,必选消费,1671356099.9999998,份,,,akshare:20260904
2026-09-04,akshare_fund_etf_scale_sse,SH,512620,农业TH,1407666000.0,份,,,akshare:20260904
2026-09-04,akshare_fund_etf_scale_sse,SH,512630,卫星基金,1638426000.0,份,,,akshare:20260904
2026-09-04,akshare_fund_etf_scale_sse,SH,512640,金融地产,20740900.0,份,,,akshare:20260904
2026-09-04,akshare_fund_etf_scale_sse,SH,512650,长三角,30941600.0,份,,,akshare:20260904
2026-09-04,akshare_fund_etf_scale_sse,SH,512660,军工ETF,6491080000.0,份,,,akshare:20260904
2026-09-04,akshare_fund_etf_scale_sse,SH,512670,国防ETF,2140652600.0,份,,,akshare:20260904
2026-09-04,akshare_fund_etf_scale_sse,SH,512680,军工基金,3071330100.0,份,,,akshare:20260904
2026-09-04,akshare_fund_etf_scale_sse,SH,512690,酒ETF,31533550200.0,份,,,akshare:20260904
2026-09-04,akshare_fund_etf_scale_sse,SH,512700,银行基金,693581000.0,份,,,akshare:20260904
2026-09-04,akshare_fund_etf_scale_sse,SH,512710,军工龙头,11381658400.0,份,,,akshare:20260904
2026-09-04,akshare_fund_etf_scale_sse,SH,512720,计算机,359453399.99999994,份,,,akshare:20260904
2026-09-04,akshare_fund_etf_scale_sse,SH,512730,银行FUND,51083900.0,份,,,akshare:20260904
2026-09-04,akshare_fund_etf_scale_sse,SH,512750,基本面50,45654900.0,份,,,akshare:20260904
2026-09-04,akshare_fund_etf_scale_sse,SH,512760,芯片ETF,9819445500.0,份,,,akshare:20260904
2026-09-04,akshare_fund_etf_scale_sse,SH,512770,战略新兴,98267800.0,份,,,akshare:20260904
2026-09-04,akshare_fund_etf_scale_sse,SH,512800,银行ETF,11664879900.0,份,,,akshare:20260904
2026-09-04,akshare_fund_etf_scale_sse,SH,512810,国防军工,971583500.0,份,,,akshare:20260904
2026-09-04,akshare_fund_etf_scale_sse,SH,512820,银行股基,375401900.0,份,,,akshare:20260904
2026-09-04,akshare_fund_etf_scale_sse,SH,512870,杭州湾区,22410600.0,份,,,akshare:20260904
2026-09-04,akshare_fund_etf_scale_sse,SH,512880,证券ETF,55467291500.0,份,,,akshare:20260904
2026-09-04,akshare_fund_etf_scale_sse,SH,512890,红利低波,26236110800.0,份,,,akshare:20260904
2026-09-04,akshare_fund_etf_scale_sse,SH,512900,证券基金,7613406000.0,份,,,akshare:20260904
2026-09-04,akshare_fund_etf_scale_sse,SH,512910,100ETF,131128799.99999999,份,,,akshare:20260904
2026-09-04,akshare_fund_etf_scale_sse,SH,512930,AIETF,4888521300.0,份,,,akshare:20260904
2026-09-04,akshare_fund_etf_scale_sse,SH,512940,有色矿业,2143705000.0,份,,,akshare:20260904
2026-09-04,akshare_fund_etf_scale_sse,SH,512950,央企改革,4043551000.0,份,,,akshare:20260904
2026-09-04,akshare_fund_etf_scale_sse,SH,512960,央调ETF,3855457300.0,份,,,akshare:20260904
2026-09-04,akshare_fund_etf_scale_sse,SH,512970,湾区ETF,5987600.0,份,,,akshare:20260904
2026-09-04,akshare_fund_etf_scale_sse,SH,512980,传媒ETF,5141924400.0,份,,,akshare:20260904
2026-09-04,akshare_fund_etf_scale_sse,SH,512990,MSCIA股,99015400.00000001,份,,,akshare:20260904
2026-09-04,akshare_fund_etf_scale_sse,SH,513000,225ETF,1010911400.0,份,,,akshare:20260904
2026-09-04,akshare_fund_etf_scale_sse,SH,513010,港股科技,44238307000.0,份,,,akshare:20260904
2026-09-04,akshare_fund_etf_scale_sse,SH,513020,科技HK,2288145400.0,份,,,akshare:20260904
2026-09-04,akshare_fund_etf_scale_sse,SH,513030,德国ETF,1020779000.0,份,,,akshare:20260904
2026-09-04,akshare_fund_etf_scale_sse,SH,513040,HK互联网,6785841300.0,份,,,akshare:20260904
2026-09-04,akshare_fund_etf_scale_sse,SH,513050,中概互联,34587432700.0,份,,,akshare:20260904
2026-09-04,akshare_fund_etf_scale_sse,SH,513060,恒生医疗,8527893300.0,份,,,akshare:20260904
2026-09-04,akshare_fund_etf_scale_sse,SH,513070,HK消费50,1336760799.9999998,份,,,akshare:20260904
2026-09-04,akshare_fund_etf_scale_sse,SH,513080,法国ETF,663916000.0,份,,,akshare:20260904
2026-09-04,akshare_fund_etf_scale_sse,SH,513090,香港证券,9712488000.0,份,,,akshare:20260904
2026-09-04,akshare_fund_etf_scale_sse,SH,513100,纳指ETF,9465110600.0,份,,,akshare:20260904
2026-09-04,akshare_fund_etf_scale_sse,SH,513110,纳指100,2205435000.0,份,,,akshare:20260904
2026-09-04,akshare_fund_etf_scale_sse,SH,513120,HK创新药,18433635400.0,份,,,akshare:20260904
2026-09-04,akshare_fund_etf_scale_sse,SH,513130,恒生科技,57682347000.0,份,,,akshare:20260904
2026-09-04,akshare_fund_etf_scale_sse,SH,513140,港股金融,78368000.0,份,,,akshare:20260904
2026-09-04,akshare_fund_etf_scale_sse,SH,513150,港科技50,100559800.0,份,,,akshare:20260904
2026-09-04,akshare_fund_etf_scale_sse,SH,513160,科技30,3186189300.0,份,,,akshare:20260904
2026-09-04,akshare_fund_etf_scale_sse,SH,513170,恒生央企,161573000.0,份,,,akshare:20260904
2026-09-04,akshare_fund_etf_scale_sse,SH,513180,恒指科技,69546759500.0,份,,,akshare:20260904
2026-09-04,akshare_fund_etf_scale_sse,SH,513190,H股金融,996936000.0,份,,,akshare:20260904
2026-09-04,akshare_fund_etf_scale_sse,SH,513200,港股医药,885282100.0000001,份,,,akshare:20260904
2026-09-04,akshare_fund_etf_scale_sse,SH,513210,恒生E,39942000.0,份,,,akshare:20260904
2026-09-04,akshare_fund_etf_scale_sse,SH,513220,互联网30,521109400.0,份,,,akshare:20260904
2026-09-04,akshare_fund_etf_scale_sse,SH,513230,H股消费,329422699.99999994,份,,,akshare:20260904
2026-09-04,akshare_fund_etf_scale_sse,SH,513240,港信息,104496000.0,份,,,akshare:20260904
2026-09-04,akshare_fund_etf_scale_sse,SH,513260,恒科技,4752243000.0,份,,,akshare:20260904
2026-09-04,akshare_fund_etf_scale_sse,SH,513280,恒生生物,367114500.0,份,,,akshare:20260904
2026-09-04,akshare_fund_etf_scale_sse,SH,513290,纳指生物,1060572100.0000001,份,,,akshare:20260904
2026-09-04,akshare_fund_etf_scale_sse,SH,513300,纳斯达克,5348171000.0,份,,,akshare:20260904
2026-09-04,akshare_fund_etf_scale_sse,SH,513310,中韩芯片,2445427000.0,份,,,akshare:20260904
2026-09-04,akshare_fund_etf_scale_sse,SH,513320,HK新经济,91010600.0,份,,,akshare:20260904
2026-09-04,akshare_fund_etf_scale_sse,SH,513330,恒生互联,70439480000.0,份,,,akshare:20260904
2026-09-04,akshare_fund_etf_scale_sse,SH,513350,油气ETF,847746000.0,份,,,akshare:20260904
2026-09-04,akshare_fund_etf_scale_sse,SH,513360,教育ETF,619213900.0,份,,,akshare:20260904
2026-09-04,akshare_fund_etf_scale_sse,SH,513380,科技恒生,17783784900.0,份,,,akshare:20260904
2026-09-04,akshare_fund_etf_scale_sse,SH,513390,纳指基金,2148379100.0,份,,,akshare:20260904
2026-09-04,akshare_fund_etf_scale_sse,SH,513400,道琼斯,2822062000.0,份,,,akshare:20260904
2026-09-04,akshare_fund_etf_scale_sse,SH,513500,标普500,10269638600.0,份,,,akshare:20260904
2026-09-04,akshare_fund_etf_scale_sse,SH,513520,日经ETF,1078887200.0,份,,,akshare:20260904
2026-09-04,akshare_fund_etf_scale_sse,SH,513530,港股红利,2922938700.0,份,,,akshare:20260904
2026-09-04,akshare_fund_etf_scale_sse,SH,513550,港股通50,1678992000.0,份,,,akshare:20260904
2026-09-04,akshare_fund_etf_scale_sse,SH,513560,香港科技,531386000.0,份,,,akshare:20260904
2026-09-04,akshare_fund_etf_scale_sse,SH,513580,HS科技,6060118000.0,份,,,akshare:20260904
2026-09-04,akshare_fund_etf_scale_sse,SH,513590,香港消费,130518900.0,份,,,akshare:20260904
2026-09-04,akshare_fund_etf_scale_sse,SH,513600,恒指ETF,608829500.0,份,,,akshare:20260904
2026-09-04,akshare_fund_etf_scale_sse,SH,513620,港医疗指,55216000.0,份,,,akshare:20260904
2026-09-04,akshare_fund_etf_scale_sse,SH,513630,香港红利,7515359000.0,份,,,akshare:20260904
2026-09-04,akshare_fund_etf_scale_sse,SH,513650,标普ETF,4371734000.0,份,,,akshare:20260904
2026-09-04,akshare_fund_etf_scale_sse,SH,513660,恒生通,1802000200.0,份,,,akshare:20260904
2026-09-04,akshare_fund_etf_scale_sse,SH,513690,恒生股息,3149979900.0,份,,,akshare:20260904
2026-09-04,akshare_fund_etf_scale_sse,SH,513700,香港医药,782846000.0,份,,,akshare:20260904
2026-09-04,akshare_fund_etf_scale_sse,SH,513720,香港互联,248859000.0,份,,,akshare:20260904
2026-09-04,akshare_fund_etf_scale_sse,SH,513730,东南亚,778355000.0,份,,,akshare:20260904
2026-09-04,akshare_fund_etf_scale_sse,SH,513750,港股非银,8028838000.0,份,,,akshare:20260904
2026-09-04,akshare_fund_etf_scale_sse,SH,513770,港股互联,14351137900.0,份,,,akshare:20260904
2026-09-04,akshare_fund_etf_scale_sse,SH,513780,港股新药,1885657000.0,份,,,akshare:20260904
2026-09-04,akshare_fund_etf_scale_sse,SH,513800,东证ETF,1036644400.0,份,,,akshare:20260904
2026-09-04,akshare_fund_etf_scale_sse,SH,513810,港股国企,41992000.0,份,,,akshare:20260904
2026-09-04,akshare_fund_etf_scale_sse,SH,513820,港股分红,1737669000.0,份,,,akshare:20260904
2026-09-04,akshare_fund_etf_scale_sse,SH,513830,红利港股,52811000.0,份,,,akshare:20260904
2026-09-04,akshare_fund_etf_scale_sse,SH,513850,美国50,1254892600.0,份,,,akshare:20260904
2026-09-04,akshare_fund_etf_scale_sse,SH,513860,HKC科技,2625470600.0,份,,,akshare:20260904
2026-09-04,akshare_fund_etf_scale_sse,SH,513870,纳指指数,1380671000.0,份,,,akshare:20260904
2026-09-04,akshare_fund_etf_scale_sse,SH,513880,日经225,1316970000.0,份,,,akshare:20260904
2026-09-04,akshare_fund_etf_scale_sse,SH,513890,HK科技,893128000.0,份,,,akshare:20260904
2026-09-04,akshare_fund_etf_scale_sse,SH,513900,港股100,89978000.0,份,,,akshare:20260904
2026-09-04,akshare_fund_etf_scale_sse,SH,513910,红利央企,1953276000.0,份,,,akshare:20260904
2026-09-04,akshare_fund_etf_scale_sse,SH,513920,央企40,2595231000.0,份,,,akshare:20260904
2026-09-04,akshare_fund_etf_scale_sse,SH,513930,香港生科,117408000.0,份,,,akshare:20260904
2026-09-04,akshare_fund_etf_scale_sse,SH,513950,恒生红利,2383119000.0,份,,,akshare:20260904
2026-09-04,akshare_fund_etf_scale_sse,SH,513970,恒生消费,1406041000.0,份,,,akshare:20260904
2026-09-04,akshare_fund_etf_scale_sse,SH,513980,科技港股,16460204000.0,份,,,akshare:20260904
2026-09-04,akshare_fund_etf_scale_sse,SH,513990,港股通综,43000000.0,份,,,akshare:20260904
2026-09-04,akshare_fund_etf_scale_sse,SH,515000,科技ETF,3256579300.0,份,,,akshare:20260904
2026-09-04,akshare_fund_etf_scale_sse,SH,515010,华夏证券,2068271600.0,份,,,akshare:20260904
2026-09-04,akshare_fund_etf_scale_sse,SH,515020,银行指数,368345300.0,份,,,akshare:20260904
2026-09-04,akshare_fund_etf_scale_sse,SH,515030,新汽车,1497384000.0,份,,,akshare:20260904
2026-09-04,akshare_fund_etf_scale_sse,SH,515040,工业金属,52319600.0,份,,,akshare:20260904
2026-09-04,akshare_fund_etf_scale_sse,SH,515050,5GETF,17517205400.0,份,,,akshare:20260904
2026-09-04,akshare_fund_etf_scale_sse,SH,515060,华夏地产,988478100.0,份,,,akshare:20260904
2026-09-04,akshare_fund_etf_scale_sse,SH,515070,AI智能,7546940400.0,份,,,akshare:20260904
2026-09-04,akshare_fund_etf_scale_sse,SH,515080,中证红利,6761148900.0,份,,,akshare:20260904
2026-09-04,akshare_fund_etf_scale_sse,SH,515090,可持续,10801700.0,份,,,akshare:20260904
2026-09-04,akshare_fund_etf_scale_sse,SH,515100,红利100,3619691500.0,份,,,akshare:20260904
2026-09-04,akshare_fund_etf_scale_sse,SH,515110,国企方达,214295000.0,份,,,akshare:20260904
2026-09-04,akshare_fund_etf_scale_sse,SH,515120,创新药,17760993600.0,份,,,akshare:20260904
2026-09-04,akshare_fund_etf_scale_sse,SH,515130,HS300E,94463200.0,份,,,akshare:20260904
2026-09-04,akshare_fund_etf_scale_sse,SH,515150,国企富国,398703200.0,份,,,akshare:20260904
2026-09-04,akshare_fund_etf_scale_sse,SH,515160,MSCI招商,243955099.99999997,份,,,akshare:20260904
2026-09-04,akshare_fund_etf_scale_sse,SH,515170,食品饮料,8527757900.0,份,,,akshare:20260904
2026-09-04,akshare_fund_etf_scale_sse,SH,515180,100红利,12647637000.0,份,,,akshare:20260904
2026-09-04,akshare_fund_etf_scale_sse,SH,515190,BOCI500,293466100.0,份,,,akshare:20260904
2026-09-04,akshare_fund_etf_scale_sse,SH,515200,创新100,37943200.0,份,,,akshare:20260904
2026-09-04,akshare_fund_etf_scale_sse,SH,515210,钢铁ETF,981726100.0,份,,,akshare:20260904
2026-09-04,akshare_fund_etf_scale_sse,SH,515220,煤炭ETF,8552676899.999999,份,,,akshare:20260904
2026-09-04,akshare_fund_etf_scale_sse,SH,515230,软件ETF,7922690900.0,份,,,akshare:20260904
2026-09-04,akshare_fund_etf_scale_sse,SH,515250,智能汽车,343944500.0,份,,,akshare:20260904
2026-09-04,akshare_fund_etf_scale_sse,SH,515260,电子ETF,890568400.0,份,,,akshare:20260904
2026-09-04,akshare_fund_etf_scale_sse,SH,515290,银行,2494972900.0,份,,,akshare:20260904
2026-09-04,akshare_fund_etf_scale_sse,SH,515300,红利300,2960675200.0,份,,,akshare:20260904
2026-09-04,akshare_fund_etf_scale_sse,SH,515310,添富300,321611200.0,份,,,akshare:20260904
2026-09-04,akshare_fund_etf_scale_sse,SH,515320,电子50,89309000.0,份,,,akshare:20260904
2026-09-04,akshare_fund_etf_scale_sse,SH,515330,天弘300,6173709500.0,份,,,akshare:20260904
2026-09-04,akshare_fund_etf_scale_sse,SH,515350,民生300,11699200.0,份,,,akshare:20260904
2026-09-04,akshare_fund_etf_scale_sse,SH,515360,方正300,37279300.0,份,,,akshare:20260904
2026-09-04,akshare_fund_etf_scale_sse,SH,515370,中证光伏,969713000.0,份,,,akshare:20260904
2026-09-04,akshare_fund_etf_scale_sse,SH,515380,泰康300,663399800.0,份,,,akshare:20260904
2026-09-04,akshare_fund_etf_scale_sse,SH,515390,HS300,1902683000.0,份,,,akshare:20260904
2026-09-04,akshare_fund_etf_scale_sse,SH,515400,大数据,1707631400.0000002,份,,,akshare:20260904
2026-09-04,akshare_fund_etf_scale_sse,SH,515450,红利50,14039335000.0,份,,,akshare:20260904
2026-09-04,akshare_fund_etf_scale_sse,SH,515460,质量红利,275091000.0,份,,,akshare:20260904
2026-09-04,akshare_fund_etf_scale_sse,SH,515480,红利一百,24340700.0,份,,,akshare:20260904
2026-09-04,akshare_fund_etf_scale_sse,SH,515530,泰康500,12242700.0,份,,,akshare:20260904
2026-09-04,akshare_fund_etf_scale_sse,SH,515550,国联500,20345700.0,份,,,akshare:20260904
2026-09-04,akshare_fund_etf_scale_sse,SH,515560,证券E,192883300.00000003,份,,,akshare:20260904
2026-09-04,akshare_fund_etf_scale_sse,SH,515580,中证科技,302031400.0,份,,,akshare:20260904
2026-09-04,akshare_fund_etf_scale_sse,SH,515590,500ETFEW,36113700.0,份,,,akshare:20260904
2026-09-04,akshare_fund_etf_scale_sse,SH,515600,央企创新,1037797400.0,份,,,akshare:20260904
2026-09-04,akshare_fund_etf_scale_sse,SH,515630,保险证券,923217700.0,份,,,akshare:20260904
2026-09-04,akshare_fund_etf_scale_sse,SH,515640,家电指数,17050000.0,份,,,akshare:20260904
2026-09-04,akshare_fund_etf_scale_sse,SH,515650,消费50,3013184000.0,份,,,akshare:20260904
2026-09-04,akshare_fund_etf_scale_sse,SH,515660,沪深300E,434494200.0,份,,,akshare:20260904
2026-09-04,akshare_fund_etf_scale_sse,SH,515680,创新央企,1099264700.0,份,,,akshare:20260904
2026-09-04,akshare_fund_etf_scale_sse,SH,515700,新能车,658510200.0,份,,,akshare:20260904
2026-09-04,akshare_fund_etf_scale_sse,SH,515710,食品ETF,2317099800.0,份,,,akshare:20260904
2026-09-04,akshare_fund_etf_scale_sse,SH,515720,金科富国,432611000.0,份,,,akshare:20260904
2026-09-04,akshare_fund_etf_scale_sse,SH,515730,家居家电,39892000.0,份,,,akshare:20260904
2026-09-04,akshare_fund_etf_scale_sse,SH,515750,科技50,263140500.0,份,,,akshare:20260904
2026-09-04,akshare_fund_etf_scale_sse,SH,515760,浙江国资,94388100.0,份,,,akshare:20260904
2026-09-04,akshare_fund_etf_scale_sse,SH,515770,MSCIAETF,39727300.0,份,,,akshare:20260904
2026-09-04,akshare_fund_etf_scale_sse,SH,515790,光伏ETF,6013494000.0,份,,,akshare:20260904
2026-09-04,akshare_fund_etf_scale_sse,SH,515800,800ETF,3898937199.9999995,份,,,akshare:20260904
2026-09-04,akshare_fund_etf_scale_sse,SH,515810,ZZ800ETF,263908800.0,份,,,akshare:20260904
2026-09-04,akshare_fund_etf_scale_sse,SH,515840,食品南方,33426400.0,份,,,akshare:20260904
2026-09-04,akshare_fund_etf_scale_sse,SH,515850,证券龙头,476791000.0,份,,,akshare:20260904
2026-09-04,akshare_fund_etf_scale_sse,SH,515860,科技100,101878900.0,份,,,akshare:20260904
2026-09-04,akshare_fund_etf_scale_sse,SH,515880,通信ETF,62123774000.0,份,,,akshare:20260904
2026-09-04,akshare_fund_etf_scale_sse,SH,515890,红利博时,378443900.0,份,,,akshare:20260904
2026-09-04,akshare_fund_etf_scale_sse,SH,515900,央创ETF,2225446500.0,份,,,akshare:20260904
2026-09-04,akshare_fund_etf_scale_sse,SH,515910,质量ETF,224507000.0,份,,,akshare:20260904
2026-09-04,akshare_fund_etf_scale_sse,SH,515920,智能消费,64405700.0,份,,,akshare:20260904
2026-09-04,akshare_fund_etf_scale_sse,SH,515950,医药龙头,533200600.0,份,,,akshare:20260904
2026-09-04,akshare_fund_etf_scale_sse,SH,515960,医药100,239991900.0,份,,,akshare:20260904
2026-09-04,akshare_fund_etf_scale_sse,SH,515970,华夏机械,528088000.0,份,,,akshare:20260904
2026-09-04,akshare_fund_etf_scale_sse,SH,515980,人工智能,6290129000.0,份,,,akshare:20260904
2026-09-04,akshare_fund_etf_scale_sse,SH,515990,添富国企,53350200.00000001,份,,,akshare:20260904
2026-09-04,akshare_fund_etf_scale_sse,SH,516000,数据ETF,441855000.0,份,,,akshare:20260904
2026-09-04,akshare_fund_etf_scale_sse,SH,516010,游戏ETF,2429693000.0,份,,,akshare:20260904
2026-09-04,akshare_fund_etf_scale_sse,SH,516020,化工ETF,3507326200.0,份,,,akshare:20260904
2026-09-04,akshare_fund_etf_scale_sse,SH,516050,科技龙头,162228000.0,份,,,akshare:20260904
2026-09-04,akshare_fund_etf_scale_sse,SH,516060,新药ETF,299237400.0,份,,,akshare:20260904
2026-09-04,akshare_fund_etf_scale_sse,SH,516070,碳中和50,294646000.0,份,,,akshare:20260904
2026-09-04,akshare_fund_etf_scale_sse,SH,516080,创新医药,5310554800.0,份,,,akshare:20260904
2026-09-04,akshare_fund_etf_scale_sse,SH,516090,新能源E,1682844800.0,份,,,akshare:20260904
2026-09-04,akshare_fund_etf_scale_sse,SH,516100,科技金融,1137759700.0,份,,,akshare:20260904
2026-09-04,akshare_fund_etf_scale_sse,SH,516110,汽车ETF,227623100.0,份,,,akshare:20260904
2026-09-04,akshare_fund_etf_scale_sse,SH,516120,化工50,5034582000.0,份,,,akshare:20260904
2026-09-04,akshare_fund_etf_scale_sse,SH,516130,消费龙头,1572890000.0,份,,,akshare:20260904
2026-09-04,akshare_fund_etf_scale_sse,SH,516150,稀土基金,3787077000.0,份,,,akshare:20260904
2026-09-04,akshare_fund_etf_scale_sse,SH,516160,新能源,1512142000.0,份,,,akshare:20260904
2026-09-04,akshare_fund_etf_scale_sse,SH,516180,光伏产业,150987000.0,份,,,akshare:20260904
2026-09-04,akshare_fund_etf_scale_sse,SH,516190,文娱ETF,116818500.0,份,,,akshare:20260904
2026-09-04,akshare_fund_etf_scale_sse,SH,516200,证券行业,442604000.0,份,,,akshare:20260904
2026-09-04,akshare_fund_etf_scale_sse,SH,516210,银行股,75431000.0,份,,,akshare:20260904
2026-09-04,akshare_fund_etf_scale_sse,SH,516220,化工龙头,257170000.0,份,,,akshare:20260904
2026-09-04,akshare_fund_etf_scale_sse,SH,516230,光伏招商,750921000.0,份,,,akshare:20260904
2026-09-04,akshare_fund_etf_scale_sse,SH,516250,富国机械,61878000.0,份,,,akshare:20260904
2026-09-04,akshare_fund_etf_scale_sse,SH,516260,物联网50,43882600.0,份,,,akshare:20260904
2026-09-04,akshare_fund_etf_scale_sse,SH,516270,新能源50,307409000.0,份,,,akshare:20260904
2026-09-04,akshare_fund_etf_scale_sse,SH,516290,光伏基金,743196900.0,份,,,akshare:20260904
2026-09-04,akshare_fund_etf_scale_sse,SH,516300,中证1000,39012600.0,份,,,akshare:20260904
2026-09-04,akshare_fund_etf_scale_sse,SH,516310,银行指基,1548858500.0,份,,,akshare:20260904
2026-09-04,akshare_fund_etf_scale_sse,SH,516320,装备ETF,89589300.0,份,,,akshare:20260904
2026-09-04,akshare_fund_etf_scale_sse,SH,516330,物联网,8471300.0,份,,,akshare:20260904
2026-09-04,akshare_fund_etf_scale_sse,SH,516350,芯片50,1454415300.0,份,,,akshare:20260904
2026-09-04,akshare_fund_etf_scale_sse,SH,516360,新材料,57551800.0,份,,,akshare:20260904
2026-09-04,akshare_fund_etf_scale_sse,SH,516370,全指电力,290408000.0,份,,,akshare:20260904
2026-09-04,akshare_fund_etf_scale_sse,SH,516380,智能电车,84449300.0,份,,,akshare:20260904
2026-09-04,akshare_fund_etf_scale_sse,SH,516390,电动车,182761000.0,份,,,akshare:20260904
2026-09-04,akshare_fund_etf_scale_sse,SH,516440,南方机械,134626600.0,份,,,akshare:20260904
2026-09-04,akshare_fund_etf_scale_sse,SH,516460,现金流E,420693000.0,份,,,akshare:20260904
2026-09-04,akshare_fund_etf_scale_sse,SH,516500,生物ETF,206937200.0,份,,,akshare:20260904
2026-09-04,akshare_fund_etf_scale_sse,SH,516510,云计算,1500890000.0,份,,,akshare:20260904
2026-09-04,akshare_fund_etf_scale_sse,SH,516520,智能驾驶,789765500.0,份,,,akshare:20260904
2026-09-04,akshare_fund_etf_scale_sse,SH,516530,物流快递,16802300.0,份,,,akshare:20260904
2026-09-04,akshare_fund_etf_scale_sse,SH,516550,农业ETF,261414400.0,份,,,akshare:20260904
2026-09-04,akshare_fund_etf_scale_sse,SH,516560,养老ETF,209258000.0,份,,,akshare:20260904
2026-09-04,akshare_fund_etf_scale_sse,SH,516570,石化ETF,1116357600.0,份,,,akshare:20260904
2026-09-04,akshare_fund_etf_scale_sse,SH,516580,新能源BS,148124100.0,份,,,akshare:20260904
2026-09-04,akshare_fund_etf_scale_sse,SH,516590,电动汽车,52015000.0,份,,,akshare:20260904
2026-09-04,akshare_fund_etf_scale_sse,SH,516600,消服ETF,110332099.99999999,份,,,akshare:20260904
2026-09-04,akshare_fund_etf_scale_sse,SH,516610,医服ETF,231974800.0,份,,,akshare:20260904
2026-09-04,akshare_fund_etf_scale_sse,SH,516620,影视ETF,293767500.0,份,,,akshare:20260904
2026-09-04,akshare_fund_etf_scale_sse,SH,516630,云计算50,478156000.0,份,,,akshare:20260904
2026-09-04,akshare_fund_etf_scale_sse,SH,516640,芯片龙头,1352482800.0,份,,,akshare:20260904
2026-09-04,akshare_fund_etf_scale_sse,SH,516650,有色50,5252464800.0,份,,,akshare:20260904
2026-09-04,akshare_fund_etf_scale_sse,SH,516660,新能汽车,155689000.0,份,,,akshare:20260904
2026-09-04,akshare_fund_etf_scale_sse,SH,516670,畜牧养殖,3316266300.0,份,,,akshare:20260904
2026-09-04,akshare_fund_etf_scale_sse,SH,516700,数据产业,171122000.0,份,,,akshare:20260904
2026-09-04,akshare_fund_etf_scale_sse,SH,516710,新材料50,74272000.0,份,,,akshare:20260904
2026-09-04,akshare_fund_etf_scale_sse,SH,516720,ESGETF,9337800.0,份,,,akshare:20260904
2026-09-04,akshare_fund_etf_scale_sse,SH,516730,证券公司,226380800.00000003,份,,,akshare:20260904
2026-09-04,akshare_fund_etf_scale_sse,SH,516750,建材ETF,139167300.0,份,,,akshare:20260904
2026-09-04,akshare_fund_etf_scale_sse,SH,516760,养殖ETF,280215100.0,份,,,akshare:20260904
2026-09-04,akshare_fund_etf_scale_sse,SH,516770,游戏动漫,260048000.0,份,,,akshare:20260904
2026-09-04,akshare_fund_etf_scale_sse,SH,516780,稀土ETF,2394599700.0,份,,,akshare:20260904
2026-09-04,akshare_fund_etf_scale_sse,SH,516790,保健ETF,182682200.0,份,,,akshare:20260904
2026-09-04,akshare_fund_etf_scale_sse,SH,516800,智能制造,182308000.0,份,,,akshare:20260904
2026-09-04,akshare_fund_etf_scale_sse,SH,516810,农业,525478900.0,份,,,akshare:20260904
2026-09-04,akshare_fund_etf_scale_sse,SH,516820,医疗创新,4566415200.0,份,,,akshare:20260904
2026-09-04,akshare_fund_etf_scale_sse,SH,516830,300ESG,89676900.0,份,,,akshare:20260904
2026-09-04,akshare_fund_etf_scale_sse,SH,516840,汽车基金,135277000.0,份,,,akshare:20260904
2026-09-04,akshare_fund_etf_scale_sse,SH,516850,新能源80,142237000.0,份,,,akshare:20260904
2026-09-04,akshare_fund_etf_scale_sse,SH,516860,金融科技,1151522000.0,份,,,akshare:20260904
2026-09-04,akshare_fund_etf_scale_sse,SH,516880,光伏50,917944100.0,份,,,akshare:20260904
2026-09-04,akshare_fund_etf_scale_sse,SH,516890,新材ETF,33311400.0,份,,,akshare:20260904
2026-09-04,akshare_fund_etf_scale_sse,SH,516900,食品50,275729000.0,份,,,akshare:20260904
2026-09-04,akshare_fund_etf_scale_sse,SH,516910,物流ETF,59141800.0,份,,,akshare:20260904
2026-09-04,akshare_fund_etf_scale_sse,SH,516920,芯片基金,494463000.0,份,,,akshare:20260904
2026-09-04,akshare_fund_etf_scale_sse,SH,516930,生科ETF,106139599.99999999,份,,,akshare:20260904
2026-09-04,akshare_fund_etf_scale_sse,SH,516950,基建ETF,107821000.0,份,,,akshare:20260904
2026-09-04,akshare_fund_etf_scale_sse,SH,516960,机械ETF,16051099.999999998,份,,,akshare:20260904
2026-09-04,akshare_fund_etf_scale_sse,SH,516970,基建50,1173042500.0,份,,,akshare:20260904
2026-09-04,akshare_fund_etf_scale_sse,SH,516980,证券先锋,54016000.0,份,,,akshare:20260904
2026-09-04,akshare_fund_etf_scale_sse,SH,517000,沪港深,122793000.0,份,,,akshare:20260904
2026-09-04,akshare_fund_etf_scale_sse,SH,517010,HGS500E,78144200.0,份,,,akshare:20260904
2026-09-04,akshare_fund_etf_scale_sse,SH,517030,HGS300,84040300.0,份,,,akshare:20260904
2026-09-04,akshare_fund_etf_scale_sse,SH,517050,互联网50,347605000.0,份,,,akshare:20260904
2026-09-04,akshare_fund_etf_scale_sse,SH,517080,HGS500,173166000.0,份,,,akshare:20260904
2026-09-04,akshare_fund_etf_scale_sse,SH,517090,共赢ETF,53075000.0,份,,,akshare:20260904
2026-09-04,akshare_fund_etf_scale_sse,SH,517100,AH500ETF,143602100.0,份,,,akshare:20260904
2026-09-04,akshare_fund_etf_scale_sse,SH,517110,创新药HK,1328098500.0,份,,,akshare:20260904
2026-09-04,akshare_fund_etf_scale_sse,SH,517120,创新药50,570966400.0,份,,,akshare:20260904
2026-09-04,akshare_fund_etf_scale_sse,SH,517130,云计算JS,188654000.0,份,,,akshare:20260904
2026-09-04,akshare_fund_etf_scale_sse,SH,517160,长江ETF,1826777500.0,份,,,akshare:20260904
2026-09-04,akshare_fund_etf_scale_sse,SH,517170,沪港深E,16131800.0,份,,,akshare:20260904
2026-09-04,akshare_fund_etf_scale_sse,SH,517180,中国国企,89496299.99999999,份,,,akshare:20260904
2026-09-04,akshare_fund_etf_scale_sse,SH,517200,互联网,144782000.0,份,,,akshare:20260904
2026-09-04,akshare_fund_etf_scale_sse,SH,517230,云计算MW,158545800.0,份,,,akshare:20260904
2026-09-04,akshare_fund_etf_scale_sse,SH,517300,AH300ETF,1002434500.0,份,,,akshare:20260904
2026-09-04,akshare_fund_etf_scale_sse,SH,517330,长江保护,1809169000.0,份,,,akshare:20260904
2026-09-04,akshare_fund_etf_scale_sse,SH,517350,龙头科技,49042000.0,份,,,akshare:20260904
2026-09-04,akshare_fund_etf_scale_sse,SH,517360,AH科技,25083000.0,份,,,akshare:20260904
2026-09-04,akshare_fund_etf_scale_sse,SH,517380,创新药AH,2998326300.0,份,,,akshare:20260904
2026-09-04,akshare_fund_etf_scale_sse,SH,517390,云计算AH,130112600.0,份,,,akshare:20260904
2026-09-04,akshare_fund_etf_scale_sse,SH,517400,黄金股票,999792000.0,份,,,akshare:20260904
2026-09-04,akshare_fund_etf_scale_sse,SH,517520,黄金股,6396904000.0,份,,,akshare:20260904
2026-09-04,akshare_fund_etf_scale_sse,SH,517550,消费主题,80417400.0,份,,,akshare:20260904
2026-09-04,akshare_fund_etf_scale_sse,SH,517660,物联网AH,39880700.0,份,,,akshare:20260904
2026-09-04,akshare_fund_etf_scale_sse,SH,517770,游戏传媒,193947800.0,份,,,akshare:20260904
2026-09-04,akshare_fund_etf_scale_sse,SH,517800,AI50,213539700.0,份,,,akshare:20260904
2026-09-04,akshare_fund_etf_scale_sse,SH,517850,张江ETF,38185200.0,份,,,akshare:20260904
2026-09-04,akshare_fund_etf_scale_sse,SH,517880,品牌消费,49337100.0,份,,,akshare:20260904
2026-09-04,akshare_fund_etf_scale_sse,SH,517900,银行优选,373993500.0,份,,,akshare:20260904
2026-09-04,akshare_fund_etf_scale_sse,SH,517950,交银科技,48623200.0,份,,,akshare:20260904
2026-09-04,akshare_fund_etf_scale_sse,SH,517990,医药基金,46987900.0,份,,,akshare:20260904
2026-09-04,akshare_fund_etf_scale_sse,SH,518600,上海金,838816300.0,份,,,akshare:20260904
2026-09-04,akshare_fund_etf_scale_sse,SH,518660,工银黄金,967052700.0,份,,,akshare:20260904
2026-09-04,akshare_fund_etf_scale_sse,SH,518680,金ETF,783569500.0,份,,,akshare:20260904
2026-09-04,akshare_fund_etf_scale_sse,SH,518800,黄金基金,3795079200.0,份,,,akshare:20260904
2026-09-04,akshare_fund_etf_scale_sse,SH,518850,黄金9999,1921878700.0,份,,,akshare:20260904
2026-09-04,akshare_fund_etf_scale_sse,SH,518860,上海金E,466959800.00000006,份,,,akshare:20260904
2026-09-04,akshare_fund_etf_scale_sse,SH,518880,黄金ETF,11730440800.0,份,,,akshare:20260904
2026-09-04,akshare_fund_etf_scale_sse,SH,518890,中银黄金,374654800.00000006,份,,,akshare:20260904
2026-09-04,akshare_fund_etf_scale_sse,SH,520500,恒生新药,1897305000.0,份,,,akshare:20260904
2026-09-04,akshare_fund_etf_scale_sse,SH,520510,港股医疗,393728000.0,份,,,akshare:20260904
2026-09-04,akshare_fund_etf_scale_sse,SH,520520,HK消费,52606000.0,份,,,akshare:20260904
2026-09-04,akshare_fund_etf_scale_sse,SH,520530,港科ETF,235776000.0,份,,,akshare:20260904
2026-09-04,akshare_fund_etf_scale_sse,SH,520550,红利恒生,1152024000.0,份,,,akshare:20260904
2026-09-04,akshare_fund_etf_scale_sse,SH,520560,香港30,607419000.0,份,,,akshare:20260904
2026-09-04,akshare_fund_etf_scale_sse,SH,520570,科技恒指,3508876000.0,份,,,akshare:20260904
2026-09-04,akshare_fund_etf_scale_sse,SH,520580,新兴亚洲,290983900.0,份,,,akshare:20260904
2026-09-04,akshare_fund_etf_scale_sse,SH,520590,恒科,196235000.0,份,,,akshare:20260904
2026-09-04,akshare_fund_etf_scale_sse,SH,520600,汽车港股,265868000.0,份,,,akshare:20260904
2026-09-04,akshare_fund_etf_scale_sse,SH,520610,港红利指,422963000.0,份,,,akshare:20260904
2026-09-04,akshare_fund_etf_scale_sse,SH,520620,港股消费,285409000.0,份,,,akshare:20260904
2026-09-04,akshare_fund_etf_scale_sse,SH,520630,互联港股,594110000.0,份,,,akshare:20260904
2026-09-04,akshare_fund_etf_scale_sse,SH,520650,互联网HK,2483255000.0,份,,,akshare:20260904
2026-09-04,akshare_fund_etf_scale_sse,SH,520660,港红利CS,1987485500.0,份,,,akshare:20260904
2026-09-04,akshare_fund_etf_scale_sse,SH,520670,港科基金,213928100.0,份,,,akshare:20260904
2026-09-04,akshare_fund_etf_scale_sse,SH,520680,港股通车,70369000.0,份,,,akshare:20260904
2026-09-04,akshare_fund_etf_scale_sse,SH,520690,恒生港药,631454000.0,份,,,akshare:20260904
2026-09-04,akshare_fund_etf_scale_sse,SH,520700,创新药WJ,460076000.0,份,,,akshare:20260904
2026-09-04,akshare_fund_etf_scale_sse,SH,520710,信息港股,97029000.0,份,,,akshare:20260904
2026-09-04,akshare_fund_etf_scale_sse,SH,520720,香港汽车,122942000.0,份,,,akshare:20260904
2026-09-04,akshare_fund_etf_scale_sse,SH,520730,汽车WJ,118394400.0,份,,,akshare:20260904
2026-09-04,akshare_fund_etf_scale_sse,SH,520740,互联香港,45012600.0,份,,,akshare:20260904
2026-09-04,akshare_fund_etf_scale_sse,SH,520750,HK信息,134384000.0,份,,,akshare:20260904
2026-09-04,akshare_fund_etf_scale_sse,SH,520760,港股生物,126466000.0,份,,,akshare:20260904
2026-09-04,akshare_fund_etf_scale_sse,SH,520770,港股恒指,213373800.0,份,,,akshare:20260904
2026-09-04,akshare_fund_etf_scale_sse,SH,520780,港股车50,39460000.0,份,,,akshare:20260904
2026-09-04,akshare_fund_etf_scale_sse,SH,520790,港互联网,599075000.0,份,,,akshare:20260904
2026-09-04,akshare_fund_etf_scale_sse,SH,520810,港高股息,318360000.0,份,,,akshare:20260904
2026-09-04,akshare_fund_etf_scale_sse,SH,520820,恒指通,58682000.0,份,,,akshare:20260904
2026-09-04,akshare_fund_etf_scale_sse,SH,520830,沙特ETF,1057619000.0,份,,,akshare:20260904
2026-09-04,akshare_fund_etf_scale_sse,SH,520840,港科技,1127049000.0,份,,,akshare:20260904
2026-09-04,akshare_fund_etf_scale_sse,SH,520850,港医疗,143249600.0,份,,,akshare:20260904
2026-09-04,akshare_fund_etf_scale_sse,SH,520860,港股通科,342195000.0,份,,,akshare:20260904
2026-09-04,akshare_fund_etf_scale_sse,SH,520870,巴西ETF,512977200.0,份,,,akshare:20260904
2026-09-04,akshare_fund_etf_scale_sse,SH,520880,港创新药,4363618000.0,份,,,akshare:20260904
2026-09-04,akshare_fund_etf_scale_sse,SH,520890,港红利,80508000.0,份,,,akshare:20260904
2026-09-04,akshare_fund_etf_scale_sse,SH,520900,红利香港,1531175000.0,份,,,akshare:20260904
2026-09-04,akshare_fund_etf_scale_sse,SH,520910,HK互联,755445000.0,份,,,akshare:20260904
2026-09-04,akshare_fund_etf_scale_sse,SH,520920,恒生科TH,18910019000.0,份,,,akshare:20260904
2026-09-04,akshare_fund_etf_scale_sse,SH,520930,恒生生科,162733000.0,份,,,akshare:20260904
2026-09-04,akshare_fund_etf_scale_sse,SH,520940,恒指基金,22297000.0,份,,,akshare:20260904
2026-09-04,akshare_fund_etf_scale_sse,SH,520950,港股50,325421000.0,份,,,akshare:20260904
2026-09-04,akshare_fund_etf_scale_sse,SH,520960,恒指港通,50603400.0,份,,,akshare:20260904
2026-09-04,akshare_fund_etf_scale_sse,SH,520970,港股通药,1252358000.0,份,,,akshare:20260904
2026-09-04,akshare_fund_etf_scale_sse,SH,520980,港科技30,3138387000.0,份,,,akshare:20260904
2026-09-04,akshare_fund_etf_scale_sse,SH,520990,国新红利,3407470500.0,份,,,akshare:20260904
2026-09-04,akshare_fund_etf_scale_sse,SH,526000,港股信息,176142000.0,份,,,akshare:20260904
2026-09-04,akshare_fund_etf_scale_sse,SH,526010,香港医疗,34458000.0,份,,,akshare:20260904
2026-09-04,akshare_fund_etf_scale_sse,SH,526030,港信息基,153465000.0,份,,,akshare:20260904
2026-09-04,akshare_fund_etf_scale_sse,SH,526050,香港信息,53630000.0,份,,,akshare:20260904
2026-09-04,akshare_fund_etf_scale_sse,SH,526060,N港信息,155877000.0,份,,,akshare:20260904
2026-09-04,akshare_fund_etf_scale_sse,SH,526070,恒生博时,52377000.0,份,,,akshare:20260904
2026-09-04,akshare_fund_etf_scale_sse,SH,530000,50ETF基,939029400.0,份,,,akshare:20260904
2026-09-04,akshare_fund_etf_scale_sse,SH,530050,SH50ETF,126813000.0,份,,,akshare:20260904
2026-09-04,akshare_fund_etf_scale_sse,SH,530060,上证综E,879193000.0,份,,,akshare:20260904
2026-09-04,akshare_fund_etf_scale_sse,SH,530080,180指基,24917000.0,份,,,akshare:20260904
2026-09-04,akshare_fund_etf_scale_sse,SH,530100,上证580,120696000.0,份,,,akshare:20260904
2026-09-04,akshare_fund_etf_scale_sse,SH,530180,上证180,57952000.0,份,,,akshare:20260904
2026-09-04,akshare_fund_etf_scale_sse,SH,530280,180ETF指,29934000.0,份,,,akshare:20260904
2026-09-04,akshare_fund_etf_scale_sse,SH,530300,180指数,33643000.0,份,,,akshare:20260904
2026-09-04,akshare_fund_etf_scale_sse,SH,530380,上证380,134705000.0,份,,,akshare:20260904
2026-09-04,akshare_fund_etf_scale_sse,SH,530530,580ETF,134460000.0,份,,,akshare:20260904
2026-09-04,akshare_fund_etf_scale_sse,SH,530580,180基金,59149000.0,份,,,akshare:20260904
2026-09-04,akshare_fund_etf_scale_sse,SH,530680,180E,106891900.0,份,,,akshare:20260904
2026-09-04,akshare_fund_etf_scale_sse,SH,530800,上180ETF,18201800.0,份,,,akshare:20260904
2026-09-04,akshare_fund_etf_scale_sse,SH,530880,上证红利,39336000.0,份,,,akshare:20260904
2026-09-04,akshare_fund_etf_scale_sse,SH,551000,科创债,77904100.0,份,,,akshare:20260904
2026-09-04,akshare_fund_etf_scale_sse,SH,551030,科创债券,183340000.0,份,,,akshare:20260904
2026-09-04,akshare_fund_etf_scale_sse,SH,551060,科创债沪,57351000.0,份,,,akshare:20260904
2026-09-04,akshare_fund_etf_scale_sse,SH,551300,科创债摩,50997500.0,份,,,akshare:20260904
2026-09-04,akshare_fund_etf_scale_sse,SH,551500,科创债易,129470000.0,份,,,akshare:20260904
2026-09-04,akshare_fund_etf_scale_sse,SH,551510,科债AAA,142216100.0,份,,,akshare:20260904
2026-09-04,akshare_fund_etf_scale_sse,SH,551520,科创债汇,215211600.0,份,,,akshare:20260904
2026-09-04,akshare_fund_etf_scale_sse,SH,551550,科创AAA,179388200.0,份,,,akshare:20260904
2026-09-04,akshare_fund_etf_scale_sse,SH,551560,科创债兴,171848800.0,份,,,akshare:20260904
2026-09-04,akshare_fund_etf_scale_sse,SH,551580,科创债TK,107036800.0,份,,,akshare:20260904
2026-09-04,akshare_fund_etf_scale_sse,SH,551800,国泰科债,116081400.0,份,,,akshare:20260904
2026-09-04,akshare_fund_etf_scale_sse,SH,551900,科创债指,138931700.0,份,,,akshare:20260904
2026-09-04,akshare_fund_etf_scale_sse,SH,560010,1000基金,1874621700.0000002,份,,,akshare:20260904
2026-09-04,akshare_fund_etf_scale_sse,SH,560020,红利添富,131562000.0,份,,,akshare:20260904
2026-09-04,akshare_fund_etf_scale_sse,SH,560030,800价值,23432000.0,份,,,akshare:20260904
2026-09-04,akshare_fund_etf_scale_sse,SH,560050,MSCIA50,2159934400.0,份,,,akshare:20260904
2026-09-04,akshare_fund_etf_scale_sse,SH,560060,碳中和基,76090000.0,份,,,akshare:20260904
2026-09-04,akshare_fund_etf_scale_sse,SH,560070,央企分红,82362300.0,份,,,akshare:20260904
2026-09-04,akshare_fund_etf_scale_sse,SH,560080,中药ETF,2275265000.0,份,,,akshare:20260904
2026-09-04,akshare_fund_etf_scale_sse,SH,560090,证券指数,2272865000.0,份,,,akshare:20260904
2026-09-04,akshare_fund_etf_scale_sse,SH,560100,增强ETF,53580300.0,份,,,akshare:20260904
2026-09-04,akshare_fund_etf_scale_sse,SH,560110,ZZ1000,349903500.0,份,,,akshare:20260904
2026-09-04,akshare_fund_etf_scale_sse,SH,560120,500现金,574689000.0,份,,,akshare:20260904
2026-09-04,akshare_fund_etf_scale_sse,SH,560130,食品基金,69776200.0,份,,,akshare:20260904
2026-09-04,akshare_fund_etf_scale_sse,SH,560150,红利TK,670279299.9999999,份,,,akshare:20260904
2026-09-04,akshare_fund_etf_scale_sse,SH,560160,食品E,109706000.0,份,,,akshare:20260904
2026-09-04,akshare_fund_etf_scale_sse,SH,560170,央企科技,383495500.0,份,,,akshare:20260904
2026-09-04,akshare_fund_etf_scale_sse,SH,560180,ESG300,15603000.0,份,,,akshare:20260904
2026-09-04,akshare_fund_etf_scale_sse,SH,560190,公用事业,26834000.0,份,,,akshare:20260904
2026-09-04,akshare_fund_etf_scale_sse,SH,560210,景顺农牧,512522000.0,份,,,akshare:20260904
2026-09-04,akshare_fund_etf_scale_sse,SH,560220,2000基金,60717000.0,份,,,akshare:20260904
2026-09-04,akshare_fund_etf_scale_sse,SH,560230,光伏富国,87889000.0,份,,,akshare:20260904
2026-09-04,akshare_fund_etf_scale_sse,SH,560250,红利质量,131833000.0,份,,,akshare:20260904
2026-09-04,akshare_fund_etf_scale_sse,SH,560260,医疗50,1715664700.0,份,,,akshare:20260904
2026-09-04,akshare_fund_etf_scale_sse,SH,560270,电力指数,163939000.0,份,,,akshare:20260904
2026-09-04,akshare_fund_etf_scale_sse,SH,560280,工程机械,1459752000.0,份,,,akshare:20260904
2026-09-04,akshare_fund_etf_scale_sse,SH,560290,景顺有色,370694000.0,份,,,akshare:20260904
2026-09-04,akshare_fund_etf_scale_sse,SH,560300,电信50,27803400.0,份,,,akshare:20260904
2026-09-04,akshare_fund_etf_scale_sse,SH,560310,光伏博时,188122000.0,份,,,akshare:20260904
2026-09-04,akshare_fund_etf_scale_sse,SH,560320,食品富国,115332000.0,份,,,akshare:20260904
2026-09-04,akshare_fund_etf_scale_sse,SH,560330,300价值E,17130000.0,份,,,akshare:20260904
2026-09-04,akshare_fund_etf_scale_sse,SH,560350,A50指数,841532100.0000001,份,,,akshare:20260904
2026-09-04,akshare_fund_etf_scale_sse,SH,560360,软件指数,224345000.0,份,,,akshare:20260904
2026-09-04,akshare_fund_etf_scale_sse,SH,560370,全指红利,216084000.0,份,,,akshare:20260904
2026-09-04,akshare_fund_etf_scale_sse,SH,560380,A100,140861000.0,份,,,akshare:20260904
2026-09-04,akshare_fund_etf_scale_sse,SH,560390,电网E,2053258000.0,份,,,akshare:20260904
2026-09-04,akshare_fund_etf_scale_sse,SH,560400,证券华泰,170493000.0,份,,,akshare:20260904
2026-09-04,akshare_fund_etf_scale_sse,SH,560410,电池鹏华,58786100.0,份,,,akshare:20260904
2026-09-04,akshare_fund_etf_scale_sse,SH,560420,食品Q,129780200.0,份,,,akshare:20260904
2026-09-04,akshare_fund_etf_scale_sse,SH,560450,电力TH,244569000.0,份,,,akshare:20260904
2026-09-04,akshare_fund_etf_scale_sse,SH,560460,电力平安,281037000.0,份,,,akshare:20260904
2026-09-04,akshare_fund_etf_scale_sse,SH,560470,有色E,304340000.0,份,,,akshare:20260904
2026-09-04,akshare_fund_etf_scale_sse,SH,560480,中证电力,136303000.0,份,,,akshare:20260904
2026-09-04,akshare_fund_etf_scale_sse,SH,560490,华泰有色,106482000.0,份,,,akshare:20260904
2026-09-04,akshare_fund_etf_scale_sse,SH,560500,500质量,294339000.0,份,,,akshare:20260904
2026-09-04,akshare_fund_etf_scale_sse,SH,560510,中证A500,2540026900.0,份,,,akshare:20260904
2026-09-04,akshare_fund_etf_scale_sse,SH,560520,红利大成,50751000.0,份,,,akshare:20260904
2026-09-04,akshare_fund_etf_scale_sse,SH,560530,A500ETF,4009623700.0,份,,,akshare:20260904
2026-09-04,akshare_fund_etf_scale_sse,SH,560550,碳中和,123597400.0,份,,,akshare:20260904
2026-09-04,akshare_fund_etf_scale_sse,SH,560560,碳中和TK,70190100.0,份,,,akshare:20260904
2026-09-04,akshare_fund_etf_scale_sse,SH,560570,A500低波,1153541200.0,份,,,akshare:20260904
2026-09-04,akshare_fund_etf_scale_sse,SH,560580,电力指基,433003000.0,份,,,akshare:20260904
2026-09-04,akshare_fund_etf_scale_sse,SH,560590,1000鹏华,19710000.0,份,,,akshare:20260904
2026-09-04,akshare_fund_etf_scale_sse,SH,560610,A500指数,5248988400.0,份,,,akshare:20260904
2026-09-04,akshare_fund_etf_scale_sse,SH,560620,公用WJ,26367000.0,份,,,akshare:20260904
2026-09-04,akshare_fund_etf_scale_sse,SH,560630,机器人WJ,151394000.0,份,,,akshare:20260904
2026-09-04,akshare_fund_etf_scale_sse,SH,560660,云50ETF,126938000.0,份,,,akshare:20260904
2026-09-04,akshare_fund_etf_scale_sse,SH,560670,中证银行,40974000.0,份,,,akshare:20260904
2026-09-04,akshare_fund_etf_scale_sse,SH,560680,龙头消费,335225600.0,份,,,akshare:20260904
2026-09-04,akshare_fund_etf_scale_sse,SH,560690,电信主题,19639000.0,份,,,akshare:20260904
2026-09-04,akshare_fund_etf_scale_sse,SH,560700,央红利50,449536900.0,份,,,akshare:20260904
2026-09-04,akshare_fund_etf_scale_sse,SH,560710,船舶ETF,1708580000.0,份,,,akshare:20260904
2026-09-04,akshare_fund_etf_scale_sse,SH,560720,工银红利,95548000.0,份,,,akshare:20260904
2026-09-04,akshare_fund_etf_scale_sse,SH,560730,红利GTHT,78836300.0,份,,,akshare:20260904
2026-09-04,akshare_fund_etf_scale_sse,SH,560750,A500申万,78554800.0,份,,,akshare:20260904
2026-09-04,akshare_fund_etf_scale_sse,SH,560770,机器人ZS,1648633000.0,份,,,akshare:20260904
2026-09-04,akshare_fund_etf_scale_sse,SH,560780,半导设备,13066488000.0,份,,,akshare:20260904
2026-09-04,akshare_fund_etf_scale_sse,SH,560790,软件服务,220455900.0,份,,,akshare:20260904
2026-09-04,akshare_fund_etf_scale_sse,SH,560800,数字ETF,295951100.0,份,,,akshare:20260904
2026-09-04,akshare_fund_etf_scale_sse,SH,560810,央企ESG,181116000.0,份,,,akshare:20260904
2026-09-04,akshare_fund_etf_scale_sse,SH,560820,A50新华,40926000.0,份,,,akshare:20260904
2026-09-04,akshare_fund_etf_scale_sse,SH,560830,电指数,687519000.0,份,,,akshare:20260904
2026-09-04,akshare_fund_etf_scale_sse,SH,560850,信创50,68164000.0,份,,,akshare:20260904
2026-09-04,akshare_fund_etf_scale_sse,SH,560860,工业有色,5366233000.0,份,,,akshare:20260904
2026-09-04,akshare_fund_etf_scale_sse,SH,560870,中银有色,91351900.0,份,,,akshare:20260904
2026-09-04,akshare_fund_etf_scale_sse,SH,560880,家电基金,193732000.0,份,,,akshare:20260904
2026-09-04,akshare_fund_etf_scale_sse,SH,560900,创新药企,217969100.0,份,,,akshare:20260904
2026-09-04,akshare_fund_etf_scale_sse,SH,560910,中证电池,198721000.0,份,,,akshare:20260904
2026-09-04,akshare_fund_etf_scale_sse,SH,560920,招商机械,44373300.0,份,,,akshare:20260904
2026-09-04,akshare_fund_etf_scale_sse,SH,560930,电力E,203524000.0,份,,,akshare:20260904
2026-09-04,akshare_fund_etf_scale_sse,SH,560950,500增,15483000.0,份,,,akshare:20260904
2026-09-04,akshare_fund_etf_scale_sse,SH,560970,有色金属,67138000.0,份,,,akshare:20260904
2026-09-04,akshare_fund_etf_scale_sse,SH,560980,光伏龙头,343522000.0,份,,,akshare:20260904
2026-09-04,akshare_fund_etf_scale_sse,SH,560990,科技先锋,15187100.0,份,,,akshare:20260904
2026-09-04,akshare_fund_etf_scale_sse,SH,561000,300指增,49920000.0,份,,,akshare:20260904
2026-09-04,akshare_fund_etf_scale_sse,SH,561010,软件开发,289356000.0,份,,,akshare:20260904
2026-09-04,akshare_fund_etf_scale_sse,SH,561020,食品招商,31022199.999999996,份,,,akshare:20260904
2026-09-04,akshare_fund_etf_scale_sse,SH,561030,机械华泰,186550000.0,份,,,akshare:20260904
2026-09-04,akshare_fund_etf_scale_sse,SH,561050,稀金属E,233250000.0,份,,,akshare:20260904
2026-09-04,akshare_fund_etf_scale_sse,SH,561060,红利国企,47065000.0,份,,,akshare:20260904
2026-09-04,akshare_fund_etf_scale_sse,SH,561080,现金自由,24250000.0,份,,,akshare:20260904
2026-09-04,akshare_fund_etf_scale_sse,SH,561090,A500增,209974000.0,份,,,akshare:20260904
2026-09-04,akshare_fund_etf_scale_sse,SH,561100,电子龙头,612746900.0,份,,,akshare:20260904
2026-09-04,akshare_fund_etf_scale_sse,SH,561120,家电ETF,28159899.999999996,份,,,akshare:20260904
2026-09-04,akshare_fund_etf_scale_sse,SH,561130,国货ETF,85935200.0,份,,,akshare:20260904
2026-09-04,akshare_fund_etf_scale_sse,SH,561160,锂电池,2301835000.0,份,,,akshare:20260904
2026-09-04,akshare_fund_etf_scale_sse,SH,561170,绿电50,528532699.99999994,份,,,akshare:20260904
2026-09-04,akshare_fund_etf_scale_sse,SH,561180,A100ETF,49609600.0,份,,,akshare:20260904
2026-09-04,akshare_fund_etf_scale_sse,SH,561190,双碳ETF,193318000.0,份,,,akshare:20260904
2026-09-04,akshare_fund_etf_scale_sse,SH,561200,A100基金,33470500.0,份,,,akshare:20260904
2026-09-04,akshare_fund_etf_scale_sse,SH,561220,国企数字,47553000.0,份,,,akshare:20260904
2026-09-04,akshare_fund_etf_scale_sse,SH,561230,A50,452477800.0,份,,,akshare:20260904
2026-09-04,akshare_fund_etf_scale_sse,SH,561250,稀金属PH,69752200.0,份,,,akshare:20260904
2026-09-04,akshare_fund_etf_scale_sse,SH,561260,能源ETF,23095200.0,份,,,akshare:20260904
2026-09-04,akshare_fund_etf_scale_sse,SH,561280,增强1000,84847700.0,份,,,akshare:20260904
2026-09-04,akshare_fund_etf_scale_sse,SH,561300,300增ETF,523965000.0,份,,,akshare:20260904
2026-09-04,akshare_fund_etf_scale_sse,SH,561310,消电ETF,107833100.0,份,,,akshare:20260904
2026-09-04,akshare_fund_etf_scale_sse,SH,561320,交运ETF,34369000.0,份,,,akshare:20260904
2026-09-04,akshare_fund_etf_scale_sse,SH,561330,矿业ETF,1822392100.0,份,,,akshare:20260904
2026-09-04,akshare_fund_etf_scale_sse,SH,561350,国泰500,97700000.0,份,,,akshare:20260904
2026-09-04,akshare_fund_etf_scale_sse,SH,561360,石油ETF,1360148000.0,份,,,akshare:20260904
2026-09-04,akshare_fund_etf_scale_sse,SH,561370,2000ETF,32356000.0,份,,,akshare:20260904
2026-09-04,akshare_fund_etf_scale_sse,SH,561380,电网ETF,6286034000.0,份,,,akshare:20260904
2026-09-04,akshare_fund_etf_scale_sse,SH,561390,稀金属PA,89128100.0,份,,,akshare:20260904
2026-09-04,akshare_fund_etf_scale_sse,SH,561400,鑫元养殖,32519000.0,份,,,akshare:20260904
2026-09-04,akshare_fund_etf_scale_sse,SH,561410,光伏工银,203613300.00000003,份,,,akshare:20260904
2026-09-04,akshare_fund_etf_scale_sse,SH,561420,300现金,1010237000.0,份,,,akshare:20260904
2026-09-04,akshare_fund_etf_scale_sse,SH,561430,全指质量,34223200.0,份,,,akshare:20260904
2026-09-04,akshare_fund_etf_scale_sse,SH,561450,华泰红利,81624300.0,份,,,akshare:20260904
2026-09-04,akshare_fund_etf_scale_sse,SH,561460,AITH,1496020000.0,份,,,akshare:20260904
2026-09-04,akshare_fund_etf_scale_sse,SH,561470,畜牧TH,51936000.0,份,,,akshare:20260904
2026-09-04,akshare_fund_etf_scale_sse,SH,561490,红利财通,86631299.99999999,份,,,akshare:20260904
2026-09-04,akshare_fund_etf_scale_sse,SH,561500,漂亮50,54600300.0,份,,,akshare:20260904
2026-09-04,akshare_fund_etf_scale_sse,SH,561510,中医药,65206000.0,份,,,akshare:20260904
2026-09-04,akshare_fund_etf_scale_sse,SH,561530,银华银行,112534000.0,份,,,akshare:20260904
2026-09-04,akshare_fund_etf_scale_sse,SH,561550,500指增,1343989600.0,份,,,akshare:20260904
2026-09-04,akshare_fund_etf_scale_sse,SH,561560,电力ETF,1926624200.0000002,份,,,akshare:20260904
2026-09-04,akshare_fund_etf_scale_sse,SH,561570,油气基金,72147000.0,份,,,akshare:20260904
2026-09-04,akshare_fund_etf_scale_sse,SH,561580,央企红利,1893370700.0,份,,,akshare:20260904
2026-09-04,akshare_fund_etf_scale_sse,SH,561590,1000增强,101499599.99999999,份,,,akshare:20260904
2026-09-04,akshare_fund_etf_scale_sse,SH,561600,消费电子,300548000.0,份,,,akshare:20260904
2026-09-04,akshare_fund_etf_scale_sse,SH,561620,华泰化工,35727000.0,份,,,akshare:20260904
2026-09-04,akshare_fund_etf_scale_sse,SH,561630,华泰质量,42898000.0,份,,,akshare:20260904
2026-09-04,akshare_fund_etf_scale_sse,SH,561660,通航基金,69710000.0,份,,,akshare:20260904
2026-09-04,akshare_fund_etf_scale_sse,SH,561680,A500红低,57169000.0,份,,,akshare:20260904
2026-09-04,akshare_fund_etf_scale_sse,SH,561700,电力基金,349813600.0,份,,,akshare:20260904
2026-09-04,akshare_fund_etf_scale_sse,SH,561730,中证A股,98748100.0,份,,,akshare:20260904
2026-09-04,akshare_fund_etf_scale_sse,SH,561750,A50博时,61496000.0,份,,,akshare:20260904
2026-09-04,akshare_fund_etf_scale_sse,SH,561760,油气博时,156195000.0,份,,,akshare:20260904
2026-09-04,akshare_fund_etf_scale_sse,SH,561770,指基A100,35550000.0,份,,,akshare:20260904
2026-09-04,akshare_fund_etf_scale_sse,SH,561780,1000指增,19355800.0,份,,,akshare:20260904
2026-09-04,akshare_fund_etf_scale_sse,SH,561790,现代能源,55434000.0,份,,,akshare:20260904
2026-09-04,akshare_fund_etf_scale_sse,SH,561800,稀金属,206077200.0,份,,,akshare:20260904
2026-09-04,akshare_fund_etf_scale_sse,SH,561810,华泰医疗,61638400.0,份,,,akshare:20260904
2026-09-04,akshare_fund_etf_scale_sse,SH,561830,有色GTHT,216571100.0,份,,,akshare:20260904
2026-09-04,akshare_fund_etf_scale_sse,SH,561870,现金流指,89765000.0,份,,,akshare:20260904
2026-09-04,akshare_fund_etf_scale_sse,SH,561880,A100指数,84389000.0,份,,,akshare:20260904
2026-09-04,akshare_fund_etf_scale_sse,SH,561890,A股E,41112600.0,份,,,akshare:20260904
2026-09-04,akshare_fund_etf_scale_sse,SH,561900,沪深ESG,26334400.0,份,,,akshare:20260904
2026-09-04,akshare_fund_etf_scale_sse,SH,561910,电池ETF,4793076600.0,份,,,akshare:20260904
2026-09-04,akshare_fund_etf_scale_sse,SH,561920,疫苗龙头,61692000.0,份,,,akshare:20260904
2026-09-04,akshare_fund_etf_scale_sse,SH,561930,招商300,187260600.0,份,,,akshare:20260904
2026-09-04,akshare_fund_etf_scale_sse,SH,561950,500增强A,72156000.0,份,,,akshare:20260904
2026-09-04,akshare_fund_etf_scale_sse,SH,561960,央企回报,56785200.00000001,份,,,akshare:20260904
2026-09-04,akshare_fund_etf_scale_sse,SH,561980,芯片设备,8710550000.0,份,,,akshare:20260904
2026-09-04,akshare_fund_etf_scale_sse,SH,561990,300增强,340649200.0,份,,,akshare:20260904
2026-09-04,akshare_fund_etf_scale_sse,SH,562000,中证A100,596737900.0,份,,,akshare:20260904
2026-09-04,akshare_fund_etf_scale_sse,SH,562010,绿色能源,18298700.0,份,,,akshare:20260904
2026-09-04,akshare_fund_etf_scale_sse,SH,562030,信创基金,140973900.0,份,,,akshare:20260904
2026-09-04,akshare_fund_etf_scale_sse,SH,562050,药ETF,98468000.0,份,,,akshare:20260904
2026-09-04,akshare_fund_etf_scale_sse,SH,562060,标普红利,5136792600.0,份,,,akshare:20260904
2026-09-04,akshare_fund_etf_scale_sse,SH,562070,300ETF增,552542000.0,份,,,akshare:20260904
2026-09-04,akshare_fund_etf_scale_sse,SH,562080,自由现金,578757200.0,份,,,akshare:20260904
2026-09-04,akshare_fund_etf_scale_sse,SH,562180,红低A500,108150000.0,份,,,akshare:20260904
2026-09-04,akshare_fund_etf_scale_sse,SH,562300,低碳ETF,55495000.0,份,,,akshare:20260904
2026-09-04,akshare_fund_etf_scale_sse,SH,562310,300成长,422572300.00000006,份,,,akshare:20260904
2026-09-04,akshare_fund_etf_scale_sse,SH,562320,300价值A,55295500.0,份,,,akshare:20260904
2026-09-04,akshare_fund_etf_scale_sse,SH,562330,500价值,12018900.000000002,份,,,akshare:20260904
2026-09-04,akshare_fund_etf_scale_sse,SH,562340,500成长,9144300.0,份,,,akshare:20260904
2026-09-04,akshare_fund_etf_scale_sse,SH,562350,电力,128410900.0,份,,,akshare:20260904
2026-09-04,akshare_fund_etf_scale_sse,SH,562360,机器人YH,292474000.0,份,,,akshare:20260904
2026-09-04,akshare_fund_etf_scale_sse,SH,562380,科技引领,74628900.0,份,,,akshare:20260904
2026-09-04,akshare_fund_etf_scale_sse,SH,562390,中药,80429000.0,份,,,akshare:20260904
2026-09-04,akshare_fund_etf_scale_sse,SH,562500,机器人,18554687300.0,份,,,akshare:20260904
2026-09-04,akshare_fund_etf_scale_sse,SH,562510,旅游ETF,1112595000.0,份,,,akshare:20260904
2026-09-04,akshare_fund_etf_scale_sse,SH,562520,1000成长,28568000.0,份,,,akshare:20260904
2026-09-04,akshare_fund_etf_scale_sse,SH,562530,1000价值,159144000.0,份,,,akshare:20260904
2026-09-04,akshare_fund_etf_scale_sse,SH,562550,绿电ETF,1493919300.0,份,,,akshare:20260904
2026-09-04,akshare_fund_etf_scale_sse,SH,562560,信息技术,22765500.0,份,,,akshare:20260904
2026-09-04,akshare_fund_etf_scale_sse,SH,562570,信创ETF,300281000.0,份,,,akshare:20260904
2026-09-04,akshare_fund_etf_scale_sse,SH,562580,可选消费,42223300.0,份,,,akshare:20260904
2026-09-04,akshare_fund_etf_scale_sse,SH,562590,半导材料,9259989000.0,份,,,akshare:20260904
2026-09-04,akshare_fund_etf_scale_sse,SH,562600,医疗器械,454937400.0,份,,,akshare:20260904
2026-09-04,akshare_fund_etf_scale_sse,SH,562660,ZZ2000,366874000.0,份,,,akshare:20260904
2026-09-04,akshare_fund_etf_scale_sse,SH,562700,汽车零件,98750000.0,份,,,akshare:20260904
2026-09-04,akshare_fund_etf_scale_sse,SH,562800,稀有金属,5713645000.0,份,,,akshare:20260904
2026-09-04,akshare_fund_etf_scale_sse,SH,562810,上证增强,52951000.0,份,,,akshare:20260904
2026-09-04,akshare_fund_etf_scale_sse,SH,562820,集成电路,416408000.0,份,,,akshare:20260904
2026-09-04,akshare_fund_etf_scale_sse,SH,562850,央企能源,176981500.0,份,,,akshare:20260904
2026-09-04,akshare_fund_etf_scale_sse,SH,562860,疫苗ETF,332895000.0,份,,,akshare:20260904
2026-09-04,akshare_fund_etf_scale_sse,SH,562870,证券全指,584505200.0,份,,,akshare:20260904
2026-09-04,akshare_fund_etf_scale_sse,SH,562880,电池基金,889399600.0000001,份,,,akshare:20260904
2026-09-04,akshare_fund_etf_scale_sse,SH,562890,A50中证,272051000.0,份,,,akshare:20260904
2026-09-04,akshare_fund_etf_scale_sse,SH,562900,现代农业,230706300.0,份,,,akshare:20260904
2026-09-04,akshare_fund_etf_scale_sse,SH,562910,高端制造,300227300.0,份,,,akshare:20260904
2026-09-04,akshare_fund_etf_scale_sse,SH,562920,信息安全,88069000.0,份,,,akshare:20260904
2026-09-04,akshare_fund_etf_scale_sse,SH,562930,软件30,1687437000.0,份,,,akshare:20260904
2026-09-04,akshare_fund_etf_scale_sse,SH,562950,消电50,1061258300.0,份,,,akshare:20260904
2026-09-04,akshare_fund_etf_scale_sse,SH,562960,绿色电力,1227391000.0,份,,,akshare:20260904
2026-09-04,akshare_fund_etf_scale_sse,SH,562970,光伏E,367448000.0,份,,,akshare:20260904
2026-09-04,akshare_fund_etf_scale_sse,SH,562990,碳中和E,376756000.0,份,,,akshare:20260904
2026-09-04,akshare_fund_etf_scale_sse,SH,563000,中国A50,1528451099.9999998,份,,,akshare:20260904
2026-09-04,akshare_fund_etf_scale_sse,SH,563010,电信ETF,88189300.0,份,,,akshare:20260904
2026-09-04,akshare_fund_etf_scale_sse,SH,563020,低波红利,10338910000.0,份,,,akshare:20260904
2026-09-04,akshare_fund_etf_scale_sse,SH,563030,增强500,127169000.0,份,,,akshare:20260904
2026-09-04,akshare_fund_etf_scale_sse,SH,563050,科技央企,144208400.0,份,,,akshare:20260904
2026-09-04,akshare_fund_etf_scale_sse,SH,563060,央企50,180527000.0,份,,,akshare:20260904
2026-09-04,akshare_fund_etf_scale_sse,SH,563080,中证A50E,1104588400.0,份,,,akshare:20260904
2026-09-04,akshare_fund_etf_scale_sse,SH,563090,上50增强,54848000.0,份,,,akshare:20260904
2026-09-04,akshare_fund_etf_scale_sse,SH,563150,油气资源,34399000.0,份,,,akshare:20260904
2026-09-04,akshare_fund_etf_scale_sse,SH,563180,高股息,100420000.0,份,,,akshare:20260904
2026-09-04,akshare_fund_etf_scale_sse,SH,563200,2000指数,51458800.0,份,,,akshare:20260904
2026-09-04,akshare_fund_etf_scale_sse,SH,563210,专精特新,112067000.0,份,,,akshare:20260904
2026-09-04,akshare_fund_etf_scale_sse,SH,563220,A500富国,6419013700.0,份,,,akshare:20260904
2026-09-04,akshare_fund_etf_scale_sse,SH,563230,卫星ETF,3351237000.0,份,,,akshare:20260904
2026-09-04,akshare_fund_etf_scale_sse,SH,563280,A50增强,5206600.0,份,,,akshare:20260904
2026-09-04,akshare_fund_etf_scale_sse,SH,563300,中证2000,4678674000.0,份,,,akshare:20260904
2026-09-04,akshare_fund_etf_scale_sse,SH,563320,通用航空,221892000.0,份,,,akshare:20260904
2026-09-04,akshare_fund_etf_scale_sse,SH,563330,A股ETF,30760600.0,份,,,akshare:20260904
2026-09-04,akshare_fund_etf_scale_sse,SH,563350,中证A50,171997599.99999997,份,,,akshare:20260904
2026-09-04,akshare_fund_etf_scale_sse,SH,563360,A500基金,31288987400.000004,份,,,akshare:20260904
2026-09-04,akshare_fund_etf_scale_sse,SH,563380,航空航天,847950000.0,份,,,akshare:20260904
2026-09-04,akshare_fund_etf_scale_sse,SH,563390,现金基金,2141844000.0,份,,,akshare:20260904
2026-09-04,akshare_fund_etf_scale_sse,SH,563500,A500华宝,765958700.0,份,,,akshare:20260904
2026-09-04,akshare_fund_etf_scale_sse,SH,563510,A500红利,279537000.0,份,,,akshare:20260904
2026-09-04,akshare_fund_etf_scale_sse,SH,563520,300永赢,448065000.0,份,,,akshare:20260904
2026-09-04,akshare_fund_etf_scale_sse,SH,563530,卫星E,1562748000.0,份,,,akshare:20260904
2026-09-04,akshare_fund_etf_scale_sse,SH,563550,增强A500,88559000.0,份,,,akshare:20260904
2026-09-04,akshare_fund_etf_scale_sse,SH,563560,科技成长,56769000.0,份,,,akshare:20260904
2026-09-04,akshare_fund_etf_scale_sse,SH,563570,金融科,110374000.0,份,,,akshare:20260904
2026-09-04,akshare_fund_etf_scale_sse,SH,563580,现金800,241648000.0,份,,,akshare:20260904
2026-09-04,akshare_fund_etf_scale_sse,SH,563590,红利A500,60944399.99999999,份,,,akshare:20260904
2026-09-04,akshare_fund_etf_scale_sse,SH,563600,A500增强,66483000.0,份,,,akshare:20260904
2026-09-04,akshare_fund_etf_scale_sse,SH,563620,现金流全,50049000.0,份,,,akshare:20260904
2026-09-04,akshare_fund_etf_scale_sse,SH,563630,A500指增,37947100.0,份,,,akshare:20260904
2026-09-04,akshare_fund_etf_scale_sse,SH,563650,A500中证,140909000.0,份,,,akshare:20260904
2026-09-04,akshare_fund_etf_scale_sse,SH,563660,A500银河,63085200.00000001,份,,,akshare:20260904
2026-09-04,akshare_fund_etf_scale_sse,SH,563670,金科基金,178987000.0,份,,,akshare:20260904
2026-09-04,akshare_fund_etf_scale_sse,SH,563680,现金流TF,103959000.0,份,,,akshare:20260904
2026-09-04,akshare_fund_etf_scale_sse,SH,563690,红利永赢,34882000.0,份,,,akshare:20260904
2026-09-04,akshare_fund_etf_scale_sse,SH,563700,红利价值,363150000.0,份,,,akshare:20260904
2026-09-04,akshare_fund_etf_scale_sse,SH,563750,500添富,342237000.0,份,,,akshare:20260904
2026-09-04,akshare_fund_etf_scale_sse,SH,563760,中银现金,705913200.0000001,份,,,akshare:20260904
2026-09-04,akshare_fund_etf_scale_sse,SH,563770,全指现金,27307000.0,份,,,akshare:20260904
2026-09-04,akshare_fund_etf_scale_sse,SH,563780,现金指数,240027100.0,份,,,akshare:20260904
2026-09-04,akshare_fund_etf_scale_sse,SH,563790,卫星产业,1192447000.0,份,,,akshare:20260904
2026-09-04,akshare_fund_etf_scale_sse,SH,563800,A500龙头,9082978100.0,份,,,akshare:20260904
2026-09-04,akshare_fund_etf_scale_sse,SH,563830,现金流基,134896000.0,份,,,akshare:20260904
2026-09-04,akshare_fund_etf_scale_sse,SH,563850,食品广发,111881700.0,份,,,akshare:20260904
2026-09-04,akshare_fund_etf_scale_sse,SH,563860,A500海富,182844300.0,份,,,akshare:20260904
2026-09-04,akshare_fund_etf_scale_sse,SH,563870,航空通用,105303900.0,份,,,akshare:20260904
2026-09-04,akshare_fund_etf_scale_sse,SH,563880,A500添富,1546996400.0000002,份,,,akshare:20260904
2026-09-04,akshare_fund_etf_scale_sse,SH,563890,红利国有,21836000.0,份,,,akshare:20260904
2026-09-04,akshare_fund_etf_scale_sse,SH,563900,现金流,454965700.0,份,,,akshare:20260904
2026-09-04,akshare_fund_etf_scale_sse,SH,563930,上指增强,28592000.0,份,,,akshare:20260904
2026-09-04,akshare_fund_etf_scale_sse,SH,563960,300质量,357012000.0,份,,,akshare:20260904
2026-09-04,akshare_fund_etf_scale_sse,SH,563980,800红利,188967000.0,份,,,akshare:20260904
2026-09-04,akshare_fund_etf_scale_sse,SH,563990,800现金,296573000.0,份,,,akshare:20260904
2026-09-04,akshare_fund_etf_scale_sse,SH,588000,科创50,54095668200.0,份,,,akshare:20260904
2026-09-04,akshare_fund_etf_scale_sse,SH,588010,科创材料,997925800.0,份,,,akshare:20260904
2026-09-04,akshare_fund_etf_scale_sse,SH,588020,科创50E,2207373000.0,份,,,akshare:20260904
2026-09-04,akshare_fund_etf_scale_sse,SH,588030,科创指基,2318838100.0,份,,,akshare:20260904
2026-09-04,akshare_fund_etf_scale_sse,SH,588040,科创板指,137889000.0,份,,,akshare:20260904
2026-09-04,akshare_fund_etf_scale_sse,SH,588050,科创ETF,6611241300.0,份,,,akshare:20260904
2026-09-04,akshare_fund_etf_scale_sse,SH,588060,上证科创,7687140000.0,份,,,akshare:20260904
2026-09-04,akshare_fund_etf_scale_sse,SH,588070,科创万家,42437000.0,份,,,akshare:20260904
2026-09-04,akshare_fund_etf_scale_sse,SH,588080,科创板50,25624628100.0,份,,,akshare:20260904
2026-09-04,akshare_fund_etf_scale_sse,SH,588090,科创板,3054072800.0000005,份,,,akshare:20260904
2026-09-04,akshare_fund_etf_scale_sse,SH,588100,科创信息,208746200.0,份,,,akshare:20260904
2026-09-04,akshare_fund_etf_scale_sse,SH,588110,科创成长,1081032000.0,份,,,akshare:20260904
2026-09-04,akshare_fund_etf_scale_sse,SH,588120,科100ETF,907622000.0,份,,,akshare:20260904
2026-09-04,akshare_fund_etf_scale_sse,SH,588130,科创药,460082600.0,份,,,akshare:20260904
2026-09-04,akshare_fund_etf_scale_sse,SH,588140,科200GF,217751000.0,份,,,akshare:20260904
2026-09-04,akshare_fund_etf_scale_sse,SH,588150,科创龙头,401432600.0,份,,,akshare:20260904
2026-09-04,akshare_fund_etf_scale_sse,SH,588160,科创新材,906996000.0,份,,,akshare:20260904
2026-09-04,akshare_fund_etf_scale_sse,SH,588170,科创半导,45483447000.0,份,,,akshare:20260904
2026-09-04,akshare_fund_etf_scale_sse,SH,588180,科创50基,759353700.0,份,,,akshare:20260904
2026-09-04,akshare_fund_etf_scale_sse,SH,588190,科创100,1354618299.9999998,份,,,akshare:20260904
2026-09-04,akshare_fund_etf_scale_sse,SH,588200,科创芯片,43382684300.0,份,,,akshare:20260904
2026-09-04,akshare_fund_etf_scale_sse,SH,588210,科创100E,253254000.0,份,,,akshare:20260904
2026-09-04,akshare_fund_etf_scale_sse,SH,588220,科创100F,3813197900.0,份,,,akshare:20260904
2026-09-04,akshare_fund_etf_scale_sse,SH,588230,科创200,737939000.0,份,,,akshare:20260904
2026-09-04,akshare_fund_etf_scale_sse,SH,588240,科200,119633000.0,份,,,akshare:20260904
2026-09-04,akshare_fund_etf_scale_sse,SH,588250,KC医药,269675000.0,份,,,akshare:20260904
2026-09-04,akshare_fund_etf_scale_sse,SH,588260,科创技术,46746000.0,份,,,akshare:20260904
2026-09-04,akshare_fund_etf_scale_sse,SH,588270,科创200F,304410000.0,份,,,akshare:20260904
2026-09-04,akshare_fund_etf_scale_sse,SH,588280,科创五零,400121000.0,份,,,akshare:20260904
2026-09-04,akshare_fund_etf_scale_sse,SH,588290,芯片科创,4964691000.0,份,,,akshare:20260904
2026-09-04,akshare_fund_etf_scale_sse,SH,588300,双创ETF,1540210500.0,份,,,akshare:20260904
2026-09-04,akshare_fund_etf_scale_sse,SH,588310,双创基金,31837500.0,份,,,akshare:20260904
2026-09-04,akshare_fund_etf_scale_sse,SH,588320,双创增强,83824599.99999999,份,,,akshare:20260904
2026-09-04,akshare_fund_etf_scale_sse,SH,588330,双创龙头,1195737800.0,份,,,akshare:20260904
2026-09-04,akshare_fund_etf_scale_sse,SH,588350,双创,658546000.0,份,,,akshare:20260904
2026-09-04,akshare_fund_etf_scale_sse,SH,588360,创创ETF,221881800.0,份,,,akshare:20260904
2026-09-04,akshare_fund_etf_scale_sse,SH,588370,科创策略,75772000.0,份,,,akshare:20260904
2026-09-04,akshare_fund_etf_scale_sse,SH,588380,创50ETF,2738770000.0,份,,,akshare:20260904
2026-09-04,akshare_fund_etf_scale_sse,SH,588390,科创创业,164935900.0,份,,,akshare:20260904
2026-09-04,akshare_fund_etf_scale_sse,SH,588400,双创50,1380600600.0,份,,,akshare:20260904
2026-09-04,akshare_fund_etf_scale_sse,SH,588410,双创AI,115250000.0,份,,,akshare:20260904
2026-09-04,akshare_fund_etf_scale_sse,SH,588420,AI双创,337648000.0,份,,,akshare:20260904
2026-09-04,akshare_fund_etf_scale_sse,SH,588430,科创创AI,96458000.0,份,,,akshare:20260904
2026-09-04,akshare_fund_etf_scale_sse,SH,588450,科创50增,60568700.0,份,,,akshare:20260904
2026-09-04,akshare_fund_etf_scale_sse,SH,588460,科创增强,657014000.0,份,,,akshare:20260904
2026-09-04,akshare_fund_etf_scale_sse,SH,588470,双创智能,280907000.0,份,,,akshare:20260904
2026-09-04,akshare_fund_etf_scale_sse,SH,588480,AI50双创,241717000.0,份,,,akshare:20260904
2026-09-04,akshare_fund_etf_scale_sse,SH,588500,科创100Z,45647000.0,份,,,akshare:20260904
2026-09-04,akshare_fund_etf_scale_sse,SH,588510,智能双创,319175000.0,份,,,akshare:20260904
2026-09-04,akshare_fund_etf_scale_sse,SH,588520,科创增,12957000.0,份,,,akshare:20260904
2026-09-04,akshare_fund_etf_scale_sse,SH,588530,AIBOCI,225033300.00000003,份,,,akshare:20260904
2026-09-04,akshare_fund_etf_scale_sse,SH,588550,科创增指,63290000.0,份,,,akshare:20260904
2026-09-04,akshare_fund_etf_scale_sse,SH,588660,双创五零,40344000.0,份,,,akshare:20260904
2026-09-04,akshare_fund_etf_scale_sse,SH,588670,科综增强,39792000.0,份,,,akshare:20260904
2026-09-04,akshare_fund_etf_scale_sse,SH,588680,科100增,35361000.0,份,,,akshare:20260904
2026-09-04,akshare_fund_etf_scale_sse,SH,588690,科综指增,51636000.0,份,,,akshare:20260904
2026-09-04,akshare_fund_etf_scale_sse,SH,588700,科创生物,462836200.0,份,,,akshare:20260904
2026-09-04,akshare_fund_etf_scale_sse,SH,588710,科半导体,11622885000.0,份,,,akshare:20260904
2026-09-04,akshare_fund_etf_scale_sse,SH,588720,中银科创,109741800.0,份,,,akshare:20260904
2026-09-04,akshare_fund_etf_scale_sse,SH,588730,科创AI,732396300.0,份,,,akshare:20260904
2026-09-04,akshare_fund_etf_scale_sse,SH,588750,科创芯50,3271228000.0,份,,,akshare:20260904
2026-09-04,akshare_fund_etf_scale_sse,SH,588760,AI科创,2482532000.0,份,,,akshare:20260904
2026-09-04,akshare_fund_etf_scale_sse,SH,588770,信息科创,311597100.0,份,,,akshare:20260904
2026-09-04,akshare_fund_etf_scale_sse,SH,588780,芯片设计,1055902000.0,份,,,akshare:20260904
2026-09-04,akshare_fund_etf_scale_sse,SH,588790,科创智能,3349384000.0,份,,,akshare:20260904
2026-09-04,akshare_fund_etf_scale_sse,SH,588800,科创100C,1684877000.0,份,,,akshare:20260904
2026-09-04,akshare_fund_etf_scale_sse,SH,588810,科创板芯,909324000.0,份,,,akshare:20260904
2026-09-04,akshare_fund_etf_scale_sse,SH,588820,科创200E,151400000.0,份,,,akshare:20260904
2026-09-04,akshare_fund_etf_scale_sse,SH,588830,科创新能,627847900.0,份,,,akshare:20260904
2026-09-04,akshare_fund_etf_scale_sse,SH,588840,50科创,64236000.0,份,,,akshare:20260904
2026-09-04,akshare_fund_etf_scale_sse,SH,588850,科创机械,86779000.0,份,,,akshare:20260904
2026-09-04,akshare_fund_etf_scale_sse,SH,588860,科创医药,356889400.0,份,,,akshare:20260904
2026-09-04,akshare_fund_etf_scale_sse,SH,588870,科创50指,926552000.0,份,,,akshare:20260904
2026-09-04,akshare_fund_etf_scale_sse,SH,588880,科创指数,114368000.0,份,,,akshare:20260904
2026-09-04,akshare_fund_etf_scale_sse,SH,588890,科创芯,2801430000.0,份,,,akshare:20260904
2026-09-04,akshare_fund_etf_scale_sse,SH,588900,科创100S,358783000.0,份,,,akshare:20260904
2026-09-04,akshare_fund_etf_scale_sse,SH,588910,科创价值,100049100.0,份,,,akshare:20260904
2026-09-04,akshare_fund_etf_scale_sse,SH,588920,KC芯片,331876000.0,份,,,akshare:20260904
2026-09-04,akshare_fund_etf_scale_sse,SH,588930,科创板AI,621329000.0,份,,,akshare:20260904
2026-09-04,akshare_fund_etf_scale_sse,SH,588940,科创富国,3014840000.0,份,,,akshare:20260904
2026-09-04,akshare_fund_etf_scale_sse,SH,588950,景顺科创,731729700.0,份,,,akshare:20260904
2026-09-04,akshare_fund_etf_scale_sse,SH,588960,新能科创,143579800.0,份,,,akshare:20260904
2026-09-04,akshare_fund_etf_scale_sse,SH,588980,科创广发,14420000.0,份,,,akshare:20260904
2026-09-04,akshare_fund_etf_scale_sse,SH,588990,科芯片,203745400.0,份,,,akshare:20260904
2026-09-04,akshare_fund_etf_scale_sse,SH,589000,科创综指,1075507800.0,份,,,akshare:20260904
2026-09-04,akshare_fund_etf_scale_sse,SH,589010,科创AI指,938793000.0,份,,,akshare:20260904
2026-09-04,akshare_fund_etf_scale_sse,SH,589020,KC半导体,4592438000.0,份,,,akshare:20260904
2026-09-04,akshare_fund_etf_scale_sse,SH,589030,科芯设计,919077000.0,份,,,akshare:20260904
2026-09-04,akshare_fund_etf_scale_sse,SH,589050,科创E,50968000.0,份,,,akshare:20260904
2026-09-04,akshare_fund_etf_scale_sse,SH,589060,科综东财,82137900.00000001,份,,,akshare:20260904
2026-09-04,akshare_fund_etf_scale_sse,SH,589070,科芯TH,2021293000.0,份,,,akshare:20260904
2026-09-04,akshare_fund_etf_scale_sse,SH,589080,科创综E,148061000.0,份,,,akshare:20260904
2026-09-04,akshare_fund_etf_scale_sse,SH,589090,KCAI,184431000.0,份,,,akshare:20260904
2026-09-04,akshare_fund_etf_scale_sse,SH,589100,国泰芯片,935442500.0,份,,,akshare:20260904
2026-09-04,akshare_fund_etf_scale_sse,SH,589110,科AI国泰,540413000.0,份,,,akshare:20260904
2026-09-04,akshare_fund_etf_scale_sse,SH,589120,创新药基,1398620000.0,份,,,akshare:20260904
2026-09-04,akshare_fund_etf_scale_sse,SH,589130,科创芯易,3386780000.0,份,,,akshare:20260904
2026-09-04,akshare_fund_etf_scale_sse,SH,589150,科创平安,841437200.0,份,,,akshare:20260904
2026-09-04,akshare_fund_etf_scale_sse,SH,589160,科芯片GF,296296000.0,份,,,akshare:20260904
2026-09-04,akshare_fund_etf_scale_sse,SH,589170,芯设计KC,150909000.0,份,,,akshare:20260904
2026-09-04,akshare_fund_etf_scale_sse,SH,589180,科创材基,140318000.0,份,,,akshare:20260904
2026-09-04,akshare_fund_etf_scale_sse,SH,589190,科创芯基,3679562000.0,份,,,akshare:20260904
2026-09-04,akshare_fund_etf_scale_sse,SH,589200,科200E,22507000.0,份,,,akshare:20260904
2026-09-04,akshare_fund_etf_scale_sse,SH,589210,芯设计GF,1364938000.0,份,,,akshare:20260904
2026-09-04,akshare_fund_etf_scale_sse,SH,589220,科200GT,328495800.0,份,,,akshare:20260904
2026-09-04,akshare_fund_etf_scale_sse,SH,589230,AI科创CS,248553000.0,份,,,akshare:20260904
2026-09-04,akshare_fund_etf_scale_sse,SH,589250,芯设计PY,75101300.0,份,,,akshare:20260904
2026-09-04,akshare_fund_etf_scale_sse,SH,589260,科创芯设,91156000.0,份,,,akshare:20260904
2026-09-04,akshare_fund_etf_scale_sse,SH,589270,科创100Q,24516600.0,份,,,akshare:20260904
2026-09-04,akshare_fund_etf_scale_sse,SH,589280,科综增指,149069000.0,份,,,akshare:20260904
2026-09-04,akshare_fund_etf_scale_sse,SH,589290,芯片主题,143848900.0,份,,,akshare:20260904
2026-09-04,akshare_fund_etf_scale_sse,SH,589300,科综嘉实,41582500.0,份,,,akshare:20260904
2026-09-04,akshare_fund_etf_scale_sse,SH,589310,科创人工,316491800.0,份,,,akshare:20260904
2026-09-04,akshare_fund_etf_scale_sse,SH,589320,科200JS,117053000.0,份,,,akshare:20260904
2026-09-04,akshare_fund_etf_scale_sse,SH,589330,科200DC,170902000.0,份,,,akshare:20260904
2026-09-04,akshare_fund_etf_scale_sse,SH,589350,科芯片指,238281500.0,份,,,akshare:20260904
2026-09-04,akshare_fund_etf_scale_sse,SH,589360,科创50GT,2699174000.0,份,,,akshare:20260904
2026-09-04,akshare_fund_etf_scale_sse,SH,589380,AI科创指,101694300.0,份,,,akshare:20260904
2026-09-04,akshare_fund_etf_scale_sse,SH,589390,芯设计,1383810500.0,份,,,akshare:20260904
2026-09-04,akshare_fund_etf_scale_sse,SH,589400,芯设计FG,307785200.0,份,,,akshare:20260904
2026-09-04,akshare_fund_etf_scale_sse,SH,589410,科创AIJS,562565600.0,份,,,akshare:20260904
2026-09-04,akshare_fund_etf_scale_sse,SH,589420,芯设计MW,362481500.0,份,,,akshare:20260904
2026-09-04,akshare_fund_etf_scale_sse,SH,589430,N科芯片,246849900.00000003,份,,,akshare:20260904
2026-09-04,akshare_fund_etf_scale_sse,SH,589460,科200HB,223630900.0,份,,,akshare:20260904
2026-09-04,akshare_fund_etf_scale_sse,SH,589500,科综工银,80064000.0,份,,,akshare:20260904
2026-09-04,akshare_fund_etf_scale_sse,SH,589520,AI科创板,861104600.0000001,份,,,akshare:20260904
2026-09-04,akshare_fund_etf_scale_sse,SH,589550,KC价值,25295500.0,份,,,akshare:20260904
2026-09-04,akshare_fund_etf_scale_sse,SH,589560,科创AITF,259355000.0,份,,,akshare:20260904
2026-09-04,akshare_fund_etf_scale_sse,SH,589580,科综价格,14354800.0,份,,,akshare:20260904
2026-09-04,akshare_fund_etf_scale_sse,SH,589600,富国科综,221535000.0,份,,,akshare:20260904
2026-09-04,akshare_fund_etf_scale_sse,SH,589630,科综国泰,343258000.0,份,,,akshare:20260904
2026-09-04,akshare_fund_etf_scale_sse,SH,589660,综指科创,265530000.0,份,,,akshare:20260904
2026-09-04,akshare_fund_etf_scale_sse,SH,589680,科创综Z,1414943700.0,份,,,akshare:20260904
2026-09-04,akshare_fund_etf_scale_sse,SH,589700,成长科创,30291000.0,份,,,akshare:20260904
2026-09-04,akshare_fund_etf_scale_sse,SH,589720,科创新药,5180823000.0,份,,,akshare:20260904
2026-09-04,akshare_fund_etf_scale_sse,SH,589770,科创全指,153569200.0,份,,,akshare:20260904
2026-09-04,akshare_fund_etf_scale_sse,SH,589780,科200FG,69215000.0,份,,,akshare:20260904
2026-09-04,akshare_fund_etf_scale_sse,SH,589800,科创综合,1119988200.0,份,,,akshare:20260904
2026-09-04,akshare_fund_etf_scale_sse,SH,589820,科200F,129720200.0,份,,,akshare:20260904
2026-09-04,akshare_fund_etf_scale_sse,SH,589850,科创东财,838057000.0,份,,,akshare:20260904
2026-09-04,akshare_fund_etf_scale_sse,SH,589860,天弘科综,162224000.0,份,,,akshare:20260904
2026-09-04,akshare_fund_etf_scale_sse,SH,589880,科创综,449996000.0,份,,,akshare:20260904
2026-09-04,akshare_fund_etf_scale_sse,SH,589890,景顺科综,84987000.0,份,,,akshare:20260904
2026-09-04,akshare_fund_etf_scale_sse,SH,589900,博时科综,173908200.0,份,,,akshare:20260904
2026-09-04,akshare_fund_etf_scale_sse,SH,589950,科100FG,366873000.0,份,,,akshare:20260904
2026-09-04,akshare_fund_etf_scale_sse,SH,589960,科创新源,172316000.0,份,,,akshare:20260904
2026-09-04,akshare_fund_etf_scale_sse,SH,589980,科基100,132122000.0,份,,,akshare:20260904
2026-09-04,akshare_fund_etf_scale_sse,SH,589990,科创板综,110090000.0,份,,,akshare:20260904
