date,source,market,code,name,shares,share_unit,close,industry,source_file
2026-08-24,akshare_fund_etf_scale_sse,SH,510010,治理ETF,130524400.0,份,,,akshare:20260824
2026-08-24,akshare_fund_etf_scale_sse,SH,510020,超大ETF,34848000.0,份,,,akshare:20260824
2026-08-24,akshare_fund_etf_scale_sse,SH,510030,价值ETF,149229800.0,份,,,akshare:20260824
2026-08-24,akshare_fund_etf_scale_sse,SH,510040,上证180E,28480000.0,份,,,akshare:20260824
2026-08-24,akshare_fund_etf_scale_sse,SH,510050,50ETF,7521066800.000001,份,,,akshare:20260824
2026-08-24,akshare_fund_etf_scale_sse,SH,510060,央企ETF,35959200.0,份,,,akshare:20260824
2026-08-24,akshare_fund_etf_scale_sse,SH,510090,ESG建信,24081100.0,份,,,akshare:20260824
2026-08-24,akshare_fund_etf_scale_sse,SH,510100,SZ50ETF,962606799.9999999,份,,,akshare:20260824
2026-08-24,akshare_fund_etf_scale_sse,SH,510130,中盘ETF,31485100.000000004,份,,,akshare:20260824
2026-08-24,akshare_fund_etf_scale_sse,SH,510140,上证指,83230500.0,份,,,akshare:20260824
2026-08-24,akshare_fund_etf_scale_sse,SH,510150,消费ETF,2885178600.0,份,,,akshare:20260824
2026-08-24,akshare_fund_etf_scale_sse,SH,510160,产业升级,192057400.00000003,份,,,akshare:20260824
2026-08-24,akshare_fund_etf_scale_sse,SH,510170,商品ETF,338914800.00000006,份,,,akshare:20260824
2026-08-24,akshare_fund_etf_scale_sse,SH,510180,180ETF,4417057700.0,份,,,akshare:20260824
2026-08-24,akshare_fund_etf_scale_sse,SH,510190,上证50基,23650800.0,份,,,akshare:20260824
2026-08-24,akshare_fund_etf_scale_sse,SH,510200,上证券商,154385500.0,份,,,akshare:20260824
2026-08-24,akshare_fund_etf_scale_sse,SH,510210,综指ETF,15917192600.0,份,,,akshare:20260824
2026-08-24,akshare_fund_etf_scale_sse,SH,510230,金融ETF,618808000.0,份,,,akshare:20260824
2026-08-24,akshare_fund_etf_scale_sse,SH,510270,国企ETF,16832100.0,份,,,akshare:20260824
2026-08-24,akshare_fund_etf_scale_sse,SH,510290,380ETF,56448900.0,份,,,akshare:20260824
2026-08-24,akshare_fund_etf_scale_sse,SH,510300,300ETF,23809087700.0,份,,,akshare:20260824
2026-08-24,akshare_fund_etf_scale_sse,SH,510310,HS300ETF,11505344000.0,份,,,akshare:20260824
2026-08-24,akshare_fund_etf_scale_sse,SH,510320,300中金,628068500.0,份,,,akshare:20260824
2026-08-24,akshare_fund_etf_scale_sse,SH,510330,华夏300,8416149800.0,份,,,akshare:20260824
2026-08-24,akshare_fund_etf_scale_sse,SH,510350,工银300,675114700.0,份,,,akshare:20260824
2026-08-24,akshare_fund_etf_scale_sse,SH,510360,广发300,1778381200.0,份,,,akshare:20260824
2026-08-24,akshare_fund_etf_scale_sse,SH,510370,兴业300,87258100.0,份,,,akshare:20260824
2026-08-24,akshare_fund_etf_scale_sse,SH,510380,国寿300,1464802400.0,份,,,akshare:20260824
2026-08-24,akshare_fund_etf_scale_sse,SH,510390,平安300,135650000.0,份,,,akshare:20260824
2026-08-24,akshare_fund_etf_scale_sse,SH,510410,资源ETF,436258399.99999994,份,,,akshare:20260824
2026-08-24,akshare_fund_etf_scale_sse,SH,510500,500ETF,4926568600.0,份,,,akshare:20260824
2026-08-24,akshare_fund_etf_scale_sse,SH,510510,广发500,837038300.0,份,,,akshare:20260824
2026-08-24,akshare_fund_etf_scale_sse,SH,510530,工银500,46979399.99999999,份,,,akshare:20260824
2026-08-24,akshare_fund_etf_scale_sse,SH,510550,方正500,23743300.0,份,,,akshare:20260824
2026-08-24,akshare_fund_etf_scale_sse,SH,510560,国寿500,52318700.0,份,,,akshare:20260824
2026-08-24,akshare_fund_etf_scale_sse,SH,510570,兴业500,33060600.0,份,,,akshare:20260824
2026-08-24,akshare_fund_etf_scale_sse,SH,510580,ZZ500ETF,1125368300.0,份,,,akshare:20260824
2026-08-24,akshare_fund_etf_scale_sse,SH,510590,平安500,116386100.0,份,,,akshare:20260824
2026-08-24,akshare_fund_etf_scale_sse,SH,510600,沪50ETF,13915100.0,份,,,akshare:20260824
2026-08-24,akshare_fund_etf_scale_sse,SH,510630,消费30,554361500.0,份,,,akshare:20260824
2026-08-24,akshare_fund_etf_scale_sse,SH,510650,金融行业,11952500.0,份,,,akshare:20260824
2026-08-24,akshare_fund_etf_scale_sse,SH,510660,医药行业,52379700.0,份,,,akshare:20260824
2026-08-24,akshare_fund_etf_scale_sse,SH,510670,180指,177993000.0,份,,,akshare:20260824
2026-08-24,akshare_fund_etf_scale_sse,SH,510680,万家50,19624700.0,份,,,akshare:20260824
2026-08-24,akshare_fund_etf_scale_sse,SH,510710,上50ETF,103118900.0,份,,,akshare:20260824
2026-08-24,akshare_fund_etf_scale_sse,SH,510720,红利国泰,1688766000.0,份,,,akshare:20260824
2026-08-24,akshare_fund_etf_scale_sse,SH,510760,上证ETF,3428503700.0,份,,,akshare:20260824
2026-08-24,akshare_fund_etf_scale_sse,SH,510770,G60创新,21610700.0,份,,,akshare:20260824
2026-08-24,akshare_fund_etf_scale_sse,SH,510800,上证50,174576000.0,份,,,akshare:20260824
2026-08-24,akshare_fund_etf_scale_sse,SH,510810,上海国企,5962793700.0,份,,,akshare:20260824
2026-08-24,akshare_fund_etf_scale_sse,SH,510850,工银上50,46698900.0,份,,,akshare:20260824
2026-08-24,akshare_fund_etf_scale_sse,SH,510880,红利ETF,5882675699.999999,份,,,akshare:20260824
2026-08-24,akshare_fund_etf_scale_sse,SH,510900,恒生中国,3238021900.0,份,,,akshare:20260824
2026-08-24,akshare_fund_etf_scale_sse,SH,510910,上证指CS,174796000.0,份,,,akshare:20260824
2026-08-24,akshare_fund_etf_scale_sse,SH,510950,上证广发,118120800.0,份,,,akshare:20260824
2026-08-24,akshare_fund_etf_scale_sse,SH,510980,上证综合,785798000.0,份,,,akshare:20260824
2026-08-24,akshare_fund_etf_scale_sse,SH,510990,ESG180,38948600.0,份,,,akshare:20260824
2026-08-24,akshare_fund_etf_scale_sse,SH,511010,国债ETF,45146300.0,份,,,akshare:20260824
2026-08-24,akshare_fund_etf_scale_sse,SH,511020,活跃国债,37517500.0,份,,,akshare:20260824
2026-08-24,akshare_fund_etf_scale_sse,SH,511030,公司债,402420700.0,份,,,akshare:20260824
2026-08-24,akshare_fund_etf_scale_sse,SH,511060,5年地债,21236300.0,份,,,akshare:20260824
2026-08-24,akshare_fund_etf_scale_sse,SH,511070,沪公司债,287391000.0,份,,,akshare:20260824
2026-08-24,akshare_fund_etf_scale_sse,SH,511090,30年国债,275788100.0,份,,,akshare:20260824
2026-08-24,akshare_fund_etf_scale_sse,SH,511100,基准国债,111280500.0,份,,,akshare:20260824
2026-08-24,akshare_fund_etf_scale_sse,SH,511110,公司债易,316199600.0,份,,,akshare:20260824
2026-08-24,akshare_fund_etf_scale_sse,SH,511120,科创债基,117710600.0,份,,,akshare:20260824
2026-08-24,akshare_fund_etf_scale_sse,SH,511130,国债30年,190469700.0,份,,,akshare:20260824
2026-08-24,akshare_fund_etf_scale_sse,SH,511150,科债永赢,114030900.0,份,,,akshare:20260824
2026-08-24,akshare_fund_etf_scale_sse,SH,511160,国债东财,22090900.0,份,,,akshare:20260824
2026-08-24,akshare_fund_etf_scale_sse,SH,511180,上证转债,1010359700.0,份,,,akshare:20260824
2026-08-24,akshare_fund_etf_scale_sse,SH,511190,信用债,143044300.0,份,,,akshare:20260824
2026-08-24,akshare_fund_etf_scale_sse,SH,511200,信用债基,231217500.0,份,,,akshare:20260824
2026-08-24,akshare_fund_etf_scale_sse,SH,511220,城投ETF,5311881400.0,份,,,akshare:20260824
2026-08-24,akshare_fund_etf_scale_sse,SH,511260,十年国债,165986500.0,份,,,akshare:20260824
2026-08-24,akshare_fund_etf_scale_sse,SH,511270,10年地债,89567500.0,份,,,akshare:20260824
2026-08-24,akshare_fund_etf_scale_sse,SH,511360,短融ETF,739046600.0,份,,,akshare:20260824
2026-08-24,akshare_fund_etf_scale_sse,SH,511380,转债ETF,4569786700.0,份,,,akshare:20260824
2026-08-24,akshare_fund_etf_scale_sse,SH,511520,政金债,377086500.0,份,,,akshare:20260824
2026-08-24,akshare_fund_etf_scale_sse,SH,511580,国债政金,68890800.0,份,,,akshare:20260824
2026-08-24,akshare_fund_etf_scale_sse,SH,512000,券商ETF,74639435400.0,份,,,akshare:20260824
2026-08-24,akshare_fund_etf_scale_sse,SH,512010,医药ETF,40648694900.0,份,,,akshare:20260824
2026-08-24,akshare_fund_etf_scale_sse,SH,512020,A500,1124012700.0,份,,,akshare:20260824
2026-08-24,akshare_fund_etf_scale_sse,SH,512030,A50增,44240000.0,份,,,akshare:20260824
2026-08-24,akshare_fund_etf_scale_sse,SH,512040,国信价值,4443715900.0,份,,,akshare:20260824
2026-08-24,akshare_fund_etf_scale_sse,SH,512050,A500E,16441992200.0,份,,,akshare:20260824
2026-08-24,akshare_fund_etf_scale_sse,SH,512060,A100指基,10928000.0,份,,,akshare:20260824
2026-08-24,akshare_fund_etf_scale_sse,SH,512070,证券保险,16878479700.0,份,,,akshare:20260824
2026-08-24,akshare_fund_etf_scale_sse,SH,512080,A500中金,788186100.0,份,,,akshare:20260824
2026-08-24,akshare_fund_etf_scale_sse,SH,512090,MSCI易基,357592300.00000006,份,,,akshare:20260824
2026-08-24,akshare_fund_etf_scale_sse,SH,512100,1000ETF,6437217600.0,份,,,akshare:20260824
2026-08-24,akshare_fund_etf_scale_sse,SH,512120,医药50,774241900.0,份,,,akshare:20260824
2026-08-24,akshare_fund_etf_scale_sse,SH,512130,现金全指,13895000.0,份,,,akshare:20260824
2026-08-24,akshare_fund_etf_scale_sse,SH,512140,电力事业,145049000.0,份,,,akshare:20260824
2026-08-24,akshare_fund_etf_scale_sse,SH,512150,A50ETF,18073400.0,份,,,akshare:20260824
2026-08-24,akshare_fund_etf_scale_sse,SH,512160,MSCI基金,121777800.0,份,,,akshare:20260824
2026-08-24,akshare_fund_etf_scale_sse,SH,512170,医疗ETF,71646820500.0,份,,,akshare:20260824
2026-08-24,akshare_fund_etf_scale_sse,SH,512180,建信MSCI,48048000.0,份,,,akshare:20260824
2026-08-24,akshare_fund_etf_scale_sse,SH,512190,之江凤凰,198718400.0,份,,,akshare:20260824
2026-08-24,akshare_fund_etf_scale_sse,SH,512200,地产ETF,2814347900.0,份,,,akshare:20260824
2026-08-24,akshare_fund_etf_scale_sse,SH,512220,TMTETF,208467599.99999997,份,,,akshare:20260824
2026-08-24,akshare_fund_etf_scale_sse,SH,512240,A50龙头,21686000.0,份,,,akshare:20260824
2026-08-24,akshare_fund_etf_scale_sse,SH,512250,A50指数E,119600100.0,份,,,akshare:20260824
2026-08-24,akshare_fund_etf_scale_sse,SH,512260,500低波,19697700.0,份,,,akshare:20260824
2026-08-24,akshare_fund_etf_scale_sse,SH,512290,生物医药,3171820700.0,份,,,akshare:20260824
2026-08-24,akshare_fund_etf_scale_sse,SH,512330,信息ETF,356688000.0,份,,,akshare:20260824
2026-08-24,akshare_fund_etf_scale_sse,SH,512360,MSCI国际,27337700.0,份,,,akshare:20260824
2026-08-24,akshare_fund_etf_scale_sse,SH,512370,A500增指,302313000.0,份,,,akshare:20260824
2026-08-24,akshare_fund_etf_scale_sse,SH,512380,MSCI中国,75805600.0,份,,,akshare:20260824
2026-08-24,akshare_fund_etf_scale_sse,SH,512390,MSCI低波,15682000.0,份,,,akshare:20260824
2026-08-24,akshare_fund_etf_scale_sse,SH,512400,有色ETF,13377039000.0,份,,,akshare:20260824
2026-08-24,akshare_fund_etf_scale_sse,SH,512410,银行广发,51871700.0,份,,,akshare:20260824
2026-08-24,akshare_fund_etf_scale_sse,SH,512420,机械华安,77238900.0,份,,,akshare:20260824
2026-08-24,akshare_fund_etf_scale_sse,SH,512430,家电家居,28720000.0,份,,,akshare:20260824
2026-08-24,akshare_fund_etf_scale_sse,SH,512450,广发养殖,109867000.0,份,,,akshare:20260824
2026-08-24,akshare_fund_etf_scale_sse,SH,512460,电池主题,290823000.0,份,,,akshare:20260824
2026-08-24,akshare_fund_etf_scale_sse,SH,512480,半导体,19378007200.0,份,,,akshare:20260824
2026-08-24,akshare_fund_etf_scale_sse,SH,512500,中证500,1809608800.0,份,,,akshare:20260824
2026-08-24,akshare_fund_etf_scale_sse,SH,512510,ETF500,433429800.00000006,份,,,akshare:20260824
2026-08-24,akshare_fund_etf_scale_sse,SH,512520,MSCIETF,45056400.0,份,,,akshare:20260824
2026-08-24,akshare_fund_etf_scale_sse,SH,512530,300红利,97502000.0,份,,,akshare:20260824
2026-08-24,akshare_fund_etf_scale_sse,SH,512550,A50基金,110906000.0,份,,,akshare:20260824
2026-08-24,akshare_fund_etf_scale_sse,SH,512560,中证军工,964127000.0,份,,,akshare:20260824
2026-08-24,akshare_fund_etf_scale_sse,SH,512570,中证证券,4194806100.0,份,,,akshare:20260824
2026-08-24,akshare_fund_etf_scale_sse,SH,512580,环保ETF,564871700.0,份,,,akshare:20260824
2026-08-24,akshare_fund_etf_scale_sse,SH,512600,必选消费,1714256099.9999998,份,,,akshare:20260824
2026-08-24,akshare_fund_etf_scale_sse,SH,512620,农业TH,1429666000.0,份,,,akshare:20260824
2026-08-24,akshare_fund_etf_scale_sse,SH,512630,卫星基金,1724426000.0,份,,,akshare:20260824
2026-08-24,akshare_fund_etf_scale_sse,SH,512640,金融地产,20240900.0,份,,,akshare:20260824
2026-08-24,akshare_fund_etf_scale_sse,SH,512650,长三角,32941600.0,份,,,akshare:20260824
2026-08-24,akshare_fund_etf_scale_sse,SH,512660,军工ETF,5887080000.0,份,,,akshare:20260824
2026-08-24,akshare_fund_etf_scale_sse,SH,512670,国防ETF,2177652600.0,份,,,akshare:20260824
2026-08-24,akshare_fund_etf_scale_sse,SH,512680,军工基金,3099330100.0,份,,,akshare:20260824
2026-08-24,akshare_fund_etf_scale_sse,SH,512690,酒ETF,32104150200.0,份,,,akshare:20260824
2026-08-24,akshare_fund_etf_scale_sse,SH,512700,银行基金,668081000.0,份,,,akshare:20260824
2026-08-24,akshare_fund_etf_scale_sse,SH,512710,军工龙头,11745658400.0,份,,,akshare:20260824
2026-08-24,akshare_fund_etf_scale_sse,SH,512720,计算机,365453399.99999994,份,,,akshare:20260824
2026-08-24,akshare_fund_etf_scale_sse,SH,512730,银行FUND,54083900.0,份,,,akshare:20260824
2026-08-24,akshare_fund_etf_scale_sse,SH,512750,基本面50,46554900.0,份,,,akshare:20260824
2026-08-24,akshare_fund_etf_scale_sse,SH,512760,芯片ETF,9611445500.0,份,,,akshare:20260824
2026-08-24,akshare_fund_etf_scale_sse,SH,512770,战略新兴,98267800.0,份,,,akshare:20260824
2026-08-24,akshare_fund_etf_scale_sse,SH,512800,银行ETF,12560079900.0,份,,,akshare:20260824
2026-08-24,akshare_fund_etf_scale_sse,SH,512810,国防军工,1007583500.0,份,,,akshare:20260824
2026-08-24,akshare_fund_etf_scale_sse,SH,512820,银行股基,406601900.0,份,,,akshare:20260824
2026-08-24,akshare_fund_etf_scale_sse,SH,512870,杭州湾区,22410600.0,份,,,akshare:20260824
2026-08-24,akshare_fund_etf_scale_sse,SH,512880,证券ETF,58668291500.0,份,,,akshare:20260824
2026-08-24,akshare_fund_etf_scale_sse,SH,512890,红利低波,28066110800.0,份,,,akshare:20260824
2026-08-24,akshare_fund_etf_scale_sse,SH,512900,证券基金,7487906000.0,份,,,akshare:20260824
2026-08-24,akshare_fund_etf_scale_sse,SH,512910,100ETF,131128799.99999999,份,,,akshare:20260824
2026-08-24,akshare_fund_etf_scale_sse,SH,512930,AIETF,5004521300.0,份,,,akshare:20260824
2026-08-24,akshare_fund_etf_scale_sse,SH,512940,有色矿业,2152705000.0,份,,,akshare:20260824
2026-08-24,akshare_fund_etf_scale_sse,SH,512950,央企改革,4042551000.0,份,,,akshare:20260824
2026-08-24,akshare_fund_etf_scale_sse,SH,512960,央调ETF,3856057300.0,份,,,akshare:20260824
2026-08-24,akshare_fund_etf_scale_sse,SH,512970,湾区ETF,5987600.0,份,,,akshare:20260824
2026-08-24,akshare_fund_etf_scale_sse,SH,512980,传媒ETF,4763924400.0,份,,,akshare:20260824
2026-08-24,akshare_fund_etf_scale_sse,SH,512990,MSCIA股,99015400.00000001,份,,,akshare:20260824
2026-08-24,akshare_fund_etf_scale_sse,SH,513000,225ETF,999911400.0,份,,,akshare:20260824
2026-08-24,akshare_fund_etf_scale_sse,SH,513010,港股科技,44430307000.0,份,,,akshare:20260824
2026-08-24,akshare_fund_etf_scale_sse,SH,513020,科技HK,2299145400.0,份,,,akshare:20260824
2026-08-24,akshare_fund_etf_scale_sse,SH,513030,德国ETF,1011779000.0,份,,,akshare:20260824
2026-08-24,akshare_fund_etf_scale_sse,SH,513040,HK互联网,6789341300.0,份,,,akshare:20260824
2026-08-24,akshare_fund_etf_scale_sse,SH,513050,中概互联,34343432700.0,份,,,akshare:20260824
2026-08-24,akshare_fund_etf_scale_sse,SH,513060,恒生医疗,8717893300.0,份,,,akshare:20260824
2026-08-24,akshare_fund_etf_scale_sse,SH,513070,HK消费50,1336760799.9999998,份,,,akshare:20260824
2026-08-24,akshare_fund_etf_scale_sse,SH,513080,法国ETF,654916000.0,份,,,akshare:20260824
2026-08-24,akshare_fund_etf_scale_sse,SH,513090,香港证券,10217488000.0,份,,,akshare:20260824
2026-08-24,akshare_fund_etf_scale_sse,SH,513100,纳指ETF,9465110600.0,份,,,akshare:20260824
2026-08-24,akshare_fund_etf_scale_sse,SH,513110,纳指100,2196435000.0,份,,,akshare:20260824
2026-08-24,akshare_fund_etf_scale_sse,SH,513120,HK创新药,19602635400.0,份,,,akshare:20260824
2026-08-24,akshare_fund_etf_scale_sse,SH,513130,恒生科技,56440347000.0,份,,,akshare:20260824
2026-08-24,akshare_fund_etf_scale_sse,SH,513140,港股金融,78868000.0,份,,,akshare:20260824
2026-08-24,akshare_fund_etf_scale_sse,SH,513150,港科技50,100559800.0,份,,,akshare:20260824
2026-08-24,akshare_fund_etf_scale_sse,SH,513160,科技30,3194189300.0,份,,,akshare:20260824
2026-08-24,akshare_fund_etf_scale_sse,SH,513170,恒生央企,194573000.0,份,,,akshare:20260824
2026-08-24,akshare_fund_etf_scale_sse,SH,513180,恒指科技,69552759500.0,份,,,akshare:20260824
2026-08-24,akshare_fund_etf_scale_sse,SH,513190,H股金融,996936000.0,份,,,akshare:20260824
2026-08-24,akshare_fund_etf_scale_sse,SH,513200,港股医药,895282100.0000001,份,,,akshare:20260824
2026-08-24,akshare_fund_etf_scale_sse,SH,513210,恒生E,43942000.0,份,,,akshare:20260824
2026-08-24,akshare_fund_etf_scale_sse,SH,513220,互联网30,521109400.0,份,,,akshare:20260824
2026-08-24,akshare_fund_etf_scale_sse,SH,513230,H股消费,328422699.99999994,份,,,akshare:20260824
2026-08-24,akshare_fund_etf_scale_sse,SH,513240,港信息,109496000.0,份,,,akshare:20260824
2026-08-24,akshare_fund_etf_scale_sse,SH,513260,恒科技,4718243000.0,份,,,akshare:20260824
2026-08-24,akshare_fund_etf_scale_sse,SH,513280,恒生生物,373114500.0,份,,,akshare:20260824
2026-08-24,akshare_fund_etf_scale_sse,SH,513290,纳指生物,1033572100.0000001,份,,,akshare:20260824
2026-08-24,akshare_fund_etf_scale_sse,SH,513300,纳斯达克,5314421000.0,份,,,akshare:20260824
2026-08-24,akshare_fund_etf_scale_sse,SH,513310,中韩芯片,2409427000.0,份,,,akshare:20260824
2026-08-24,akshare_fund_etf_scale_sse,SH,513320,HK新经济,91010600.0,份,,,akshare:20260824
2026-08-24,akshare_fund_etf_scale_sse,SH,513330,恒生互联,69531480000.0,份,,,akshare:20260824
2026-08-24,akshare_fund_etf_scale_sse,SH,513350,油气ETF,838746000.0,份,,,akshare:20260824
2026-08-24,akshare_fund_etf_scale_sse,SH,513360,教育ETF,620713900.0,份,,,akshare:20260824
2026-08-24,akshare_fund_etf_scale_sse,SH,513380,科技恒生,17845784900.0,份,,,akshare:20260824
2026-08-24,akshare_fund_etf_scale_sse,SH,513390,纳指基金,2139379100.0,份,,,akshare:20260824
2026-08-24,akshare_fund_etf_scale_sse,SH,513400,道琼斯,2662062000.0,份,,,akshare:20260824
2026-08-24,akshare_fund_etf_scale_sse,SH,513500,标普500,10208638600.0,份,,,akshare:20260824
2026-08-24,akshare_fund_etf_scale_sse,SH,513520,日经ETF,1074387200.0,份,,,akshare:20260824
2026-08-24,akshare_fund_etf_scale_sse,SH,513530,港股红利,2821938700.0,份,,,akshare:20260824
2026-08-24,akshare_fund_etf_scale_sse,SH,513550,港股通50,1686992000.0,份,,,akshare:20260824
2026-08-24,akshare_fund_etf_scale_sse,SH,513560,香港科技,531386000.0,份,,,akshare:20260824
2026-08-24,akshare_fund_etf_scale_sse,SH,513580,HS科技,6064118000.0,份,,,akshare:20260824
2026-08-24,akshare_fund_etf_scale_sse,SH,513590,香港消费,139518900.0,份,,,akshare:20260824
2026-08-24,akshare_fund_etf_scale_sse,SH,513600,恒指ETF,609829500.0,份,,,akshare:20260824
2026-08-24,akshare_fund_etf_scale_sse,SH,513620,港医疗指,59216000.0,份,,,akshare:20260824
2026-08-24,akshare_fund_etf_scale_sse,SH,513630,香港红利,7481359000.0,份,,,akshare:20260824
2026-08-24,akshare_fund_etf_scale_sse,SH,513650,标普ETF,4353734000.0,份,,,akshare:20260824
2026-08-24,akshare_fund_etf_scale_sse,SH,513660,恒生通,1814000200.0,份,,,akshare:20260824
2026-08-24,akshare_fund_etf_scale_sse,SH,513690,恒生股息,3148479900.0,份,,,akshare:20260824
2026-08-24,akshare_fund_etf_scale_sse,SH,513700,香港医药,798846000.0,份,,,akshare:20260824
2026-08-24,akshare_fund_etf_scale_sse,SH,513720,香港互联,250859000.0,份,,,akshare:20260824
2026-08-24,akshare_fund_etf_scale_sse,SH,513730,东南亚,800355000.0,份,,,akshare:20260824
2026-08-24,akshare_fund_etf_scale_sse,SH,513750,港股非银,8139838000.0,份,,,akshare:20260824
2026-08-24,akshare_fund_etf_scale_sse,SH,513770,港股互联,14729137900.0,份,,,akshare:20260824
2026-08-24,akshare_fund_etf_scale_sse,SH,513780,港股新药,1809157000.0,份,,,akshare:20260824
2026-08-24,akshare_fund_etf_scale_sse,SH,513800,东证ETF,1037444400.0,份,,,akshare:20260824
2026-08-24,akshare_fund_etf_scale_sse,SH,513810,港股国企,41992000.0,份,,,akshare:20260824
2026-08-24,akshare_fund_etf_scale_sse,SH,513820,港股分红,1705669000.0,份,,,akshare:20260824
2026-08-24,akshare_fund_etf_scale_sse,SH,513830,红利港股,55311000.0,份,,,akshare:20260824
2026-08-24,akshare_fund_etf_scale_sse,SH,513850,美国50,1238892600.0,份,,,akshare:20260824
2026-08-24,akshare_fund_etf_scale_sse,SH,513860,HKC科技,2919470600.0,份,,,akshare:20260824
2026-08-24,akshare_fund_etf_scale_sse,SH,513870,纳指指数,1371671000.0,份,,,akshare:20260824
2026-08-24,akshare_fund_etf_scale_sse,SH,513880,日经225,1307970000.0,份,,,akshare:20260824
2026-08-24,akshare_fund_etf_scale_sse,SH,513890,HK科技,898128000.0,份,,,akshare:20260824
2026-08-24,akshare_fund_etf_scale_sse,SH,513900,港股100,92978000.0,份,,,akshare:20260824
2026-08-24,akshare_fund_etf_scale_sse,SH,513910,红利央企,1986276000.0,份,,,akshare:20260824
2026-08-24,akshare_fund_etf_scale_sse,SH,513920,央企40,2586231000.0,份,,,akshare:20260824
2026-08-24,akshare_fund_etf_scale_sse,SH,513930,香港生科,96908000.0,份,,,akshare:20260824
2026-08-24,akshare_fund_etf_scale_sse,SH,513950,恒生红利,2492619000.0,份,,,akshare:20260824
2026-08-24,akshare_fund_etf_scale_sse,SH,513970,恒生消费,1446041000.0,份,,,akshare:20260824
2026-08-24,akshare_fund_etf_scale_sse,SH,513980,科技港股,16899204000.0,份,,,akshare:20260824
2026-08-24,akshare_fund_etf_scale_sse,SH,513990,港股通综,44000000.0,份,,,akshare:20260824
2026-08-24,akshare_fund_etf_scale_sse,SH,515000,科技ETF,3126579300.0,份,,,akshare:20260824
2026-08-24,akshare_fund_etf_scale_sse,SH,515010,华夏证券,2052771600.0,份,,,akshare:20260824
2026-08-24,akshare_fund_etf_scale_sse,SH,515020,银行指数,401345300.0,份,,,akshare:20260824
2026-08-24,akshare_fund_etf_scale_sse,SH,515030,新汽车,1495384000.0,份,,,akshare:20260824
2026-08-24,akshare_fund_etf_scale_sse,SH,515040,工业金属,58319600.0,份,,,akshare:20260824
2026-08-24,akshare_fund_etf_scale_sse,SH,515050,5GETF,17423205400.0,份,,,akshare:20260824
2026-08-24,akshare_fund_etf_scale_sse,SH,515060,华夏地产,947478100.0,份,,,akshare:20260824
2026-08-24,akshare_fund_etf_scale_sse,SH,515070,AI智能,7538940400.0,份,,,akshare:20260824
2026-08-24,akshare_fund_etf_scale_sse,SH,515080,中证红利,7082148900.0,份,,,akshare:20260824
2026-08-24,akshare_fund_etf_scale_sse,SH,515090,可持续,9801700.0,份,,,akshare:20260824
2026-08-24,akshare_fund_etf_scale_sse,SH,515100,红利100,3611441500.0,份,,,akshare:20260824
2026-08-24,akshare_fund_etf_scale_sse,SH,515110,国企方达,214295000.0,份,,,akshare:20260824
2026-08-24,akshare_fund_etf_scale_sse,SH,515120,创新药,17424993600.0,份,,,akshare:20260824
2026-08-24,akshare_fund_etf_scale_sse,SH,515130,HS300E,94463200.0,份,,,akshare:20260824
2026-08-24,akshare_fund_etf_scale_sse,SH,515150,国企富国,398703200.0,份,,,akshare:20260824
2026-08-24,akshare_fund_etf_scale_sse,SH,515160,MSCI招商,243955099.99999997,份,,,akshare:20260824
2026-08-24,akshare_fund_etf_scale_sse,SH,515170,食品饮料,8607257900.0,份,,,akshare:20260824
2026-08-24,akshare_fund_etf_scale_sse,SH,515180,100红利,12738637000.0,份,,,akshare:20260824
2026-08-24,akshare_fund_etf_scale_sse,SH,515190,BOCI500,293466100.0,份,,,akshare:20260824
2026-08-24,akshare_fund_etf_scale_sse,SH,515200,创新100,38943200.0,份,,,akshare:20260824
2026-08-24,akshare_fund_etf_scale_sse,SH,515210,钢铁ETF,947726100.0,份,,,akshare:20260824
2026-08-24,akshare_fund_etf_scale_sse,SH,515220,煤炭ETF,10924676900.0,份,,,akshare:20260824
2026-08-24,akshare_fund_etf_scale_sse,SH,515230,软件ETF,7978690900.0,份,,,akshare:20260824
2026-08-24,akshare_fund_etf_scale_sse,SH,515250,智能汽车,340944500.0,份,,,akshare:20260824
2026-08-24,akshare_fund_etf_scale_sse,SH,515260,电子ETF,926568400.0,份,,,akshare:20260824
2026-08-24,akshare_fund_etf_scale_sse,SH,515290,银行,2675572900.0,份,,,akshare:20260824
2026-08-24,akshare_fund_etf_scale_sse,SH,515300,红利300,3411175200.0,份,,,akshare:20260824
2026-08-24,akshare_fund_etf_scale_sse,SH,515310,添富300,328611200.0,份,,,akshare:20260824
2026-08-24,akshare_fund_etf_scale_sse,SH,515320,电子50,91309000.0,份,,,akshare:20260824
2026-08-24,akshare_fund_etf_scale_sse,SH,515330,天弘300,6164709500.0,份,,,akshare:20260824
2026-08-24,akshare_fund_etf_scale_sse,SH,515350,民生300,11699200.0,份,,,akshare:20260824
2026-08-24,akshare_fund_etf_scale_sse,SH,515360,方正300,37779300.0,份,,,akshare:20260824
2026-08-24,akshare_fund_etf_scale_sse,SH,515370,中证光伏,957713000.0,份,,,akshare:20260824
2026-08-24,akshare_fund_etf_scale_sse,SH,515380,泰康300,663399800.0,份,,,akshare:20260824
2026-08-24,akshare_fund_etf_scale_sse,SH,515390,HS300,1790683000.0,份,,,akshare:20260824
2026-08-24,akshare_fund_etf_scale_sse,SH,515400,大数据,1638631400.0000002,份,,,akshare:20260824
2026-08-24,akshare_fund_etf_scale_sse,SH,515450,红利50,14150835000.0,份,,,akshare:20260824
2026-08-24,akshare_fund_etf_scale_sse,SH,515460,质量红利,278091000.0,份,,,akshare:20260824
2026-08-24,akshare_fund_etf_scale_sse,SH,515480,红利一百,24340700.0,份,,,akshare:20260824
2026-08-24,akshare_fund_etf_scale_sse,SH,515530,泰康500,11442700.0,份,,,akshare:20260824
2026-08-24,akshare_fund_etf_scale_sse,SH,515550,国联500,20345700.0,份,,,akshare:20260824
2026-08-24,akshare_fund_etf_scale_sse,SH,515560,证券E,197883300.00000003,份,,,akshare:20260824
2026-08-24,akshare_fund_etf_scale_sse,SH,515580,中证科技,304031400.0,份,,,akshare:20260824
2026-08-24,akshare_fund_etf_scale_sse,SH,515590,500ETFEW,36113700.0,份,,,akshare:20260824
2026-08-24,akshare_fund_etf_scale_sse,SH,515600,央企创新,1037797400.0,份,,,akshare:20260824
2026-08-24,akshare_fund_etf_scale_sse,SH,515630,保险证券,961217700.0,份,,,akshare:20260824
2026-08-24,akshare_fund_etf_scale_sse,SH,515640,家电指数,17050000.0,份,,,akshare:20260824
2026-08-24,akshare_fund_etf_scale_sse,SH,515650,消费50,3091184000.0,份,,,akshare:20260824
2026-08-24,akshare_fund_etf_scale_sse,SH,515660,沪深300E,432694200.0,份,,,akshare:20260824
2026-08-24,akshare_fund_etf_scale_sse,SH,515680,创新央企,1099264700.0,份,,,akshare:20260824
2026-08-24,akshare_fund_etf_scale_sse,SH,515700,新能车,681510200.0,份,,,akshare:20260824
2026-08-24,akshare_fund_etf_scale_sse,SH,515710,食品ETF,2321599800.0,份,,,akshare:20260824
2026-08-24,akshare_fund_etf_scale_sse,SH,515720,金科富国,450611000.0,份,,,akshare:20260824
2026-08-24,akshare_fund_etf_scale_sse,SH,515730,家居家电,37892000.0,份,,,akshare:20260824
2026-08-24,akshare_fund_etf_scale_sse,SH,515750,科技50,264140500.0,份,,,akshare:20260824
2026-08-24,akshare_fund_etf_scale_sse,SH,515760,浙江国资,95388100.0,份,,,akshare:20260824
2026-08-24,akshare_fund_etf_scale_sse,SH,515770,MSCIAETF,39727300.0,份,,,akshare:20260824
2026-08-24,akshare_fund_etf_scale_sse,SH,515790,光伏ETF,6023494000.0,份,,,akshare:20260824
2026-08-24,akshare_fund_etf_scale_sse,SH,515800,800ETF,4024937199.9999995,份,,,akshare:20260824
2026-08-24,akshare_fund_etf_scale_sse,SH,515810,ZZ800ETF,269908800.0,份,,,akshare:20260824
2026-08-24,akshare_fund_etf_scale_sse,SH,515840,食品南方,37426400.0,份,,,akshare:20260824
2026-08-24,akshare_fund_etf_scale_sse,SH,515850,证券龙头,484791000.0,份,,,akshare:20260824
2026-08-24,akshare_fund_etf_scale_sse,SH,515860,科技100,101878900.0,份,,,akshare:20260824
2026-08-24,akshare_fund_etf_scale_sse,SH,515880,通信ETF,62969774000.0,份,,,akshare:20260824
2026-08-24,akshare_fund_etf_scale_sse,SH,515890,红利博时,365443900.0,份,,,akshare:20260824
2026-08-24,akshare_fund_etf_scale_sse,SH,515900,央创ETF,2230846500.0,份,,,akshare:20260824
2026-08-24,akshare_fund_etf_scale_sse,SH,515910,质量ETF,227507000.0,份,,,akshare:20260824
2026-08-24,akshare_fund_etf_scale_sse,SH,515920,智能消费,65905700.0,份,,,akshare:20260824
2026-08-24,akshare_fund_etf_scale_sse,SH,515950,医药龙头,532200600.0,份,,,akshare:20260824
2026-08-24,akshare_fund_etf_scale_sse,SH,515960,医药100,239991900.0,份,,,akshare:20260824
2026-08-24,akshare_fund_etf_scale_sse,SH,515970,华夏机械,725088000.0,份,,,akshare:20260824
2026-08-24,akshare_fund_etf_scale_sse,SH,515980,人工智能,6272129000.0,份,,,akshare:20260824
2026-08-24,akshare_fund_etf_scale_sse,SH,515990,添富国企,52350200.00000001,份,,,akshare:20260824
2026-08-24,akshare_fund_etf_scale_sse,SH,516000,数据ETF,439855000.0,份,,,akshare:20260824
2026-08-24,akshare_fund_etf_scale_sse,SH,516010,游戏ETF,2407693000.0,份,,,akshare:20260824
2026-08-24,akshare_fund_etf_scale_sse,SH,516020,化工ETF,3448826200.0,份,,,akshare:20260824
2026-08-24,akshare_fund_etf_scale_sse,SH,516050,科技龙头,170228000.0,份,,,akshare:20260824
2026-08-24,akshare_fund_etf_scale_sse,SH,516060,新药ETF,296237400.0,份,,,akshare:20260824
2026-08-24,akshare_fund_etf_scale_sse,SH,516070,碳中和50,291646000.0,份,,,akshare:20260824
2026-08-24,akshare_fund_etf_scale_sse,SH,516080,创新医药,5244554800.0,份,,,akshare:20260824
2026-08-24,akshare_fund_etf_scale_sse,SH,516090,新能源E,1682844800.0,份,,,akshare:20260824
2026-08-24,akshare_fund_etf_scale_sse,SH,516100,科技金融,1118759700.0,份,,,akshare:20260824
2026-08-24,akshare_fund_etf_scale_sse,SH,516110,汽车ETF,208623100.0,份,,,akshare:20260824
2026-08-24,akshare_fund_etf_scale_sse,SH,516120,化工50,5101582000.0,份,,,akshare:20260824
2026-08-24,akshare_fund_etf_scale_sse,SH,516130,消费龙头,1622890000.0,份,,,akshare:20260824
2026-08-24,akshare_fund_etf_scale_sse,SH,516150,稀土基金,3838577000.0,份,,,akshare:20260824
2026-08-24,akshare_fund_etf_scale_sse,SH,516160,新能源,1542142000.0,份,,,akshare:20260824
2026-08-24,akshare_fund_etf_scale_sse,SH,516180,光伏产业,149987000.0,份,,,akshare:20260824
2026-08-24,akshare_fund_etf_scale_sse,SH,516190,文娱ETF,102818500.0,份,,,akshare:20260824
2026-08-24,akshare_fund_etf_scale_sse,SH,516200,证券行业,453604000.0,份,,,akshare:20260824
2026-08-24,akshare_fund_etf_scale_sse,SH,516210,银行股,81131000.0,份,,,akshare:20260824
2026-08-24,akshare_fund_etf_scale_sse,SH,516220,化工龙头,264170000.0,份,,,akshare:20260824
2026-08-24,akshare_fund_etf_scale_sse,SH,516230,光伏招商,742921000.0,份,,,akshare:20260824
2026-08-24,akshare_fund_etf_scale_sse,SH,516250,富国机械,78878000.0,份,,,akshare:20260824
2026-08-24,akshare_fund_etf_scale_sse,SH,516260,物联网50,43882600.0,份,,,akshare:20260824
2026-08-24,akshare_fund_etf_scale_sse,SH,516270,新能源50,278909000.0,份,,,akshare:20260824
2026-08-24,akshare_fund_etf_scale_sse,SH,516290,光伏基金,737196900.0,份,,,akshare:20260824
2026-08-24,akshare_fund_etf_scale_sse,SH,516300,中证1000,43012600.0,份,,,akshare:20260824
2026-08-24,akshare_fund_etf_scale_sse,SH,516310,银行指基,1663758500.0,份,,,akshare:20260824
2026-08-24,akshare_fund_etf_scale_sse,SH,516320,装备ETF,89589300.0,份,,,akshare:20260824
2026-08-24,akshare_fund_etf_scale_sse,SH,516330,物联网,8471300.0,份,,,akshare:20260824
2026-08-24,akshare_fund_etf_scale_sse,SH,516350,芯片50,1488415300.0,份,,,akshare:20260824
2026-08-24,akshare_fund_etf_scale_sse,SH,516360,新材料,57551800.0,份,,,akshare:20260824
2026-08-24,akshare_fund_etf_scale_sse,SH,516370,全指电力,306408000.0,份,,,akshare:20260824
2026-08-24,akshare_fund_etf_scale_sse,SH,516380,智能电车,83449300.0,份,,,akshare:20260824
2026-08-24,akshare_fund_etf_scale_sse,SH,516390,电动车,182761000.0,份,,,akshare:20260824
2026-08-24,akshare_fund_etf_scale_sse,SH,516440,南方机械,140126600.0,份,,,akshare:20260824
2026-08-24,akshare_fund_etf_scale_sse,SH,516460,现金流E,422693000.0,份,,,akshare:20260824
2026-08-24,akshare_fund_etf_scale_sse,SH,516500,生物ETF,209937200.0,份,,,akshare:20260824
2026-08-24,akshare_fund_etf_scale_sse,SH,516510,云计算,1531890000.0,份,,,akshare:20260824
2026-08-24,akshare_fund_etf_scale_sse,SH,516520,智能驾驶,823765500.0,份,,,akshare:20260824
2026-08-24,akshare_fund_etf_scale_sse,SH,516530,物流快递,17802300.0,份,,,akshare:20260824
2026-08-24,akshare_fund_etf_scale_sse,SH,516550,农业ETF,262414400.0,份,,,akshare:20260824
2026-08-24,akshare_fund_etf_scale_sse,SH,516560,养老ETF,207258000.0,份,,,akshare:20260824
2026-08-24,akshare_fund_etf_scale_sse,SH,516570,石化ETF,1122357600.0,份,,,akshare:20260824
2026-08-24,akshare_fund_etf_scale_sse,SH,516580,新能源BS,146124100.0,份,,,akshare:20260824
2026-08-24,akshare_fund_etf_scale_sse,SH,516590,电动汽车,52015000.0,份,,,akshare:20260824
2026-08-24,akshare_fund_etf_scale_sse,SH,516600,消服ETF,113332099.99999999,份,,,akshare:20260824
2026-08-24,akshare_fund_etf_scale_sse,SH,516610,医服ETF,235974800.0,份,,,akshare:20260824
2026-08-24,akshare_fund_etf_scale_sse,SH,516620,影视ETF,192767500.0,份,,,akshare:20260824
2026-08-24,akshare_fund_etf_scale_sse,SH,516630,云计算50,494156000.0,份,,,akshare:20260824
2026-08-24,akshare_fund_etf_scale_sse,SH,516640,芯片龙头,1348482800.0,份,,,akshare:20260824
2026-08-24,akshare_fund_etf_scale_sse,SH,516650,有色50,5221464800.0,份,,,akshare:20260824
2026-08-24,akshare_fund_etf_scale_sse,SH,516660,新能汽车,154689000.0,份,,,akshare:20260824
2026-08-24,akshare_fund_etf_scale_sse,SH,516670,畜牧养殖,3448266300.0,份,,,akshare:20260824
2026-08-24,akshare_fund_etf_scale_sse,SH,516700,数据产业,191622000.0,份,,,akshare:20260824
2026-08-24,akshare_fund_etf_scale_sse,SH,516710,新材料50,76272000.0,份,,,akshare:20260824
2026-08-24,akshare_fund_etf_scale_sse,SH,516720,ESGETF,12337800.0,份,,,akshare:20260824
2026-08-24,akshare_fund_etf_scale_sse,SH,516730,证券公司,228380800.00000003,份,,,akshare:20260824
2026-08-24,akshare_fund_etf_scale_sse,SH,516750,建材ETF,139667300.0,份,,,akshare:20260824
2026-08-24,akshare_fund_etf_scale_sse,SH,516760,养殖ETF,316215100.0,份,,,akshare:20260824
2026-08-24,akshare_fund_etf_scale_sse,SH,516770,游戏动漫,263048000.0,份,,,akshare:20260824
2026-08-24,akshare_fund_etf_scale_sse,SH,516780,稀土ETF,2424599700.0,份,,,akshare:20260824
2026-08-24,akshare_fund_etf_scale_sse,SH,516790,保健ETF,189182200.0,份,,,akshare:20260824
2026-08-24,akshare_fund_etf_scale_sse,SH,516800,智能制造,182308000.0,份,,,akshare:20260824
2026-08-24,akshare_fund_etf_scale_sse,SH,516810,农业,525478900.0,份,,,akshare:20260824
2026-08-24,akshare_fund_etf_scale_sse,SH,516820,医疗创新,4569415200.0,份,,,akshare:20260824
2026-08-24,akshare_fund_etf_scale_sse,SH,516830,300ESG,89676900.0,份,,,akshare:20260824
2026-08-24,akshare_fund_etf_scale_sse,SH,516840,汽车基金,137277000.0,份,,,akshare:20260824
2026-08-24,akshare_fund_etf_scale_sse,SH,516850,新能源80,140237000.0,份,,,akshare:20260824
2026-08-24,akshare_fund_etf_scale_sse,SH,516860,金融科技,1150522000.0,份,,,akshare:20260824
2026-08-24,akshare_fund_etf_scale_sse,SH,516880,光伏50,915944100.0,份,,,akshare:20260824
2026-08-24,akshare_fund_etf_scale_sse,SH,516890,新材ETF,33311400.0,份,,,akshare:20260824
2026-08-24,akshare_fund_etf_scale_sse,SH,516900,食品50,281729000.0,份,,,akshare:20260824
2026-08-24,akshare_fund_etf_scale_sse,SH,516910,物流ETF,63641800.0,份,,,akshare:20260824
2026-08-24,akshare_fund_etf_scale_sse,SH,516920,芯片基金,486963000.0,份,,,akshare:20260824
2026-08-24,akshare_fund_etf_scale_sse,SH,516930,生科ETF,106139599.99999999,份,,,akshare:20260824
2026-08-24,akshare_fund_etf_scale_sse,SH,516950,基建ETF,108821000.0,份,,,akshare:20260824
2026-08-24,akshare_fund_etf_scale_sse,SH,516960,机械ETF,16051099.999999998,份,,,akshare:20260824
2026-08-24,akshare_fund_etf_scale_sse,SH,516970,基建50,1140042500.0,份,,,akshare:20260824
2026-08-24,akshare_fund_etf_scale_sse,SH,516980,证券先锋,59016000.0,份,,,akshare:20260824
2026-08-24,akshare_fund_etf_scale_sse,SH,517000,沪港深,122793000.0,份,,,akshare:20260824
2026-08-24,akshare_fund_etf_scale_sse,SH,517010,HGS500E,78144200.0,份,,,akshare:20260824
2026-08-24,akshare_fund_etf_scale_sse,SH,517030,HGS300,84040300.0,份,,,akshare:20260824
2026-08-24,akshare_fund_etf_scale_sse,SH,517050,互联网50,347605000.0,份,,,akshare:20260824
2026-08-24,akshare_fund_etf_scale_sse,SH,517080,HGS500,173166000.0,份,,,akshare:20260824
2026-08-24,akshare_fund_etf_scale_sse,SH,517090,共赢ETF,55075000.0,份,,,akshare:20260824
2026-08-24,akshare_fund_etf_scale_sse,SH,517100,AH500ETF,148102100.0,份,,,akshare:20260824
2026-08-24,akshare_fund_etf_scale_sse,SH,517110,创新药HK,1377098500.0,份,,,akshare:20260824
2026-08-24,akshare_fund_etf_scale_sse,SH,517120,创新药50,582966400.0,份,,,akshare:20260824
2026-08-24,akshare_fund_etf_scale_sse,SH,517130,云计算JS,181154000.0,份,,,akshare:20260824
2026-08-24,akshare_fund_etf_scale_sse,SH,517160,长江ETF,1828777500.0,份,,,akshare:20260824
2026-08-24,akshare_fund_etf_scale_sse,SH,517170,沪港深E,16131800.0,份,,,akshare:20260824
2026-08-24,akshare_fund_etf_scale_sse,SH,517180,中国国企,100496299.99999999,份,,,akshare:20260824
2026-08-24,akshare_fund_etf_scale_sse,SH,517200,互联网,142782000.0,份,,,akshare:20260824
2026-08-24,akshare_fund_etf_scale_sse,SH,517230,云计算MW,186545800.00000003,份,,,akshare:20260824
2026-08-24,akshare_fund_etf_scale_sse,SH,517300,AH300ETF,1005434500.0,份,,,akshare:20260824
2026-08-24,akshare_fund_etf_scale_sse,SH,517330,长江保护,1809169000.0,份,,,akshare:20260824
2026-08-24,akshare_fund_etf_scale_sse,SH,517350,龙头科技,49042000.0,份,,,akshare:20260824
2026-08-24,akshare_fund_etf_scale_sse,SH,517360,AH科技,26583000.0,份,,,akshare:20260824
2026-08-24,akshare_fund_etf_scale_sse,SH,517380,创新药AH,3104326300.0,份,,,akshare:20260824
2026-08-24,akshare_fund_etf_scale_sse,SH,517390,云计算AH,131112600.0,份,,,akshare:20260824
2026-08-24,akshare_fund_etf_scale_sse,SH,517400,黄金股票,994792000.0,份,,,akshare:20260824
2026-08-24,akshare_fund_etf_scale_sse,SH,517520,黄金股,7350404000.0,份,,,akshare:20260824
2026-08-24,akshare_fund_etf_scale_sse,SH,517550,消费主题,81917400.0,份,,,akshare:20260824
2026-08-24,akshare_fund_etf_scale_sse,SH,517660,物联网AH,39880700.0,份,,,akshare:20260824
2026-08-24,akshare_fund_etf_scale_sse,SH,517770,游戏传媒,173947800.0,份,,,akshare:20260824
2026-08-24,akshare_fund_etf_scale_sse,SH,517800,AI50,219539700.0,份,,,akshare:20260824
2026-08-24,akshare_fund_etf_scale_sse,SH,517850,张江ETF,38185200.0,份,,,akshare:20260824
2026-08-24,akshare_fund_etf_scale_sse,SH,517880,品牌消费,51337100.0,份,,,akshare:20260824
2026-08-24,akshare_fund_etf_scale_sse,SH,517900,银行优选,405993500.0,份,,,akshare:20260824
2026-08-24,akshare_fund_etf_scale_sse,SH,517950,交银科技,48623200.0,份,,,akshare:20260824
2026-08-24,akshare_fund_etf_scale_sse,SH,517990,医药基金,47987900.0,份,,,akshare:20260824
2026-08-24,akshare_fund_etf_scale_sse,SH,518600,上海金,799216300.0,份,,,akshare:20260824
2026-08-24,akshare_fund_etf_scale_sse,SH,518660,工银黄金,959552700.0,份,,,akshare:20260824
2026-08-24,akshare_fund_etf_scale_sse,SH,518680,金ETF,800069500.0,份,,,akshare:20260824
2026-08-24,akshare_fund_etf_scale_sse,SH,518800,黄金基金,3721679200.0,份,,,akshare:20260824
2026-08-24,akshare_fund_etf_scale_sse,SH,518850,黄金9999,1874778700.0,份,,,akshare:20260824
2026-08-24,akshare_fund_etf_scale_sse,SH,518860,上海金E,468759800.00000006,份,,,akshare:20260824
2026-08-24,akshare_fund_etf_scale_sse,SH,518880,黄金ETF,11667840800.0,份,,,akshare:20260824
2026-08-24,akshare_fund_etf_scale_sse,SH,518890,中银黄金,382754800.00000006,份,,,akshare:20260824
2026-08-24,akshare_fund_etf_scale_sse,SH,520500,恒生新药,1951305000.0,份,,,akshare:20260824
2026-08-24,akshare_fund_etf_scale_sse,SH,520510,港股医疗,247728000.0,份,,,akshare:20260824
2026-08-24,akshare_fund_etf_scale_sse,SH,520520,HK消费,54606000.0,份,,,akshare:20260824
2026-08-24,akshare_fund_etf_scale_sse,SH,520530,港科ETF,235776000.0,份,,,akshare:20260824
2026-08-24,akshare_fund_etf_scale_sse,SH,520550,红利恒生,1150524000.0,份,,,akshare:20260824
2026-08-24,akshare_fund_etf_scale_sse,SH,520560,香港30,610419000.0,份,,,akshare:20260824
2026-08-24,akshare_fund_etf_scale_sse,SH,520570,科技恒指,3444876000.0,份,,,akshare:20260824
2026-08-24,akshare_fund_etf_scale_sse,SH,520580,新兴亚洲,290983900.0,份,,,akshare:20260824
2026-08-24,akshare_fund_etf_scale_sse,SH,520590,恒科,196235000.0,份,,,akshare:20260824
2026-08-24,akshare_fund_etf_scale_sse,SH,520600,汽车港股,248868000.0,份,,,akshare:20260824
2026-08-24,akshare_fund_etf_scale_sse,SH,520610,港红利指,363963000.0,份,,,akshare:20260824
2026-08-24,akshare_fund_etf_scale_sse,SH,520620,港股消费,296409000.0,份,,,akshare:20260824
2026-08-24,akshare_fund_etf_scale_sse,SH,520630,互联港股,599610000.0,份,,,akshare:20260824
2026-08-24,akshare_fund_etf_scale_sse,SH,520650,互联网HK,2482255000.0,份,,,akshare:20260824
2026-08-24,akshare_fund_etf_scale_sse,SH,520660,港红利CS,2299485500.0,份,,,akshare:20260824
2026-08-24,akshare_fund_etf_scale_sse,SH,520670,港科基金,213928100.0,份,,,akshare:20260824
2026-08-24,akshare_fund_etf_scale_sse,SH,520680,港股通车,71369000.0,份,,,akshare:20260824
2026-08-24,akshare_fund_etf_scale_sse,SH,520690,恒生港药,644454000.0,份,,,akshare:20260824
2026-08-24,akshare_fund_etf_scale_sse,SH,520700,创新药WJ,432076000.0,份,,,akshare:20260824
2026-08-24,akshare_fund_etf_scale_sse,SH,520710,信息港股,97029000.0,份,,,akshare:20260824
2026-08-24,akshare_fund_etf_scale_sse,SH,520720,香港汽车,121942000.0,份,,,akshare:20260824
2026-08-24,akshare_fund_etf_scale_sse,SH,520730,汽车WJ,118394400.0,份,,,akshare:20260824
2026-08-24,akshare_fund_etf_scale_sse,SH,520740,互联香港,48012600.0,份,,,akshare:20260824
2026-08-24,akshare_fund_etf_scale_sse,SH,520750,HK信息,141384000.0,份,,,akshare:20260824
2026-08-24,akshare_fund_etf_scale_sse,SH,520760,港股生物,136466000.0,份,,,akshare:20260824
2026-08-24,akshare_fund_etf_scale_sse,SH,520770,港股恒指,213373800.0,份,,,akshare:20260824
2026-08-24,akshare_fund_etf_scale_sse,SH,520780,港股车50,39460000.0,份,,,akshare:20260824
2026-08-24,akshare_fund_etf_scale_sse,SH,520790,港互联网,515075000.0,份,,,akshare:20260824
2026-08-24,akshare_fund_etf_scale_sse,SH,520810,港高股息,282360000.0,份,,,akshare:20260824
2026-08-24,akshare_fund_etf_scale_sse,SH,520820,恒指通,59682000.0,份,,,akshare:20260824
2026-08-24,akshare_fund_etf_scale_sse,SH,520830,沙特ETF,1117619000.0,份,,,akshare:20260824
2026-08-24,akshare_fund_etf_scale_sse,SH,520840,港科技,1132549000.0,份,,,akshare:20260824
2026-08-24,akshare_fund_etf_scale_sse,SH,520850,港医疗,143249600.0,份,,,akshare:20260824
2026-08-24,akshare_fund_etf_scale_sse,SH,520860,港股通科,338195000.0,份,,,akshare:20260824
2026-08-24,akshare_fund_etf_scale_sse,SH,520870,巴西ETF,508977200.0,份,,,akshare:20260824
2026-08-24,akshare_fund_etf_scale_sse,SH,520880,港创新药,4765618000.0,份,,,akshare:20260824
2026-08-24,akshare_fund_etf_scale_sse,SH,520890,港红利,81008000.0,份,,,akshare:20260824
2026-08-24,akshare_fund_etf_scale_sse,SH,520900,红利香港,1546675000.0,份,,,akshare:20260824
2026-08-24,akshare_fund_etf_scale_sse,SH,520910,HK互联,751445000.0,份,,,akshare:20260824
2026-08-24,akshare_fund_etf_scale_sse,SH,520920,恒生科TH,18823019000.0,份,,,akshare:20260824
2026-08-24,akshare_fund_etf_scale_sse,SH,520930,恒生生科,163733000.0,份,,,akshare:20260824
2026-08-24,akshare_fund_etf_scale_sse,SH,520940,恒指基金,22297000.0,份,,,akshare:20260824
2026-08-24,akshare_fund_etf_scale_sse,SH,520950,港股50,325421000.0,份,,,akshare:20260824
2026-08-24,akshare_fund_etf_scale_sse,SH,520960,恒指港通,49603400.0,份,,,akshare:20260824
2026-08-24,akshare_fund_etf_scale_sse,SH,520970,港股通药,1251358000.0,份,,,akshare:20260824
2026-08-24,akshare_fund_etf_scale_sse,SH,520980,港科技30,3222387000.0,份,,,akshare:20260824
2026-08-24,akshare_fund_etf_scale_sse,SH,520990,国新红利,3393470500.0,份,,,akshare:20260824
2026-08-24,akshare_fund_etf_scale_sse,SH,526000,港股信息,177142000.0,份,,,akshare:20260824
2026-08-24,akshare_fund_etf_scale_sse,SH,526010,香港医疗,46458000.0,份,,,akshare:20260824
2026-08-24,akshare_fund_etf_scale_sse,SH,526030,港信息基,155465000.0,份,,,akshare:20260824
2026-08-24,akshare_fund_etf_scale_sse,SH,526050,香港信息,53630000.0,份,,,akshare:20260824
2026-08-24,akshare_fund_etf_scale_sse,SH,526070,恒生博时,52377000.0,份,,,akshare:20260824
2026-08-24,akshare_fund_etf_scale_sse,SH,530000,50ETF基,975029400.0,份,,,akshare:20260824
2026-08-24,akshare_fund_etf_scale_sse,SH,530050,SH50ETF,134813000.0,份,,,akshare:20260824
2026-08-24,akshare_fund_etf_scale_sse,SH,530060,上证综E,948193000.0,份,,,akshare:20260824
2026-08-24,akshare_fund_etf_scale_sse,SH,530080,180指基,28917000.0,份,,,akshare:20260824
2026-08-24,akshare_fund_etf_scale_sse,SH,530100,上证580,120696000.0,份,,,akshare:20260824
2026-08-24,akshare_fund_etf_scale_sse,SH,530180,上证180,59952000.0,份,,,akshare:20260824
2026-08-24,akshare_fund_etf_scale_sse,SH,530280,180ETF指,29934000.0,份,,,akshare:20260824
2026-08-24,akshare_fund_etf_scale_sse,SH,530300,180指数,33643000.0,份,,,akshare:20260824
2026-08-24,akshare_fund_etf_scale_sse,SH,530380,上证380,138705000.0,份,,,akshare:20260824
2026-08-24,akshare_fund_etf_scale_sse,SH,530530,580ETF,134460000.0,份,,,akshare:20260824
2026-08-24,akshare_fund_etf_scale_sse,SH,530580,180基金,73149000.0,份,,,akshare:20260824
2026-08-24,akshare_fund_etf_scale_sse,SH,530680,180E,108891900.0,份,,,akshare:20260824
2026-08-24,akshare_fund_etf_scale_sse,SH,530800,上180ETF,18201800.0,份,,,akshare:20260824
2026-08-24,akshare_fund_etf_scale_sse,SH,530880,上证红利,38336000.0,份,,,akshare:20260824
2026-08-24,akshare_fund_etf_scale_sse,SH,551000,科创债,80296100.0,份,,,akshare:20260824
2026-08-24,akshare_fund_etf_scale_sse,SH,551030,科创债券,181340000.0,份,,,akshare:20260824
2026-08-24,akshare_fund_etf_scale_sse,SH,551060,科创债沪,58031000.0,份,,,akshare:20260824
2026-08-24,akshare_fund_etf_scale_sse,SH,551300,科创债摩,50957500.0,份,,,akshare:20260824
2026-08-24,akshare_fund_etf_scale_sse,SH,551500,科创债易,122070000.0,份,,,akshare:20260824
2026-08-24,akshare_fund_etf_scale_sse,SH,551510,科债AAA,140726100.0,份,,,akshare:20260824
2026-08-24,akshare_fund_etf_scale_sse,SH,551520,科创债汇,216561600.0,份,,,akshare:20260824
2026-08-24,akshare_fund_etf_scale_sse,SH,551550,科创AAA,178198200.0,份,,,akshare:20260824
2026-08-24,akshare_fund_etf_scale_sse,SH,551560,科创债兴,171608800.0,份,,,akshare:20260824
2026-08-24,akshare_fund_etf_scale_sse,SH,551580,科创债TK,107026800.0,份,,,akshare:20260824
2026-08-24,akshare_fund_etf_scale_sse,SH,551800,国泰科债,116021400.0,份,,,akshare:20260824
2026-08-24,akshare_fund_etf_scale_sse,SH,551900,科创债指,139931700.0,份,,,akshare:20260824
2026-08-24,akshare_fund_etf_scale_sse,SH,560010,1000基金,1862621700.0000002,份,,,akshare:20260824
2026-08-24,akshare_fund_etf_scale_sse,SH,560020,红利添富,135562000.0,份,,,akshare:20260824
2026-08-24,akshare_fund_etf_scale_sse,SH,560030,800价值,23432000.0,份,,,akshare:20260824
2026-08-24,akshare_fund_etf_scale_sse,SH,560050,MSCIA50,2167434400.0,份,,,akshare:20260824
2026-08-24,akshare_fund_etf_scale_sse,SH,560060,碳中和基,76090000.0,份,,,akshare:20260824
2026-08-24,akshare_fund_etf_scale_sse,SH,560070,央企分红,83362300.0,份,,,akshare:20260824
2026-08-24,akshare_fund_etf_scale_sse,SH,560080,中药ETF,2268265000.0,份,,,akshare:20260824
2026-08-24,akshare_fund_etf_scale_sse,SH,560090,证券指数,2398865000.0,份,,,akshare:20260824
2026-08-24,akshare_fund_etf_scale_sse,SH,560100,增强ETF,55080300.0,份,,,akshare:20260824
2026-08-24,akshare_fund_etf_scale_sse,SH,560110,ZZ1000,361903500.0,份,,,akshare:20260824
2026-08-24,akshare_fund_etf_scale_sse,SH,560120,500现金,578689000.0,份,,,akshare:20260824
2026-08-24,akshare_fund_etf_scale_sse,SH,560130,食品基金,69776200.0,份,,,akshare:20260824
2026-08-24,akshare_fund_etf_scale_sse,SH,560150,红利TK,684279299.9999999,份,,,akshare:20260824
2026-08-24,akshare_fund_etf_scale_sse,SH,560160,食品E,112706000.0,份,,,akshare:20260824
2026-08-24,akshare_fund_etf_scale_sse,SH,560170,央企科技,377495500.0,份,,,akshare:20260824
2026-08-24,akshare_fund_etf_scale_sse,SH,560180,ESG300,15603000.0,份,,,akshare:20260824
2026-08-24,akshare_fund_etf_scale_sse,SH,560190,公用事业,18334000.0,份,,,akshare:20260824
2026-08-24,akshare_fund_etf_scale_sse,SH,560210,景顺农牧,527522000.0,份,,,akshare:20260824
2026-08-24,akshare_fund_etf_scale_sse,SH,560220,2000基金,63717000.0,份,,,akshare:20260824
2026-08-24,akshare_fund_etf_scale_sse,SH,560230,光伏富国,83889000.0,份,,,akshare:20260824
2026-08-24,akshare_fund_etf_scale_sse,SH,560250,红利质量,155833000.0,份,,,akshare:20260824
2026-08-24,akshare_fund_etf_scale_sse,SH,560260,医疗50,1718664700.0,份,,,akshare:20260824
2026-08-24,akshare_fund_etf_scale_sse,SH,560270,电力指数,167439000.0,份,,,akshare:20260824
2026-08-24,akshare_fund_etf_scale_sse,SH,560280,工程机械,1605752000.0,份,,,akshare:20260824
2026-08-24,akshare_fund_etf_scale_sse,SH,560290,景顺有色,370694000.0,份,,,akshare:20260824
2026-08-24,akshare_fund_etf_scale_sse,SH,560300,电信50,26803400.0,份,,,akshare:20260824
2026-08-24,akshare_fund_etf_scale_sse,SH,560310,光伏博时,185122000.0,份,,,akshare:20260824
2026-08-24,akshare_fund_etf_scale_sse,SH,560320,食品富国,124332000.0,份,,,akshare:20260824
2026-08-24,akshare_fund_etf_scale_sse,SH,560330,300价值E,17130000.0,份,,,akshare:20260824
2026-08-24,akshare_fund_etf_scale_sse,SH,560350,A50指数,837532100.0000001,份,,,akshare:20260824
2026-08-24,akshare_fund_etf_scale_sse,SH,560360,软件指数,223345000.0,份,,,akshare:20260824
2026-08-24,akshare_fund_etf_scale_sse,SH,560370,全指红利,186084000.0,份,,,akshare:20260824
2026-08-24,akshare_fund_etf_scale_sse,SH,560380,A100,140861000.0,份,,,akshare:20260824
2026-08-24,akshare_fund_etf_scale_sse,SH,560390,电网E,2047258000.0,份,,,akshare:20260824
2026-08-24,akshare_fund_etf_scale_sse,SH,560400,证券华泰,180493000.0,份,,,akshare:20260824
2026-08-24,akshare_fund_etf_scale_sse,SH,560410,电池鹏华,59786100.0,份,,,akshare:20260824
2026-08-24,akshare_fund_etf_scale_sse,SH,560420,食品Q,132780200.0,份,,,akshare:20260824
2026-08-24,akshare_fund_etf_scale_sse,SH,560450,电力TH,252569000.0,份,,,akshare:20260824
2026-08-24,akshare_fund_etf_scale_sse,SH,560460,电力平安,291537000.0,份,,,akshare:20260824
2026-08-24,akshare_fund_etf_scale_sse,SH,560470,有色E,311340000.0,份,,,akshare:20260824
2026-08-24,akshare_fund_etf_scale_sse,SH,560480,中证电力,144803000.0,份,,,akshare:20260824
2026-08-24,akshare_fund_etf_scale_sse,SH,560490,华泰有色,112482000.0,份,,,akshare:20260824
2026-08-24,akshare_fund_etf_scale_sse,SH,560500,500质量,294339000.0,份,,,akshare:20260824
2026-08-24,akshare_fund_etf_scale_sse,SH,560510,中证A500,2531026900.0,份,,,akshare:20260824
2026-08-24,akshare_fund_etf_scale_sse,SH,560520,红利大成,49751000.0,份,,,akshare:20260824
2026-08-24,akshare_fund_etf_scale_sse,SH,560530,A500ETF,3904623700.0,份,,,akshare:20260824
2026-08-24,akshare_fund_etf_scale_sse,SH,560550,碳中和,125597400.0,份,,,akshare:20260824
2026-08-24,akshare_fund_etf_scale_sse,SH,560560,碳中和TK,72190100.0,份,,,akshare:20260824
2026-08-24,akshare_fund_etf_scale_sse,SH,560570,A500低波,1161541200.0,份,,,akshare:20260824
2026-08-24,akshare_fund_etf_scale_sse,SH,560580,电力指基,462003000.0,份,,,akshare:20260824
2026-08-24,akshare_fund_etf_scale_sse,SH,560590,1000鹏华,28710000.0,份,,,akshare:20260824
2026-08-24,akshare_fund_etf_scale_sse,SH,560610,A500指数,5356988400.0,份,,,akshare:20260824
2026-08-24,akshare_fund_etf_scale_sse,SH,560620,公用WJ,27367000.0,份,,,akshare:20260824
2026-08-24,akshare_fund_etf_scale_sse,SH,560630,机器人WJ,162394000.0,份,,,akshare:20260824
2026-08-24,akshare_fund_etf_scale_sse,SH,560650,核心50,0.0,份,,,akshare:20260824
2026-08-24,akshare_fund_etf_scale_sse,SH,560660,云50ETF,129938000.0,份,,,akshare:20260824
2026-08-24,akshare_fund_etf_scale_sse,SH,560670,中证银行,56974000.0,份,,,akshare:20260824
2026-08-24,akshare_fund_etf_scale_sse,SH,560680,龙头消费,339725600.0,份,,,akshare:20260824
2026-08-24,akshare_fund_etf_scale_sse,SH,560690,电信主题,20389000.0,份,,,akshare:20260824
2026-08-24,akshare_fund_etf_scale_sse,SH,560700,央红利50,451036900.0,份,,,akshare:20260824
2026-08-24,akshare_fund_etf_scale_sse,SH,560710,船舶ETF,1788580000.0,份,,,akshare:20260824
2026-08-24,akshare_fund_etf_scale_sse,SH,560720,工银红利,101548000.0,份,,,akshare:20260824
2026-08-24,akshare_fund_etf_scale_sse,SH,560730,红利GTHT,91836299.99999999,份,,,akshare:20260824
2026-08-24,akshare_fund_etf_scale_sse,SH,560750,A500申万,78554800.0,份,,,akshare:20260824
2026-08-24,akshare_fund_etf_scale_sse,SH,560770,机器人ZS,1669633000.0,份,,,akshare:20260824
2026-08-24,akshare_fund_etf_scale_sse,SH,560780,半导设备,12880488000.0,份,,,akshare:20260824
2026-08-24,akshare_fund_etf_scale_sse,SH,560790,软件服务,228455900.0,份,,,akshare:20260824
2026-08-24,akshare_fund_etf_scale_sse,SH,560800,数字ETF,295951100.0,份,,,akshare:20260824
2026-08-24,akshare_fund_etf_scale_sse,SH,560810,央企ESG,181116000.0,份,,,akshare:20260824
2026-08-24,akshare_fund_etf_scale_sse,SH,560820,A50新华,40926000.0,份,,,akshare:20260824
2026-08-24,akshare_fund_etf_scale_sse,SH,560830,电指数,721019000.0,份,,,akshare:20260824
2026-08-24,akshare_fund_etf_scale_sse,SH,560850,信创50,70164000.0,份,,,akshare:20260824
2026-08-24,akshare_fund_etf_scale_sse,SH,560860,工业有色,5634233000.0,份,,,akshare:20260824
2026-08-24,akshare_fund_etf_scale_sse,SH,560870,中银有色,93351900.0,份,,,akshare:20260824
2026-08-24,akshare_fund_etf_scale_sse,SH,560880,家电基金,198232000.0,份,,,akshare:20260824
2026-08-24,akshare_fund_etf_scale_sse,SH,560900,创新药企,203969100.0,份,,,akshare:20260824
2026-08-24,akshare_fund_etf_scale_sse,SH,560910,中证电池,192721000.0,份,,,akshare:20260824
2026-08-24,akshare_fund_etf_scale_sse,SH,560920,招商机械,45373300.0,份,,,akshare:20260824
2026-08-24,akshare_fund_etf_scale_sse,SH,560930,电力E,214524000.0,份,,,akshare:20260824
2026-08-24,akshare_fund_etf_scale_sse,SH,560950,500增,15483000.0,份,,,akshare:20260824
2026-08-24,akshare_fund_etf_scale_sse,SH,560970,有色金属,68138000.0,份,,,akshare:20260824
2026-08-24,akshare_fund_etf_scale_sse,SH,560980,光伏龙头,334522000.0,份,,,akshare:20260824
2026-08-24,akshare_fund_etf_scale_sse,SH,560990,科技先锋,18187100.0,份,,,akshare:20260824
2026-08-24,akshare_fund_etf_scale_sse,SH,561000,300指增,52420000.0,份,,,akshare:20260824
2026-08-24,akshare_fund_etf_scale_sse,SH,561010,软件开发,302356000.0,份,,,akshare:20260824
2026-08-24,akshare_fund_etf_scale_sse,SH,561020,食品招商,34022200.0,份,,,akshare:20260824
2026-08-24,akshare_fund_etf_scale_sse,SH,561030,机械华泰,186550000.0,份,,,akshare:20260824
2026-08-24,akshare_fund_etf_scale_sse,SH,561050,稀金属E,235250000.0,份,,,akshare:20260824
2026-08-24,akshare_fund_etf_scale_sse,SH,561060,红利国企,54565000.0,份,,,akshare:20260824
2026-08-24,akshare_fund_etf_scale_sse,SH,561080,现金自由,24250000.0,份,,,akshare:20260824
2026-08-24,akshare_fund_etf_scale_sse,SH,561090,A500增,212974000.0,份,,,akshare:20260824
2026-08-24,akshare_fund_etf_scale_sse,SH,561100,电子龙头,588746900.0,份,,,akshare:20260824
2026-08-24,akshare_fund_etf_scale_sse,SH,561120,家电ETF,28159899.999999996,份,,,akshare:20260824
2026-08-24,akshare_fund_etf_scale_sse,SH,561130,国货ETF,83935200.0,份,,,akshare:20260824
2026-08-24,akshare_fund_etf_scale_sse,SH,561160,锂电池,2283835000.0,份,,,akshare:20260824
2026-08-24,akshare_fund_etf_scale_sse,SH,561170,绿电50,546032700.0,份,,,akshare:20260824
2026-08-24,akshare_fund_etf_scale_sse,SH,561180,A100ETF,49609600.0,份,,,akshare:20260824
2026-08-24,akshare_fund_etf_scale_sse,SH,561190,双碳ETF,194318000.0,份,,,akshare:20260824
2026-08-24,akshare_fund_etf_scale_sse,SH,561200,A100基金,31470500.0,份,,,akshare:20260824
2026-08-24,akshare_fund_etf_scale_sse,SH,561220,国企数字,46053000.0,份,,,akshare:20260824
2026-08-24,akshare_fund_etf_scale_sse,SH,561230,A50,452477800.0,份,,,akshare:20260824
2026-08-24,akshare_fund_etf_scale_sse,SH,561250,稀金属PH,105752200.0,份,,,akshare:20260824
2026-08-24,akshare_fund_etf_scale_sse,SH,561260,能源ETF,23895200.0,份,,,akshare:20260824
2026-08-24,akshare_fund_etf_scale_sse,SH,561280,增强1000,87847700.0,份,,,akshare:20260824
2026-08-24,akshare_fund_etf_scale_sse,SH,561300,300增ETF,466965000.0,份,,,akshare:20260824
2026-08-24,akshare_fund_etf_scale_sse,SH,561310,消电ETF,107833100.0,份,,,akshare:20260824
2026-08-24,akshare_fund_etf_scale_sse,SH,561320,交运ETF,34369000.0,份,,,akshare:20260824
2026-08-24,akshare_fund_etf_scale_sse,SH,561330,矿业ETF,1813392100.0,份,,,akshare:20260824
2026-08-24,akshare_fund_etf_scale_sse,SH,561350,国泰500,70700000.0,份,,,akshare:20260824
2026-08-24,akshare_fund_etf_scale_sse,SH,561360,石油ETF,1321148000.0,份,,,akshare:20260824
2026-08-24,akshare_fund_etf_scale_sse,SH,561370,2000ETF,32356000.0,份,,,akshare:20260824
2026-08-24,akshare_fund_etf_scale_sse,SH,561380,电网ETF,6848534000.0,份,,,akshare:20260824
2026-08-24,akshare_fund_etf_scale_sse,SH,561390,稀金属PA,93128100.0,份,,,akshare:20260824
2026-08-24,akshare_fund_etf_scale_sse,SH,561400,鑫元养殖,55519000.0,份,,,akshare:20260824
2026-08-24,akshare_fund_etf_scale_sse,SH,561410,N光伏,235613300.00000003,份,,,akshare:20260824
2026-08-24,akshare_fund_etf_scale_sse,SH,561420,300现金,1018237000.0,份,,,akshare:20260824
2026-08-24,akshare_fund_etf_scale_sse,SH,561430,全指质量,40223200.0,份,,,akshare:20260824
2026-08-24,akshare_fund_etf_scale_sse,SH,561450,华泰红利,84624300.0,份,,,akshare:20260824
2026-08-24,akshare_fund_etf_scale_sse,SH,561460,AITH,708520000.0,份,,,akshare:20260824
2026-08-24,akshare_fund_etf_scale_sse,SH,561470,畜牧TH,49936000.0,份,,,akshare:20260824
2026-08-24,akshare_fund_etf_scale_sse,SH,561490,红利财通,93631299.99999999,份,,,akshare:20260824
2026-08-24,akshare_fund_etf_scale_sse,SH,561500,漂亮50,54600300.0,份,,,akshare:20260824
2026-08-24,akshare_fund_etf_scale_sse,SH,561510,中医药,64206000.0,份,,,akshare:20260824
2026-08-24,akshare_fund_etf_scale_sse,SH,561550,500指增,1283989600.0,份,,,akshare:20260824
2026-08-24,akshare_fund_etf_scale_sse,SH,561560,电力ETF,1966624200.0000002,份,,,akshare:20260824
2026-08-24,akshare_fund_etf_scale_sse,SH,561570,油气基金,72147000.0,份,,,akshare:20260824
2026-08-24,akshare_fund_etf_scale_sse,SH,561580,央企红利,1990870700.0,份,,,akshare:20260824
2026-08-24,akshare_fund_etf_scale_sse,SH,561590,1000增强,101499599.99999999,份,,,akshare:20260824
2026-08-24,akshare_fund_etf_scale_sse,SH,561600,消费电子,292548000.0,份,,,akshare:20260824
2026-08-24,akshare_fund_etf_scale_sse,SH,561620,华泰化工,43727000.0,份,,,akshare:20260824
2026-08-24,akshare_fund_etf_scale_sse,SH,561630,华泰质量,44898000.0,份,,,akshare:20260824
2026-08-24,akshare_fund_etf_scale_sse,SH,561660,通航基金,69710000.0,份,,,akshare:20260824
2026-08-24,akshare_fund_etf_scale_sse,SH,561680,A500红低,58169000.0,份,,,akshare:20260824
2026-08-24,akshare_fund_etf_scale_sse,SH,561700,电力基金,353313600.0,份,,,akshare:20260824
2026-08-24,akshare_fund_etf_scale_sse,SH,561750,A50博时,62996000.0,份,,,akshare:20260824
2026-08-24,akshare_fund_etf_scale_sse,SH,561760,油气博时,156195000.0,份,,,akshare:20260824
2026-08-24,akshare_fund_etf_scale_sse,SH,561770,指基A100,37550000.0,份,,,akshare:20260824
2026-08-24,akshare_fund_etf_scale_sse,SH,561780,1000指增,21355800.0,份,,,akshare:20260824
2026-08-24,akshare_fund_etf_scale_sse,SH,561790,现代能源,57834000.0,份,,,akshare:20260824
2026-08-24,akshare_fund_etf_scale_sse,SH,561800,稀金属,205577200.0,份,,,akshare:20260824
2026-08-24,akshare_fund_etf_scale_sse,SH,561810,华泰医疗,69638400.0,份,,,akshare:20260824
2026-08-24,akshare_fund_etf_scale_sse,SH,561870,现金流指,93765000.0,份,,,akshare:20260824
2026-08-24,akshare_fund_etf_scale_sse,SH,561880,A100指数,82389000.0,份,,,akshare:20260824
2026-08-24,akshare_fund_etf_scale_sse,SH,561890,A股E,46112600.0,份,,,akshare:20260824
2026-08-24,akshare_fund_etf_scale_sse,SH,561900,沪深ESG,26334400.0,份,,,akshare:20260824
2026-08-24,akshare_fund_etf_scale_sse,SH,561910,电池ETF,4635076600.0,份,,,akshare:20260824
2026-08-24,akshare_fund_etf_scale_sse,SH,561920,疫苗龙头,63692000.0,份,,,akshare:20260824
2026-08-24,akshare_fund_etf_scale_sse,SH,561930,招商300,172260600.0,份,,,akshare:20260824
2026-08-24,akshare_fund_etf_scale_sse,SH,561950,500增强A,72156000.0,份,,,akshare:20260824
2026-08-24,akshare_fund_etf_scale_sse,SH,561960,央企回报,57385200.00000001,份,,,akshare:20260824
2026-08-24,akshare_fund_etf_scale_sse,SH,561980,芯片设备,8330550000.0,份,,,akshare:20260824
2026-08-24,akshare_fund_etf_scale_sse,SH,561990,300增强,325649200.0,份,,,akshare:20260824
2026-08-24,akshare_fund_etf_scale_sse,SH,562000,中证A100,596737900.0,份,,,akshare:20260824
2026-08-24,akshare_fund_etf_scale_sse,SH,562010,绿色能源,18298700.0,份,,,akshare:20260824
2026-08-24,akshare_fund_etf_scale_sse,SH,562030,信创基金,143973900.0,份,,,akshare:20260824
2026-08-24,akshare_fund_etf_scale_sse,SH,562050,药ETF,99468000.0,份,,,akshare:20260824
2026-08-24,akshare_fund_etf_scale_sse,SH,562060,标普红利,5131792600.0,份,,,akshare:20260824
2026-08-24,akshare_fund_etf_scale_sse,SH,562070,300ETF增,555542000.0,份,,,akshare:20260824
2026-08-24,akshare_fund_etf_scale_sse,SH,562080,自由现金,600757200.0,份,,,akshare:20260824
2026-08-24,akshare_fund_etf_scale_sse,SH,562300,低碳ETF,58495000.0,份,,,akshare:20260824
2026-08-24,akshare_fund_etf_scale_sse,SH,562310,300成长,448572300.00000006,份,,,akshare:20260824
2026-08-24,akshare_fund_etf_scale_sse,SH,562320,300价值A,58295500.0,份,,,akshare:20260824
2026-08-24,akshare_fund_etf_scale_sse,SH,562330,500价值,11018900.000000002,份,,,akshare:20260824
2026-08-24,akshare_fund_etf_scale_sse,SH,562340,500成长,8144299.999999999,份,,,akshare:20260824
2026-08-24,akshare_fund_etf_scale_sse,SH,562350,电力,135410900.0,份,,,akshare:20260824
2026-08-24,akshare_fund_etf_scale_sse,SH,562360,机器人YH,301474000.0,份,,,akshare:20260824
2026-08-24,akshare_fund_etf_scale_sse,SH,562380,科技引领,73128900.0,份,,,akshare:20260824
2026-08-24,akshare_fund_etf_scale_sse,SH,562390,中药,79429000.0,份,,,akshare:20260824
2026-08-24,akshare_fund_etf_scale_sse,SH,562500,机器人,18805187300.0,份,,,akshare:20260824
2026-08-24,akshare_fund_etf_scale_sse,SH,562510,旅游ETF,1068595000.0,份,,,akshare:20260824
2026-08-24,akshare_fund_etf_scale_sse,SH,562520,1000成长,26568000.0,份,,,akshare:20260824
2026-08-24,akshare_fund_etf_scale_sse,SH,562530,1000价值,185144000.0,份,,,akshare:20260824
2026-08-24,akshare_fund_etf_scale_sse,SH,562550,绿电ETF,1553419300.0,份,,,akshare:20260824
2026-08-24,akshare_fund_etf_scale_sse,SH,562560,信息技术,22765500.0,份,,,akshare:20260824
2026-08-24,akshare_fund_etf_scale_sse,SH,562570,信创ETF,305281000.0,份,,,akshare:20260824
2026-08-24,akshare_fund_etf_scale_sse,SH,562580,可选消费,37723300.0,份,,,akshare:20260824
2026-08-24,akshare_fund_etf_scale_sse,SH,562590,半导材料,9076989000.0,份,,,akshare:20260824
2026-08-24,akshare_fund_etf_scale_sse,SH,562600,医疗器械,459937400.0,份,,,akshare:20260824
2026-08-24,akshare_fund_etf_scale_sse,SH,562660,ZZ2000,314874000.0,份,,,akshare:20260824
2026-08-24,akshare_fund_etf_scale_sse,SH,562700,汽车零件,105750000.0,份,,,akshare:20260824
2026-08-24,akshare_fund_etf_scale_sse,SH,562800,稀有金属,5700595000.0,份,,,akshare:20260824
2026-08-24,akshare_fund_etf_scale_sse,SH,562810,上证增强,57951000.0,份,,,akshare:20260824
2026-08-24,akshare_fund_etf_scale_sse,SH,562820,集成电路,411408000.0,份,,,akshare:20260824
2026-08-24,akshare_fund_etf_scale_sse,SH,562850,央企能源,190981500.0,份,,,akshare:20260824
2026-08-24,akshare_fund_etf_scale_sse,SH,562860,疫苗ETF,342895000.0,份,,,akshare:20260824
2026-08-24,akshare_fund_etf_scale_sse,SH,562870,证券全指,605005200.0,份,,,akshare:20260824
2026-08-24,akshare_fund_etf_scale_sse,SH,562880,电池基金,881899600.0000001,份,,,akshare:20260824
2026-08-24,akshare_fund_etf_scale_sse,SH,562890,A50中证,266051000.0,份,,,akshare:20260824
2026-08-24,akshare_fund_etf_scale_sse,SH,562900,现代农业,238706300.0,份,,,akshare:20260824
2026-08-24,akshare_fund_etf_scale_sse,SH,562910,高端制造,293227300.0,份,,,akshare:20260824
2026-08-24,akshare_fund_etf_scale_sse,SH,562920,信息安全,93069000.0,份,,,akshare:20260824
2026-08-24,akshare_fund_etf_scale_sse,SH,562930,软件30,1738437000.0,份,,,akshare:20260824
2026-08-24,akshare_fund_etf_scale_sse,SH,562950,消电50,1022258300.0,份,,,akshare:20260824
2026-08-24,akshare_fund_etf_scale_sse,SH,562960,绿色电力,1255891000.0,份,,,akshare:20260824
2026-08-24,akshare_fund_etf_scale_sse,SH,562970,光伏E,361448000.0,份,,,akshare:20260824
2026-08-24,akshare_fund_etf_scale_sse,SH,562990,碳中和E,377756000.0,份,,,akshare:20260824
2026-08-24,akshare_fund_etf_scale_sse,SH,563000,中国A50,1565951099.9999998,份,,,akshare:20260824
2026-08-24,akshare_fund_etf_scale_sse,SH,563010,电信ETF,94189300.0,份,,,akshare:20260824
2026-08-24,akshare_fund_etf_scale_sse,SH,563020,低波红利,10846910000.0,份,,,akshare:20260824
2026-08-24,akshare_fund_etf_scale_sse,SH,563030,增强500,127169000.0,份,,,akshare:20260824
2026-08-24,akshare_fund_etf_scale_sse,SH,563050,科技央企,132208400.0,份,,,akshare:20260824
2026-08-24,akshare_fund_etf_scale_sse,SH,563060,央企50,188527000.0,份,,,akshare:20260824
2026-08-24,akshare_fund_etf_scale_sse,SH,563080,中证A50E,1104588400.0,份,,,akshare:20260824
2026-08-24,akshare_fund_etf_scale_sse,SH,563090,上50增强,56848000.0,份,,,akshare:20260824
2026-08-24,akshare_fund_etf_scale_sse,SH,563150,油气资源,33399000.0,份,,,akshare:20260824
2026-08-24,akshare_fund_etf_scale_sse,SH,563180,高股息,101420000.0,份,,,akshare:20260824
2026-08-24,akshare_fund_etf_scale_sse,SH,563200,2000指数,55458800.0,份,,,akshare:20260824
2026-08-24,akshare_fund_etf_scale_sse,SH,563210,专精特新,122067000.0,份,,,akshare:20260824
2026-08-24,akshare_fund_etf_scale_sse,SH,563220,A500富国,6701013700.0,份,,,akshare:20260824
2026-08-24,akshare_fund_etf_scale_sse,SH,563230,卫星ETF,3489237000.0,份,,,akshare:20260824
2026-08-24,akshare_fund_etf_scale_sse,SH,563280,A50增强,6706600.0,份,,,akshare:20260824
2026-08-24,akshare_fund_etf_scale_sse,SH,563300,中证2000,4153674000.0,份,,,akshare:20260824
2026-08-24,akshare_fund_etf_scale_sse,SH,563320,通用航空,230892000.0,份,,,akshare:20260824
2026-08-24,akshare_fund_etf_scale_sse,SH,563330,A股ETF,35960600.0,份,,,akshare:20260824
2026-08-24,akshare_fund_etf_scale_sse,SH,563350,中证A50,171997599.99999997,份,,,akshare:20260824
2026-08-24,akshare_fund_etf_scale_sse,SH,563360,A500基金,31861987400.000004,份,,,akshare:20260824
2026-08-24,akshare_fund_etf_scale_sse,SH,563380,航空航天,910950000.0,份,,,akshare:20260824
2026-08-24,akshare_fund_etf_scale_sse,SH,563390,现金基金,2183844000.0,份,,,akshare:20260824
2026-08-24,akshare_fund_etf_scale_sse,SH,563500,A500华宝,747958700.0,份,,,akshare:20260824
2026-08-24,akshare_fund_etf_scale_sse,SH,563510,A500红利,293537000.0,份,,,akshare:20260824
2026-08-24,akshare_fund_etf_scale_sse,SH,563520,300永赢,409065000.0,份,,,akshare:20260824
2026-08-24,akshare_fund_etf_scale_sse,SH,563530,卫星E,1629748000.0,份,,,akshare:20260824
2026-08-24,akshare_fund_etf_scale_sse,SH,563550,增强A500,82559000.0,份,,,akshare:20260824
2026-08-24,akshare_fund_etf_scale_sse,SH,563560,科技成长,54769000.0,份,,,akshare:20260824
2026-08-24,akshare_fund_etf_scale_sse,SH,563570,金融科,113374000.0,份,,,akshare:20260824
2026-08-24,akshare_fund_etf_scale_sse,SH,563580,现金800,245648000.0,份,,,akshare:20260824
2026-08-24,akshare_fund_etf_scale_sse,SH,563590,红利A500,61944399.99999999,份,,,akshare:20260824
2026-08-24,akshare_fund_etf_scale_sse,SH,563600,A500增强,69483000.0,份,,,akshare:20260824
2026-08-24,akshare_fund_etf_scale_sse,SH,563620,现金流全,51049000.0,份,,,akshare:20260824
2026-08-24,akshare_fund_etf_scale_sse,SH,563630,A500指增,37947100.0,份,,,akshare:20260824
2026-08-24,akshare_fund_etf_scale_sse,SH,563650,A500中证,143909000.0,份,,,akshare:20260824
2026-08-24,akshare_fund_etf_scale_sse,SH,563660,A500银河,63085200.00000001,份,,,akshare:20260824
2026-08-24,akshare_fund_etf_scale_sse,SH,563670,金科基金,181987000.0,份,,,akshare:20260824
2026-08-24,akshare_fund_etf_scale_sse,SH,563680,现金流TF,105959000.0,份,,,akshare:20260824
2026-08-24,akshare_fund_etf_scale_sse,SH,563690,红利永赢,34882000.0,份,,,akshare:20260824
2026-08-24,akshare_fund_etf_scale_sse,SH,563700,红利价值,390150000.0,份,,,akshare:20260824
2026-08-24,akshare_fund_etf_scale_sse,SH,563750,500添富,337237000.0,份,,,akshare:20260824
2026-08-24,akshare_fund_etf_scale_sse,SH,563760,中银现金,747913200.0000001,份,,,akshare:20260824
2026-08-24,akshare_fund_etf_scale_sse,SH,563770,全指现金,27307000.0,份,,,akshare:20260824
2026-08-24,akshare_fund_etf_scale_sse,SH,563780,现金指数,249027100.0,份,,,akshare:20260824
2026-08-24,akshare_fund_etf_scale_sse,SH,563790,卫星产业,1233447000.0,份,,,akshare:20260824
2026-08-24,akshare_fund_etf_scale_sse,SH,563800,A500龙头,9001978100.0,份,,,akshare:20260824
2026-08-24,akshare_fund_etf_scale_sse,SH,563830,现金流基,137896000.0,份,,,akshare:20260824
2026-08-24,akshare_fund_etf_scale_sse,SH,563850,食品广发,118481700.0,份,,,akshare:20260824
2026-08-24,akshare_fund_etf_scale_sse,SH,563860,A500海富,185844300.0,份,,,akshare:20260824
2026-08-24,akshare_fund_etf_scale_sse,SH,563870,航空通用,109303900.0,份,,,akshare:20260824
2026-08-24,akshare_fund_etf_scale_sse,SH,563880,A500添富,1546996400.0000002,份,,,akshare:20260824
2026-08-24,akshare_fund_etf_scale_sse,SH,563890,红利国有,22836000.0,份,,,akshare:20260824
2026-08-24,akshare_fund_etf_scale_sse,SH,563900,现金流,470965700.0,份,,,akshare:20260824
2026-08-24,akshare_fund_etf_scale_sse,SH,563930,上指增强,34592000.0,份,,,akshare:20260824
2026-08-24,akshare_fund_etf_scale_sse,SH,563960,300质量,361512000.0,份,,,akshare:20260824
2026-08-24,akshare_fund_etf_scale_sse,SH,563980,800红利,188967000.0,份,,,akshare:20260824
2026-08-24,akshare_fund_etf_scale_sse,SH,563990,800现金,304573000.0,份,,,akshare:20260824
2026-08-24,akshare_fund_etf_scale_sse,SH,588000,科创50,51035668200.0,份,,,akshare:20260824
2026-08-24,akshare_fund_etf_scale_sse,SH,588010,科创材料,940425800.0,份,,,akshare:20260824
2026-08-24,akshare_fund_etf_scale_sse,SH,588020,科创50E,2003373000.0,份,,,akshare:20260824
2026-08-24,akshare_fund_etf_scale_sse,SH,588030,科创指基,2282838100.0,份,,,akshare:20260824
2026-08-24,akshare_fund_etf_scale_sse,SH,588040,科创板指,131889000.0,份,,,akshare:20260824
2026-08-24,akshare_fund_etf_scale_sse,SH,588050,科创ETF,6425241300.0,份,,,akshare:20260824
2026-08-24,akshare_fund_etf_scale_sse,SH,588060,上证科创,7345140000.0,份,,,akshare:20260824
2026-08-24,akshare_fund_etf_scale_sse,SH,588070,科创万家,42437000.0,份,,,akshare:20260824
2026-08-24,akshare_fund_etf_scale_sse,SH,588080,科创板50,24982628100.0,份,,,akshare:20260824
2026-08-24,akshare_fund_etf_scale_sse,SH,588090,科创板,2907072800.0000005,份,,,akshare:20260824
2026-08-24,akshare_fund_etf_scale_sse,SH,588100,科创信息,201746200.0,份,,,akshare:20260824
2026-08-24,akshare_fund_etf_scale_sse,SH,588110,科创成长,1033032000.0,份,,,akshare:20260824
2026-08-24,akshare_fund_etf_scale_sse,SH,588120,科100ETF,955622000.0,份,,,akshare:20260824
2026-08-24,akshare_fund_etf_scale_sse,SH,588130,科创药,443582600.0,份,,,akshare:20260824
2026-08-24,akshare_fund_etf_scale_sse,SH,588140,科200GF,241751000.0,份,,,akshare:20260824
2026-08-24,akshare_fund_etf_scale_sse,SH,588150,科创龙头,397932600.0,份,,,akshare:20260824
2026-08-24,akshare_fund_etf_scale_sse,SH,588160,科创新材,852996000.0,份,,,akshare:20260824
2026-08-24,akshare_fund_etf_scale_sse,SH,588170,科创半导,43905447000.0,份,,,akshare:20260824
2026-08-24,akshare_fund_etf_scale_sse,SH,588180,科创50基,738353700.0,份,,,akshare:20260824
2026-08-24,akshare_fund_etf_scale_sse,SH,588190,科创100,1351618299.9999998,份,,,akshare:20260824
2026-08-24,akshare_fund_etf_scale_sse,SH,588200,科创芯片,42667184300.0,份,,,akshare:20260824
2026-08-24,akshare_fund_etf_scale_sse,SH,588210,科创100E,240754000.0,份,,,akshare:20260824
2026-08-24,akshare_fund_etf_scale_sse,SH,588220,科创100F,3683697900.0,份,,,akshare:20260824
2026-08-24,akshare_fund_etf_scale_sse,SH,588230,科创200,734939000.0,份,,,akshare:20260824
2026-08-24,akshare_fund_etf_scale_sse,SH,588240,科200,125633000.0,份,,,akshare:20260824
2026-08-24,akshare_fund_etf_scale_sse,SH,588250,KC医药,265675000.0,份,,,akshare:20260824
2026-08-24,akshare_fund_etf_scale_sse,SH,588260,科创技术,46746000.0,份,,,akshare:20260824
2026-08-24,akshare_fund_etf_scale_sse,SH,588270,科创200F,307410000.0,份,,,akshare:20260824
2026-08-24,akshare_fund_etf_scale_sse,SH,588280,科创五零,392121000.0,份,,,akshare:20260824
2026-08-24,akshare_fund_etf_scale_sse,SH,588290,UC芯科创,4960191000.0,份,,,akshare:20260824
2026-08-24,akshare_fund_etf_scale_sse,SH,588300,双创ETF,1507210500.0,份,,,akshare:20260824
2026-08-24,akshare_fund_etf_scale_sse,SH,588310,双创基金,36637500.0,份,,,akshare:20260824
2026-08-24,akshare_fund_etf_scale_sse,SH,588320,双创增强,74824600.0,份,,,akshare:20260824
2026-08-24,akshare_fund_etf_scale_sse,SH,588330,双创龙头,1137737800.0,份,,,akshare:20260824
2026-08-24,akshare_fund_etf_scale_sse,SH,588350,双创,644546000.0,份,,,akshare:20260824
2026-08-24,akshare_fund_etf_scale_sse,SH,588360,创创ETF,219081800.0,份,,,akshare:20260824
2026-08-24,akshare_fund_etf_scale_sse,SH,588370,科创策略,78272000.0,份,,,akshare:20260824
2026-08-24,akshare_fund_etf_scale_sse,SH,588380,创50ETF,2666770000.0,份,,,akshare:20260824
2026-08-24,akshare_fund_etf_scale_sse,SH,588390,科创创业,158935900.0,份,,,akshare:20260824
2026-08-24,akshare_fund_etf_scale_sse,SH,588400,双创50,1338600600.0,份,,,akshare:20260824
2026-08-24,akshare_fund_etf_scale_sse,SH,588410,双创AI,113250000.0,份,,,akshare:20260824
2026-08-24,akshare_fund_etf_scale_sse,SH,588420,AI双创,343648000.0,份,,,akshare:20260824
2026-08-24,akshare_fund_etf_scale_sse,SH,588430,科创创AI,102458000.0,份,,,akshare:20260824
2026-08-24,akshare_fund_etf_scale_sse,SH,588450,科创50增,60568700.0,份,,,akshare:20260824
2026-08-24,akshare_fund_etf_scale_sse,SH,588460,科创增强,633014000.0,份,,,akshare:20260824
2026-08-24,akshare_fund_etf_scale_sse,SH,588470,双创智能,292907000.0,份,,,akshare:20260824
2026-08-24,akshare_fund_etf_scale_sse,SH,588480,AI50双创,245717000.0,份,,,akshare:20260824
2026-08-24,akshare_fund_etf_scale_sse,SH,588500,科创100Z,48647000.0,份,,,akshare:20260824
2026-08-24,akshare_fund_etf_scale_sse,SH,588510,智能双创,333175000.0,份,,,akshare:20260824
2026-08-24,akshare_fund_etf_scale_sse,SH,588520,科创增,12957000.0,份,,,akshare:20260824
2026-08-24,akshare_fund_etf_scale_sse,SH,588530,AIBOCI,230233300.00000003,份,,,akshare:20260824
2026-08-24,akshare_fund_etf_scale_sse,SH,588550,科创增指,67290000.0,份,,,akshare:20260824
2026-08-24,akshare_fund_etf_scale_sse,SH,588660,双创五零,39344000.0,份,,,akshare:20260824
2026-08-24,akshare_fund_etf_scale_sse,SH,588670,科综增强,39792000.0,份,,,akshare:20260824
2026-08-24,akshare_fund_etf_scale_sse,SH,588680,科100增,32361000.0,份,,,akshare:20260824
2026-08-24,akshare_fund_etf_scale_sse,SH,588690,科综指增,51636000.0,份,,,akshare:20260824
2026-08-24,akshare_fund_etf_scale_sse,SH,588700,科创生物,445336200.0,份,,,akshare:20260824
2026-08-24,akshare_fund_etf_scale_sse,SH,588710,科半导体,11292885000.0,份,,,akshare:20260824
2026-08-24,akshare_fund_etf_scale_sse,SH,588720,中银科创,109741800.0,份,,,akshare:20260824
2026-08-24,akshare_fund_etf_scale_sse,SH,588730,科创AI,754396300.0,份,,,akshare:20260824
2026-08-24,akshare_fund_etf_scale_sse,SH,588750,科创芯50,3253228000.0,份,,,akshare:20260824
2026-08-24,akshare_fund_etf_scale_sse,SH,588760,AI科创,2512532000.0,份,,,akshare:20260824
2026-08-24,akshare_fund_etf_scale_sse,SH,588770,信息科创,314597100.0,份,,,akshare:20260824
2026-08-24,akshare_fund_etf_scale_sse,SH,588780,芯片设计,1027902000.0,份,,,akshare:20260824
2026-08-24,akshare_fund_etf_scale_sse,SH,588790,科创智能,3397384000.0,份,,,akshare:20260824
2026-08-24,akshare_fund_etf_scale_sse,SH,588800,科创100C,1662377000.0,份,,,akshare:20260824
2026-08-24,akshare_fund_etf_scale_sse,SH,588810,科创板芯,600324000.0,份,,,akshare:20260824
2026-08-24,akshare_fund_etf_scale_sse,SH,588820,科创200E,154400000.0,份,,,akshare:20260824
2026-08-24,akshare_fund_etf_scale_sse,SH,588830,科创新能,639847900.0,份,,,akshare:20260824
2026-08-24,akshare_fund_etf_scale_sse,SH,588840,50科创,58236000.0,份,,,akshare:20260824
2026-08-24,akshare_fund_etf_scale_sse,SH,588850,科创机械,80779000.0,份,,,akshare:20260824
2026-08-24,akshare_fund_etf_scale_sse,SH,588860,科创医药,340889400.0,份,,,akshare:20260824
2026-08-24,akshare_fund_etf_scale_sse,SH,588870,科创50指,815552000.0,份,,,akshare:20260824
2026-08-24,akshare_fund_etf_scale_sse,SH,588880,科创指数,108368000.0,份,,,akshare:20260824
2026-08-24,akshare_fund_etf_scale_sse,SH,588890,科创芯,923810000.0,份,,,akshare:20260824
2026-08-24,akshare_fund_etf_scale_sse,SH,588900,科创100S,352783000.0,份,,,akshare:20260824
2026-08-24,akshare_fund_etf_scale_sse,SH,588910,科创价值,100049100.0,份,,,akshare:20260824
2026-08-24,akshare_fund_etf_scale_sse,SH,588920,KC芯片,336876000.0,份,,,akshare:20260824
2026-08-24,akshare_fund_etf_scale_sse,SH,588930,科创板AI,629329000.0,份,,,akshare:20260824
2026-08-24,akshare_fund_etf_scale_sse,SH,588940,科创富国,3002840000.0,份,,,akshare:20260824
2026-08-24,akshare_fund_etf_scale_sse,SH,588950,景顺科创,692729700.0,份,,,akshare:20260824
2026-08-24,akshare_fund_etf_scale_sse,SH,588960,新能科创,142579800.0,份,,,akshare:20260824
2026-08-24,akshare_fund_etf_scale_sse,SH,588980,科创广发,11920000.0,份,,,akshare:20260824
2026-08-24,akshare_fund_etf_scale_sse,SH,588990,科芯片,197745400.0,份,,,akshare:20260824
2026-08-24,akshare_fund_etf_scale_sse,SH,589000,科创综指,1051507800.0,份,,,akshare:20260824
2026-08-24,akshare_fund_etf_scale_sse,SH,589010,科创AI指,929793000.0,份,,,akshare:20260824
2026-08-24,akshare_fund_etf_scale_sse,SH,589020,KC半导体,4468438000.0,份,,,akshare:20260824
2026-08-24,akshare_fund_etf_scale_sse,SH,589030,科芯设计,859077000.0,份,,,akshare:20260824
2026-08-24,akshare_fund_etf_scale_sse,SH,589050,科创E,46968000.0,份,,,akshare:20260824
2026-08-24,akshare_fund_etf_scale_sse,SH,589060,科综东财,77137900.0,份,,,akshare:20260824
2026-08-24,akshare_fund_etf_scale_sse,SH,589070,科芯TH,1877293000.0,份,,,akshare:20260824
2026-08-24,akshare_fund_etf_scale_sse,SH,589080,科创综E,143061000.0,份,,,akshare:20260824
2026-08-24,akshare_fund_etf_scale_sse,SH,589090,KCAI,189431000.0,份,,,akshare:20260824
2026-08-24,akshare_fund_etf_scale_sse,SH,589100,国泰芯片,905442500.0,份,,,akshare:20260824
2026-08-24,akshare_fund_etf_scale_sse,SH,589110,科AI国泰,528413000.0,份,,,akshare:20260824
2026-08-24,akshare_fund_etf_scale_sse,SH,589120,创新药基,1302620000.0,份,,,akshare:20260824
2026-08-24,akshare_fund_etf_scale_sse,SH,589130,科创芯易,3368780000.0,份,,,akshare:20260824
2026-08-24,akshare_fund_etf_scale_sse,SH,589150,科创平安,777437200.0,份,,,akshare:20260824
2026-08-24,akshare_fund_etf_scale_sse,SH,589160,科芯片GF,290296000.0,份,,,akshare:20260824
2026-08-24,akshare_fund_etf_scale_sse,SH,589170,芯设计KC,147909000.0,份,,,akshare:20260824
2026-08-24,akshare_fund_etf_scale_sse,SH,589180,科创材基,137318000.0,份,,,akshare:20260824
2026-08-24,akshare_fund_etf_scale_sse,SH,589190,科创芯基,2803562000.0,份,,,akshare:20260824
2026-08-24,akshare_fund_etf_scale_sse,SH,589200,科200E,25507000.0,份,,,akshare:20260824
2026-08-24,akshare_fund_etf_scale_sse,SH,589210,芯设计GF,1304938000.0,份,,,akshare:20260824
2026-08-24,akshare_fund_etf_scale_sse,SH,589220,科200GT,319495800.0,份,,,akshare:20260824
2026-08-24,akshare_fund_etf_scale_sse,SH,589230,AI科创CS,253553000.0,份,,,akshare:20260824
2026-08-24,akshare_fund_etf_scale_sse,SH,589250,芯设计PY,87101299.99999999,份,,,akshare:20260824
2026-08-24,akshare_fund_etf_scale_sse,SH,589260,科创芯设,55156000.0,份,,,akshare:20260824
2026-08-24,akshare_fund_etf_scale_sse,SH,589270,科创100Q,24516600.0,份,,,akshare:20260824
2026-08-24,akshare_fund_etf_scale_sse,SH,589280,科综增指,154069000.0,份,,,akshare:20260824
2026-08-24,akshare_fund_etf_scale_sse,SH,589290,芯片主题,131848900.0,份,,,akshare:20260824
2026-08-24,akshare_fund_etf_scale_sse,SH,589300,科综嘉实,41582500.0,份,,,akshare:20260824
2026-08-24,akshare_fund_etf_scale_sse,SH,589310,科创人工,304491800.0,份,,,akshare:20260824
2026-08-24,akshare_fund_etf_scale_sse,SH,589320,科200JS,114053000.0,份,,,akshare:20260824
2026-08-24,akshare_fund_etf_scale_sse,SH,589330,科200DC,165902000.0,份,,,akshare:20260824
2026-08-24,akshare_fund_etf_scale_sse,SH,589350,科芯片指,242281500.0,份,,,akshare:20260824
2026-08-24,akshare_fund_etf_scale_sse,SH,589360,科创50GT,2675174000.0,份,,,akshare:20260824
2026-08-24,akshare_fund_etf_scale_sse,SH,589380,AI科创指,97694300.0,份,,,akshare:20260824
2026-08-24,akshare_fund_etf_scale_sse,SH,589390,芯设计,1323810500.0,份,,,akshare:20260824
2026-08-24,akshare_fund_etf_scale_sse,SH,589400,芯设计FG,287785200.0,份,,,akshare:20260824
2026-08-24,akshare_fund_etf_scale_sse,SH,589410,科创AIJS,562565600.0,份,,,akshare:20260824
2026-08-24,akshare_fund_etf_scale_sse,SH,589420,芯设计MW,362481500.0,份,,,akshare:20260824
2026-08-24,akshare_fund_etf_scale_sse,SH,589460,科200HB,226630900.0,份,,,akshare:20260824
2026-08-24,akshare_fund_etf_scale_sse,SH,589500,科综工银,80064000.0,份,,,akshare:20260824
2026-08-24,akshare_fund_etf_scale_sse,SH,589520,AI科创板,852104600.0000001,份,,,akshare:20260824
2026-08-24,akshare_fund_etf_scale_sse,SH,589550,KC价值,25295500.0,份,,,akshare:20260824
2026-08-24,akshare_fund_etf_scale_sse,SH,589560,科创AITF,262355000.0,份,,,akshare:20260824
2026-08-24,akshare_fund_etf_scale_sse,SH,589580,科综价格,14354800.0,份,,,akshare:20260824
2026-08-24,akshare_fund_etf_scale_sse,SH,589600,富国科综,221535000.0,份,,,akshare:20260824
2026-08-24,akshare_fund_etf_scale_sse,SH,589630,科综国泰,349258000.0,份,,,akshare:20260824
2026-08-24,akshare_fund_etf_scale_sse,SH,589660,综指科创,281530000.0,份,,,akshare:20260824
2026-08-24,akshare_fund_etf_scale_sse,SH,589680,科创综Z,1389943700.0,份,,,akshare:20260824
2026-08-24,akshare_fund_etf_scale_sse,SH,589700,成长科创,32291000.0,份,,,akshare:20260824
2026-08-24,akshare_fund_etf_scale_sse,SH,589720,科创新药,4693823000.0,份,,,akshare:20260824
2026-08-24,akshare_fund_etf_scale_sse,SH,589770,科创全指,163569200.0,份,,,akshare:20260824
2026-08-24,akshare_fund_etf_scale_sse,SH,589780,科200FG,60215000.0,份,,,akshare:20260824
2026-08-24,akshare_fund_etf_scale_sse,SH,589800,科创综合,1143988200.0,份,,,akshare:20260824
2026-08-24,akshare_fund_etf_scale_sse,SH,589820,科200F,129720200.0,份,,,akshare:20260824
2026-08-24,akshare_fund_etf_scale_sse,SH,589850,科创东财,763057000.0,份,,,akshare:20260824
2026-08-24,akshare_fund_etf_scale_sse,SH,589860,天弘科综,178224000.0,份,,,akshare:20260824
2026-08-24,akshare_fund_etf_scale_sse,SH,589880,科创综,459996000.0,份,,,akshare:20260824
2026-08-24,akshare_fund_etf_scale_sse,SH,589890,景顺科综,84987000.0,份,,,akshare:20260824
2026-08-24,akshare_fund_etf_scale_sse,SH,589900,博时科综,183908200.0,份,,,akshare:20260824
2026-08-24,akshare_fund_etf_scale_sse,SH,589950,科100FG,339873000.0,份,,,akshare:20260824
2026-08-24,akshare_fund_etf_scale_sse,SH,589960,科创新源,172316000.0,份,,,akshare:20260824
2026-08-24,akshare_fund_etf_scale_sse,SH,589980,科基100,129122000.0,份,,,akshare:20260824
2026-08-24,akshare_fund_etf_scale_sse,SH,589990,科创板综,106090000.0,份,,,akshare:20260824
2026-08-25,akshare_fund_etf_scale_sse,SH,510010,治理ETF,130524400.0,份,,,akshare:20260825
2026-08-25,akshare_fund_etf_scale_sse,SH,510020,超大ETF,35848000.0,份,,,akshare:20260825
2026-08-25,akshare_fund_etf_scale_sse,SH,510030,价值ETF,148229800.0,份,,,akshare:20260825
2026-08-25,akshare_fund_etf_scale_sse,SH,510040,上证180E,28480000.0,份,,,akshare:20260825
2026-08-25,akshare_fund_etf_scale_sse,SH,510050,50ETF,7633566800.000001,份,,,akshare:20260825
2026-08-25,akshare_fund_etf_scale_sse,SH,510060,央企ETF,35959200.0,份,,,akshare:20260825
2026-08-25,akshare_fund_etf_scale_sse,SH,510090,ESG建信,24081100.0,份,,,akshare:20260825
2026-08-25,akshare_fund_etf_scale_sse,SH,510100,SZ50ETF,979706799.9999999,份,,,akshare:20260825
2026-08-25,akshare_fund_etf_scale_sse,SH,510130,中盘ETF,31485100.000000004,份,,,akshare:20260825
2026-08-25,akshare_fund_etf_scale_sse,SH,510140,上证指,80230500.0,份,,,akshare:20260825
2026-08-25,akshare_fund_etf_scale_sse,SH,510150,消费ETF,2903178600.0,份,,,akshare:20260825
2026-08-25,akshare_fund_etf_scale_sse,SH,510160,产业升级,192057400.00000003,份,,,akshare:20260825
2026-08-25,akshare_fund_etf_scale_sse,SH,510170,商品ETF,338914800.00000006,份,,,akshare:20260825
2026-08-25,akshare_fund_etf_scale_sse,SH,510180,180ETF,4420057700.0,份,,,akshare:20260825
2026-08-25,akshare_fund_etf_scale_sse,SH,510190,上证50基,23650800.0,份,,,akshare:20260825
2026-08-25,akshare_fund_etf_scale_sse,SH,510200,上证券商,154385500.0,份,,,akshare:20260825
2026-08-25,akshare_fund_etf_scale_sse,SH,510210,综指ETF,16088192600.0,份,,,akshare:20260825
2026-08-25,akshare_fund_etf_scale_sse,SH,510230,金融ETF,613808000.0,份,,,akshare:20260825
2026-08-25,akshare_fund_etf_scale_sse,SH,510270,国企ETF,16832100.0,份,,,akshare:20260825
2026-08-25,akshare_fund_etf_scale_sse,SH,510290,380ETF,56448900.0,份,,,akshare:20260825
2026-08-25,akshare_fund_etf_scale_sse,SH,510300,300ETF,24052987700.0,份,,,akshare:20260825
2026-08-25,akshare_fund_etf_scale_sse,SH,510310,HS300ETF,11563844000.0,份,,,akshare:20260825
2026-08-25,akshare_fund_etf_scale_sse,SH,510320,300中金,631068500.0,份,,,akshare:20260825
2026-08-25,akshare_fund_etf_scale_sse,SH,510330,华夏300,8437749800.0,份,,,akshare:20260825
2026-08-25,akshare_fund_etf_scale_sse,SH,510350,工银300,676014700.0,份,,,akshare:20260825
2026-08-25,akshare_fund_etf_scale_sse,SH,510360,广发300,1790381200.0,份,,,akshare:20260825
2026-08-25,akshare_fund_etf_scale_sse,SH,510370,兴业300,87258100.0,份,,,akshare:20260825
2026-08-25,akshare_fund_etf_scale_sse,SH,510380,国寿300,1464802400.0,份,,,akshare:20260825
2026-08-25,akshare_fund_etf_scale_sse,SH,510390,平安300,135650000.0,份,,,akshare:20260825
2026-08-25,akshare_fund_etf_scale_sse,SH,510410,资源ETF,432258399.99999994,份,,,akshare:20260825
2026-08-25,akshare_fund_etf_scale_sse,SH,510500,500ETF,5176168600.0,份,,,akshare:20260825
2026-08-25,akshare_fund_etf_scale_sse,SH,510510,广发500,851038300.0,份,,,akshare:20260825
2026-08-25,akshare_fund_etf_scale_sse,SH,510530,工银500,46979399.99999999,份,,,akshare:20260825
2026-08-25,akshare_fund_etf_scale_sse,SH,510550,方正500,23743300.0,份,,,akshare:20260825
2026-08-25,akshare_fund_etf_scale_sse,SH,510560,国寿500,52318700.0,份,,,akshare:20260825
2026-08-25,akshare_fund_etf_scale_sse,SH,510570,兴业500,33060600.0,份,,,akshare:20260825
2026-08-25,akshare_fund_etf_scale_sse,SH,510580,ZZ500ETF,1136568300.0,份,,,akshare:20260825
2026-08-25,akshare_fund_etf_scale_sse,SH,510590,平安500,116386100.0,份,,,akshare:20260825
2026-08-25,akshare_fund_etf_scale_sse,SH,510600,沪50ETF,13615100.0,份,,,akshare:20260825
2026-08-25,akshare_fund_etf_scale_sse,SH,510630,消费30,551361500.0,份,,,akshare:20260825
2026-08-25,akshare_fund_etf_scale_sse,SH,510650,金融行业,11952500.0,份,,,akshare:20260825
2026-08-25,akshare_fund_etf_scale_sse,SH,510660,医药行业,52379700.0,份,,,akshare:20260825
2026-08-25,akshare_fund_etf_scale_sse,SH,510670,180指,177993000.0,份,,,akshare:20260825
2026-08-25,akshare_fund_etf_scale_sse,SH,510680,万家50,19624700.0,份,,,akshare:20260825
2026-08-25,akshare_fund_etf_scale_sse,SH,510710,上50ETF,103718900.0,份,,,akshare:20260825
2026-08-25,akshare_fund_etf_scale_sse,SH,510720,红利国泰,1676766000.0,份,,,akshare:20260825
2026-08-25,akshare_fund_etf_scale_sse,SH,510760,上证ETF,3395503700.0,份,,,akshare:20260825
2026-08-25,akshare_fund_etf_scale_sse,SH,510770,G60创新,21610700.0,份,,,akshare:20260825
2026-08-25,akshare_fund_etf_scale_sse,SH,510800,上证50,174576000.0,份,,,akshare:20260825
2026-08-25,akshare_fund_etf_scale_sse,SH,510810,上海国企,5962793700.0,份,,,akshare:20260825
2026-08-25,akshare_fund_etf_scale_sse,SH,510850,工银上50,46698900.0,份,,,akshare:20260825
2026-08-25,akshare_fund_etf_scale_sse,SH,510880,红利ETF,5875175699.999999,份,,,akshare:20260825
2026-08-25,akshare_fund_etf_scale_sse,SH,510900,恒生中国,3238021900.0,份,,,akshare:20260825
2026-08-25,akshare_fund_etf_scale_sse,SH,510910,上证指CS,174796000.0,份,,,akshare:20260825
2026-08-25,akshare_fund_etf_scale_sse,SH,510950,上证广发,116320800.0,份,,,akshare:20260825
2026-08-25,akshare_fund_etf_scale_sse,SH,510980,上证综合,773798000.0,份,,,akshare:20260825
2026-08-25,akshare_fund_etf_scale_sse,SH,510990,ESG180,38948600.0,份,,,akshare:20260825
2026-08-25,akshare_fund_etf_scale_sse,SH,511010,国债ETF,45916300.0,份,,,akshare:20260825
2026-08-25,akshare_fund_etf_scale_sse,SH,511020,活跃国债,37937500.0,份,,,akshare:20260825
2026-08-25,akshare_fund_etf_scale_sse,SH,511030,公司债,402420700.0,份,,,akshare:20260825
2026-08-25,akshare_fund_etf_scale_sse,SH,511060,5年地债,21336300.0,份,,,akshare:20260825
2026-08-25,akshare_fund_etf_scale_sse,SH,511070,沪公司债,287941000.0,份,,,akshare:20260825
2026-08-25,akshare_fund_etf_scale_sse,SH,511090,30年国债,279518100.0,份,,,akshare:20260825
2026-08-25,akshare_fund_etf_scale_sse,SH,511100,基准国债,110380500.0,份,,,akshare:20260825
2026-08-25,akshare_fund_etf_scale_sse,SH,511110,公司债易,316699600.0,份,,,akshare:20260825
2026-08-25,akshare_fund_etf_scale_sse,SH,511120,科创债基,117710600.0,份,,,akshare:20260825
2026-08-25,akshare_fund_etf_scale_sse,SH,511130,国债30年,195189700.0,份,,,akshare:20260825
2026-08-25,akshare_fund_etf_scale_sse,SH,511150,科债永赢,114030900.0,份,,,akshare:20260825
2026-08-25,akshare_fund_etf_scale_sse,SH,511160,国债东财,21970900.0,份,,,akshare:20260825
2026-08-25,akshare_fund_etf_scale_sse,SH,511180,上证转债,1009359700.0,份,,,akshare:20260825
2026-08-25,akshare_fund_etf_scale_sse,SH,511190,信用债,144354300.0,份,,,akshare:20260825
2026-08-25,akshare_fund_etf_scale_sse,SH,511200,信用债基,235677500.0,份,,,akshare:20260825
2026-08-25,akshare_fund_etf_scale_sse,SH,511220,城投ETF,5311881400.0,份,,,akshare:20260825
2026-08-25,akshare_fund_etf_scale_sse,SH,511260,十年国债,167346500.0,份,,,akshare:20260825
2026-08-25,akshare_fund_etf_scale_sse,SH,511270,10年地债,89667500.0,份,,,akshare:20260825
2026-08-25,akshare_fund_etf_scale_sse,SH,511360,短融ETF,735716600.0,份,,,akshare:20260825
2026-08-25,akshare_fund_etf_scale_sse,SH,511380,转债ETF,4576486700.0,份,,,akshare:20260825
2026-08-25,akshare_fund_etf_scale_sse,SH,511520,政金债,379086500.0,份,,,akshare:20260825
2026-08-25,akshare_fund_etf_scale_sse,SH,511580,国债政金,68890800.0,份,,,akshare:20260825
2026-08-25,akshare_fund_etf_scale_sse,SH,512000,券商ETF,74587835400.0,份,,,akshare:20260825
2026-08-25,akshare_fund_etf_scale_sse,SH,512010,医药ETF,40443694900.0,份,,,akshare:20260825
2026-08-25,akshare_fund_etf_scale_sse,SH,512020,A500,1127012700.0,份,,,akshare:20260825
2026-08-25,akshare_fund_etf_scale_sse,SH,512030,A50增,44240000.0,份,,,akshare:20260825
2026-08-25,akshare_fund_etf_scale_sse,SH,512040,国信价值,4482715900.0,份,,,akshare:20260825
2026-08-25,akshare_fund_etf_scale_sse,SH,512050,A500E,16402992200.0,份,,,akshare:20260825
2026-08-25,akshare_fund_etf_scale_sse,SH,512060,A100指基,10928000.0,份,,,akshare:20260825
2026-08-25,akshare_fund_etf_scale_sse,SH,512070,证券保险,16859479700.0,份,,,akshare:20260825
2026-08-25,akshare_fund_etf_scale_sse,SH,512080,A500中金,788186100.0,份,,,akshare:20260825
2026-08-25,akshare_fund_etf_scale_sse,SH,512090,MSCI易基,339592300.00000006,份,,,akshare:20260825
2026-08-25,akshare_fund_etf_scale_sse,SH,512100,1000ETF,6881217600.0,份,,,akshare:20260825
2026-08-25,akshare_fund_etf_scale_sse,SH,512120,医药50,775241900.0,份,,,akshare:20260825
2026-08-25,akshare_fund_etf_scale_sse,SH,512130,现金全指,13895000.0,份,,,akshare:20260825
2026-08-25,akshare_fund_etf_scale_sse,SH,512140,电力事业,144049000.0,份,,,akshare:20260825
2026-08-25,akshare_fund_etf_scale_sse,SH,512150,A50ETF,18073400.0,份,,,akshare:20260825
2026-08-25,akshare_fund_etf_scale_sse,SH,512160,MSCI基金,121777800.0,份,,,akshare:20260825
2026-08-25,akshare_fund_etf_scale_sse,SH,512170,医疗ETF,71524820500.0,份,,,akshare:20260825
2026-08-25,akshare_fund_etf_scale_sse,SH,512180,建信MSCI,48048000.0,份,,,akshare:20260825
2026-08-25,akshare_fund_etf_scale_sse,SH,512190,之江凤凰,200118400.0,份,,,akshare:20260825
2026-08-25,akshare_fund_etf_scale_sse,SH,512200,地产ETF,2800847900.0,份,,,akshare:20260825
2026-08-25,akshare_fund_etf_scale_sse,SH,512220,TMTETF,209967599.99999997,份,,,akshare:20260825
2026-08-25,akshare_fund_etf_scale_sse,SH,512240,A50龙头,21686000.0,份,,,akshare:20260825
2026-08-25,akshare_fund_etf_scale_sse,SH,512250,A50指数E,119600100.0,份,,,akshare:20260825
2026-08-25,akshare_fund_etf_scale_sse,SH,512260,500低波,20497700.0,份,,,akshare:20260825
2026-08-25,akshare_fund_etf_scale_sse,SH,512290,生物医药,3162820700.0,份,,,akshare:20260825
2026-08-25,akshare_fund_etf_scale_sse,SH,512330,信息ETF,356688000.0,份,,,akshare:20260825
2026-08-25,akshare_fund_etf_scale_sse,SH,512360,MSCI国际,27337700.0,份,,,akshare:20260825
2026-08-25,akshare_fund_etf_scale_sse,SH,512370,A500增指,302313000.0,份,,,akshare:20260825
2026-08-25,akshare_fund_etf_scale_sse,SH,512380,MSCI中国,75805600.0,份,,,akshare:20260825
2026-08-25,akshare_fund_etf_scale_sse,SH,512390,MSCI低波,15682000.0,份,,,akshare:20260825
2026-08-25,akshare_fund_etf_scale_sse,SH,512400,有色ETF,13299539000.0,份,,,akshare:20260825
2026-08-25,akshare_fund_etf_scale_sse,SH,512410,银行广发,49471700.0,份,,,akshare:20260825
2026-08-25,akshare_fund_etf_scale_sse,SH,512420,机械华安,75238900.0,份,,,akshare:20260825
2026-08-25,akshare_fund_etf_scale_sse,SH,512430,家电家居,28720000.0,份,,,akshare:20260825
2026-08-25,akshare_fund_etf_scale_sse,SH,512450,广发养殖,109867000.0,份,,,akshare:20260825
2026-08-25,akshare_fund_etf_scale_sse,SH,512460,电池主题,291823000.0,份,,,akshare:20260825
2026-08-25,akshare_fund_etf_scale_sse,SH,512480,半导体,19566007200.0,份,,,akshare:20260825
2026-08-25,akshare_fund_etf_scale_sse,SH,512500,中证500,1837608800.0,份,,,akshare:20260825
2026-08-25,akshare_fund_etf_scale_sse,SH,512510,ETF500,433429800.00000006,份,,,akshare:20260825
2026-08-25,akshare_fund_etf_scale_sse,SH,512520,MSCIETF,45056400.0,份,,,akshare:20260825
2026-08-25,akshare_fund_etf_scale_sse,SH,512530,300红利,96502000.0,份,,,akshare:20260825
2026-08-25,akshare_fund_etf_scale_sse,SH,512550,A50基金,109906000.0,份,,,akshare:20260825
2026-08-25,akshare_fund_etf_scale_sse,SH,512560,中证军工,960127000.0,份,,,akshare:20260825
2026-08-25,akshare_fund_etf_scale_sse,SH,512570,中证证券,4182806100.0,份,,,akshare:20260825
2026-08-25,akshare_fund_etf_scale_sse,SH,512580,环保ETF,564871700.0,份,,,akshare:20260825
2026-08-25,akshare_fund_etf_scale_sse,SH,512600,必选消费,1702556099.9999998,份,,,akshare:20260825
2026-08-25,akshare_fund_etf_scale_sse,SH,512620,农业TH,1429666000.0,份,,,akshare:20260825
2026-08-25,akshare_fund_etf_scale_sse,SH,512630,卫星基金,1723426000.0,份,,,akshare:20260825
2026-08-25,akshare_fund_etf_scale_sse,SH,512640,金融地产,20240900.0,份,,,akshare:20260825
2026-08-25,akshare_fund_etf_scale_sse,SH,512650,长三角,32941600.0,份,,,akshare:20260825
2026-08-25,akshare_fund_etf_scale_sse,SH,512660,军工ETF,5867080000.0,份,,,akshare:20260825
2026-08-25,akshare_fund_etf_scale_sse,SH,512670,国防ETF,2176652600.0,份,,,akshare:20260825
2026-08-25,akshare_fund_etf_scale_sse,SH,512680,军工基金,3117730100.0,份,,,akshare:20260825
2026-08-25,akshare_fund_etf_scale_sse,SH,512690,酒ETF,32077150200.0,份,,,akshare:20260825
2026-08-25,akshare_fund_etf_scale_sse,SH,512700,银行基金,673081000.0,份,,,akshare:20260825
2026-08-25,akshare_fund_etf_scale_sse,SH,512710,军工龙头,11771658400.0,份,,,akshare:20260825
2026-08-25,akshare_fund_etf_scale_sse,SH,512720,计算机,365453399.99999994,份,,,akshare:20260825
2026-08-25,akshare_fund_etf_scale_sse,SH,512730,银行FUND,53583900.0,份,,,akshare:20260825
2026-08-25,akshare_fund_etf_scale_sse,SH,512750,基本面50,46554900.0,份,,,akshare:20260825
2026-08-25,akshare_fund_etf_scale_sse,SH,512760,芯片ETF,9621445500.0,份,,,akshare:20260825
2026-08-25,akshare_fund_etf_scale_sse,SH,512770,战略新兴,98267800.0,份,,,akshare:20260825
2026-08-25,akshare_fund_etf_scale_sse,SH,512800,银行ETF,12495279900.0,份,,,akshare:20260825
2026-08-25,akshare_fund_etf_scale_sse,SH,512810,国防军工,1007583500.0,份,,,akshare:20260825
2026-08-25,akshare_fund_etf_scale_sse,SH,512820,银行股基,398201900.0,份,,,akshare:20260825
2026-08-25,akshare_fund_etf_scale_sse,SH,512870,杭州湾区,22410600.0,份,,,akshare:20260825
2026-08-25,akshare_fund_etf_scale_sse,SH,512880,证券ETF,58639291500.0,份,,,akshare:20260825
2026-08-25,akshare_fund_etf_scale_sse,SH,512890,红利低波,28087110800.0,份,,,akshare:20260825
2026-08-25,akshare_fund_etf_scale_sse,SH,512900,证券基金,7493906000.0,份,,,akshare:20260825
2026-08-25,akshare_fund_etf_scale_sse,SH,512910,100ETF,131128799.99999999,份,,,akshare:20260825
2026-08-25,akshare_fund_etf_scale_sse,SH,512930,AIETF,5012521300.0,份,,,akshare:20260825
2026-08-25,akshare_fund_etf_scale_sse,SH,512940,有色矿业,2153705000.0,份,,,akshare:20260825
2026-08-25,akshare_fund_etf_scale_sse,SH,512950,央企改革,4042551000.0,份,,,akshare:20260825
2026-08-25,akshare_fund_etf_scale_sse,SH,512960,央调ETF,3856057300.0,份,,,akshare:20260825
2026-08-25,akshare_fund_etf_scale_sse,SH,512970,湾区ETF,5987600.0,份,,,akshare:20260825
2026-08-25,akshare_fund_etf_scale_sse,SH,512980,传媒ETF,4714424400.0,份,,,akshare:20260825
2026-08-25,akshare_fund_etf_scale_sse,SH,512990,MSCIA股,99015400.00000001,份,,,akshare:20260825
2026-08-25,akshare_fund_etf_scale_sse,SH,513000,225ETF,1000411400.0,份,,,akshare:20260825
2026-08-25,akshare_fund_etf_scale_sse,SH,513010,港股科技,44430307000.0,份,,,akshare:20260825
2026-08-25,akshare_fund_etf_scale_sse,SH,513020,科技HK,2264145400.0,份,,,akshare:20260825
2026-08-25,akshare_fund_etf_scale_sse,SH,513030,德国ETF,1012779000.0,份,,,akshare:20260825
2026-08-25,akshare_fund_etf_scale_sse,SH,513040,HK互联网,6789341300.0,份,,,akshare:20260825
2026-08-25,akshare_fund_etf_scale_sse,SH,513050,中概互联,34344432700.0,份,,,akshare:20260825
2026-08-25,akshare_fund_etf_scale_sse,SH,513060,恒生医疗,8627893300.0,份,,,akshare:20260825
2026-08-25,akshare_fund_etf_scale_sse,SH,513070,HK消费50,1336760799.9999998,份,,,akshare:20260825
2026-08-25,akshare_fund_etf_scale_sse,SH,513080,法国ETF,655916000.0,份,,,akshare:20260825
2026-08-25,akshare_fund_etf_scale_sse,SH,513090,香港证券,10204988000.0,份,,,akshare:20260825
2026-08-25,akshare_fund_etf_scale_sse,SH,513100,纳指ETF,9465110600.0,份,,,akshare:20260825
2026-08-25,akshare_fund_etf_scale_sse,SH,513110,纳指100,2197435000.0,份,,,akshare:20260825
2026-08-25,akshare_fund_etf_scale_sse,SH,513120,HK创新药,19474635400.0,份,,,akshare:20260825
2026-08-25,akshare_fund_etf_scale_sse,SH,513130,恒生科技,56517347000.0,份,,,akshare:20260825
2026-08-25,akshare_fund_etf_scale_sse,SH,513140,港股金融,78868000.0,份,,,akshare:20260825
2026-08-25,akshare_fund_etf_scale_sse,SH,513150,港科技50,100559800.0,份,,,akshare:20260825
2026-08-25,akshare_fund_etf_scale_sse,SH,513160,科技30,3194189300.0,份,,,akshare:20260825
2026-08-25,akshare_fund_etf_scale_sse,SH,513170,恒生央企,189573000.0,份,,,akshare:20260825
2026-08-25,akshare_fund_etf_scale_sse,SH,513180,恒指科技,69552759500.0,份,,,akshare:20260825
2026-08-25,akshare_fund_etf_scale_sse,SH,513190,H股金融,996936000.0,份,,,akshare:20260825
2026-08-25,akshare_fund_etf_scale_sse,SH,513200,港股医药,895282100.0000001,份,,,akshare:20260825
2026-08-25,akshare_fund_etf_scale_sse,SH,513210,恒生E,42942000.0,份,,,akshare:20260825
2026-08-25,akshare_fund_etf_scale_sse,SH,513220,互联网30,521109400.0,份,,,akshare:20260825
2026-08-25,akshare_fund_etf_scale_sse,SH,513230,H股消费,328422699.99999994,份,,,akshare:20260825
2026-08-25,akshare_fund_etf_scale_sse,SH,513240,港信息,109496000.0,份,,,akshare:20260825
2026-08-25,akshare_fund_etf_scale_sse,SH,513260,恒科技,4728243000.0,份,,,akshare:20260825
2026-08-25,akshare_fund_etf_scale_sse,SH,513280,恒生生物,370114500.0,份,,,akshare:20260825
2026-08-25,akshare_fund_etf_scale_sse,SH,513290,纳指生物,1036072100.0000001,份,,,akshare:20260825
2026-08-25,akshare_fund_etf_scale_sse,SH,513300,纳斯达克,5318171000.0,份,,,akshare:20260825
2026-08-25,akshare_fund_etf_scale_sse,SH,513310,中韩芯片,2412427000.0,份,,,akshare:20260825
2026-08-25,akshare_fund_etf_scale_sse,SH,513320,HK新经济,91010600.0,份,,,akshare:20260825
2026-08-25,akshare_fund_etf_scale_sse,SH,513330,恒生互联,69471480000.0,份,,,akshare:20260825
2026-08-25,akshare_fund_etf_scale_sse,SH,513350,油气ETF,839746000.0,份,,,akshare:20260825
2026-08-25,akshare_fund_etf_scale_sse,SH,513360,教育ETF,616213900.0,份,,,akshare:20260825
2026-08-25,akshare_fund_etf_scale_sse,SH,513380,科技恒生,17844784900.0,份,,,akshare:20260825
2026-08-25,akshare_fund_etf_scale_sse,SH,513390,纳指基金,2140379100.0,份,,,akshare:20260825
2026-08-25,akshare_fund_etf_scale_sse,SH,513400,道琼斯,2672062000.0,份,,,akshare:20260825
2026-08-25,akshare_fund_etf_scale_sse,SH,513500,标普500,10209638600.0,份,,,akshare:20260825
2026-08-25,akshare_fund_etf_scale_sse,SH,513520,日经ETF,1074887200.0,份,,,akshare:20260825
2026-08-25,akshare_fund_etf_scale_sse,SH,513530,港股红利,2812438700.0,份,,,akshare:20260825
2026-08-25,akshare_fund_etf_scale_sse,SH,513550,港股通50,1686992000.0,份,,,akshare:20260825
2026-08-25,akshare_fund_etf_scale_sse,SH,513560,香港科技,531386000.0,份,,,akshare:20260825
2026-08-25,akshare_fund_etf_scale_sse,SH,513580,HS科技,6064118000.0,份,,,akshare:20260825
2026-08-25,akshare_fund_etf_scale_sse,SH,513590,香港消费,139518900.0,份,,,akshare:20260825
2026-08-25,akshare_fund_etf_scale_sse,SH,513600,恒指ETF,609829500.0,份,,,akshare:20260825
2026-08-25,akshare_fund_etf_scale_sse,SH,513620,港医疗指,59216000.0,份,,,akshare:20260825
2026-08-25,akshare_fund_etf_scale_sse,SH,513630,香港红利,7509359000.0,份,,,akshare:20260825
2026-08-25,akshare_fund_etf_scale_sse,SH,513650,标普ETF,4355734000.0,份,,,akshare:20260825
2026-08-25,akshare_fund_etf_scale_sse,SH,513660,恒生通,1814000200.0,份,,,akshare:20260825
2026-08-25,akshare_fund_etf_scale_sse,SH,513690,恒生股息,3148479900.0,份,,,akshare:20260825
2026-08-25,akshare_fund_etf_scale_sse,SH,513700,香港医药,798846000.0,份,,,akshare:20260825
2026-08-25,akshare_fund_etf_scale_sse,SH,513720,香港互联,250859000.0,份,,,akshare:20260825
2026-08-25,akshare_fund_etf_scale_sse,SH,513730,东南亚,800355000.0,份,,,akshare:20260825
2026-08-25,akshare_fund_etf_scale_sse,SH,513750,港股非银,8104838000.0,份,,,akshare:20260825
2026-08-25,akshare_fund_etf_scale_sse,SH,513770,港股互联,14714137900.0,份,,,akshare:20260825
2026-08-25,akshare_fund_etf_scale_sse,SH,513780,港股新药,1809157000.0,份,,,akshare:20260825
2026-08-25,akshare_fund_etf_scale_sse,SH,513800,东证ETF,1037044400.0,份,,,akshare:20260825
2026-08-25,akshare_fund_etf_scale_sse,SH,513810,港股国企,41992000.0,份,,,akshare:20260825
2026-08-25,akshare_fund_etf_scale_sse,SH,513820,港股分红,1705669000.0,份,,,akshare:20260825
2026-08-25,akshare_fund_etf_scale_sse,SH,513830,红利港股,55311000.0,份,,,akshare:20260825
2026-08-25,akshare_fund_etf_scale_sse,SH,513850,美国50,1239892600.0,份,,,akshare:20260825
2026-08-25,akshare_fund_etf_scale_sse,SH,513860,HKC科技,2884470600.0,份,,,akshare:20260825
2026-08-25,akshare_fund_etf_scale_sse,SH,513870,纳指指数,1372671000.0,份,,,akshare:20260825
2026-08-25,akshare_fund_etf_scale_sse,SH,513880,日经225,1308970000.0,份,,,akshare:20260825
2026-08-25,akshare_fund_etf_scale_sse,SH,513890,HK科技,898128000.0,份,,,akshare:20260825
2026-08-25,akshare_fund_etf_scale_sse,SH,513900,港股100,91978000.0,份,,,akshare:20260825
2026-08-25,akshare_fund_etf_scale_sse,SH,513910,红利央企,1985276000.0,份,,,akshare:20260825
2026-08-25,akshare_fund_etf_scale_sse,SH,513920,央企40,2586231000.0,份,,,akshare:20260825
2026-08-25,akshare_fund_etf_scale_sse,SH,513930,香港生科,104908000.0,份,,,akshare:20260825
2026-08-25,akshare_fund_etf_scale_sse,SH,513950,恒生红利,2454119000.0,份,,,akshare:20260825
2026-08-25,akshare_fund_etf_scale_sse,SH,513970,恒生消费,1434041000.0,份,,,akshare:20260825
2026-08-25,akshare_fund_etf_scale_sse,SH,513980,科技港股,16899204000.0,份,,,akshare:20260825
2026-08-25,akshare_fund_etf_scale_sse,SH,513990,港股通综,44000000.0,份,,,akshare:20260825
2026-08-25,akshare_fund_etf_scale_sse,SH,515000,科技ETF,3128579300.0,份,,,akshare:20260825
2026-08-25,akshare_fund_etf_scale_sse,SH,515010,华夏证券,2046771600.0,份,,,akshare:20260825
2026-08-25,akshare_fund_etf_scale_sse,SH,515020,银行指数,412845300.0,份,,,akshare:20260825
2026-08-25,akshare_fund_etf_scale_sse,SH,515030,新汽车,1495384000.0,份,,,akshare:20260825
2026-08-25,akshare_fund_etf_scale_sse,SH,515040,工业金属,57319600.0,份,,,akshare:20260825
2026-08-25,akshare_fund_etf_scale_sse,SH,515050,5GETF,17459205400.0,份,,,akshare:20260825
2026-08-25,akshare_fund_etf_scale_sse,SH,515060,华夏地产,942478100.0,份,,,akshare:20260825
2026-08-25,akshare_fund_etf_scale_sse,SH,515070,AI智能,7582940400.0,份,,,akshare:20260825
2026-08-25,akshare_fund_etf_scale_sse,SH,515080,中证红利,7110148900.0,份,,,akshare:20260825
2026-08-25,akshare_fund_etf_scale_sse,SH,515090,可持续,10801700.0,份,,,akshare:20260825
2026-08-25,akshare_fund_etf_scale_sse,SH,515100,红利100,3712691500.0,份,,,akshare:20260825
2026-08-25,akshare_fund_etf_scale_sse,SH,515110,国企方达,214295000.0,份,,,akshare:20260825
2026-08-25,akshare_fund_etf_scale_sse,SH,515120,创新药,17332993600.0,份,,,akshare:20260825
2026-08-25,akshare_fund_etf_scale_sse,SH,515130,HS300E,97463200.0,份,,,akshare:20260825
2026-08-25,akshare_fund_etf_scale_sse,SH,515150,国企富国,398703200.0,份,,,akshare:20260825
2026-08-25,akshare_fund_etf_scale_sse,SH,515160,MSCI招商,243955099.99999997,份,,,akshare:20260825
2026-08-25,akshare_fund_etf_scale_sse,SH,515170,食品饮料,8598257900.0,份,,,akshare:20260825
2026-08-25,akshare_fund_etf_scale_sse,SH,515180,100红利,12753637000.0,份,,,akshare:20260825
2026-08-25,akshare_fund_etf_scale_sse,SH,515190,BOCI500,293466100.0,份,,,akshare:20260825
2026-08-25,akshare_fund_etf_scale_sse,SH,515200,创新100,38943200.0,份,,,akshare:20260825
2026-08-25,akshare_fund_etf_scale_sse,SH,515210,钢铁ETF,966226100.0,份,,,akshare:20260825
2026-08-25,akshare_fund_etf_scale_sse,SH,515220,煤炭ETF,10777176900.0,份,,,akshare:20260825
2026-08-25,akshare_fund_etf_scale_sse,SH,515230,软件ETF,7965690900.0,份,,,akshare:20260825
2026-08-25,akshare_fund_etf_scale_sse,SH,515250,智能汽车,340944500.0,份,,,akshare:20260825
2026-08-25,akshare_fund_etf_scale_sse,SH,515260,电子ETF,922568400.0,份,,,akshare:20260825
2026-08-25,akshare_fund_etf_scale_sse,SH,515290,银行,2668372900.0,份,,,akshare:20260825
2026-08-25,akshare_fund_etf_scale_sse,SH,515300,红利300,3420675200.0,份,,,akshare:20260825
2026-08-25,akshare_fund_etf_scale_sse,SH,515310,添富300,328611200.0,份,,,akshare:20260825
2026-08-25,akshare_fund_etf_scale_sse,SH,515320,电子50,89309000.0,份,,,akshare:20260825
2026-08-25,akshare_fund_etf_scale_sse,SH,515330,天弘300,6182709500.0,份,,,akshare:20260825
2026-08-25,akshare_fund_etf_scale_sse,SH,515350,民生300,11699200.0,份,,,akshare:20260825
2026-08-25,akshare_fund_etf_scale_sse,SH,515360,方正300,37779300.0,份,,,akshare:20260825
2026-08-25,akshare_fund_etf_scale_sse,SH,515370,中证光伏,959713000.0,份,,,akshare:20260825
2026-08-25,akshare_fund_etf_scale_sse,SH,515380,泰康300,663399800.0,份,,,akshare:20260825
2026-08-25,akshare_fund_etf_scale_sse,SH,515390,HS300,1810683000.0,份,,,akshare:20260825
2026-08-25,akshare_fund_etf_scale_sse,SH,515400,大数据,1633631400.0000002,份,,,akshare:20260825
2026-08-25,akshare_fund_etf_scale_sse,SH,515450,红利50,14108335000.0,份,,,akshare:20260825
2026-08-25,akshare_fund_etf_scale_sse,SH,515460,质量红利,278091000.0,份,,,akshare:20260825
2026-08-25,akshare_fund_etf_scale_sse,SH,515480,红利一百,24340700.0,份,,,akshare:20260825
2026-08-25,akshare_fund_etf_scale_sse,SH,515530,泰康500,11442700.0,份,,,akshare:20260825
2026-08-25,akshare_fund_etf_scale_sse,SH,515550,国联500,20345700.0,份,,,akshare:20260825
2026-08-25,akshare_fund_etf_scale_sse,SH,515560,证券E,197883300.00000003,份,,,akshare:20260825
2026-08-25,akshare_fund_etf_scale_sse,SH,515580,中证科技,306031400.0,份,,,akshare:20260825
2026-08-25,akshare_fund_etf_scale_sse,SH,515590,500ETFEW,36113700.0,份,,,akshare:20260825
2026-08-25,akshare_fund_etf_scale_sse,SH,515600,央企创新,1037797400.0,份,,,akshare:20260825
2026-08-25,akshare_fund_etf_scale_sse,SH,515630,保险证券,973217700.0,份,,,akshare:20260825
2026-08-25,akshare_fund_etf_scale_sse,SH,515640,家电指数,17050000.0,份,,,akshare:20260825
2026-08-25,akshare_fund_etf_scale_sse,SH,515650,消费50,3089184000.0,份,,,akshare:20260825
2026-08-25,akshare_fund_etf_scale_sse,SH,515660,沪深300E,432694200.0,份,,,akshare:20260825
2026-08-25,akshare_fund_etf_scale_sse,SH,515680,创新央企,1099264700.0,份,,,akshare:20260825
2026-08-25,akshare_fund_etf_scale_sse,SH,515700,新能车,680510200.0,份,,,akshare:20260825
2026-08-25,akshare_fund_etf_scale_sse,SH,515710,食品ETF,2318599800.0,份,,,akshare:20260825
2026-08-25,akshare_fund_etf_scale_sse,SH,515720,金科富国,450611000.0,份,,,akshare:20260825
2026-08-25,akshare_fund_etf_scale_sse,SH,515730,家居家电,39892000.0,份,,,akshare:20260825
2026-08-25,akshare_fund_etf_scale_sse,SH,515750,科技50,264140500.0,份,,,akshare:20260825
2026-08-25,akshare_fund_etf_scale_sse,SH,515760,浙江国资,95888100.0,份,,,akshare:20260825
2026-08-25,akshare_fund_etf_scale_sse,SH,515770,MSCIAETF,39727300.0,份,,,akshare:20260825
2026-08-25,akshare_fund_etf_scale_sse,SH,515790,光伏ETF,6009494000.0,份,,,akshare:20260825
2026-08-25,akshare_fund_etf_scale_sse,SH,515800,800ETF,3993437199.9999995,份,,,akshare:20260825
2026-08-25,akshare_fund_etf_scale_sse,SH,515810,ZZ800ETF,266908800.0,份,,,akshare:20260825
2026-08-25,akshare_fund_etf_scale_sse,SH,515840,食品南方,35426400.0,份,,,akshare:20260825
2026-08-25,akshare_fund_etf_scale_sse,SH,515850,证券龙头,484791000.0,份,,,akshare:20260825
2026-08-25,akshare_fund_etf_scale_sse,SH,515860,科技100,101878900.0,份,,,akshare:20260825
2026-08-25,akshare_fund_etf_scale_sse,SH,515880,通信ETF,63183774000.0,份,,,akshare:20260825
2026-08-25,akshare_fund_etf_scale_sse,SH,515890,红利博时,365443900.0,份,,,akshare:20260825
2026-08-25,akshare_fund_etf_scale_sse,SH,515900,央创ETF,2228446500.0,份,,,akshare:20260825
2026-08-25,akshare_fund_etf_scale_sse,SH,515910,质量ETF,227507000.0,份,,,akshare:20260825
2026-08-25,akshare_fund_etf_scale_sse,SH,515920,智能消费,65905700.0,份,,,akshare:20260825
2026-08-25,akshare_fund_etf_scale_sse,SH,515950,医药龙头,532200600.0,份,,,akshare:20260825
2026-08-25,akshare_fund_etf_scale_sse,SH,515960,医药100,239991900.0,份,,,akshare:20260825
2026-08-25,akshare_fund_etf_scale_sse,SH,515970,华夏机械,717088000.0,份,,,akshare:20260825
2026-08-25,akshare_fund_etf_scale_sse,SH,515980,人工智能,6272129000.0,份,,,akshare:20260825
2026-08-25,akshare_fund_etf_scale_sse,SH,515990,添富国企,52350200.00000001,份,,,akshare:20260825
2026-08-25,akshare_fund_etf_scale_sse,SH,516000,数据ETF,439855000.0,份,,,akshare:20260825
2026-08-25,akshare_fund_etf_scale_sse,SH,516010,游戏ETF,2399693000.0,份,,,akshare:20260825
2026-08-25,akshare_fund_etf_scale_sse,SH,516020,化工ETF,3455326200.0,份,,,akshare:20260825
2026-08-25,akshare_fund_etf_scale_sse,SH,516050,科技龙头,168228000.0,份,,,akshare:20260825
2026-08-25,akshare_fund_etf_scale_sse,SH,516060,新药ETF,293237400.0,份,,,akshare:20260825
2026-08-25,akshare_fund_etf_scale_sse,SH,516070,碳中和50,291646000.0,份,,,akshare:20260825
2026-08-25,akshare_fund_etf_scale_sse,SH,516080,创新医药,5274554800.0,份,,,akshare:20260825
2026-08-25,akshare_fund_etf_scale_sse,SH,516090,新能源E,1682844800.0,份,,,akshare:20260825
2026-08-25,akshare_fund_etf_scale_sse,SH,516100,科技金融,1117759700.0,份,,,akshare:20260825
2026-08-25,akshare_fund_etf_scale_sse,SH,516110,汽车ETF,207623100.0,份,,,akshare:20260825
2026-08-25,akshare_fund_etf_scale_sse,SH,516120,化工50,5090082000.0,份,,,akshare:20260825
2026-08-25,akshare_fund_etf_scale_sse,SH,516130,消费龙头,1618890000.0,份,,,akshare:20260825
2026-08-25,akshare_fund_etf_scale_sse,SH,516150,稀土基金,3826577000.0,份,,,akshare:20260825
2026-08-25,akshare_fund_etf_scale_sse,SH,516160,新能源,1543142000.0,份,,,akshare:20260825
2026-08-25,akshare_fund_etf_scale_sse,SH,516180,光伏产业,149987000.0,份,,,akshare:20260825
2026-08-25,akshare_fund_etf_scale_sse,SH,516190,文娱ETF,101818500.0,份,,,akshare:20260825
2026-08-25,akshare_fund_etf_scale_sse,SH,516200,证券行业,453604000.0,份,,,akshare:20260825
2026-08-25,akshare_fund_etf_scale_sse,SH,516210,银行股,80831000.0,份,,,akshare:20260825
2026-08-25,akshare_fund_etf_scale_sse,SH,516220,化工龙头,263170000.0,份,,,akshare:20260825
2026-08-25,akshare_fund_etf_scale_sse,SH,516230,光伏招商,742921000.0,份,,,akshare:20260825
2026-08-25,akshare_fund_etf_scale_sse,SH,516250,富国机械,78878000.0,份,,,akshare:20260825
2026-08-25,akshare_fund_etf_scale_sse,SH,516260,物联网50,43882600.0,份,,,akshare:20260825
2026-08-25,akshare_fund_etf_scale_sse,SH,516270,新能源50,280409000.0,份,,,akshare:20260825
2026-08-25,akshare_fund_etf_scale_sse,SH,516290,光伏基金,737196900.0,份,,,akshare:20260825
2026-08-25,akshare_fund_etf_scale_sse,SH,516300,中证1000,43012600.0,份,,,akshare:20260825
2026-08-25,akshare_fund_etf_scale_sse,SH,516310,银行指基,1649958500.0,份,,,akshare:20260825
2026-08-25,akshare_fund_etf_scale_sse,SH,516320,装备ETF,87589300.0,份,,,akshare:20260825
2026-08-25,akshare_fund_etf_scale_sse,SH,516330,物联网,8471300.0,份,,,akshare:20260825
2026-08-25,akshare_fund_etf_scale_sse,SH,516350,芯片50,1486415300.0,份,,,akshare:20260825
2026-08-25,akshare_fund_etf_scale_sse,SH,516360,新材料,57551800.0,份,,,akshare:20260825
2026-08-25,akshare_fund_etf_scale_sse,SH,516370,全指电力,306408000.0,份,,,akshare:20260825
2026-08-25,akshare_fund_etf_scale_sse,SH,516380,智能电车,83449300.0,份,,,akshare:20260825
2026-08-25,akshare_fund_etf_scale_sse,SH,516390,电动车,182761000.0,份,,,akshare:20260825
2026-08-25,akshare_fund_etf_scale_sse,SH,516440,南方机械,139626600.0,份,,,akshare:20260825
2026-08-25,akshare_fund_etf_scale_sse,SH,516460,现金流E,422693000.0,份,,,akshare:20260825
2026-08-25,akshare_fund_etf_scale_sse,SH,516500,生物ETF,203937200.0,份,,,akshare:20260825
2026-08-25,akshare_fund_etf_scale_sse,SH,516510,云计算,1528890000.0,份,,,akshare:20260825
2026-08-25,akshare_fund_etf_scale_sse,SH,516520,智能驾驶,825765500.0,份,,,akshare:20260825
2026-08-25,akshare_fund_etf_scale_sse,SH,516530,物流快递,17802300.0,份,,,akshare:20260825
2026-08-25,akshare_fund_etf_scale_sse,SH,516550,农业ETF,262414400.0,份,,,akshare:20260825
2026-08-25,akshare_fund_etf_scale_sse,SH,516560,养老ETF,207758000.0,份,,,akshare:20260825
2026-08-25,akshare_fund_etf_scale_sse,SH,516570,石化ETF,1123357600.0,份,,,akshare:20260825
2026-08-25,akshare_fund_etf_scale_sse,SH,516580,新能源BS,144124100.0,份,,,akshare:20260825
2026-08-25,akshare_fund_etf_scale_sse,SH,516590,电动汽车,52015000.0,份,,,akshare:20260825
2026-08-25,akshare_fund_etf_scale_sse,SH,516600,消服ETF,113332099.99999999,份,,,akshare:20260825
2026-08-25,akshare_fund_etf_scale_sse,SH,516610,医服ETF,233974800.0,份,,,akshare:20260825
2026-08-25,akshare_fund_etf_scale_sse,SH,516620,影视ETF,197767500.0,份,,,akshare:20260825
2026-08-25,akshare_fund_etf_scale_sse,SH,516630,云计算50,494156000.0,份,,,akshare:20260825
2026-08-25,akshare_fund_etf_scale_sse,SH,516640,芯片龙头,1350482800.0,份,,,akshare:20260825
2026-08-25,akshare_fund_etf_scale_sse,SH,516650,有色50,5234464800.0,份,,,akshare:20260825
2026-08-25,akshare_fund_etf_scale_sse,SH,516660,新能汽车,154689000.0,份,,,akshare:20260825
2026-08-25,akshare_fund_etf_scale_sse,SH,516670,畜牧养殖,3449266300.0,份,,,akshare:20260825
2026-08-25,akshare_fund_etf_scale_sse,SH,516700,数据产业,195122000.0,份,,,akshare:20260825
2026-08-25,akshare_fund_etf_scale_sse,SH,516710,新材料50,76272000.0,份,,,akshare:20260825
2026-08-25,akshare_fund_etf_scale_sse,SH,516720,ESGETF,12337800.0,份,,,akshare:20260825
2026-08-25,akshare_fund_etf_scale_sse,SH,516730,证券公司,228380800.00000003,份,,,akshare:20260825
2026-08-25,akshare_fund_etf_scale_sse,SH,516750,建材ETF,139667300.0,份,,,akshare:20260825
2026-08-25,akshare_fund_etf_scale_sse,SH,516760,养殖ETF,313215100.0,份,,,akshare:20260825
2026-08-25,akshare_fund_etf_scale_sse,SH,516770,游戏动漫,263048000.0,份,,,akshare:20260825
2026-08-25,akshare_fund_etf_scale_sse,SH,516780,稀土ETF,2419099700.0,份,,,akshare:20260825
2026-08-25,akshare_fund_etf_scale_sse,SH,516790,保健ETF,182682200.0,份,,,akshare:20260825
2026-08-25,akshare_fund_etf_scale_sse,SH,516800,智能制造,182308000.0,份,,,akshare:20260825
2026-08-25,akshare_fund_etf_scale_sse,SH,516810,农业,524478900.0,份,,,akshare:20260825
2026-08-25,akshare_fund_etf_scale_sse,SH,516820,医疗创新,4590415200.0,份,,,akshare:20260825
2026-08-25,akshare_fund_etf_scale_sse,SH,516830,300ESG,89676900.0,份,,,akshare:20260825
2026-08-25,akshare_fund_etf_scale_sse,SH,516840,汽车基金,137277000.0,份,,,akshare:20260825
2026-08-25,akshare_fund_etf_scale_sse,SH,516850,新能源80,142237000.0,份,,,akshare:20260825
2026-08-25,akshare_fund_etf_scale_sse,SH,516860,金融科技,1145522000.0,份,,,akshare:20260825
2026-08-25,akshare_fund_etf_scale_sse,SH,516880,光伏50,915944100.0,份,,,akshare:20260825
2026-08-25,akshare_fund_etf_scale_sse,SH,516890,新材ETF,33311400.0,份,,,akshare:20260825
2026-08-25,akshare_fund_etf_scale_sse,SH,516900,食品50,280229000.0,份,,,akshare:20260825
2026-08-25,akshare_fund_etf_scale_sse,SH,516910,物流ETF,65641800.0,份,,,akshare:20260825
2026-08-25,akshare_fund_etf_scale_sse,SH,516920,芯片基金,486963000.0,份,,,akshare:20260825
2026-08-25,akshare_fund_etf_scale_sse,SH,516930,生科ETF,106139599.99999999,份,,,akshare:20260825
2026-08-25,akshare_fund_etf_scale_sse,SH,516950,基建ETF,114821000.0,份,,,akshare:20260825
2026-08-25,akshare_fund_etf_scale_sse,SH,516960,机械ETF,16051099.999999998,份,,,akshare:20260825
2026-08-25,akshare_fund_etf_scale_sse,SH,516970,基建50,1153542500.0,份,,,akshare:20260825
2026-08-25,akshare_fund_etf_scale_sse,SH,516980,证券先锋,59016000.0,份,,,akshare:20260825
2026-08-25,akshare_fund_etf_scale_sse,SH,517000,沪港深,122793000.0,份,,,akshare:20260825
2026-08-25,akshare_fund_etf_scale_sse,SH,517010,HGS500E,78144200.0,份,,,akshare:20260825
2026-08-25,akshare_fund_etf_scale_sse,SH,517030,HGS300,84040300.0,份,,,akshare:20260825
2026-08-25,akshare_fund_etf_scale_sse,SH,517050,互联网50,347605000.0,份,,,akshare:20260825
2026-08-25,akshare_fund_etf_scale_sse,SH,517080,HGS500,173166000.0,份,,,akshare:20260825
2026-08-25,akshare_fund_etf_scale_sse,SH,517090,共赢ETF,55075000.0,份,,,akshare:20260825
2026-08-25,akshare_fund_etf_scale_sse,SH,517100,AH500ETF,148102100.0,份,,,akshare:20260825
2026-08-25,akshare_fund_etf_scale_sse,SH,517110,创新药HK,1376098500.0,份,,,akshare:20260825
2026-08-25,akshare_fund_etf_scale_sse,SH,517120,创新药50,580966400.0,份,,,akshare:20260825
2026-08-25,akshare_fund_etf_scale_sse,SH,517130,云计算JS,186154000.0,份,,,akshare:20260825
2026-08-25,akshare_fund_etf_scale_sse,SH,517160,长江ETF,1826777500.0,份,,,akshare:20260825
2026-08-25,akshare_fund_etf_scale_sse,SH,517170,沪港深E,16131800.0,份,,,akshare:20260825
2026-08-25,akshare_fund_etf_scale_sse,SH,517180,中国国企,100496299.99999999,份,,,akshare:20260825
2026-08-25,akshare_fund_etf_scale_sse,SH,517200,互联网,142782000.0,份,,,akshare:20260825
2026-08-25,akshare_fund_etf_scale_sse,SH,517230,云计算MW,184545800.00000003,份,,,akshare:20260825
2026-08-25,akshare_fund_etf_scale_sse,SH,517300,AH300ETF,1005434500.0,份,,,akshare:20260825
2026-08-25,akshare_fund_etf_scale_sse,SH,517330,长江保护,1809169000.0,份,,,akshare:20260825
2026-08-25,akshare_fund_etf_scale_sse,SH,517350,龙头科技,49042000.0,份,,,akshare:20260825
2026-08-25,akshare_fund_etf_scale_sse,SH,517360,AH科技,26583000.0,份,,,akshare:20260825
2026-08-25,akshare_fund_etf_scale_sse,SH,517380,创新药AH,3086326300.0,份,,,akshare:20260825
2026-08-25,akshare_fund_etf_scale_sse,SH,517390,云计算AH,131112600.0,份,,,akshare:20260825
2026-08-25,akshare_fund_etf_scale_sse,SH,517400,黄金股票,1004792000.0,份,,,akshare:20260825
2026-08-25,akshare_fund_etf_scale_sse,SH,517520,黄金股,7345904000.0,份,,,akshare:20260825
2026-08-25,akshare_fund_etf_scale_sse,SH,517550,消费主题,80417400.0,份,,,akshare:20260825
2026-08-25,akshare_fund_etf_scale_sse,SH,517660,物联网AH,39880700.0,份,,,akshare:20260825
2026-08-25,akshare_fund_etf_scale_sse,SH,517770,游戏传媒,178947800.0,份,,,akshare:20260825
2026-08-25,akshare_fund_etf_scale_sse,SH,517800,AI50,219539700.0,份,,,akshare:20260825
2026-08-25,akshare_fund_etf_scale_sse,SH,517850,张江ETF,38185200.0,份,,,akshare:20260825
2026-08-25,akshare_fund_etf_scale_sse,SH,517880,品牌消费,49337100.0,份,,,akshare:20260825
2026-08-25,akshare_fund_etf_scale_sse,SH,517900,银行优选,405993500.0,份,,,akshare:20260825
2026-08-25,akshare_fund_etf_scale_sse,SH,517950,交银科技,48623200.0,份,,,akshare:20260825
2026-08-25,akshare_fund_etf_scale_sse,SH,517990,医药基金,47987900.0,份,,,akshare:20260825
2026-08-25,akshare_fund_etf_scale_sse,SH,518600,上海金,811516300.0,份,,,akshare:20260825
2026-08-25,akshare_fund_etf_scale_sse,SH,518660,工银黄金,960152700.0,份,,,akshare:20260825
2026-08-25,akshare_fund_etf_scale_sse,SH,518680,金ETF,778869500.0,份,,,akshare:20260825
2026-08-25,akshare_fund_etf_scale_sse,SH,518800,黄金基金,3737579200.0,份,,,akshare:20260825
2026-08-25,akshare_fund_etf_scale_sse,SH,518850,黄金9999,1877178700.0,份,,,akshare:20260825
2026-08-25,akshare_fund_etf_scale_sse,SH,518860,上海金E,469059800.00000006,份,,,akshare:20260825
2026-08-25,akshare_fund_etf_scale_sse,SH,518880,黄金ETF,11700840800.0,份,,,akshare:20260825
2026-08-25,akshare_fund_etf_scale_sse,SH,518890,中银黄金,381254800.00000006,份,,,akshare:20260825
2026-08-25,akshare_fund_etf_scale_sse,SH,520500,恒生新药,1944805000.0,份,,,akshare:20260825
2026-08-25,akshare_fund_etf_scale_sse,SH,520510,港股医疗,244728000.0,份,,,akshare:20260825
2026-08-25,akshare_fund_etf_scale_sse,SH,520520,HK消费,53606000.0,份,,,akshare:20260825
2026-08-25,akshare_fund_etf_scale_sse,SH,520530,港科ETF,235776000.0,份,,,akshare:20260825
2026-08-25,akshare_fund_etf_scale_sse,SH,520550,红利恒生,1149524000.0,份,,,akshare:20260825
2026-08-25,akshare_fund_etf_scale_sse,SH,520560,香港30,610419000.0,份,,,akshare:20260825
2026-08-25,akshare_fund_etf_scale_sse,SH,520570,科技恒指,3480876000.0,份,,,akshare:20260825
2026-08-25,akshare_fund_etf_scale_sse,SH,520580,新兴亚洲,290983900.0,份,,,akshare:20260825
2026-08-25,akshare_fund_etf_scale_sse,SH,520590,恒科,196235000.0,份,,,akshare:20260825
2026-08-25,akshare_fund_etf_scale_sse,SH,520600,汽车港股,242868000.0,份,,,akshare:20260825
2026-08-25,akshare_fund_etf_scale_sse,SH,520610,港红利指,366963000.0,份,,,akshare:20260825
2026-08-25,akshare_fund_etf_scale_sse,SH,520620,港股消费,296409000.0,份,,,akshare:20260825
2026-08-25,akshare_fund_etf_scale_sse,SH,520630,互联港股,599610000.0,份,,,akshare:20260825
2026-08-25,akshare_fund_etf_scale_sse,SH,520650,互联网HK,2483255000.0,份,,,akshare:20260825
2026-08-25,akshare_fund_etf_scale_sse,SH,520660,港红利CS,2288485500.0,份,,,akshare:20260825
2026-08-25,akshare_fund_etf_scale_sse,SH,520670,港科基金,213928100.0,份,,,akshare:20260825
2026-08-25,akshare_fund_etf_scale_sse,SH,520680,港股通车,71369000.0,份,,,akshare:20260825
2026-08-25,akshare_fund_etf_scale_sse,SH,520690,恒生港药,644454000.0,份,,,akshare:20260825
2026-08-25,akshare_fund_etf_scale_sse,SH,520700,创新药WJ,432076000.0,份,,,akshare:20260825
2026-08-25,akshare_fund_etf_scale_sse,SH,520710,信息港股,97029000.0,份,,,akshare:20260825
2026-08-25,akshare_fund_etf_scale_sse,SH,520720,香港汽车,121942000.0,份,,,akshare:20260825
2026-08-25,akshare_fund_etf_scale_sse,SH,520730,汽车WJ,118394400.0,份,,,akshare:20260825
2026-08-25,akshare_fund_etf_scale_sse,SH,520740,互联香港,48012600.0,份,,,akshare:20260825
2026-08-25,akshare_fund_etf_scale_sse,SH,520750,HK信息,141384000.0,份,,,akshare:20260825
2026-08-25,akshare_fund_etf_scale_sse,SH,520760,港股生物,133466000.0,份,,,akshare:20260825
2026-08-25,akshare_fund_etf_scale_sse,SH,520770,港股恒指,213373800.0,份,,,akshare:20260825
2026-08-25,akshare_fund_etf_scale_sse,SH,520780,港股车50,39460000.0,份,,,akshare:20260825
2026-08-25,akshare_fund_etf_scale_sse,SH,520790,港互联网,525075000.0,份,,,akshare:20260825
2026-08-25,akshare_fund_etf_scale_sse,SH,520810,港高股息,281360000.0,份,,,akshare:20260825
2026-08-25,akshare_fund_etf_scale_sse,SH,520820,恒指通,58682000.0,份,,,akshare:20260825
2026-08-25,akshare_fund_etf_scale_sse,SH,520830,沙特ETF,1103119000.0,份,,,akshare:20260825
2026-08-25,akshare_fund_etf_scale_sse,SH,520840,港科技,1132549000.0,份,,,akshare:20260825
2026-08-25,akshare_fund_etf_scale_sse,SH,520850,港医疗,143249600.0,份,,,akshare:20260825
2026-08-25,akshare_fund_etf_scale_sse,SH,520860,港股通科,338195000.0,份,,,akshare:20260825
2026-08-25,akshare_fund_etf_scale_sse,SH,520870,巴西ETF,509477200.0,份,,,akshare:20260825
2026-08-25,akshare_fund_etf_scale_sse,SH,520880,港创新药,4695618000.0,份,,,akshare:20260825
2026-08-25,akshare_fund_etf_scale_sse,SH,520890,港红利,81008000.0,份,,,akshare:20260825
2026-08-25,akshare_fund_etf_scale_sse,SH,520900,红利香港,1541175000.0,份,,,akshare:20260825
2026-08-25,akshare_fund_etf_scale_sse,SH,520910,HK互联,751445000.0,份,,,akshare:20260825
2026-08-25,akshare_fund_etf_scale_sse,SH,520920,恒生科TH,18831019000.0,份,,,akshare:20260825
2026-08-25,akshare_fund_etf_scale_sse,SH,520930,恒生生科,163733000.0,份,,,akshare:20260825
2026-08-25,akshare_fund_etf_scale_sse,SH,520940,恒指基金,22297000.0,份,,,akshare:20260825
2026-08-25,akshare_fund_etf_scale_sse,SH,520950,港股50,325421000.0,份,,,akshare:20260825
2026-08-25,akshare_fund_etf_scale_sse,SH,520960,恒指港通,49603400.0,份,,,akshare:20260825
2026-08-25,akshare_fund_etf_scale_sse,SH,520970,港股通药,1251358000.0,份,,,akshare:20260825
2026-08-25,akshare_fund_etf_scale_sse,SH,520980,港科技30,3227387000.0,份,,,akshare:20260825
2026-08-25,akshare_fund_etf_scale_sse,SH,520990,国新红利,3373470500.0,份,,,akshare:20260825
2026-08-25,akshare_fund_etf_scale_sse,SH,526000,港股信息,177142000.0,份,,,akshare:20260825
2026-08-25,akshare_fund_etf_scale_sse,SH,526010,香港医疗,40458000.0,份,,,akshare:20260825
2026-08-25,akshare_fund_etf_scale_sse,SH,526030,港信息基,155465000.0,份,,,akshare:20260825
2026-08-25,akshare_fund_etf_scale_sse,SH,526050,香港信息,53630000.0,份,,,akshare:20260825
2026-08-25,akshare_fund_etf_scale_sse,SH,526070,恒生博时,52377000.0,份,,,akshare:20260825
2026-08-25,akshare_fund_etf_scale_sse,SH,530000,50ETF基,975029400.0,份,,,akshare:20260825
2026-08-25,akshare_fund_etf_scale_sse,SH,530050,SH50ETF,132813000.0,份,,,akshare:20260825
2026-08-25,akshare_fund_etf_scale_sse,SH,530060,上证综E,948193000.0,份,,,akshare:20260825
2026-08-25,akshare_fund_etf_scale_sse,SH,530080,180指基,28917000.0,份,,,akshare:20260825
2026-08-25,akshare_fund_etf_scale_sse,SH,530100,上证580,120696000.0,份,,,akshare:20260825
2026-08-25,akshare_fund_etf_scale_sse,SH,530180,上证180,57952000.0,份,,,akshare:20260825
2026-08-25,akshare_fund_etf_scale_sse,SH,530280,180ETF指,29934000.0,份,,,akshare:20260825
2026-08-25,akshare_fund_etf_scale_sse,SH,530300,180指数,33643000.0,份,,,akshare:20260825
2026-08-25,akshare_fund_etf_scale_sse,SH,530380,上证380,134705000.0,份,,,akshare:20260825
2026-08-25,akshare_fund_etf_scale_sse,SH,530530,580ETF,134460000.0,份,,,akshare:20260825
2026-08-25,akshare_fund_etf_scale_sse,SH,530580,180基金,65149000.0,份,,,akshare:20260825
2026-08-25,akshare_fund_etf_scale_sse,SH,530680,180E,108891900.0,份,,,akshare:20260825
2026-08-25,akshare_fund_etf_scale_sse,SH,530800,上180ETF,18201800.0,份,,,akshare:20260825
2026-08-25,akshare_fund_etf_scale_sse,SH,530880,上证红利,38836000.0,份,,,akshare:20260825
2026-08-25,akshare_fund_etf_scale_sse,SH,551000,科创债,80296100.0,份,,,akshare:20260825
2026-08-25,akshare_fund_etf_scale_sse,SH,551030,科创债券,183340000.0,份,,,akshare:20260825
2026-08-25,akshare_fund_etf_scale_sse,SH,551060,科创债沪,57541000.0,份,,,akshare:20260825
2026-08-25,akshare_fund_etf_scale_sse,SH,551300,科创债摩,50957500.0,份,,,akshare:20260825
2026-08-25,akshare_fund_etf_scale_sse,SH,551500,科创债易,127020000.0,份,,,akshare:20260825
2026-08-25,akshare_fund_etf_scale_sse,SH,551510,科债AAA,141226100.0,份,,,akshare:20260825
2026-08-25,akshare_fund_etf_scale_sse,SH,551520,科创债汇,216101600.0,份,,,akshare:20260825
2026-08-25,akshare_fund_etf_scale_sse,SH,551550,科创AAA,178248200.0,份,,,akshare:20260825
2026-08-25,akshare_fund_etf_scale_sse,SH,551560,科创债兴,171608800.0,份,,,akshare:20260825
2026-08-25,akshare_fund_etf_scale_sse,SH,551580,科创债TK,107026800.0,份,,,akshare:20260825
2026-08-25,akshare_fund_etf_scale_sse,SH,551800,国泰科债,116021400.0,份,,,akshare:20260825
2026-08-25,akshare_fund_etf_scale_sse,SH,551900,科创债指,138931700.0,份,,,akshare:20260825
2026-08-25,akshare_fund_etf_scale_sse,SH,560010,1000基金,1876621700.0000002,份,,,akshare:20260825
2026-08-25,akshare_fund_etf_scale_sse,SH,560020,红利添富,133562000.0,份,,,akshare:20260825
2026-08-25,akshare_fund_etf_scale_sse,SH,560030,800价值,23432000.0,份,,,akshare:20260825
2026-08-25,akshare_fund_etf_scale_sse,SH,560050,MSCIA50,2164934400.0,份,,,akshare:20260825
2026-08-25,akshare_fund_etf_scale_sse,SH,560060,碳中和基,76090000.0,份,,,akshare:20260825
2026-08-25,akshare_fund_etf_scale_sse,SH,560070,央企分红,83362300.0,份,,,akshare:20260825
2026-08-25,akshare_fund_etf_scale_sse,SH,560080,中药ETF,2257265000.0,份,,,akshare:20260825
2026-08-25,akshare_fund_etf_scale_sse,SH,560090,证券指数,2400865000.0,份,,,akshare:20260825
2026-08-25,akshare_fund_etf_scale_sse,SH,560100,增强ETF,56580300.0,份,,,akshare:20260825
2026-08-25,akshare_fund_etf_scale_sse,SH,560110,ZZ1000,364903500.0,份,,,akshare:20260825
2026-08-25,akshare_fund_etf_scale_sse,SH,560120,500现金,580689000.0,份,,,akshare:20260825
2026-08-25,akshare_fund_etf_scale_sse,SH,560130,食品基金,69776200.0,份,,,akshare:20260825
2026-08-25,akshare_fund_etf_scale_sse,SH,560150,红利TK,684279299.9999999,份,,,akshare:20260825
2026-08-25,akshare_fund_etf_scale_sse,SH,560160,食品E,112706000.0,份,,,akshare:20260825
2026-08-25,akshare_fund_etf_scale_sse,SH,560170,央企科技,378495500.0,份,,,akshare:20260825
2026-08-25,akshare_fund_etf_scale_sse,SH,560180,ESG300,15603000.0,份,,,akshare:20260825
2026-08-25,akshare_fund_etf_scale_sse,SH,560190,公用事业,22334000.0,份,,,akshare:20260825
2026-08-25,akshare_fund_etf_scale_sse,SH,560210,景顺农牧,527522000.0,份,,,akshare:20260825
2026-08-25,akshare_fund_etf_scale_sse,SH,560220,2000基金,63717000.0,份,,,akshare:20260825
2026-08-25,akshare_fund_etf_scale_sse,SH,560230,光伏富国,83889000.0,份,,,akshare:20260825
2026-08-25,akshare_fund_etf_scale_sse,SH,560250,红利质量,155833000.0,份,,,akshare:20260825
2026-08-25,akshare_fund_etf_scale_sse,SH,560260,医疗50,1718664700.0,份,,,akshare:20260825
2026-08-25,akshare_fund_etf_scale_sse,SH,560270,电力指数,167439000.0,份,,,akshare:20260825
2026-08-25,akshare_fund_etf_scale_sse,SH,560280,工程机械,1597252000.0,份,,,akshare:20260825
2026-08-25,akshare_fund_etf_scale_sse,SH,560290,景顺有色,371694000.0,份,,,akshare:20260825
2026-08-25,akshare_fund_etf_scale_sse,SH,560300,电信50,26803400.0,份,,,akshare:20260825
2026-08-25,akshare_fund_etf_scale_sse,SH,560310,光伏博时,185122000.0,份,,,akshare:20260825
2026-08-25,akshare_fund_etf_scale_sse,SH,560320,食品富国,123332000.0,份,,,akshare:20260825
2026-08-25,akshare_fund_etf_scale_sse,SH,560330,300价值E,17130000.0,份,,,akshare:20260825
2026-08-25,akshare_fund_etf_scale_sse,SH,560350,A50指数,839532100.0000001,份,,,akshare:20260825
2026-08-25,akshare_fund_etf_scale_sse,SH,560360,软件指数,223345000.0,份,,,akshare:20260825
2026-08-25,akshare_fund_etf_scale_sse,SH,560370,全指红利,198084000.0,份,,,akshare:20260825
2026-08-25,akshare_fund_etf_scale_sse,SH,560380,A100,140861000.0,份,,,akshare:20260825
2026-08-25,akshare_fund_etf_scale_sse,SH,560390,电网E,2025258000.0,份,,,akshare:20260825
2026-08-25,akshare_fund_etf_scale_sse,SH,560400,证券华泰,180493000.0,份,,,akshare:20260825
2026-08-25,akshare_fund_etf_scale_sse,SH,560410,电池鹏华,59786100.0,份,,,akshare:20260825
2026-08-25,akshare_fund_etf_scale_sse,SH,560420,食品Q,132780200.0,份,,,akshare:20260825
2026-08-25,akshare_fund_etf_scale_sse,SH,560450,电力TH,249069000.0,份,,,akshare:20260825
2026-08-25,akshare_fund_etf_scale_sse,SH,560460,电力平安,290037000.0,份,,,akshare:20260825
2026-08-25,akshare_fund_etf_scale_sse,SH,560470,有色E,311340000.0,份,,,akshare:20260825
2026-08-25,akshare_fund_etf_scale_sse,SH,560480,中证电力,144803000.0,份,,,akshare:20260825
2026-08-25,akshare_fund_etf_scale_sse,SH,560490,华泰有色,111482000.0,份,,,akshare:20260825
2026-08-25,akshare_fund_etf_scale_sse,SH,560500,500质量,295339000.0,份,,,akshare:20260825
2026-08-25,akshare_fund_etf_scale_sse,SH,560510,中证A500,2534026900.0,份,,,akshare:20260825
2026-08-25,akshare_fund_etf_scale_sse,SH,560520,红利大成,51751000.0,份,,,akshare:20260825
2026-08-25,akshare_fund_etf_scale_sse,SH,560530,A500ETF,3904623700.0,份,,,akshare:20260825
2026-08-25,akshare_fund_etf_scale_sse,SH,560550,碳中和,125597400.0,份,,,akshare:20260825
2026-08-25,akshare_fund_etf_scale_sse,SH,560560,碳中和TK,70190100.0,份,,,akshare:20260825
2026-08-25,akshare_fund_etf_scale_sse,SH,560570,A500低波,1161541200.0,份,,,akshare:20260825
2026-08-25,akshare_fund_etf_scale_sse,SH,560580,电力指基,460003000.0,份,,,akshare:20260825
2026-08-25,akshare_fund_etf_scale_sse,SH,560590,1000鹏华,28710000.0,份,,,akshare:20260825
2026-08-25,akshare_fund_etf_scale_sse,SH,560610,A500指数,5281988400.0,份,,,akshare:20260825
2026-08-25,akshare_fund_etf_scale_sse,SH,560620,公用WJ,26367000.0,份,,,akshare:20260825
2026-08-25,akshare_fund_etf_scale_sse,SH,560630,机器人WJ,162394000.0,份,,,akshare:20260825
2026-08-25,akshare_fund_etf_scale_sse,SH,560650,核心50,0.0,份,,,akshare:20260825
2026-08-25,akshare_fund_etf_scale_sse,SH,560660,云50ETF,129938000.0,份,,,akshare:20260825
2026-08-25,akshare_fund_etf_scale_sse,SH,560670,中证银行,52974000.0,份,,,akshare:20260825
2026-08-25,akshare_fund_etf_scale_sse,SH,560680,龙头消费,339725600.0,份,,,akshare:20260825
2026-08-25,akshare_fund_etf_scale_sse,SH,560690,电信主题,20389000.0,份,,,akshare:20260825
2026-08-25,akshare_fund_etf_scale_sse,SH,560700,央红利50,450536900.0,份,,,akshare:20260825
2026-08-25,akshare_fund_etf_scale_sse,SH,560710,船舶ETF,1782580000.0,份,,,akshare:20260825
2026-08-25,akshare_fund_etf_scale_sse,SH,560720,工银红利,100548000.0,份,,,akshare:20260825
2026-08-25,akshare_fund_etf_scale_sse,SH,560730,红利GTHT,91836299.99999999,份,,,akshare:20260825
2026-08-25,akshare_fund_etf_scale_sse,SH,560750,A500申万,78554800.0,份,,,akshare:20260825
2026-08-25,akshare_fund_etf_scale_sse,SH,560770,机器人ZS,1668133000.0,份,,,akshare:20260825
2026-08-25,akshare_fund_etf_scale_sse,SH,560780,半导设备,13021488000.0,份,,,akshare:20260825
2026-08-25,akshare_fund_etf_scale_sse,SH,560790,软件服务,228455900.0,份,,,akshare:20260825
2026-08-25,akshare_fund_etf_scale_sse,SH,560800,数字ETF,297951100.0,份,,,akshare:20260825
2026-08-25,akshare_fund_etf_scale_sse,SH,560810,央企ESG,181116000.0,份,,,akshare:20260825
2026-08-25,akshare_fund_etf_scale_sse,SH,560820,A50新华,40926000.0,份,,,akshare:20260825
2026-08-25,akshare_fund_etf_scale_sse,SH,560830,电指数,718019000.0,份,,,akshare:20260825
2026-08-25,akshare_fund_etf_scale_sse,SH,560850,信创50,70164000.0,份,,,akshare:20260825
2026-08-25,akshare_fund_etf_scale_sse,SH,560860,工业有色,5600233000.0,份,,,akshare:20260825
2026-08-25,akshare_fund_etf_scale_sse,SH,560870,中银有色,93351900.0,份,,,akshare:20260825
2026-08-25,akshare_fund_etf_scale_sse,SH,560880,家电基金,198232000.0,份,,,akshare:20260825
2026-08-25,akshare_fund_etf_scale_sse,SH,560900,创新药企,204969100.0,份,,,akshare:20260825
2026-08-25,akshare_fund_etf_scale_sse,SH,560910,中证电池,190721000.0,份,,,akshare:20260825
2026-08-25,akshare_fund_etf_scale_sse,SH,560920,招商机械,44373300.0,份,,,akshare:20260825
2026-08-25,akshare_fund_etf_scale_sse,SH,560930,电力E,214024000.0,份,,,akshare:20260825
2026-08-25,akshare_fund_etf_scale_sse,SH,560950,500增,15483000.0,份,,,akshare:20260825
2026-08-25,akshare_fund_etf_scale_sse,SH,560970,有色金属,68138000.0,份,,,akshare:20260825
2026-08-25,akshare_fund_etf_scale_sse,SH,560980,光伏龙头,333022000.0,份,,,akshare:20260825
2026-08-25,akshare_fund_etf_scale_sse,SH,560990,科技先锋,16187100.0,份,,,akshare:20260825
2026-08-25,akshare_fund_etf_scale_sse,SH,561000,300指增,52420000.0,份,,,akshare:20260825
2026-08-25,akshare_fund_etf_scale_sse,SH,561010,软件开发,302356000.0,份,,,akshare:20260825
2026-08-25,akshare_fund_etf_scale_sse,SH,561020,食品招商,33022199.999999996,份,,,akshare:20260825
2026-08-25,akshare_fund_etf_scale_sse,SH,561030,机械华泰,186550000.0,份,,,akshare:20260825
2026-08-25,akshare_fund_etf_scale_sse,SH,561050,稀金属E,236250000.0,份,,,akshare:20260825
2026-08-25,akshare_fund_etf_scale_sse,SH,561060,红利国企,54565000.0,份,,,akshare:20260825
2026-08-25,akshare_fund_etf_scale_sse,SH,561080,现金自由,24250000.0,份,,,akshare:20260825
2026-08-25,akshare_fund_etf_scale_sse,SH,561090,A500增,212974000.0,份,,,akshare:20260825
2026-08-25,akshare_fund_etf_scale_sse,SH,561100,电子龙头,590746900.0,份,,,akshare:20260825
2026-08-25,akshare_fund_etf_scale_sse,SH,561120,家电ETF,28159899.999999996,份,,,akshare:20260825
2026-08-25,akshare_fund_etf_scale_sse,SH,561130,国货ETF,83935200.0,份,,,akshare:20260825
2026-08-25,akshare_fund_etf_scale_sse,SH,561160,锂电池,2288335000.0,份,,,akshare:20260825
2026-08-25,akshare_fund_etf_scale_sse,SH,561170,绿电50,541532700.0,份,,,akshare:20260825
2026-08-25,akshare_fund_etf_scale_sse,SH,561180,A100ETF,49609600.0,份,,,akshare:20260825
2026-08-25,akshare_fund_etf_scale_sse,SH,561190,双碳ETF,194318000.0,份,,,akshare:20260825
2026-08-25,akshare_fund_etf_scale_sse,SH,561200,A100基金,31470500.0,份,,,akshare:20260825
2026-08-25,akshare_fund_etf_scale_sse,SH,561220,国企数字,46053000.0,份,,,akshare:20260825
2026-08-25,akshare_fund_etf_scale_sse,SH,561230,A50,452477800.0,份,,,akshare:20260825
2026-08-25,akshare_fund_etf_scale_sse,SH,561250,稀金属PH,100752200.0,份,,,akshare:20260825
2026-08-25,akshare_fund_etf_scale_sse,SH,561260,能源ETF,23695200.0,份,,,akshare:20260825
2026-08-25,akshare_fund_etf_scale_sse,SH,561280,增强1000,87847700.0,份,,,akshare:20260825
2026-08-25,akshare_fund_etf_scale_sse,SH,561300,300增ETF,463965000.0,份,,,akshare:20260825
2026-08-25,akshare_fund_etf_scale_sse,SH,561310,消电ETF,107833100.0,份,,,akshare:20260825
2026-08-25,akshare_fund_etf_scale_sse,SH,561320,交运ETF,34369000.0,份,,,akshare:20260825
2026-08-25,akshare_fund_etf_scale_sse,SH,561330,矿业ETF,1815392100.0,份,,,akshare:20260825
2026-08-25,akshare_fund_etf_scale_sse,SH,561350,国泰500,85700000.0,份,,,akshare:20260825
2026-08-25,akshare_fund_etf_scale_sse,SH,561360,石油ETF,1339148000.0,份,,,akshare:20260825
2026-08-25,akshare_fund_etf_scale_sse,SH,561370,2000ETF,32356000.0,份,,,akshare:20260825
2026-08-25,akshare_fund_etf_scale_sse,SH,561380,电网ETF,6798534000.0,份,,,akshare:20260825
2026-08-25,akshare_fund_etf_scale_sse,SH,561390,稀金属PA,93128100.0,份,,,akshare:20260825
2026-08-25,akshare_fund_etf_scale_sse,SH,561400,鑫元养殖,53519000.0,份,,,akshare:20260825
2026-08-25,akshare_fund_etf_scale_sse,SH,561410,光伏工银,226613300.00000003,份,,,akshare:20260825
2026-08-25,akshare_fund_etf_scale_sse,SH,561420,300现金,1018237000.0,份,,,akshare:20260825
2026-08-25,akshare_fund_etf_scale_sse,SH,561430,全指质量,40223200.0,份,,,akshare:20260825
2026-08-25,akshare_fund_etf_scale_sse,SH,561450,华泰红利,84124300.0,份,,,akshare:20260825
2026-08-25,akshare_fund_etf_scale_sse,SH,561460,AITH,733520000.0,份,,,akshare:20260825
2026-08-25,akshare_fund_etf_scale_sse,SH,561470,畜牧TH,48936000.0,份,,,akshare:20260825
2026-08-25,akshare_fund_etf_scale_sse,SH,561490,红利财通,97631299.99999999,份,,,akshare:20260825
2026-08-25,akshare_fund_etf_scale_sse,SH,561500,漂亮50,54600300.0,份,,,akshare:20260825
2026-08-25,akshare_fund_etf_scale_sse,SH,561510,中医药,64206000.0,份,,,akshare:20260825
2026-08-25,akshare_fund_etf_scale_sse,SH,561550,500指增,1282489600.0,份,,,akshare:20260825
2026-08-25,akshare_fund_etf_scale_sse,SH,561560,电力ETF,1964624200.0000002,份,,,akshare:20260825
2026-08-25,akshare_fund_etf_scale_sse,SH,561570,油气基金,73147000.0,份,,,akshare:20260825
2026-08-25,akshare_fund_etf_scale_sse,SH,561580,央企红利,1973370700.0,份,,,akshare:20260825
2026-08-25,akshare_fund_etf_scale_sse,SH,561590,1000增强,101499599.99999999,份,,,akshare:20260825
2026-08-25,akshare_fund_etf_scale_sse,SH,561600,消费电子,288548000.0,份,,,akshare:20260825
2026-08-25,akshare_fund_etf_scale_sse,SH,561620,华泰化工,43727000.0,份,,,akshare:20260825
2026-08-25,akshare_fund_etf_scale_sse,SH,561630,华泰质量,44898000.0,份,,,akshare:20260825
2026-08-25,akshare_fund_etf_scale_sse,SH,561660,通航基金,69710000.0,份,,,akshare:20260825
2026-08-25,akshare_fund_etf_scale_sse,SH,561680,A500红低,58169000.0,份,,,akshare:20260825
2026-08-25,akshare_fund_etf_scale_sse,SH,561700,电力基金,352813600.0,份,,,akshare:20260825
2026-08-25,akshare_fund_etf_scale_sse,SH,561750,A50博时,61496000.0,份,,,akshare:20260825
2026-08-25,akshare_fund_etf_scale_sse,SH,561760,油气博时,156195000.0,份,,,akshare:20260825
2026-08-25,akshare_fund_etf_scale_sse,SH,561770,指基A100,37550000.0,份,,,akshare:20260825
2026-08-25,akshare_fund_etf_scale_sse,SH,561780,1000指增,21355800.0,份,,,akshare:20260825
2026-08-25,akshare_fund_etf_scale_sse,SH,561790,现代能源,57834000.0,份,,,akshare:20260825
2026-08-25,akshare_fund_etf_scale_sse,SH,561800,稀金属,207077200.0,份,,,akshare:20260825
2026-08-25,akshare_fund_etf_scale_sse,SH,561810,华泰医疗,70638400.0,份,,,akshare:20260825
2026-08-25,akshare_fund_etf_scale_sse,SH,561870,现金流指,93765000.0,份,,,akshare:20260825
2026-08-25,akshare_fund_etf_scale_sse,SH,561880,A100指数,82389000.0,份,,,akshare:20260825
2026-08-25,akshare_fund_etf_scale_sse,SH,561890,A股E,46112600.0,份,,,akshare:20260825
2026-08-25,akshare_fund_etf_scale_sse,SH,561900,沪深ESG,26334400.0,份,,,akshare:20260825
2026-08-25,akshare_fund_etf_scale_sse,SH,561910,电池ETF,4662076600.0,份,,,akshare:20260825
2026-08-25,akshare_fund_etf_scale_sse,SH,561920,疫苗龙头,61692000.0,份,,,akshare:20260825
2026-08-25,akshare_fund_etf_scale_sse,SH,561930,招商300,175260600.0,份,,,akshare:20260825
2026-08-25,akshare_fund_etf_scale_sse,SH,561950,500增强A,72156000.0,份,,,akshare:20260825
2026-08-25,akshare_fund_etf_scale_sse,SH,561960,央企回报,57385200.00000001,份,,,akshare:20260825
2026-08-25,akshare_fund_etf_scale_sse,SH,561980,芯片设备,8405550000.0,份,,,akshare:20260825
2026-08-25,akshare_fund_etf_scale_sse,SH,561990,300增强,325649200.0,份,,,akshare:20260825
2026-08-25,akshare_fund_etf_scale_sse,SH,562000,中证A100,596737900.0,份,,,akshare:20260825
2026-08-25,akshare_fund_etf_scale_sse,SH,562010,绿色能源,18298700.0,份,,,akshare:20260825
2026-08-25,akshare_fund_etf_scale_sse,SH,562030,信创基金,143973900.0,份,,,akshare:20260825
2026-08-25,akshare_fund_etf_scale_sse,SH,562050,药ETF,99468000.0,份,,,akshare:20260825
2026-08-25,akshare_fund_etf_scale_sse,SH,562060,标普红利,5098792600.0,份,,,akshare:20260825
2026-08-25,akshare_fund_etf_scale_sse,SH,562070,300ETF增,555542000.0,份,,,akshare:20260825
2026-08-25,akshare_fund_etf_scale_sse,SH,562080,自由现金,602757200.0,份,,,akshare:20260825
2026-08-25,akshare_fund_etf_scale_sse,SH,562300,低碳ETF,58495000.0,份,,,akshare:20260825
2026-08-25,akshare_fund_etf_scale_sse,SH,562310,300成长,448572300.00000006,份,,,akshare:20260825
2026-08-25,akshare_fund_etf_scale_sse,SH,562320,300价值A,58295500.0,份,,,akshare:20260825
2026-08-25,akshare_fund_etf_scale_sse,SH,562330,500价值,11018900.000000002,份,,,akshare:20260825
2026-08-25,akshare_fund_etf_scale_sse,SH,562340,500成长,8144299.999999999,份,,,akshare:20260825
2026-08-25,akshare_fund_etf_scale_sse,SH,562350,电力,135410900.0,份,,,akshare:20260825
2026-08-25,akshare_fund_etf_scale_sse,SH,562360,机器人YH,300474000.0,份,,,akshare:20260825
2026-08-25,akshare_fund_etf_scale_sse,SH,562380,科技引领,73628900.0,份,,,akshare:20260825
2026-08-25,akshare_fund_etf_scale_sse,SH,562390,中药,79429000.0,份,,,akshare:20260825
2026-08-25,akshare_fund_etf_scale_sse,SH,562500,机器人,18653687300.0,份,,,akshare:20260825
2026-08-25,akshare_fund_etf_scale_sse,SH,562510,旅游ETF,1068095000.0,份,,,akshare:20260825
2026-08-25,akshare_fund_etf_scale_sse,SH,562520,1000成长,26568000.0,份,,,akshare:20260825
2026-08-25,akshare_fund_etf_scale_sse,SH,562530,1000价值,185144000.0,份,,,akshare:20260825
2026-08-25,akshare_fund_etf_scale_sse,SH,562550,绿电ETF,1550419300.0,份,,,akshare:20260825
2026-08-25,akshare_fund_etf_scale_sse,SH,562560,信息技术,22765500.0,份,,,akshare:20260825
2026-08-25,akshare_fund_etf_scale_sse,SH,562570,信创ETF,305281000.0,份,,,akshare:20260825
2026-08-25,akshare_fund_etf_scale_sse,SH,562580,可选消费,37723300.0,份,,,akshare:20260825
2026-08-25,akshare_fund_etf_scale_sse,SH,562590,半导材料,9193989000.0,份,,,akshare:20260825
2026-08-25,akshare_fund_etf_scale_sse,SH,562600,医疗器械,451937400.0,份,,,akshare:20260825
2026-08-25,akshare_fund_etf_scale_sse,SH,562660,ZZ2000,312874000.0,份,,,akshare:20260825
2026-08-25,akshare_fund_etf_scale_sse,SH,562700,汽车零件,102750000.0,份,,,akshare:20260825
2026-08-25,akshare_fund_etf_scale_sse,SH,562800,稀有金属,5733445000.0,份,,,akshare:20260825
2026-08-25,akshare_fund_etf_scale_sse,SH,562810,上证增强,55451000.0,份,,,akshare:20260825
2026-08-25,akshare_fund_etf_scale_sse,SH,562820,集成电路,416408000.0,份,,,akshare:20260825
2026-08-25,akshare_fund_etf_scale_sse,SH,562850,央企能源,190981500.0,份,,,akshare:20260825
2026-08-25,akshare_fund_etf_scale_sse,SH,562860,疫苗ETF,334895000.0,份,,,akshare:20260825
2026-08-25,akshare_fund_etf_scale_sse,SH,562870,证券全指,605005200.0,份,,,akshare:20260825
2026-08-25,akshare_fund_etf_scale_sse,SH,562880,电池基金,880399600.0000001,份,,,akshare:20260825
2026-08-25,akshare_fund_etf_scale_sse,SH,562890,A50中证,267551000.0,份,,,akshare:20260825
2026-08-25,akshare_fund_etf_scale_sse,SH,562900,现代农业,237706300.0,份,,,akshare:20260825
2026-08-25,akshare_fund_etf_scale_sse,SH,562910,高端制造,293227300.0,份,,,akshare:20260825
2026-08-25,akshare_fund_etf_scale_sse,SH,562920,信息安全,93069000.0,份,,,akshare:20260825
2026-08-25,akshare_fund_etf_scale_sse,SH,562930,软件30,1746437000.0,份,,,akshare:20260825
2026-08-25,akshare_fund_etf_scale_sse,SH,562950,消电50,1026258300.0,份,,,akshare:20260825
2026-08-25,akshare_fund_etf_scale_sse,SH,562960,绿色电力,1251391000.0,份,,,akshare:20260825
2026-08-25,akshare_fund_etf_scale_sse,SH,562970,光伏E,362448000.0,份,,,akshare:20260825
2026-08-25,akshare_fund_etf_scale_sse,SH,562990,碳中和E,377756000.0,份,,,akshare:20260825
2026-08-25,akshare_fund_etf_scale_sse,SH,563000,中国A50,1563451099.9999998,份,,,akshare:20260825
2026-08-25,akshare_fund_etf_scale_sse,SH,563010,电信ETF,94189300.0,份,,,akshare:20260825
2026-08-25,akshare_fund_etf_scale_sse,SH,563020,低波红利,10864910000.0,份,,,akshare:20260825
2026-08-25,akshare_fund_etf_scale_sse,SH,563030,增强500,127169000.0,份,,,akshare:20260825
2026-08-25,akshare_fund_etf_scale_sse,SH,563050,科技央企,133208400.0,份,,,akshare:20260825
2026-08-25,akshare_fund_etf_scale_sse,SH,563060,央企50,187527000.0,份,,,akshare:20260825
2026-08-25,akshare_fund_etf_scale_sse,SH,563080,中证A50E,1104588400.0,份,,,akshare:20260825
2026-08-25,akshare_fund_etf_scale_sse,SH,563090,上50增强,56848000.0,份,,,akshare:20260825
2026-08-25,akshare_fund_etf_scale_sse,SH,563150,油气资源,33399000.0,份,,,akshare:20260825
2026-08-25,akshare_fund_etf_scale_sse,SH,563180,高股息,101420000.0,份,,,akshare:20260825
2026-08-25,akshare_fund_etf_scale_sse,SH,563200,2000指数,53458800.0,份,,,akshare:20260825
2026-08-25,akshare_fund_etf_scale_sse,SH,563210,专精特新,122067000.0,份,,,akshare:20260825
2026-08-25,akshare_fund_etf_scale_sse,SH,563220,A500富国,6677013700.0,份,,,akshare:20260825
2026-08-25,akshare_fund_etf_scale_sse,SH,563230,卫星ETF,3453237000.0,份,,,akshare:20260825
2026-08-25,akshare_fund_etf_scale_sse,SH,563280,A50增强,6706600.0,份,,,akshare:20260825
2026-08-25,akshare_fund_etf_scale_sse,SH,563300,中证2000,4613674000.0,份,,,akshare:20260825
2026-08-25,akshare_fund_etf_scale_sse,SH,563320,通用航空,230892000.0,份,,,akshare:20260825
2026-08-25,akshare_fund_etf_scale_sse,SH,563330,A股ETF,33360600.0,份,,,akshare:20260825
2026-08-25,akshare_fund_etf_scale_sse,SH,563350,中证A50,171997599.99999997,份,,,akshare:20260825
2026-08-25,akshare_fund_etf_scale_sse,SH,563360,A500基金,31867987400.000004,份,,,akshare:20260825
2026-08-25,akshare_fund_etf_scale_sse,SH,563380,航空航天,907950000.0,份,,,akshare:20260825
2026-08-25,akshare_fund_etf_scale_sse,SH,563390,现金基金,2183844000.0,份,,,akshare:20260825
2026-08-25,akshare_fund_etf_scale_sse,SH,563500,A500华宝,747958700.0,份,,,akshare:20260825
2026-08-25,akshare_fund_etf_scale_sse,SH,563510,A500红利,291537000.0,份,,,akshare:20260825
2026-08-25,akshare_fund_etf_scale_sse,SH,563520,300永赢,418065000.0,份,,,akshare:20260825
2026-08-25,akshare_fund_etf_scale_sse,SH,563530,卫星E,1626748000.0,份,,,akshare:20260825
2026-08-25,akshare_fund_etf_scale_sse,SH,563550,增强A500,82559000.0,份,,,akshare:20260825
2026-08-25,akshare_fund_etf_scale_sse,SH,563560,科技成长,54769000.0,份,,,akshare:20260825
2026-08-25,akshare_fund_etf_scale_sse,SH,563570,金融科,108374000.0,份,,,akshare:20260825
2026-08-25,akshare_fund_etf_scale_sse,SH,563580,现金800,244648000.0,份,,,akshare:20260825
2026-08-25,akshare_fund_etf_scale_sse,SH,563590,红利A500,61944399.99999999,份,,,akshare:20260825
2026-08-25,akshare_fund_etf_scale_sse,SH,563600,A500增强,72483000.0,份,,,akshare:20260825
2026-08-25,akshare_fund_etf_scale_sse,SH,563620,现金流全,51049000.0,份,,,akshare:20260825
2026-08-25,akshare_fund_etf_scale_sse,SH,563630,A500指增,39947100.0,份,,,akshare:20260825
2026-08-25,akshare_fund_etf_scale_sse,SH,563650,A500中证,140909000.0,份,,,akshare:20260825
2026-08-25,akshare_fund_etf_scale_sse,SH,563660,A500银河,63085200.00000001,份,,,akshare:20260825
2026-08-25,akshare_fund_etf_scale_sse,SH,563670,金科基金,181987000.0,份,,,akshare:20260825
2026-08-25,akshare_fund_etf_scale_sse,SH,563680,现金流TF,104959000.0,份,,,akshare:20260825
2026-08-25,akshare_fund_etf_scale_sse,SH,563690,红利永赢,34882000.0,份,,,akshare:20260825
2026-08-25,akshare_fund_etf_scale_sse,SH,563700,红利价值,389150000.0,份,,,akshare:20260825
2026-08-25,akshare_fund_etf_scale_sse,SH,563750,500添富,339737000.0,份,,,akshare:20260825
2026-08-25,akshare_fund_etf_scale_sse,SH,563760,中银现金,731913200.0000001,份,,,akshare:20260825
2026-08-25,akshare_fund_etf_scale_sse,SH,563770,全指现金,27307000.0,份,,,akshare:20260825
2026-08-25,akshare_fund_etf_scale_sse,SH,563780,现金指数,249027100.0,份,,,akshare:20260825
2026-08-25,akshare_fund_etf_scale_sse,SH,563790,卫星产业,1229447000.0,份,,,akshare:20260825
2026-08-25,akshare_fund_etf_scale_sse,SH,563800,A500龙头,9031978100.0,份,,,akshare:20260825
2026-08-25,akshare_fund_etf_scale_sse,SH,563830,现金流基,137896000.0,份,,,akshare:20260825
2026-08-25,akshare_fund_etf_scale_sse,SH,563850,食品广发,118481700.0,份,,,akshare:20260825
2026-08-25,akshare_fund_etf_scale_sse,SH,563860,A500海富,182844300.0,份,,,akshare:20260825
2026-08-25,akshare_fund_etf_scale_sse,SH,563870,航空通用,109303900.0,份,,,akshare:20260825
2026-08-25,akshare_fund_etf_scale_sse,SH,563880,A500添富,1546996400.0000002,份,,,akshare:20260825
2026-08-25,akshare_fund_etf_scale_sse,SH,563890,红利国有,22836000.0,份,,,akshare:20260825
2026-08-25,akshare_fund_etf_scale_sse,SH,563900,现金流,470965700.0,份,,,akshare:20260825
2026-08-25,akshare_fund_etf_scale_sse,SH,563930,上指增强,34592000.0,份,,,akshare:20260825
2026-08-25,akshare_fund_etf_scale_sse,SH,563960,300质量,361512000.0,份,,,akshare:20260825
2026-08-25,akshare_fund_etf_scale_sse,SH,563980,XD800红,188967000.0,份,,,akshare:20260825
2026-08-25,akshare_fund_etf_scale_sse,SH,563990,800现金,303573000.0,份,,,akshare:20260825
2026-08-25,akshare_fund_etf_scale_sse,SH,588000,科创50,51773668200.0,份,,,akshare:20260825
2026-08-25,akshare_fund_etf_scale_sse,SH,588010,科创材料,917925800.0,份,,,akshare:20260825
2026-08-25,akshare_fund_etf_scale_sse,SH,588020,科创50E,1979373000.0,份,,,akshare:20260825
2026-08-25,akshare_fund_etf_scale_sse,SH,588030,科创指基,2309838100.0,份,,,akshare:20260825
2026-08-25,akshare_fund_etf_scale_sse,SH,588040,科创板指,131889000.0,份,,,akshare:20260825
2026-08-25,akshare_fund_etf_scale_sse,SH,588050,科创ETF,6435241300.0,份,,,akshare:20260825
2026-08-25,akshare_fund_etf_scale_sse,SH,588060,上证科创,7465140000.0,份,,,akshare:20260825
2026-08-25,akshare_fund_etf_scale_sse,SH,588070,科创万家,42437000.0,份,,,akshare:20260825
2026-08-25,akshare_fund_etf_scale_sse,SH,588080,科创板50,25183628100.0,份,,,akshare:20260825
2026-08-25,akshare_fund_etf_scale_sse,SH,588090,科创板,2916072800.0000005,份,,,akshare:20260825
2026-08-25,akshare_fund_etf_scale_sse,SH,588100,科创信息,208746200.0,份,,,akshare:20260825
2026-08-25,akshare_fund_etf_scale_sse,SH,588110,科创成长,1027032000.0,份,,,akshare:20260825
2026-08-25,akshare_fund_etf_scale_sse,SH,588120,科100ETF,919622000.0,份,,,akshare:20260825
2026-08-25,akshare_fund_etf_scale_sse,SH,588130,科创药,458582600.0,份,,,akshare:20260825
2026-08-25,akshare_fund_etf_scale_sse,SH,588140,科200GF,241751000.0,份,,,akshare:20260825
2026-08-25,akshare_fund_etf_scale_sse,SH,588150,科创龙头,394432600.0,份,,,akshare:20260825
2026-08-25,akshare_fund_etf_scale_sse,SH,588160,科创新材,843996000.0,份,,,akshare:20260825
2026-08-25,akshare_fund_etf_scale_sse,SH,588170,科创半导,45165447000.0,份,,,akshare:20260825
2026-08-25,akshare_fund_etf_scale_sse,SH,588180,科创50基,734853700.0,份,,,akshare:20260825
2026-08-25,akshare_fund_etf_scale_sse,SH,588190,科创100,1357618299.9999998,份,,,akshare:20260825
2026-08-25,akshare_fund_etf_scale_sse,SH,588200,科创芯片,42883184300.0,份,,,akshare:20260825
2026-08-25,akshare_fund_etf_scale_sse,SH,588210,科创100E,243254000.0,份,,,akshare:20260825
2026-08-25,akshare_fund_etf_scale_sse,SH,588220,科创100F,3620697900.0,份,,,akshare:20260825
2026-08-25,akshare_fund_etf_scale_sse,SH,588230,科创200,737939000.0,份,,,akshare:20260825
2026-08-25,akshare_fund_etf_scale_sse,SH,588240,科200,128633000.0,份,,,akshare:20260825
2026-08-25,akshare_fund_etf_scale_sse,SH,588250,KC医药,265675000.0,份,,,akshare:20260825
2026-08-25,akshare_fund_etf_scale_sse,SH,588260,科创技术,46746000.0,份,,,akshare:20260825
2026-08-25,akshare_fund_etf_scale_sse,SH,588270,科创200F,307410000.0,份,,,akshare:20260825
2026-08-25,akshare_fund_etf_scale_sse,SH,588280,科创五零,396121000.0,份,,,akshare:20260825
2026-08-25,akshare_fund_etf_scale_sse,SH,588290,芯片科创,4978191000.0,份,,,akshare:20260825
2026-08-25,akshare_fund_etf_scale_sse,SH,588300,双创ETF,1513210500.0,份,,,akshare:20260825
2026-08-25,akshare_fund_etf_scale_sse,SH,588310,双创基金,33037500.0,份,,,akshare:20260825
2026-08-25,akshare_fund_etf_scale_sse,SH,588320,双创增强,80824600.0,份,,,akshare:20260825
2026-08-25,akshare_fund_etf_scale_sse,SH,588330,双创龙头,1163737800.0,份,,,akshare:20260825
2026-08-25,akshare_fund_etf_scale_sse,SH,588350,双创,648546000.0,份,,,akshare:20260825
2026-08-25,akshare_fund_etf_scale_sse,SH,588360,创创ETF,219081800.0,份,,,akshare:20260825
2026-08-25,akshare_fund_etf_scale_sse,SH,588370,科创策略,78272000.0,份,,,akshare:20260825
2026-08-25,akshare_fund_etf_scale_sse,SH,588380,创50ETF,2669770000.0,份,,,akshare:20260825
2026-08-25,akshare_fund_etf_scale_sse,SH,588390,科创创业,164935900.0,份,,,akshare:20260825
2026-08-25,akshare_fund_etf_scale_sse,SH,588400,双创50,1365600600.0,份,,,akshare:20260825
2026-08-25,akshare_fund_etf_scale_sse,SH,588410,双创AI,113250000.0,份,,,akshare:20260825
2026-08-25,akshare_fund_etf_scale_sse,SH,588420,AI双创,345648000.0,份,,,akshare:20260825
2026-08-25,akshare_fund_etf_scale_sse,SH,588430,科创创AI,102458000.0,份,,,akshare:20260825
2026-08-25,akshare_fund_etf_scale_sse,SH,588450,科创50增,60568700.0,份,,,akshare:20260825
2026-08-25,akshare_fund_etf_scale_sse,SH,588460,科创增强,640514000.0,份,,,akshare:20260825
2026-08-25,akshare_fund_etf_scale_sse,SH,588470,双创智能,292907000.0,份,,,akshare:20260825
2026-08-25,akshare_fund_etf_scale_sse,SH,588480,AI50双创,245717000.0,份,,,akshare:20260825
2026-08-25,akshare_fund_etf_scale_sse,SH,588500,科创100Z,49647000.0,份,,,akshare:20260825
2026-08-25,akshare_fund_etf_scale_sse,SH,588510,智能双创,335175000.0,份,,,akshare:20260825
2026-08-25,akshare_fund_etf_scale_sse,SH,588520,科创增,12957000.0,份,,,akshare:20260825
2026-08-25,akshare_fund_etf_scale_sse,SH,588530,AIBOCI,230233300.00000003,份,,,akshare:20260825
2026-08-25,akshare_fund_etf_scale_sse,SH,588550,科创增指,63290000.0,份,,,akshare:20260825
2026-08-25,akshare_fund_etf_scale_sse,SH,588660,双创五零,40344000.0,份,,,akshare:20260825
2026-08-25,akshare_fund_etf_scale_sse,SH,588670,科综增强,37792000.0,份,,,akshare:20260825
2026-08-25,akshare_fund_etf_scale_sse,SH,588680,科100增,32361000.0,份,,,akshare:20260825
2026-08-25,akshare_fund_etf_scale_sse,SH,588690,科综指增,51636000.0,份,,,akshare:20260825
2026-08-25,akshare_fund_etf_scale_sse,SH,588700,科创生物,445336200.0,份,,,akshare:20260825
2026-08-25,akshare_fund_etf_scale_sse,SH,588710,科半导体,11454885000.0,份,,,akshare:20260825
2026-08-25,akshare_fund_etf_scale_sse,SH,588720,中银科创,109741800.0,份,,,akshare:20260825
2026-08-25,akshare_fund_etf_scale_sse,SH,588730,科创AI,753396300.0,份,,,akshare:20260825
2026-08-25,akshare_fund_etf_scale_sse,SH,588750,科创芯50,3253228000.0,份,,,akshare:20260825
2026-08-25,akshare_fund_etf_scale_sse,SH,588760,AI科创,2527532000.0,份,,,akshare:20260825
2026-08-25,akshare_fund_etf_scale_sse,SH,588770,信息科创,314597100.0,份,,,akshare:20260825
2026-08-25,akshare_fund_etf_scale_sse,SH,588780,芯片设计,999902000.0,份,,,akshare:20260825
2026-08-25,akshare_fund_etf_scale_sse,SH,588790,科创智能,3400384000.0,份,,,akshare:20260825
2026-08-25,akshare_fund_etf_scale_sse,SH,588800,科创100C,1679877000.0,份,,,akshare:20260825
2026-08-25,akshare_fund_etf_scale_sse,SH,588810,科创板芯,594324000.0,份,,,akshare:20260825
2026-08-25,akshare_fund_etf_scale_sse,SH,588820,科创200E,157400000.0,份,,,akshare:20260825
2026-08-25,akshare_fund_etf_scale_sse,SH,588830,科创新能,630847900.0,份,,,akshare:20260825
2026-08-25,akshare_fund_etf_scale_sse,SH,588840,50科创,61236000.0,份,,,akshare:20260825
2026-08-25,akshare_fund_etf_scale_sse,SH,588850,科创机械,78779000.0,份,,,akshare:20260825
2026-08-25,akshare_fund_etf_scale_sse,SH,588860,科创医药,340889400.0,份,,,akshare:20260825
2026-08-25,akshare_fund_etf_scale_sse,SH,588870,科创50指,836552000.0,份,,,akshare:20260825
2026-08-25,akshare_fund_etf_scale_sse,SH,588880,科创指数,108368000.0,份,,,akshare:20260825
2026-08-25,akshare_fund_etf_scale_sse,SH,588890,科创芯,2783430000.0,份,,,akshare:20260825
2026-08-25,akshare_fund_etf_scale_sse,SH,588900,科创100S,355783000.0,份,,,akshare:20260825
2026-08-25,akshare_fund_etf_scale_sse,SH,588910,科创价值,100049100.0,份,,,akshare:20260825
2026-08-25,akshare_fund_etf_scale_sse,SH,588920,KC芯片,336876000.0,份,,,akshare:20260825
2026-08-25,akshare_fund_etf_scale_sse,SH,588930,科创板AI,635329000.0,份,,,akshare:20260825
2026-08-25,akshare_fund_etf_scale_sse,SH,588940,科创富国,3014840000.0,份,,,akshare:20260825
2026-08-25,akshare_fund_etf_scale_sse,SH,588950,景顺科创,701729700.0,份,,,akshare:20260825
2026-08-25,akshare_fund_etf_scale_sse,SH,588960,新能科创,142579800.0,份,,,akshare:20260825
2026-08-25,akshare_fund_etf_scale_sse,SH,588980,科创广发,11920000.0,份,,,akshare:20260825
2026-08-25,akshare_fund_etf_scale_sse,SH,588990,科芯片,197745400.0,份,,,akshare:20260825
2026-08-25,akshare_fund_etf_scale_sse,SH,589000,科创综指,1051507800.0,份,,,akshare:20260825
2026-08-25,akshare_fund_etf_scale_sse,SH,589010,科创AI指,935793000.0,份,,,akshare:20260825
2026-08-25,akshare_fund_etf_scale_sse,SH,589020,KC半导体,4608438000.0,份,,,akshare:20260825
2026-08-25,akshare_fund_etf_scale_sse,SH,589030,科芯设计,859077000.0,份,,,akshare:20260825
2026-08-25,akshare_fund_etf_scale_sse,SH,589050,科创E,46968000.0,份,,,akshare:20260825
2026-08-25,akshare_fund_etf_scale_sse,SH,589060,科综东财,77137900.0,份,,,akshare:20260825
2026-08-25,akshare_fund_etf_scale_sse,SH,589070,科芯TH,1897293000.0,份,,,akshare:20260825
2026-08-25,akshare_fund_etf_scale_sse,SH,589080,科创综E,143061000.0,份,,,akshare:20260825
2026-08-25,akshare_fund_etf_scale_sse,SH,589090,KCAI,191931000.0,份,,,akshare:20260825
2026-08-25,akshare_fund_etf_scale_sse,SH,589100,国泰芯片,905442500.0,份,,,akshare:20260825
2026-08-25,akshare_fund_etf_scale_sse,SH,589110,科AI国泰,534413000.0,份,,,akshare:20260825
2026-08-25,akshare_fund_etf_scale_sse,SH,589120,创新药基,1307620000.0,份,,,akshare:20260825
2026-08-25,akshare_fund_etf_scale_sse,SH,589130,科创芯易,3350780000.0,份,,,akshare:20260825
2026-08-25,akshare_fund_etf_scale_sse,SH,589150,科创平安,787437200.0,份,,,akshare:20260825
2026-08-25,akshare_fund_etf_scale_sse,SH,589160,科芯片GF,290296000.0,份,,,akshare:20260825
2026-08-25,akshare_fund_etf_scale_sse,SH,589170,芯设计KC,147909000.0,份,,,akshare:20260825
2026-08-25,akshare_fund_etf_scale_sse,SH,589180,科创材基,138818000.0,份,,,akshare:20260825
2026-08-25,akshare_fund_etf_scale_sse,SH,589190,科创芯基,2821562000.0,份,,,akshare:20260825
2026-08-25,akshare_fund_etf_scale_sse,SH,589200,科200E,22507000.0,份,,,akshare:20260825
2026-08-25,akshare_fund_etf_scale_sse,SH,589210,芯设计GF,1312938000.0,份,,,akshare:20260825
2026-08-25,akshare_fund_etf_scale_sse,SH,589220,科200GT,325495800.0,份,,,akshare:20260825
2026-08-25,akshare_fund_etf_scale_sse,SH,589230,AI科创CS,253553000.0,份,,,akshare:20260825
2026-08-25,akshare_fund_etf_scale_sse,SH,589250,芯设计PY,87101299.99999999,份,,,akshare:20260825
2026-08-25,akshare_fund_etf_scale_sse,SH,589260,科创芯设,55156000.0,份,,,akshare:20260825
2026-08-25,akshare_fund_etf_scale_sse,SH,589270,科创100Q,24516600.0,份,,,akshare:20260825
2026-08-25,akshare_fund_etf_scale_sse,SH,589280,科综增指,154069000.0,份,,,akshare:20260825
2026-08-25,akshare_fund_etf_scale_sse,SH,589290,芯片主题,131848900.0,份,,,akshare:20260825
2026-08-25,akshare_fund_etf_scale_sse,SH,589300,科综嘉实,41582500.0,份,,,akshare:20260825
2026-08-25,akshare_fund_etf_scale_sse,SH,589310,科创人工,304491800.0,份,,,akshare:20260825
2026-08-25,akshare_fund_etf_scale_sse,SH,589320,科200JS,114053000.0,份,,,akshare:20260825
2026-08-25,akshare_fund_etf_scale_sse,SH,589330,科200DC,175902000.0,份,,,akshare:20260825
2026-08-25,akshare_fund_etf_scale_sse,SH,589350,科芯片指,242281500.0,份,,,akshare:20260825
2026-08-25,akshare_fund_etf_scale_sse,SH,589360,科创50GT,2681174000.0,份,,,akshare:20260825
2026-08-25,akshare_fund_etf_scale_sse,SH,589380,AI科创指,97694300.0,份,,,akshare:20260825
2026-08-25,akshare_fund_etf_scale_sse,SH,589390,芯设计,1335810500.0,份,,,akshare:20260825
2026-08-25,akshare_fund_etf_scale_sse,SH,589400,芯设计FG,287785200.0,份,,,akshare:20260825
2026-08-25,akshare_fund_etf_scale_sse,SH,589410,科创AIJS,566565600.0,份,,,akshare:20260825
2026-08-25,akshare_fund_etf_scale_sse,SH,589420,芯设计MW,366481500.0,份,,,akshare:20260825
2026-08-25,akshare_fund_etf_scale_sse,SH,589460,科200HB,226630900.0,份,,,akshare:20260825
2026-08-25,akshare_fund_etf_scale_sse,SH,589500,科综工银,80064000.0,份,,,akshare:20260825
2026-08-25,akshare_fund_etf_scale_sse,SH,589520,AI科创板,855104600.0000001,份,,,akshare:20260825
2026-08-25,akshare_fund_etf_scale_sse,SH,589550,KC价值,25295500.0,份,,,akshare:20260825
2026-08-25,akshare_fund_etf_scale_sse,SH,589560,科创AITF,265355000.0,份,,,akshare:20260825
2026-08-25,akshare_fund_etf_scale_sse,SH,589580,科综价格,14354800.0,份,,,akshare:20260825
2026-08-25,akshare_fund_etf_scale_sse,SH,589600,富国科综,221535000.0,份,,,akshare:20260825
2026-08-25,akshare_fund_etf_scale_sse,SH,589630,科综国泰,349258000.0,份,,,akshare:20260825
2026-08-25,akshare_fund_etf_scale_sse,SH,589660,综指科创,277530000.0,份,,,akshare:20260825
2026-08-25,akshare_fund_etf_scale_sse,SH,589680,科创综Z,1374943700.0,份,,,akshare:20260825
2026-08-25,akshare_fund_etf_scale_sse,SH,589700,成长科创,30291000.0,份,,,akshare:20260825
2026-08-25,akshare_fund_etf_scale_sse,SH,589720,科创新药,4688823000.0,份,,,akshare:20260825
2026-08-25,akshare_fund_etf_scale_sse,SH,589770,科创全指,158569200.0,份,,,akshare:20260825
2026-08-25,akshare_fund_etf_scale_sse,SH,589780,科200FG,66215000.0,份,,,akshare:20260825
2026-08-25,akshare_fund_etf_scale_sse,SH,589800,科创综合,1143988200.0,份,,,akshare:20260825
2026-08-25,akshare_fund_etf_scale_sse,SH,589820,科200F,129720200.0,份,,,akshare:20260825
2026-08-25,akshare_fund_etf_scale_sse,SH,589850,科创东财,772057000.0,份,,,akshare:20260825
2026-08-25,akshare_fund_etf_scale_sse,SH,589860,天弘科综,178224000.0,份,,,akshare:20260825
2026-08-25,akshare_fund_etf_scale_sse,SH,589880,科创综,459996000.0,份,,,akshare:20260825
2026-08-25,akshare_fund_etf_scale_sse,SH,589890,景顺科综,84987000.0,份,,,akshare:20260825
2026-08-25,akshare_fund_etf_scale_sse,SH,589900,博时科综,183908200.0,份,,,akshare:20260825
2026-08-25,akshare_fund_etf_scale_sse,SH,589950,科100FG,339873000.0,份,,,akshare:20260825
2026-08-25,akshare_fund_etf_scale_sse,SH,589960,科创新源,175316000.0,份,,,akshare:20260825
2026-08-25,akshare_fund_etf_scale_sse,SH,589980,科基100,132122000.0,份,,,akshare:20260825
2026-08-25,akshare_fund_etf_scale_sse,SH,589990,科创板综,106090000.0,份,,,akshare:20260825
