date,source,market,code,name,shares,share_unit,close,industry,source_file
2026-09-04,akshare_fund_scale_daily_szse,SZ,158000,港股通金融ETF鹏华,110925835.0,份,,,akshare:szse_daily
2026-09-04,akshare_fund_scale_daily_szse,SZ,158001,价值ETF嘉实,144392624.0,份,,,akshare:szse_daily
2026-09-04,akshare_fund_scale_daily_szse,SZ,158003,港股通医疗ETF嘉实,105654396.0,份,,,akshare:szse_daily
2026-09-04,akshare_fund_scale_daily_szse,SZ,158005,工程机械ETF博时,155061376.0,份,,,akshare:szse_daily
2026-09-04,akshare_fund_scale_daily_szse,SZ,158006,化工ETF博时,42046012.0,份,,,akshare:szse_daily
2026-09-04,akshare_fund_scale_daily_szse,SZ,158008,新能源电池ETF华夏,248413126.0,份,,,akshare:szse_daily
2026-09-04,akshare_fund_scale_daily_szse,SZ,158009,航空航天ETF南方,33373819.0,份,,,akshare:szse_daily
2026-09-04,akshare_fund_scale_daily_szse,SZ,158010,医疗ETF嘉实,263213319.0,份,,,akshare:szse_daily
2026-09-04,akshare_fund_scale_daily_szse,SZ,158011,创业板软件ETF国泰,106342654.0,份,,,akshare:szse_daily
2026-09-04,akshare_fund_scale_daily_szse,SZ,158012,云计算ETF南方,276325566.0,份,,,akshare:szse_daily
2026-09-04,akshare_fund_scale_daily_szse,SZ,158017,化工ETF易方达,77594582.0,份,,,akshare:szse_daily
2026-09-04,akshare_fund_scale_daily_szse,SZ,158019,电池ETF永赢,282281913.0,份,,,akshare:szse_daily
2026-09-04,akshare_fund_scale_daily_szse,SZ,158027,工业互联网ETF易方达,203143045.0,份,,,akshare:szse_daily
2026-09-04,akshare_fund_scale_daily_szse,SZ,159001,货币ETF易方达,34865249.0,份,,,akshare:szse_daily
2026-09-04,akshare_fund_scale_daily_szse,SZ,159003,招商快线ETF,2057064.0,份,,,akshare:szse_daily
2026-09-04,akshare_fund_scale_daily_szse,SZ,159005,快钱ETF汇添富,1188759.0,份,,,akshare:szse_daily
2026-09-04,akshare_fund_scale_daily_szse,SZ,159007,养殖ETF华泰柏瑞,187603274.0,份,,,akshare:szse_daily
2026-09-04,akshare_fund_scale_daily_szse,SZ,159008,证券ETF景顺,109284531.0,份,,,akshare:szse_daily
2026-09-04,akshare_fund_scale_daily_szse,SZ,159009,创业板新能源ETF易方达,147392703.0,份,,,akshare:szse_daily
2026-09-04,akshare_fund_scale_daily_szse,SZ,159010,港股通科技ETF博时,200097611.0,份,,,akshare:szse_daily
2026-09-04,akshare_fund_scale_daily_szse,SZ,159011,养殖ETF华安,25505168.0,份,,,akshare:szse_daily
2026-09-04,akshare_fund_scale_daily_szse,SZ,159012,科创创业50ETF鹏华,137881148.0,份,,,akshare:szse_daily
2026-09-04,akshare_fund_scale_daily_szse,SZ,159013,工业互联网ETF大成,40578881.0,份,,,akshare:szse_daily
2026-09-04,akshare_fund_scale_daily_szse,SZ,159015,恒生港股通科技ETF国联,110352934.0,份,,,akshare:szse_daily
2026-09-04,akshare_fund_scale_daily_szse,SZ,159016,证券ETF广发,321040154.0,份,,,akshare:szse_daily
2026-09-04,akshare_fund_scale_daily_szse,SZ,159017,石油ETF工银,151256813.0,份,,,akshare:szse_daily
2026-09-04,akshare_fund_scale_daily_szse,SZ,159018,石油ETF广发,27904203.0,份,,,akshare:szse_daily
2026-09-04,akshare_fund_scale_daily_szse,SZ,159019,石油ETF华宝,44327711.0,份,,,akshare:szse_daily
2026-09-04,akshare_fund_scale_daily_szse,SZ,159020,养殖ETF易方达,118567082.0,份,,,akshare:szse_daily
2026-09-04,akshare_fund_scale_daily_szse,SZ,159021,大盘价值ETF华夏,70907712.0,份,,,akshare:szse_daily
2026-09-04,akshare_fund_scale_daily_szse,SZ,159022,科创创业人工智能ETF富国,177630967.0,份,,,akshare:szse_daily
2026-09-04,akshare_fund_scale_daily_szse,SZ,159023,养殖ETF万家,39777943.0,份,,,akshare:szse_daily
2026-09-04,akshare_fund_scale_daily_szse,SZ,159026,石油ETF南方,44513446.0,份,,,akshare:szse_daily
2026-09-04,akshare_fund_scale_daily_szse,SZ,159027,畜牧养殖ETF大成,109472283.0,份,,,akshare:szse_daily
2026-09-04,akshare_fund_scale_daily_szse,SZ,159028,港股汽车ETF天弘,132449016.0,份,,,akshare:szse_daily
2026-09-04,akshare_fund_scale_daily_szse,SZ,159029,有色ETF广发,302127717.0,份,,,akshare:szse_daily
2026-09-04,akshare_fund_scale_daily_szse,SZ,159030,粮食ETF华夏,406468176.0,份,,,akshare:szse_daily
2026-09-04,akshare_fund_scale_daily_szse,SZ,159031,粮食ETF博时,526528624.0,份,,,akshare:szse_daily
2026-09-04,akshare_fund_scale_daily_szse,SZ,159032,工业有色ETF易方达,258845019.0,份,,,akshare:szse_daily
2026-09-04,akshare_fund_scale_daily_szse,SZ,159033,粮食ETF国泰,99323473.0,份,,,akshare:szse_daily
2026-09-04,akshare_fund_scale_daily_szse,SZ,159035,软件ETF天弘,609859726.0,份,,,akshare:szse_daily
2026-09-04,akshare_fund_scale_daily_szse,SZ,159036,软件开发ETF华宝,282740164.0,份,,,akshare:szse_daily
2026-09-04,akshare_fund_scale_daily_szse,SZ,159037,价值ETF鹏华,63249832.0,份,,,akshare:szse_daily
2026-09-04,akshare_fund_scale_daily_szse,SZ,159038,粮食ETF易方达,186026939.0,份,,,akshare:szse_daily
2026-09-04,akshare_fund_scale_daily_szse,SZ,159039,机器人ETF华安,1064461422.0,份,,,akshare:szse_daily
2026-09-04,akshare_fund_scale_daily_szse,SZ,159040,港股通互联网ETF鹏华,32481087.0,份,,,akshare:szse_daily
2026-09-04,akshare_fund_scale_daily_szse,SZ,159041,农业ETF鹏华,49471832.0,份,,,akshare:szse_daily
2026-09-04,akshare_fund_scale_daily_szse,SZ,159042,价值ETF汇添富,87801105.0,份,,,akshare:szse_daily
2026-09-04,akshare_fund_scale_daily_szse,SZ,159043,食品ETF华安,74770695.0,份,,,akshare:szse_daily
2026-09-04,akshare_fund_scale_daily_szse,SZ,159045,稀有金属ETF大成,172330213.0,份,,,akshare:szse_daily
2026-09-04,akshare_fund_scale_daily_szse,SZ,159046,绿电ETF天弘,534976854.0,份,,,akshare:szse_daily
2026-09-04,akshare_fund_scale_daily_szse,SZ,159048,机器人ETF大成,193803897.0,份,,,akshare:szse_daily
2026-09-04,akshare_fund_scale_daily_szse,SZ,159049,有色ETF工银,35073319.0,份,,,akshare:szse_daily
2026-09-04,akshare_fund_scale_daily_szse,SZ,159050,机器人ETF广发,656703612.0,份,,,akshare:szse_daily
2026-09-04,akshare_fund_scale_daily_szse,SZ,159051,医疗器械ETF易方达,84117894.0,份,,,akshare:szse_daily
2026-09-04,akshare_fund_scale_daily_szse,SZ,159052,新能源电池ETF嘉实,196926092.0,份,,,akshare:szse_daily
2026-09-04,akshare_fund_scale_daily_szse,SZ,159053,稀有金属ETF华夏,163198132.0,份,,,akshare:szse_daily
2026-09-04,akshare_fund_scale_daily_szse,SZ,159055,稀有金属ETF富国,122293952.0,份,,,akshare:szse_daily
2026-09-04,akshare_fund_scale_daily_szse,SZ,159056,医疗器械ETF富国,59934358.0,份,,,akshare:szse_daily
2026-09-04,akshare_fund_scale_daily_szse,SZ,159057,医疗器械ETF鹏华,26715334.0,份,,,akshare:szse_daily
2026-09-04,akshare_fund_scale_daily_szse,SZ,159058,证券ETF大成,77331247.0,份,,,akshare:szse_daily
2026-09-04,akshare_fund_scale_daily_szse,SZ,159059,电力ETF大成,55830063.0,份,,,akshare:szse_daily
2026-09-04,akshare_fund_scale_daily_szse,SZ,159060,粮食ETF浦银,21483423.0,份,,,akshare:szse_daily
2026-09-04,akshare_fund_scale_daily_szse,SZ,159061,绿色电力ETF南方,212040230.0,份,,,akshare:szse_daily
2026-09-04,akshare_fund_scale_daily_szse,SZ,159062,稀有金属ETF南方,119701256.0,份,,,akshare:szse_daily
2026-09-04,akshare_fund_scale_daily_szse,SZ,159063,粮食ETF南方,58986647.0,份,,,akshare:szse_daily
2026-09-04,akshare_fund_scale_daily_szse,SZ,159065,工程机械ETF景顺,107350818.0,份,,,akshare:szse_daily
2026-09-04,akshare_fund_scale_daily_szse,SZ,159066,A股ETF建信,208733027.0,份,,,akshare:szse_daily
2026-09-04,akshare_fund_scale_daily_szse,SZ,159067,绿色电力ETF鹏华,18908737.0,份,,,akshare:szse_daily
2026-09-04,akshare_fund_scale_daily_szse,SZ,159068,软件ETF华夏,60336570.0,份,,,akshare:szse_daily
2026-09-04,akshare_fund_scale_daily_szse,SZ,159069,创业板新能源ETF华泰柏瑞,40770440.0,份,,,akshare:szse_daily
2026-09-04,akshare_fund_scale_daily_szse,SZ,159070,工程机械ETF嘉实,104366883.0,份,,,akshare:szse_daily
2026-09-04,akshare_fund_scale_daily_szse,SZ,159071,新能源电池ETF华宝,120911738.0,份,,,akshare:szse_daily
2026-09-04,akshare_fund_scale_daily_szse,SZ,159072,粮食ETF景顺,45285157.0,份,,,akshare:szse_daily
2026-09-04,akshare_fund_scale_daily_szse,SZ,159073,粮食ETF汇添富,55173864.0,份,,,akshare:szse_daily
2026-09-04,akshare_fund_scale_daily_szse,SZ,159075,工业互联网ETF华夏,177197165.0,份,,,akshare:szse_daily
2026-09-04,akshare_fund_scale_daily_szse,SZ,159076,创业板新能源ETF华宝,246373015.0,份,,,akshare:szse_daily
2026-09-04,akshare_fund_scale_daily_szse,SZ,159077,电池ETF鑫元,32242574.0,份,,,akshare:szse_daily
2026-09-04,akshare_fund_scale_daily_szse,SZ,159078,A股ETF富国,167262460.0,份,,,akshare:szse_daily
2026-09-04,akshare_fund_scale_daily_szse,SZ,159079,价值ETF兴全,79806830.0,份,,,akshare:szse_daily
2026-09-04,akshare_fund_scale_daily_szse,SZ,159082,化工ETF华夏,74531212.0,份,,,akshare:szse_daily
2026-09-04,akshare_fund_scale_daily_szse,SZ,159083,红利低波100ETF嘉实,136370472.0,份,,,akshare:szse_daily
2026-09-04,akshare_fund_scale_daily_szse,SZ,159085,价值ETF永赢,31535454.0,份,,,akshare:szse_daily
2026-09-04,akshare_fund_scale_daily_szse,SZ,159086,金融科技ETF广发,28399823.0,份,,,akshare:szse_daily
2026-09-04,akshare_fund_scale_daily_szse,SZ,159087,化工ETF万家,31992150.0,份,,,akshare:szse_daily
2026-09-04,akshare_fund_scale_daily_szse,SZ,159091,港股通金融ETF易方达,24374196.0,份,,,akshare:szse_daily
2026-09-04,akshare_fund_scale_daily_szse,SZ,159093,化工ETF汇添富,27681470.0,份,,,akshare:szse_daily
2026-09-04,akshare_fund_scale_daily_szse,SZ,159095,云计算ETF银华,220468139.0,份,,,akshare:szse_daily
2026-09-04,akshare_fund_scale_daily_szse,SZ,159096,价值ETF华夏,166631305.0,份,,,akshare:szse_daily
2026-09-04,akshare_fund_scale_daily_szse,SZ,159098,价值ETF招商,97891589.0,份,,,akshare:szse_daily
2026-09-04,akshare_fund_scale_daily_szse,SZ,159099,云计算ETF华宝,103610546.0,份,,,akshare:szse_daily
2026-09-04,akshare_fund_scale_daily_szse,SZ,159100,巴西ETF华夏,466546935.0,份,,,akshare:szse_daily
2026-09-04,akshare_fund_scale_daily_szse,SZ,159101,港股通科技ETF华夏,2874311457.0,份,,,akshare:szse_daily
2026-09-04,akshare_fund_scale_daily_szse,SZ,159102,港股通生物科技ETF华安,650122004.0,份,,,akshare:szse_daily
2026-09-04,akshare_fund_scale_daily_szse,SZ,159103,金融科技ETF汇添富,301406771.0,份,,,akshare:szse_daily
2026-09-04,akshare_fund_scale_daily_szse,SZ,159105,恒生生物科技ETF易方达,181272984.0,份,,,akshare:szse_daily
2026-09-04,akshare_fund_scale_daily_szse,SZ,159106,民企300ETF前海开源,39579488.0,份,,,akshare:szse_daily
2026-09-04,akshare_fund_scale_daily_szse,SZ,159107,创业板软件ETF富国,761823006.0,份,,,akshare:szse_daily
2026-09-04,akshare_fund_scale_daily_szse,SZ,159108,工业软件ETF博时,116738511.0,份,,,akshare:szse_daily
2026-09-04,akshare_fund_scale_daily_szse,SZ,159109,恒生50ETF景顺,568163854.0,份,,,akshare:szse_daily
2026-09-04,akshare_fund_scale_daily_szse,SZ,159110,科创债ETF万家,22627093.0,份,,,akshare:szse_daily
2026-09-04,akshare_fund_scale_daily_szse,SZ,159111,科创债ETF天弘,144276676.0,份,,,akshare:szse_daily
2026-09-04,akshare_fund_scale_daily_szse,SZ,159112,科创债ETF银华,223437830.0,份,,,akshare:szse_daily
2026-09-04,akshare_fund_scale_daily_szse,SZ,159113,科创债ETF大成,95636237.0,份,,,akshare:szse_daily
2026-09-04,akshare_fund_scale_daily_szse,SZ,159115,科创债ETF华安,52753487.0,份,,,akshare:szse_daily
2026-09-04,akshare_fund_scale_daily_szse,SZ,159116,科创债ETF工银,114602743.0,份,,,akshare:szse_daily
2026-09-04,akshare_fund_scale_daily_szse,SZ,159117,港股通红利低波ETF鹏华,61401153.0,份,,,akshare:szse_daily
2026-09-04,akshare_fund_scale_daily_szse,SZ,159118,港股通红利低波ETF华夏,69677020.0,份,,,akshare:szse_daily
2026-09-04,akshare_fund_scale_daily_szse,SZ,159119,800现金流ETF招商,145054229.0,份,,,akshare:szse_daily
2026-09-04,akshare_fund_scale_daily_szse,SZ,159120,港股通科技ETF国联安,148024466.0,份,,,akshare:szse_daily
2026-09-04,akshare_fund_scale_daily_szse,SZ,159121,港股通汽车ETF易方达,152481127.0,份,,,akshare:szse_daily
2026-09-04,akshare_fund_scale_daily_szse,SZ,159122,创业板新能源ETF富国,67160935.0,份,,,akshare:szse_daily
2026-09-04,akshare_fund_scale_daily_szse,SZ,159123,光伏ETF嘉实,391047026.0,份,,,akshare:szse_daily
2026-09-04,akshare_fund_scale_daily_szse,SZ,159125,港股通科技ETF招商,840245883.0,份,,,akshare:szse_daily
2026-09-04,akshare_fund_scale_daily_szse,SZ,159126,港股通50ETF南方,227616546.0,份,,,akshare:szse_daily
2026-09-04,akshare_fund_scale_daily_szse,SZ,159127,港股通红利ETF南方,150844268.0,份,,,akshare:szse_daily
2026-09-04,akshare_fund_scale_daily_szse,SZ,159128,港股科技ETF天弘,1891760841.0,份,,,akshare:szse_daily
2026-09-04,akshare_fund_scale_daily_szse,SZ,159129,化工ETF嘉实,1131906595.0,份,,,akshare:szse_daily
2026-09-04,akshare_fund_scale_daily_szse,SZ,159130,恒生生物科技ETF鹏华,199389466.0,份,,,akshare:szse_daily
2026-09-04,akshare_fund_scale_daily_szse,SZ,159131,港股通信息技术ETF华宝,2204919902.0,份,,,akshare:szse_daily
2026-09-04,akshare_fund_scale_daily_szse,SZ,159132,恒生生物科技ETF富国,130963558.0,份,,,akshare:szse_daily
2026-09-04,akshare_fund_scale_daily_szse,SZ,159133,化工ETF天弘,1553413345.0,份,,,akshare:szse_daily
2026-09-04,akshare_fund_scale_daily_szse,SZ,159135,港股通科技ETF前海开源,618466376.0,份,,,akshare:szse_daily
2026-09-04,akshare_fund_scale_daily_szse,SZ,159136,A50ETF广发,109414074.0,份,,,akshare:szse_daily
2026-09-04,akshare_fund_scale_daily_szse,SZ,159137,港股通医疗ETF华宝,171632607.0,份,,,akshare:szse_daily
2026-09-04,akshare_fund_scale_daily_szse,SZ,159138,工程机械ETF易方达,294767924.0,份,,,akshare:szse_daily
2026-09-04,akshare_fund_scale_daily_szse,SZ,159139,科创创业人工智能ETF华泰柏瑞,182109210.0,份,,,akshare:szse_daily
2026-09-04,akshare_fund_scale_daily_szse,SZ,159140,科创创业人工智能ETF易方达,489936834.0,份,,,akshare:szse_daily
2026-09-04,akshare_fund_scale_daily_szse,SZ,159141,科创创业人工智能ETF永赢,1451060730.0,份,,,akshare:szse_daily
2026-09-04,akshare_fund_scale_daily_szse,SZ,159142,科创创业人工智能ETF景顺,1175260142.0,份,,,akshare:szse_daily
2026-09-04,akshare_fund_scale_daily_szse,SZ,159143,港股通央企红利ETF平安,51554456.0,份,,,akshare:szse_daily
2026-09-04,akshare_fund_scale_daily_szse,SZ,159145,工业软件ETF广发,69581845.0,份,,,akshare:szse_daily
2026-09-04,akshare_fund_scale_daily_szse,SZ,159146,电力ETF华宝,699940849.0,份,,,akshare:szse_daily
2026-09-04,akshare_fund_scale_daily_szse,SZ,159147,电池ETF南方,2132409552.0,份,,,akshare:szse_daily
2026-09-04,akshare_fund_scale_daily_szse,SZ,159148,石油ETF富国,244466601.0,份,,,akshare:szse_daily
2026-09-04,akshare_fund_scale_daily_szse,SZ,159149,创业板新能源ETF工银,55515298.0,份,,,akshare:szse_daily
2026-09-04,akshare_fund_scale_daily_szse,SZ,159150,深证50ETF易方达,97997623.0,份,,,akshare:szse_daily
2026-09-04,akshare_fund_scale_daily_szse,SZ,159151,食品ETF华夏,181651063.0,份,,,akshare:szse_daily
2026-09-04,akshare_fund_scale_daily_szse,SZ,159152,港股通科技ETF平安,817556093.0,份,,,akshare:szse_daily
2026-09-04,akshare_fund_scale_daily_szse,SZ,159153,消费电子ETF鹏华,100225988.0,份,,,akshare:szse_daily
2026-09-04,akshare_fund_scale_daily_szse,SZ,159155,电池ETF大成,688513298.0,份,,,akshare:szse_daily
2026-09-04,akshare_fund_scale_daily_szse,SZ,159156,电池ETF万家,222461253.0,份,,,akshare:szse_daily
2026-09-04,akshare_fund_scale_daily_szse,SZ,159157,有色金属ETF天弘,8018758760.0,份,,,akshare:szse_daily
2026-09-04,akshare_fund_scale_daily_szse,SZ,159158,电力ETF景顺,873035344.0,份,,,akshare:szse_daily
2026-09-04,akshare_fund_scale_daily_szse,SZ,159159,公用事业ETF国投瑞银,117318582.0,份,,,akshare:szse_daily
2026-09-04,akshare_fund_scale_daily_szse,SZ,159160,电池ETF东财,253819254.0,份,,,akshare:szse_daily
2026-09-04,akshare_fund_scale_daily_szse,SZ,159161,工程机械ETF东财,68331260.0,份,,,akshare:szse_daily
2026-09-04,akshare_fund_scale_daily_szse,SZ,159162,工业有色ETF鹏华,420939837.0,份,,,akshare:szse_daily
2026-09-04,akshare_fund_scale_daily_szse,SZ,159163,有色ETF泰康,265807013.0,份,,,akshare:szse_daily
2026-09-04,akshare_fund_scale_daily_szse,SZ,159165,养殖ETF永赢,103571257.0,份,,,akshare:szse_daily
2026-09-04,akshare_fund_scale_daily_szse,SZ,159166,现金流ETF长城,555816059.0,份,,,akshare:szse_daily
2026-09-04,akshare_fund_scale_daily_szse,SZ,159167,港股通医疗ETF工银,167549164.0,份,,,akshare:szse_daily
2026-09-04,akshare_fund_scale_daily_szse,SZ,159168,有色ETF富国,520455060.0,份,,,akshare:szse_daily
2026-09-04,akshare_fund_scale_daily_szse,SZ,159169,恒生生物科技ETF广发,130874485.0,份,,,akshare:szse_daily
2026-09-04,akshare_fund_scale_daily_szse,SZ,159170,港股通互联网ETF永赢,389638357.0,份,,,akshare:szse_daily
2026-09-04,akshare_fund_scale_daily_szse,SZ,159171,工业有色ETF博时,216532934.0,份,,,akshare:szse_daily
2026-09-04,akshare_fund_scale_daily_szse,SZ,159172,养殖ETF汇添富,373829293.0,份,,,akshare:szse_daily
2026-09-04,akshare_fund_scale_daily_szse,SZ,159173,农牧ETF南方,49455388.0,份,,,akshare:szse_daily
2026-09-04,akshare_fund_scale_daily_szse,SZ,159175,电池ETF易方达,496270382.0,份,,,akshare:szse_daily
2026-09-04,akshare_fund_scale_daily_szse,SZ,159176,家电ETF华宝,21303341.0,份,,,akshare:szse_daily
2026-09-04,akshare_fund_scale_daily_szse,SZ,159177,工程机械ETF鹏华,45619279.0,份,,,akshare:szse_daily
2026-09-04,akshare_fund_scale_daily_szse,SZ,159178,消费电子ETF汇添富,106432994.0,份,,,akshare:szse_daily
2026-09-04,akshare_fund_scale_daily_szse,SZ,159179,港股通互联网ETF工银,102903568.0,份,,,akshare:szse_daily
2026-09-04,akshare_fund_scale_daily_szse,SZ,159180,软件ETF银华,33155926.0,份,,,akshare:szse_daily
2026-09-04,akshare_fund_scale_daily_szse,SZ,159181,石油ETF易方达,132405335.0,份,,,akshare:szse_daily
2026-09-04,akshare_fund_scale_daily_szse,SZ,159182,家电ETF南方,36485663.0,份,,,akshare:szse_daily
2026-09-04,akshare_fund_scale_daily_szse,SZ,159183,新能源车ETF招商,49387793.0,份,,,akshare:szse_daily
2026-09-04,akshare_fund_scale_daily_szse,SZ,159185,港股通信息技术ETF鹏华,194099035.0,份,,,akshare:szse_daily
2026-09-04,akshare_fund_scale_daily_szse,SZ,159186,港股通汽车ETF鹏华,88869245.0,份,,,akshare:szse_daily
2026-09-04,akshare_fund_scale_daily_szse,SZ,159187,创业板新能源ETF景顺,68176266.0,份,,,akshare:szse_daily
2026-09-04,akshare_fund_scale_daily_szse,SZ,159188,红利100ETF景顺,66601882.0,份,,,akshare:szse_daily
2026-09-04,akshare_fund_scale_daily_szse,SZ,159189,石油ETF华夏,107083187.0,份,,,akshare:szse_daily
2026-09-04,akshare_fund_scale_daily_szse,SZ,159190,创业板新能源ETF天弘,82069299.0,份,,,akshare:szse_daily
2026-09-04,akshare_fund_scale_daily_szse,SZ,159191,港股通科技ETF易方达,69104851.0,份,,,akshare:szse_daily
2026-09-04,akshare_fund_scale_daily_szse,SZ,159192,家电ETF汇添富,17987065.0,份,,,akshare:szse_daily
2026-09-04,akshare_fund_scale_daily_szse,SZ,159193,新能源电池ETF银华,230080335.0,份,,,akshare:szse_daily
2026-09-04,akshare_fund_scale_daily_szse,SZ,159195,石油ETF华安,73490164.0,份,,,akshare:szse_daily
2026-09-04,akshare_fund_scale_daily_szse,SZ,159196,港股通信息技术ETF易方达,221530324.0,份,,,akshare:szse_daily
2026-09-04,akshare_fund_scale_daily_szse,SZ,159197,石油ETF招商,39388290.0,份,,,akshare:szse_daily
2026-09-04,akshare_fund_scale_daily_szse,SZ,159198,港股通信息技术ETF富国,85344347.0,份,,,akshare:szse_daily
2026-09-04,akshare_fund_scale_daily_szse,SZ,159199,石油ETF平安,66154938.0,份,,,akshare:szse_daily
2026-09-04,akshare_fund_scale_daily_szse,SZ,159200,科创债ETF富国,152312633.0,份,,,akshare:szse_daily
2026-09-04,akshare_fund_scale_daily_szse,SZ,159201,自由现金流ETF华夏,13594275939.0,份,,,akshare:szse_daily
2026-09-04,akshare_fund_scale_daily_szse,SZ,159202,恒生互联网ETF万家,1219401900.0,份,,,akshare:szse_daily
2026-09-04,akshare_fund_scale_daily_szse,SZ,159203,大盘成长ETF博时,9791913.0,份,,,akshare:szse_daily
2026-09-04,akshare_fund_scale_daily_szse,SZ,159205,创业板ETF东财,713056064.0,份,,,akshare:szse_daily
2026-09-04,akshare_fund_scale_daily_szse,SZ,159206,卫星ETF永赢,9447953365.0,份,,,akshare:szse_daily
2026-09-04,akshare_fund_scale_daily_szse,SZ,159207,高股息ETF广发,2253983345.0,份,,,akshare:szse_daily
2026-09-04,akshare_fund_scale_daily_szse,SZ,159208,航空航天ETF万家,325462783.0,份,,,akshare:szse_daily
2026-09-04,akshare_fund_scale_daily_szse,SZ,159209,红利质量ETF招商,2215635053.0,份,,,akshare:szse_daily
2026-09-04,akshare_fund_scale_daily_szse,SZ,159210,港股通汽车ETF汇添富,43349802.0,份,,,akshare:szse_daily
2026-09-04,akshare_fund_scale_daily_szse,SZ,159211,深证100ETF富国,23683294.0,份,,,akshare:szse_daily
2026-09-04,akshare_fund_scale_daily_szse,SZ,159212,深100ETF南方,73204367.0,份,,,akshare:szse_daily
2026-09-04,akshare_fund_scale_daily_szse,SZ,159213,机器人ETF汇添富,479737566.0,份,,,akshare:szse_daily
2026-09-04,akshare_fund_scale_daily_szse,SZ,159215,A500ETF平安,958582803.0,份,,,akshare:szse_daily
2026-09-04,akshare_fund_scale_daily_szse,SZ,159216,深证100ETF大成,15548250.0,份,,,akshare:szse_daily
2026-09-04,akshare_fund_scale_daily_szse,SZ,159217,港股通创新药ETF工银,5889157596.0,份,,,akshare:szse_daily
2026-09-04,akshare_fund_scale_daily_szse,SZ,159218,卫星ETF招商,2031616390.0,份,,,akshare:szse_daily
2026-09-04,akshare_fund_scale_daily_szse,SZ,159219,深证100ETF融通,10388018.0,份,,,akshare:szse_daily
2026-09-04,akshare_fund_scale_daily_szse,SZ,159220,港股通红利低波ETF华宝,505569526.0,份,,,akshare:szse_daily
2026-09-04,akshare_fund_scale_daily_szse,SZ,159221,现金流ETF嘉实,1079013233.0,份,,,akshare:szse_daily
2026-09-04,akshare_fund_scale_daily_szse,SZ,159222,自由现金流ETF易方达,1736370402.0,份,,,akshare:szse_daily
2026-09-04,akshare_fund_scale_daily_szse,SZ,159223,现金流ETF永赢,176844755.0,份,,,akshare:szse_daily
2026-09-04,akshare_fund_scale_daily_szse,SZ,159225,现金流ETF银华,267744804.0,份,,,akshare:szse_daily
2026-09-04,akshare_fund_scale_daily_szse,SZ,159226,中证A500增强ETF国泰,87094840.0,份,,,akshare:szse_daily
2026-09-04,akshare_fund_scale_daily_szse,SZ,159227,航空航天ETF华夏,4478911199.0,份,,,akshare:szse_daily
2026-09-04,akshare_fund_scale_daily_szse,SZ,159228,红利低波ETF长城,103212692.0,份,,,akshare:szse_daily
2026-09-04,akshare_fund_scale_daily_szse,SZ,159229,自由现金流ETF广发,141556022.0,份,,,akshare:szse_daily
2026-09-04,akshare_fund_scale_daily_szse,SZ,159230,通用航空ETF华夏,301304228.0,份,,,akshare:szse_daily
2026-09-04,akshare_fund_scale_daily_szse,SZ,159231,通用航空ETF华宝,329091860.0,份,,,akshare:szse_daily
2026-09-04,akshare_fund_scale_daily_szse,SZ,159232,自由现金流ETF南方,2092948566.0,份,,,akshare:szse_daily
2026-09-04,akshare_fund_scale_daily_szse,SZ,159233,自由现金流ETF平安,620623418.0,份,,,akshare:szse_daily
2026-09-04,akshare_fund_scale_daily_szse,SZ,159235,中证现金流ETF大成,1906729545.0,份,,,akshare:szse_daily
2026-09-04,akshare_fund_scale_daily_szse,SZ,159236,自由现金流ETF工银,37722161.0,份,,,akshare:szse_daily
2026-09-04,akshare_fund_scale_daily_szse,SZ,159237,港股汽车ETF工银,42334226.0,份,,,akshare:szse_daily
2026-09-04,akshare_fund_scale_daily_szse,SZ,159238,沪深300增强ETF景顺,55016186.0,份,,,akshare:szse_daily
2026-09-04,akshare_fund_scale_daily_szse,SZ,159239,港股通汽车ETF富国,95780753.0,份,,,akshare:szse_daily
2026-09-04,akshare_fund_scale_daily_szse,SZ,159240,A500增强ETF天弘,17619776.0,份,,,akshare:szse_daily
2026-09-04,akshare_fund_scale_daily_szse,SZ,159241,航空航天ETF天弘,1289074265.0,份,,,akshare:szse_daily
2026-09-04,akshare_fund_scale_daily_szse,SZ,159242,创业板人工智能ETF大成,436278583.0,份,,,akshare:szse_daily
2026-09-04,akshare_fund_scale_daily_szse,SZ,159243,创业板人工智能ETF招商,148030224.0,份,,,akshare:szse_daily
2026-09-04,akshare_fund_scale_daily_szse,SZ,159245,港股通消费ETF富国,70113296.0,份,,,akshare:szse_daily
2026-09-04,akshare_fund_scale_daily_szse,SZ,159246,创业板人工智能ETF富国,3221655606.0,份,,,akshare:szse_daily
2026-09-04,akshare_fund_scale_daily_szse,SZ,159247,创业板ETF汇添富,613984966.0,份,,,akshare:szse_daily
2026-09-04,akshare_fund_scale_daily_szse,SZ,159248,人工智能ETF万家,134095652.0,份,,,akshare:szse_daily
2026-09-04,akshare_fund_scale_daily_szse,SZ,159249,A500增强ETF工银,108191923.0,份,,,akshare:szse_daily
2026-09-04,akshare_fund_scale_daily_szse,SZ,159251,港股通科技ETF万家,243787744.0,份,,,akshare:szse_daily
2026-09-04,akshare_fund_scale_daily_szse,SZ,159253,银行ETF博时,500004979.0,份,,,akshare:szse_daily
2026-09-04,akshare_fund_scale_daily_szse,SZ,159255,通用航空ETF易方达,68338868.0,份,,,akshare:szse_daily
2026-09-04,akshare_fund_scale_daily_szse,SZ,159256,创业板软件ETF华夏,586183766.0,份,,,akshare:szse_daily
2026-09-04,akshare_fund_scale_daily_szse,SZ,159257,航空ETF汇添富,147416949.0,份,,,akshare:szse_daily
2026-09-04,akshare_fund_scale_daily_szse,SZ,159258,机器人ETF南方,1327265664.0,份,,,akshare:szse_daily
2026-09-04,akshare_fund_scale_daily_szse,SZ,159259,成长ETF易方达,5079696403.0,份,,,akshare:szse_daily
2026-09-04,akshare_fund_scale_daily_szse,SZ,159260,证券ETF博时,1019713576.0,份,,,akshare:szse_daily
2026-09-04,akshare_fund_scale_daily_szse,SZ,159261,创业板新能源ETF鹏华,49814904.0,份,,,akshare:szse_daily
2026-09-04,akshare_fund_scale_daily_szse,SZ,159262,港股通科技ETF广发,5468720485.0,份,,,akshare:szse_daily
2026-09-04,akshare_fund_scale_daily_szse,SZ,159263,价值ETF易方达,6370105126.0,份,,,akshare:szse_daily
2026-09-04,akshare_fund_scale_daily_szse,SZ,159265,港股消费ETF鹏华,177950894.0,份,,,akshare:szse_daily
2026-09-04,akshare_fund_scale_daily_szse,SZ,159266,港股央企红利ETF永赢,341710088.0,份,,,akshare:szse_daily
2026-09-04,akshare_fund_scale_daily_szse,SZ,159267,航天ETF华安,2547506126.0,份,,,akshare:szse_daily
2026-09-04,akshare_fund_scale_daily_szse,SZ,159268,港股通消费ETF汇添富,389055027.0,份,,,akshare:szse_daily
2026-09-04,akshare_fund_scale_daily_szse,SZ,159269,港股通科技ETF南方,1516311712.0,份,,,akshare:szse_daily
2026-09-04,akshare_fund_scale_daily_szse,SZ,159270,创业板200ETF南方,90763649.0,份,,,akshare:szse_daily
2026-09-04,akshare_fund_scale_daily_szse,SZ,159271,恒生ETF鹏华,241386731.0,份,,,akshare:szse_daily
2026-09-04,akshare_fund_scale_daily_szse,SZ,159272,机器人ETF富国,3692164690.0,份,,,akshare:szse_daily
2026-09-04,akshare_fund_scale_daily_szse,SZ,159273,云计算ETF汇添富,707777501.0,份,,,akshare:szse_daily
2026-09-04,akshare_fund_scale_daily_szse,SZ,159275,农牧渔ETF华宝,260302909.0,份,,,akshare:szse_daily
2026-09-04,akshare_fund_scale_daily_szse,SZ,159276,现金流ETF汇添富,554696658.0,份,,,akshare:szse_daily
2026-09-04,akshare_fund_scale_daily_szse,SZ,159277,港股通红利ETF富国,35557011.0,份,,,akshare:szse_daily
2026-09-04,akshare_fund_scale_daily_szse,SZ,159278,机器人ETF鹏华,2014545853.0,份,,,akshare:szse_daily
2026-09-04,akshare_fund_scale_daily_szse,SZ,159279,创业板人工智能ETF华安,158387534.0,份,,,akshare:szse_daily
2026-09-04,akshare_fund_scale_daily_szse,SZ,159280,港股通互联网ETF汇添富,107717171.0,份,,,akshare:szse_daily
2026-09-04,akshare_fund_scale_daily_szse,SZ,159281,港股央企红利ETF天弘,243233059.0,份,,,akshare:szse_daily
2026-09-04,akshare_fund_scale_daily_szse,SZ,159283,通用航空ETF南方,296437981.0,份,,,akshare:szse_daily
2026-09-04,akshare_fund_scale_daily_szse,SZ,159285,港股通消费ETF华安,248486680.0,份,,,akshare:szse_daily
2026-09-04,akshare_fund_scale_daily_szse,SZ,159286,港股通创新药ETF鹏华,719785402.0,份,,,akshare:szse_daily
2026-09-04,akshare_fund_scale_daily_szse,SZ,159287,创业板综ETF博时,109568753.0,份,,,akshare:szse_daily
2026-09-04,akshare_fund_scale_daily_szse,SZ,159288,创业板综ETF银华,92174931.0,份,,,akshare:szse_daily
2026-09-04,akshare_fund_scale_daily_szse,SZ,159289,创业板综指ETF鹏华,38902640.0,份,,,akshare:szse_daily
2026-09-04,akshare_fund_scale_daily_szse,SZ,159290,创业板综指增强ETF东财,45100396.0,份,,,akshare:szse_daily
2026-09-04,akshare_fund_scale_daily_szse,SZ,159291,创业板综增强ETF招商,17457388.0,份,,,akshare:szse_daily
2026-09-04,akshare_fund_scale_daily_szse,SZ,159292,创业板综增强ETF华宝,175189531.0,份,,,akshare:szse_daily
2026-09-04,akshare_fund_scale_daily_szse,SZ,159293,创业板综增强ETF建信,25159397.0,份,,,akshare:szse_daily
2026-09-04,akshare_fund_scale_daily_szse,SZ,159295,创业综指ETF西部利得,96958239.0,份,,,akshare:szse_daily
2026-09-04,akshare_fund_scale_daily_szse,SZ,159296,A500红利低波ETF华宝,44042941.0,份,,,akshare:szse_daily
2026-09-04,akshare_fund_scale_daily_szse,SZ,159297,港股通创新药ETF南方,3784418642.0,份,,,akshare:szse_daily
2026-09-04,akshare_fund_scale_daily_szse,SZ,159298,创业板50ETF大成,167281082.0,份,,,akshare:szse_daily
2026-09-04,akshare_fund_scale_daily_szse,SZ,159299,金融科技ETF易方达,659472981.0,份,,,akshare:szse_daily
2026-09-04,akshare_fund_scale_daily_szse,SZ,159300,沪深300ETF富国,380758097.0,份,,,akshare:szse_daily
2026-09-04,akshare_fund_scale_daily_szse,SZ,159301,公用事业ETF华夏,122958357.0,份,,,akshare:szse_daily
2026-09-04,akshare_fund_scale_daily_szse,SZ,159302,港股高股息ETF银华,48297609.0,份,,,akshare:szse_daily
2026-09-04,akshare_fund_scale_daily_szse,SZ,159303,恒生医疗ETF大成,73991693.0,份,,,akshare:szse_daily
2026-09-04,akshare_fund_scale_daily_szse,SZ,159305,储能电池ETF广发,1192640302.0,份,,,akshare:szse_daily
2026-09-04,akshare_fund_scale_daily_szse,SZ,159306,汽车零部件ETF平安,21244616.0,份,,,akshare:szse_daily
2026-09-04,akshare_fund_scale_daily_szse,SZ,159307,红利低波100ETF博时,7057903552.0,份,,,akshare:szse_daily
2026-09-04,akshare_fund_scale_daily_szse,SZ,159309,油气ETF汇添富,548371736.0,份,,,akshare:szse_daily
2026-09-04,akshare_fund_scale_daily_szse,SZ,159310,芯片ETF天弘,501981080.0,份,,,akshare:szse_daily
2026-09-04,akshare_fund_scale_daily_szse,SZ,159311,数字经济ETF易方达,37383993.0,份,,,akshare:szse_daily
2026-09-04,akshare_fund_scale_daily_szse,SZ,159312,恒指港股通ETF广发,32224353.0,份,,,akshare:szse_daily
2026-09-04,akshare_fund_scale_daily_szse,SZ,159315,黄金股ETF工银,184589621.0,份,,,akshare:szse_daily
2026-09-04,akshare_fund_scale_daily_szse,SZ,159316,港股通创新药ETF易方达,5320336139.0,份,,,akshare:szse_daily
2026-09-04,akshare_fund_scale_daily_szse,SZ,159318,恒指港股通ETF银华,13601647.0,份,,,akshare:szse_daily
2026-09-04,akshare_fund_scale_daily_szse,SZ,159320,电网设备ETF广发,1670235519.0,份,,,akshare:szse_daily
2026-09-04,akshare_fund_scale_daily_szse,SZ,159321,黄金股ETF华安,394900397.0,份,,,akshare:szse_daily
2026-09-04,akshare_fund_scale_daily_szse,SZ,159322,黄金股ETF平安,115411691.0,份,,,akshare:szse_daily
2026-09-04,akshare_fund_scale_daily_szse,SZ,159323,港股通汽车ETF华夏,97097378.0,份,,,akshare:szse_daily
2026-09-04,akshare_fund_scale_daily_szse,SZ,159325,半导体ETF南方,556460528.0,份,,,akshare:szse_daily
2026-09-04,akshare_fund_scale_daily_szse,SZ,159326,电网设备ETF华夏,11591265525.0,份,,,akshare:szse_daily
2026-09-04,akshare_fund_scale_daily_szse,SZ,159327,半导体设备ETF万家,2920574091.0,份,,,akshare:szse_daily
2026-09-04,akshare_fund_scale_daily_szse,SZ,159328,家电ETF易方达,92556700.0,份,,,akshare:szse_daily
2026-09-04,akshare_fund_scale_daily_szse,SZ,159329,沙特ETF南方,1155189188.0,份,,,akshare:szse_daily
2026-09-04,akshare_fund_scale_daily_szse,SZ,159330,沪深300ETF东财,425801009.0,份,,,akshare:szse_daily
2026-09-04,akshare_fund_scale_daily_szse,SZ,159331,红利港股ETF国泰,145694179.0,份,,,akshare:szse_daily
2026-09-04,akshare_fund_scale_daily_szse,SZ,159332,央企红利ETF富国,85521477.0,份,,,akshare:szse_daily
2026-09-04,akshare_fund_scale_daily_szse,SZ,159333,港股央企红利ETF万家,200952835.0,份,,,akshare:szse_daily
2026-09-04,akshare_fund_scale_daily_szse,SZ,159335,央企科创ETF融通,62883689.0,份,,,akshare:szse_daily
2026-09-04,akshare_fund_scale_daily_szse,SZ,159336,央企红利ETF融通,304905090.0,份,,,akshare:szse_daily
2026-09-04,akshare_fund_scale_daily_szse,SZ,159337,中证500ETF东财,279710611.0,份,,,akshare:szse_daily
2026-09-04,akshare_fund_scale_daily_szse,SZ,159338,中证A500ETF国泰,21524086664.0,份,,,akshare:szse_daily
2026-09-04,akshare_fund_scale_daily_szse,SZ,159339,A500ETF银华,1826086841.0,份,,,akshare:szse_daily
2026-09-04,akshare_fund_scale_daily_szse,SZ,159350,深证50ETF富国,132009642.0,份,,,akshare:szse_daily
2026-09-04,akshare_fund_scale_daily_szse,SZ,159351,A500ETF嘉实,7220123357.0,份,,,akshare:szse_daily
2026-09-04,akshare_fund_scale_daily_szse,SZ,159352,A500ETF南方,26790101746.0,份,,,akshare:szse_daily
2026-09-04,akshare_fund_scale_daily_szse,SZ,159353,中证A500ETF景顺,4340161812.0,份,,,akshare:szse_daily
2026-09-04,akshare_fund_scale_daily_szse,SZ,159355,800红利低波ETF华宝,86234277.0,份,,,akshare:szse_daily
2026-09-04,akshare_fund_scale_daily_szse,SZ,159356,A500ETF万家,731120647.0,份,,,akshare:szse_daily
2026-09-04,akshare_fund_scale_daily_szse,SZ,159357,A500ETF博时,1219833841.0,份,,,akshare:szse_daily
2026-09-04,akshare_fund_scale_daily_szse,SZ,159358,中证A500ETF大成,881106420.0,份,,,akshare:szse_daily
2026-09-04,akshare_fund_scale_daily_szse,SZ,159359,A500ETF华安,692140424.0,份,,,akshare:szse_daily
2026-09-04,akshare_fund_scale_daily_szse,SZ,159360,A500ETF天弘,1280184526.0,份,,,akshare:szse_daily
2026-09-04,akshare_fund_scale_daily_szse,SZ,159361,A500ETF易方达,23633090279.0,份,,,akshare:szse_daily
2026-09-04,akshare_fund_scale_daily_szse,SZ,159362,A500ETF工银,1628180191.0,份,,,akshare:szse_daily
2026-09-04,akshare_fund_scale_daily_szse,SZ,159363,创业板人工智能ETF华宝,5810169924.0,份,,,akshare:szse_daily
2026-09-04,akshare_fund_scale_daily_szse,SZ,159365,恒指港股通ETF富国,46162398.0,份,,,akshare:szse_daily
2026-09-04,akshare_fund_scale_daily_szse,SZ,159366,港股医疗ETF永赢,429333072.0,份,,,akshare:szse_daily
2026-09-04,akshare_fund_scale_daily_szse,SZ,159367,创业板50ETF华夏,184079029.0,份,,,akshare:szse_daily
2026-09-04,akshare_fund_scale_daily_szse,SZ,159368,创业板新能源ETF华夏,930579682.0,份,,,akshare:szse_daily
2026-09-04,akshare_fund_scale_daily_szse,SZ,159369,创业板50ETF易方达,417753492.0,份,,,akshare:szse_daily
2026-09-04,akshare_fund_scale_daily_szse,SZ,159370,创50ETF工银,234316009.0,份,,,akshare:szse_daily
2026-09-04,akshare_fund_scale_daily_szse,SZ,159371,创业板50ETF富国,192221172.0,份,,,akshare:szse_daily
2026-09-04,akshare_fund_scale_daily_szse,SZ,159372,创业板50ETF万家,63451588.0,份,,,akshare:szse_daily
2026-09-04,akshare_fund_scale_daily_szse,SZ,159373,创业板50ETF嘉实,145557494.0,份,,,akshare:szse_daily
2026-09-04,akshare_fund_scale_daily_szse,SZ,159375,创业板50ETF国泰,399595350.0,份,,,akshare:szse_daily
2026-09-04,akshare_fund_scale_daily_szse,SZ,159376,A500ETF浦银,45922317.0,份,,,akshare:szse_daily
2026-09-04,akshare_fund_scale_daily_szse,SZ,159377,创业板医药ETF国泰,123129399.0,份,,,akshare:szse_daily
2026-09-04,akshare_fund_scale_daily_szse,SZ,159378,通用航空ETF永赢,557771072.0,份,,,akshare:szse_daily
2026-09-04,akshare_fund_scale_daily_szse,SZ,159379,A500ETF融通,158821471.0,份,,,akshare:szse_daily
2026-09-04,akshare_fund_scale_daily_szse,SZ,159380,A500ETF东财,157804337.0,份,,,akshare:szse_daily
2026-09-04,akshare_fund_scale_daily_szse,SZ,159381,创业板人工智能ETF华夏,1825153206.0,份,,,akshare:szse_daily
2026-09-04,akshare_fund_scale_daily_szse,SZ,159382,创业板人工智能ETF南方,812055714.0,份,,,akshare:szse_daily
2026-09-04,akshare_fund_scale_daily_szse,SZ,159383,创业板50ETF华泰柏瑞,53092486.0,份,,,akshare:szse_daily
2026-09-04,akshare_fund_scale_daily_szse,SZ,159385,数字经济ETF富国,51002525.0,份,,,akshare:szse_daily
2026-09-04,akshare_fund_scale_daily_szse,SZ,159386,A500ETF永赢,57869559.0,份,,,akshare:szse_daily
2026-09-04,akshare_fund_scale_daily_szse,SZ,159387,创业板新能源ETF国泰,1157189648.0,份,,,akshare:szse_daily
2026-09-04,akshare_fund_scale_daily_szse,SZ,159388,创业板人工智能ETF国泰,896736984.0,份,,,akshare:szse_daily
2026-09-04,akshare_fund_scale_daily_szse,SZ,159389,数字经济ETF嘉实,134093364.0,份,,,akshare:szse_daily
2026-09-04,akshare_fund_scale_daily_szse,SZ,159390,中证A50ETF国联,109268771.0,份,,,akshare:szse_daily
2026-09-04,akshare_fund_scale_daily_szse,SZ,159391,大盘价值ETF博时,85076398.0,份,,,akshare:szse_daily
2026-09-04,akshare_fund_scale_daily_szse,SZ,159392,航空ETF富国,184285500.0,份,,,akshare:szse_daily
2026-09-04,akshare_fund_scale_daily_szse,SZ,159393,沪深300ETF万家,89746342.0,份,,,akshare:szse_daily
2026-09-04,akshare_fund_scale_daily_szse,SZ,159395,信用债ETF大成,134804202.0,份,,,akshare:szse_daily
2026-09-04,akshare_fund_scale_daily_szse,SZ,159396,信用债ETF博时,89733129.0,份,,,akshare:szse_daily
2026-09-04,akshare_fund_scale_daily_szse,SZ,159397,信用债ETF广发,168727657.0,份,,,akshare:szse_daily
2026-09-04,akshare_fund_scale_daily_szse,SZ,159398,信用债ETF天弘,90282310.0,份,,,akshare:szse_daily
2026-09-04,akshare_fund_scale_daily_szse,SZ,159399,现金流ETF国泰,4290194835.0,份,,,akshare:szse_daily
2026-09-04,akshare_fund_scale_daily_szse,SZ,159400,科创债ETF景顺,70277356.0,份,,,akshare:szse_daily
2026-09-04,akshare_fund_scale_daily_szse,SZ,159500,中证500ETF富国,210538865.0,份,,,akshare:szse_daily
2026-09-04,akshare_fund_scale_daily_szse,SZ,159501,纳指ETF嘉实,6777986575.0,份,,,akshare:szse_daily
2026-09-04,akshare_fund_scale_daily_szse,SZ,159502,标普生物科技ETF嘉实,1128323019.0,份,,,akshare:szse_daily
2026-09-04,akshare_fund_scale_daily_szse,SZ,159505,国证2000ETF博时,19104786.0,份,,,akshare:szse_daily
2026-09-04,akshare_fund_scale_daily_szse,SZ,159506,港股通创新药医疗ETF富国,2658536979.0,份,,,akshare:szse_daily
2026-09-04,akshare_fund_scale_daily_szse,SZ,159507,通信ETF广发,833830902.0,份,,,akshare:szse_daily
2026-09-04,akshare_fund_scale_daily_szse,SZ,159508,生物医药ETF华安,91631598.0,份,,,akshare:szse_daily
2026-09-04,akshare_fund_scale_daily_szse,SZ,159509,纳指科技ETF景顺,6621564118.0,份,,,akshare:szse_daily
2026-09-04,akshare_fund_scale_daily_szse,SZ,159510,沪深300价值ETF华夏,66128342.0,份,,,akshare:szse_daily
2026-09-04,akshare_fund_scale_daily_szse,SZ,159511,通信ETF南方,144444573.0,份,,,akshare:szse_daily
2026-09-04,akshare_fund_scale_daily_szse,SZ,159512,汽车ETF广发,115264855.0,份,,,akshare:szse_daily
2026-09-04,akshare_fund_scale_daily_szse,SZ,159513,纳斯达克100ETF大成,4606549100.0,份,,,akshare:szse_daily
2026-09-04,akshare_fund_scale_daily_szse,SZ,159515,国企红利ETF鹏扬,34586631.0,份,,,akshare:szse_daily
2026-09-04,akshare_fund_scale_daily_szse,SZ,159516,半导体设备ETF国泰,61859359972.0,份,,,akshare:szse_daily
2026-09-04,akshare_fund_scale_daily_szse,SZ,159517,中证800增强ETF银华,8742624.0,份,,,akshare:szse_daily
2026-09-04,akshare_fund_scale_daily_szse,SZ,159518,标普油气ETF嘉实,1661325369.0,份,,,akshare:szse_daily
2026-09-04,akshare_fund_scale_daily_szse,SZ,159519,港股国企ETF国泰,58157854.0,份,,,akshare:szse_daily
2026-09-04,akshare_fund_scale_daily_szse,SZ,159520,消费龙头ETF工银,151177649.0,份,,,akshare:szse_daily
2026-09-04,akshare_fund_scale_daily_szse,SZ,159521,国证2000ETF平安,18274435.0,份,,,akshare:szse_daily
2026-09-04,akshare_fund_scale_daily_szse,SZ,159523,沪深300成长ETF华夏,70517348.0,份,,,akshare:szse_daily
2026-09-04,akshare_fund_scale_daily_szse,SZ,159525,红利低波ETF富国,443743741.0,份,,,akshare:szse_daily
2026-09-04,akshare_fund_scale_daily_szse,SZ,159526,机器人ETF嘉实,566462964.0,份,,,akshare:szse_daily
2026-09-04,akshare_fund_scale_daily_szse,SZ,159527,云计算ETF广发,454301350.0,份,,,akshare:szse_daily
2026-09-04,akshare_fund_scale_daily_szse,SZ,159528,国企改革ETF富国,7320773.0,份,,,akshare:szse_daily
2026-09-04,akshare_fund_scale_daily_szse,SZ,159529,标普消费ETF景顺,811536791.0,份,,,akshare:szse_daily
2026-09-04,akshare_fund_scale_daily_szse,SZ,159530,机器人ETF易方达,12659613169.0,份,,,akshare:szse_daily
2026-09-04,akshare_fund_scale_daily_szse,SZ,159531,中证2000ETF南方,1014608406.0,份,,,akshare:szse_daily
2026-09-04,akshare_fund_scale_daily_szse,SZ,159532,中证2000ETF易方达,161564791.0,份,,,akshare:szse_daily
2026-09-04,akshare_fund_scale_daily_szse,SZ,159533,中证2000ETF博时,13458785.0,份,,,akshare:szse_daily
2026-09-04,akshare_fund_scale_daily_szse,SZ,159535,中证2000ETF嘉实,23981088.0,份,,,akshare:szse_daily
2026-09-04,akshare_fund_scale_daily_szse,SZ,159536,中证2000ETF汇添富,51261589.0,份,,,akshare:szse_daily
2026-09-04,akshare_fund_scale_daily_szse,SZ,159537,信创ETF国泰,150285204.0,份,,,akshare:szse_daily
2026-09-04,akshare_fund_scale_daily_szse,SZ,159538,信创ETF富国,216608966.0,份,,,akshare:szse_daily
2026-09-04,akshare_fund_scale_daily_szse,SZ,159539,信创ETF广发,50565182.0,份,,,akshare:szse_daily
2026-09-04,akshare_fund_scale_daily_szse,SZ,159540,信创ETF易方达,122505191.0,份,,,akshare:szse_daily
2026-09-04,akshare_fund_scale_daily_szse,SZ,159541,创业板综ETF万家,64593326.0,份,,,akshare:szse_daily
2026-09-04,akshare_fund_scale_daily_szse,SZ,159542,工程机械ETF大成,14092850.0,份,,,akshare:szse_daily
2026-09-04,akshare_fund_scale_daily_szse,SZ,159543,国证2000ETF工银,42196551.0,份,,,akshare:szse_daily
2026-09-04,akshare_fund_scale_daily_szse,SZ,159545,恒生红利低波ETF易方达,5325403689.0,份,,,akshare:szse_daily
2026-09-04,akshare_fund_scale_daily_szse,SZ,159546,集成电路ETF国泰,764927822.0,份,,,akshare:szse_daily
2026-09-04,akshare_fund_scale_daily_szse,SZ,159547,红利低波ETF华夏,1252286075.0,份,,,akshare:szse_daily
2026-09-04,akshare_fund_scale_daily_szse,SZ,159549,红利低波ETF天弘,4768523884.0,份,,,akshare:szse_daily
2026-09-04,akshare_fund_scale_daily_szse,SZ,159550,互联网ETF东财,191828785.0,份,,,akshare:szse_daily
2026-09-04,akshare_fund_scale_daily_szse,SZ,159551,机器人ETF国泰,290920923.0,份,,,akshare:szse_daily
2026-09-04,akshare_fund_scale_daily_szse,SZ,159552,中证2000增强ETF招商,753290319.0,份,,,akshare:szse_daily
2026-09-04,akshare_fund_scale_daily_szse,SZ,159553,中证2000增强ETF海富通,15326751.0,份,,,akshare:szse_daily
2026-09-04,akshare_fund_scale_daily_szse,SZ,159555,中证2000增强ETF银华,37462705.0,份,,,akshare:szse_daily
2026-09-04,akshare_fund_scale_daily_szse,SZ,159556,中证2000增强ETF平安,15556089.0,份,,,akshare:szse_daily
2026-09-04,akshare_fund_scale_daily_szse,SZ,159557,恒生医疗ETF嘉实,131894955.0,份,,,akshare:szse_daily
2026-09-04,akshare_fund_scale_daily_szse,SZ,159558,半导体设备ETF易方达,19307563923.0,份,,,akshare:szse_daily
2026-09-04,akshare_fund_scale_daily_szse,SZ,159559,机器人ETF景顺,1907576622.0,份,,,akshare:szse_daily
2026-09-04,akshare_fund_scale_daily_szse,SZ,159560,芯片ETF景顺,404832920.0,份,,,akshare:szse_daily
2026-09-04,akshare_fund_scale_daily_szse,SZ,159561,德国ETF嘉实,1328499489.0,份,,,akshare:szse_daily
2026-09-04,akshare_fund_scale_daily_szse,SZ,159562,黄金股ETF华夏,2592130504.0,份,,,akshare:szse_daily
2026-09-04,akshare_fund_scale_daily_szse,SZ,159563,创业板综ETF华夏,25360773.0,份,,,akshare:szse_daily
2026-09-04,akshare_fund_scale_daily_szse,SZ,159565,汽车零部件ETF易方达,132627231.0,份,,,akshare:szse_daily
2026-09-04,akshare_fund_scale_daily_szse,SZ,159566,储能电池ETF易方达,2471739776.0,份,,,akshare:szse_daily
2026-09-04,akshare_fund_scale_daily_szse,SZ,159567,港股创新药ETF银华,10390729726.0,份,,,akshare:szse_daily
2026-09-04,akshare_fund_scale_daily_szse,SZ,159568,港股互联网ETF博时,341857901.0,份,,,akshare:szse_daily
2026-09-04,akshare_fund_scale_daily_szse,SZ,159569,港股红利低波ETF景顺,363147241.0,份,,,akshare:szse_daily
2026-09-04,akshare_fund_scale_daily_szse,SZ,159570,港股通创新药ETF汇添富,15337597142.0,份,,,akshare:szse_daily
2026-09-04,akshare_fund_scale_daily_szse,SZ,159571,创业板200ETF富国,19981814.0,份,,,akshare:szse_daily
2026-09-04,akshare_fund_scale_daily_szse,SZ,159572,创业板200ETF易方达,191749107.0,份,,,akshare:szse_daily
2026-09-04,akshare_fund_scale_daily_szse,SZ,159573,创业板200ETF华夏,77456297.0,份,,,akshare:szse_daily
2026-09-04,akshare_fund_scale_daily_szse,SZ,159575,创业板200ETF银华,9410425.0,份,,,akshare:szse_daily
2026-09-04,akshare_fund_scale_daily_szse,SZ,159576,深证100ETF广发,37509612.0,份,,,akshare:szse_daily
2026-09-04,akshare_fund_scale_daily_szse,SZ,159577,美国50ETF汇添富,829665791.0,份,,,akshare:szse_daily
2026-09-04,akshare_fund_scale_daily_szse,SZ,159578,深证主板50ETF南方,19998831.0,份,,,akshare:szse_daily
2026-09-04,akshare_fund_scale_daily_szse,SZ,159581,红利ETF万家,1083225708.0,份,,,akshare:szse_daily
2026-09-04,akshare_fund_scale_daily_szse,SZ,159582,半导体ETF博时,1130608105.0,份,,,akshare:szse_daily
2026-09-04,akshare_fund_scale_daily_szse,SZ,159583,通信ETF富国,2454592902.0,份,,,akshare:szse_daily
2026-09-04,akshare_fund_scale_daily_szse,SZ,159586,计算机ETF南方,261025923.0,份,,,akshare:szse_daily
2026-09-04,akshare_fund_scale_daily_szse,SZ,159587,粮食ETF广发,334447031.0,份,,,akshare:szse_daily
2026-09-04,akshare_fund_scale_daily_szse,SZ,159588,石油ETF景顺,430284857.0,份,,,akshare:szse_daily
2026-09-04,akshare_fund_scale_daily_szse,SZ,159589,红利ETF广发,245590005.0,份,,,akshare:szse_daily
2026-09-04,akshare_fund_scale_daily_szse,SZ,159590,软件ETF汇添富,769361746.0,份,,,akshare:szse_daily
2026-09-04,akshare_fund_scale_daily_szse,SZ,159591,A50ETF富国,332405682.0,份,,,akshare:szse_daily
2026-09-04,akshare_fund_scale_daily_szse,SZ,159592,A50ETF银华,592310460.0,份,,,akshare:szse_daily
2026-09-04,akshare_fund_scale_daily_szse,SZ,159593,中证A50ETF平安,1851696040.0,份,,,akshare:szse_daily
2026-09-04,akshare_fund_scale_daily_szse,SZ,159595,中证A50ETF大成,919113255.0,份,,,akshare:szse_daily
2026-09-04,akshare_fund_scale_daily_szse,SZ,159596,A50ETF华宝,512683040.0,份,,,akshare:szse_daily
2026-09-04,akshare_fund_scale_daily_szse,SZ,159597,创业板成长ETF易方达,1100257137.0,份,,,akshare:szse_daily
2026-09-04,akshare_fund_scale_daily_szse,SZ,159599,芯片ETF东财,760322066.0,份,,,akshare:szse_daily
2026-09-04,akshare_fund_scale_daily_szse,SZ,159600,科创债ETF嘉实,304258913.0,份,,,akshare:szse_daily
2026-09-04,akshare_fund_scale_daily_szse,SZ,159601,A50ETF华夏,1398588073.0,份,,,akshare:szse_daily
2026-09-04,akshare_fund_scale_daily_szse,SZ,159602,中国A50ETF南方,404542944.0,份,,,akshare:szse_daily
2026-09-04,akshare_fund_scale_daily_szse,SZ,159603,科创创业ETF天弘,2638071922.0,份,,,akshare:szse_daily
2026-09-04,akshare_fund_scale_daily_szse,SZ,159605,中概互联ETF广发,4169486155.0,份,,,akshare:szse_daily
2026-09-04,akshare_fund_scale_daily_szse,SZ,159606,中证500成长ETF易方达,414222838.0,份,,,akshare:szse_daily
2026-09-04,akshare_fund_scale_daily_szse,SZ,159607,中概互联网ETF嘉实,1248829139.0,份,,,akshare:szse_daily
2026-09-04,akshare_fund_scale_daily_szse,SZ,159608,稀有金属ETF广发,3416810066.0,份,,,akshare:szse_daily
2026-09-04,akshare_fund_scale_daily_szse,SZ,159609,光伏ETF浦银,319903414.0,份,,,akshare:szse_daily
2026-09-04,akshare_fund_scale_daily_szse,SZ,159610,中证500增强ETF景顺,162568207.0,份,,,akshare:szse_daily
2026-09-04,akshare_fund_scale_daily_szse,SZ,159611,电力ETF广发,9265562900.0,份,,,akshare:szse_daily
2026-09-04,akshare_fund_scale_daily_szse,SZ,159612,标普500ETF国泰,494898651.0,份,,,akshare:szse_daily
2026-09-04,akshare_fund_scale_daily_szse,SZ,159613,信息安全ETF嘉实,103590217.0,份,,,akshare:szse_daily
2026-09-04,akshare_fund_scale_daily_szse,SZ,159615,恒生生物科技ETF南方,341054898.0,份,,,akshare:szse_daily
2026-09-04,akshare_fund_scale_daily_szse,SZ,159616,农牧ETF建信,66561112.0,份,,,akshare:szse_daily
2026-09-04,akshare_fund_scale_daily_szse,SZ,159617,中证500价值ETF华夏,30418382.0,份,,,akshare:szse_daily
2026-09-04,akshare_fund_scale_daily_szse,SZ,159618,光伏ETF华安,78131407.0,份,,,akshare:szse_daily
2026-09-04,akshare_fund_scale_daily_szse,SZ,159619,基建ETF国泰,74981007.0,份,,,akshare:szse_daily
2026-09-04,akshare_fund_scale_daily_szse,SZ,159620,中证500成长ETF华夏,30140934.0,份,,,akshare:szse_daily
2026-09-04,akshare_fund_scale_daily_szse,SZ,159621,ESGETF国泰,14434717.0,份,,,akshare:szse_daily
2026-09-04,akshare_fund_scale_daily_szse,SZ,159622,创新药ETF东财,1124603238.0,份,,,akshare:szse_daily
2026-09-04,akshare_fund_scale_daily_szse,SZ,159623,成渝经济圈ETF博时,3088271695.0,份,,,akshare:szse_daily
2026-09-04,akshare_fund_scale_daily_szse,SZ,159625,绿色电力ETF嘉实,2002113777.0,份,,,akshare:szse_daily
2026-09-04,akshare_fund_scale_daily_szse,SZ,159627,A100ETF华夏,17116776.0,份,,,akshare:szse_daily
2026-09-04,akshare_fund_scale_daily_szse,SZ,159628,国证2000ETF万家,314283250.0,份,,,akshare:szse_daily
2026-09-04,akshare_fund_scale_daily_szse,SZ,159629,中证1000ETF富国,857252663.0,份,,,akshare:szse_daily
2026-09-04,akshare_fund_scale_daily_szse,SZ,159630,A100ETF汇添富,15113744.0,份,,,akshare:szse_daily
2026-09-04,akshare_fund_scale_daily_szse,SZ,159631,A100ETF招商,39332605.0,份,,,akshare:szse_daily
2026-09-04,akshare_fund_scale_daily_szse,SZ,159632,纳斯达克ETF华安,5002720640.0,份,,,akshare:szse_daily
2026-09-04,akshare_fund_scale_daily_szse,SZ,159633,中证1000ETF易方达,1026162658.0,份,,,akshare:szse_daily
2026-09-04,akshare_fund_scale_daily_szse,SZ,159635,基建ETF华夏,138846980.0,份,,,akshare:szse_daily
2026-09-04,akshare_fund_scale_daily_szse,SZ,159636,港股通科技30ETF工银,21710501206.0,份,,,akshare:szse_daily
2026-09-04,akshare_fund_scale_daily_szse,SZ,159637,新能源车ETF东财,641768094.0,份,,,akshare:szse_daily
2026-09-04,akshare_fund_scale_daily_szse,SZ,159638,航空航天ETF嘉实,1429341932.0,份,,,akshare:szse_daily
2026-09-04,akshare_fund_scale_daily_szse,SZ,159639,碳中和ETF南方,205290171.0,份,,,akshare:szse_daily
2026-09-04,akshare_fund_scale_daily_szse,SZ,159640,碳中和龙头ETF工银,59845198.0,份,,,akshare:szse_daily
2026-09-04,akshare_fund_scale_daily_szse,SZ,159641,碳中和ETF招商,87719131.0,份,,,akshare:szse_daily
2026-09-04,akshare_fund_scale_daily_szse,SZ,159642,碳中和ETF大成,23439923.0,份,,,akshare:szse_daily
2026-09-04,akshare_fund_scale_daily_szse,SZ,159643,疫苗ETF国泰,285390617.0,份,,,akshare:szse_daily
2026-09-04,akshare_fund_scale_daily_szse,SZ,159645,疫苗ETF富国,70540740.0,份,,,akshare:szse_daily
2026-09-04,akshare_fund_scale_daily_szse,SZ,159647,中药ETF鹏华,1012961752.0,份,,,akshare:szse_daily
2026-09-04,akshare_fund_scale_daily_szse,SZ,159649,国开债ETF华安,41291877.0,份,,,akshare:szse_daily
2026-09-04,akshare_fund_scale_daily_szse,SZ,159650,国开债ETF博时,49464196.0,份,,,akshare:szse_daily
2026-09-04,akshare_fund_scale_daily_szse,SZ,159651,国开债ETF平安,9666448.0,份,,,akshare:szse_daily
2026-09-04,akshare_fund_scale_daily_szse,SZ,159652,有色ETF汇添富,1767320287.0,份,,,akshare:szse_daily
2026-09-04,akshare_fund_scale_daily_szse,SZ,159653,ESG300ETF国联安,52972068.0,份,,,akshare:szse_daily
2026-09-04,akshare_fund_scale_daily_szse,SZ,159655,标普500ETF华夏,2172143045.0,份,,,akshare:szse_daily
2026-09-04,akshare_fund_scale_daily_szse,SZ,159656,沪深300成长ETF万家,224238451.0,份,,,akshare:szse_daily
2026-09-04,akshare_fund_scale_daily_szse,SZ,159657,疫苗ETF鹏华,160514819.0,份,,,akshare:szse_daily
2026-09-04,akshare_fund_scale_daily_szse,SZ,159658,数字经济ETF华安,44394877.0,份,,,akshare:szse_daily
2026-09-04,akshare_fund_scale_daily_szse,SZ,159659,纳斯达克100ETF招商,4569744064.0,份,,,akshare:szse_daily
2026-09-04,akshare_fund_scale_daily_szse,SZ,159660,纳指ETF汇添富,2291151363.0,份,,,akshare:szse_daily
2026-09-04,akshare_fund_scale_daily_szse,SZ,159661,A100ETF嘉实,27208213.0,份,,,akshare:szse_daily
2026-09-04,akshare_fund_scale_daily_szse,SZ,159662,交运ETF南方,79113946.0,份,,,akshare:szse_daily
2026-09-04,akshare_fund_scale_daily_szse,SZ,159663,机床ETF华夏,453035170.0,份,,,akshare:szse_daily
2026-09-04,akshare_fund_scale_daily_szse,SZ,159665,半导体龙头ETF工银,257576860.0,份,,,akshare:szse_daily
2026-09-04,akshare_fund_scale_daily_szse,SZ,159666,交通运输ETF华夏,110832905.0,份,,,akshare:szse_daily
2026-09-04,akshare_fund_scale_daily_szse,SZ,159667,工业母机ETF国泰,3582050718.0,份,,,akshare:szse_daily
2026-09-04,akshare_fund_scale_daily_szse,SZ,159669,绿色电力ETF国泰,199754781.0,份,,,akshare:szse_daily
2026-09-04,akshare_fund_scale_daily_szse,SZ,159670,消费50ETF国联安,55706921.0,份,,,akshare:szse_daily
2026-09-04,akshare_fund_scale_daily_szse,SZ,159671,稀有金属ETF工银,906051737.0,份,,,akshare:szse_daily
2026-09-04,akshare_fund_scale_daily_szse,SZ,159672,消费ETF博时,128887409.0,份,,,akshare:szse_daily
2026-09-04,akshare_fund_scale_daily_szse,SZ,159673,沪深300ETF鹏华,1771528385.0,份,,,akshare:szse_daily
2026-09-04,akshare_fund_scale_daily_szse,SZ,159675,创业板增强ETF嘉实,71346691.0,份,,,akshare:szse_daily
2026-09-04,akshare_fund_scale_daily_szse,SZ,159676,创业板增强ETF富国,142564183.0,份,,,akshare:szse_daily
2026-09-04,akshare_fund_scale_daily_szse,SZ,159677,中证1000增强ETF银华,29904091.0,份,,,akshare:szse_daily
2026-09-04,akshare_fund_scale_daily_szse,SZ,159678,500增强ETF博时,89143694.0,份,,,akshare:szse_daily
2026-09-04,akshare_fund_scale_daily_szse,SZ,159679,中证1000增强ETF国泰,55289156.0,份,,,akshare:szse_daily
2026-09-04,akshare_fund_scale_daily_szse,SZ,159680,中证1000增强ETF招商,1047438087.0,份,,,akshare:szse_daily
2026-09-04,akshare_fund_scale_daily_szse,SZ,159681,创业板50ETF鹏华,1093772337.0,份,,,akshare:szse_daily
2026-09-04,akshare_fund_scale_daily_szse,SZ,159682,创业板50ETF景顺,3406307670.0,份,,,akshare:szse_daily
2026-09-04,akshare_fund_scale_daily_szse,SZ,159685,1000增强ETF天弘,19440067.0,份,,,akshare:szse_daily
2026-09-04,akshare_fund_scale_daily_szse,SZ,159686,A100ETF易方达,77815386.0,份,,,akshare:szse_daily
2026-09-04,akshare_fund_scale_daily_szse,SZ,159687,亚太精选ETF南方,1591828658.0,份,,,akshare:szse_daily
2026-09-04,akshare_fund_scale_daily_szse,SZ,159688,恒生互联网ETF华安,1369278480.0,份,,,akshare:szse_daily
2026-09-04,akshare_fund_scale_daily_szse,SZ,159689,消费ETF南方,84147787.0,份,,,akshare:szse_daily
2026-09-04,akshare_fund_scale_daily_szse,SZ,159690,有色矿业ETF招商,269163978.0,份,,,akshare:szse_daily
2026-09-04,akshare_fund_scale_daily_szse,SZ,159691,港股红利ETF工银,3714301386.0,份,,,akshare:szse_daily
2026-09-04,akshare_fund_scale_daily_szse,SZ,159692,证券ETF东财,1418455969.0,份,,,akshare:szse_daily
2026-09-04,akshare_fund_scale_daily_szse,SZ,159695,通信ETF嘉实,859436258.0,份,,,akshare:szse_daily
2026-09-04,akshare_fund_scale_daily_szse,SZ,159696,纳指ETF易方达,2862824034.0,份,,,akshare:szse_daily
2026-09-04,akshare_fund_scale_daily_szse,SZ,159697,石油ETF鹏华,1014022006.0,份,,,akshare:szse_daily
2026-09-04,akshare_fund_scale_daily_szse,SZ,159698,粮食ETF鹏华,1886944378.0,份,,,akshare:szse_daily
2026-09-04,akshare_fund_scale_daily_szse,SZ,159699,恒生消费ETF广发,492164255.0,份,,,akshare:szse_daily
2026-09-04,akshare_fund_scale_daily_szse,SZ,159700,科创债ETF南方,135709191.0,份,,,akshare:szse_daily
2026-09-04,akshare_fund_scale_daily_szse,SZ,159701,物联网ETF招商,5705601.0,份,,,akshare:szse_daily
2026-09-04,akshare_fund_scale_daily_szse,SZ,159703,新材料ETF天弘,58981591.0,份,,,akshare:szse_daily
2026-09-04,akshare_fund_scale_daily_szse,SZ,159706,深证100ETF华安,40386800.0,份,,,akshare:szse_daily
2026-09-04,akshare_fund_scale_daily_szse,SZ,159707,地产ETF华宝,1198048214.0,份,,,akshare:szse_daily
2026-09-04,akshare_fund_scale_daily_szse,SZ,159708,红利ETF西部利得,177528306.0,份,,,akshare:szse_daily
2026-09-04,akshare_fund_scale_daily_szse,SZ,159709,物联网ETF工银,21484060.0,份,,,akshare:szse_daily
2026-09-04,akshare_fund_scale_daily_szse,SZ,159711,港股通50ETF华夏,30465157.0,份,,,akshare:szse_daily
2026-09-04,akshare_fund_scale_daily_szse,SZ,159712,港股通50ETF国泰,84778813.0,份,,,akshare:szse_daily
2026-09-04,akshare_fund_scale_daily_szse,SZ,159713,稀土ETF富国,516255051.0,份,,,akshare:szse_daily
2026-09-04,akshare_fund_scale_daily_szse,SZ,159715,稀土ETF易方达,522030274.0,份,,,akshare:szse_daily
2026-09-04,akshare_fund_scale_daily_szse,SZ,159716,深证100ETF华宝,55666732.0,份,,,akshare:szse_daily
2026-09-04,akshare_fund_scale_daily_szse,SZ,159717,ESGETF鹏华,27873183.0,份,,,akshare:szse_daily
2026-09-04,akshare_fund_scale_daily_szse,SZ,159718,港股医药ETF平安,183832634.0,份,,,akshare:szse_daily
2026-09-04,akshare_fund_scale_daily_szse,SZ,159719,国企ETF平安,18195986.0,份,,,akshare:szse_daily
2026-09-04,akshare_fund_scale_daily_szse,SZ,159720,智能车ETF泰康,46812357.0,份,,,akshare:szse_daily
2026-09-04,akshare_fund_scale_daily_szse,SZ,159721,深证100ETF永赢,69431696.0,份,,,akshare:szse_daily
2026-09-04,akshare_fund_scale_daily_szse,SZ,159723,科技龙头ETF汇添富,29025575.0,份,,,akshare:szse_daily
2026-09-04,akshare_fund_scale_daily_szse,SZ,159725,线上消费ETF工银,114424924.0,份,,,akshare:szse_daily
2026-09-04,akshare_fund_scale_daily_szse,SZ,159726,港股通高股息ETF华夏,248911380.0,份,,,akshare:szse_daily
2026-09-04,akshare_fund_scale_daily_szse,SZ,159728,在线消费ETF南方,45410129.0,份,,,akshare:szse_daily
2026-09-04,akshare_fund_scale_daily_szse,SZ,159729,互联网ETF汇添富,66760633.0,份,,,akshare:szse_daily
2026-09-04,akshare_fund_scale_daily_szse,SZ,159730,家电ETF博时,42571340.0,份,,,akshare:szse_daily
2026-09-04,akshare_fund_scale_daily_szse,SZ,159731,石化ETF华夏,697375802.0,份,,,akshare:szse_daily
2026-09-04,akshare_fund_scale_daily_szse,SZ,159732,消费电子ETF华夏,2427447904.0,份,,,akshare:szse_daily
2026-09-04,akshare_fund_scale_daily_szse,SZ,159735,港股消费ETF银华,623561371.0,份,,,akshare:szse_daily
2026-09-04,akshare_fund_scale_daily_szse,SZ,159736,食品饮料ETF天弘,7480394457.0,份,,,akshare:szse_daily
2026-09-04,akshare_fund_scale_daily_szse,SZ,159738,云计算ETF华泰柏瑞,130992667.0,份,,,akshare:szse_daily
2026-09-04,akshare_fund_scale_daily_szse,SZ,159739,云计算ETF鹏华,405961230.0,份,,,akshare:szse_daily
2026-09-04,akshare_fund_scale_daily_szse,SZ,159740,恒生科技ETF大成,25221120448.0,份,,,akshare:szse_daily
2026-09-04,akshare_fund_scale_daily_szse,SZ,159741,恒生科技ETF嘉实,1389796712.0,份,,,akshare:szse_daily
2026-09-04,akshare_fund_scale_daily_szse,SZ,159742,恒生科技ETF博时,6251928292.0,份,,,akshare:szse_daily
2026-09-04,akshare_fund_scale_daily_szse,SZ,159743,湖北ETF博时,109941100.0,份,,,akshare:szse_daily
2026-09-04,akshare_fund_scale_daily_szse,SZ,159745,建材ETF国泰,1335688265.0,份,,,akshare:szse_daily
2026-09-04,akshare_fund_scale_daily_szse,SZ,159747,香港科技ETF南方,312712278.0,份,,,akshare:szse_daily
2026-09-04,akshare_fund_scale_daily_szse,SZ,159748,创新药ETF富国,1443692128.0,份,,,akshare:szse_daily
2026-09-04,akshare_fund_scale_daily_szse,SZ,159750,港股科技50ETF招商,1274618251.0,份,,,akshare:szse_daily
2026-09-04,akshare_fund_scale_daily_szse,SZ,159751,港股通科技ETF鹏华,882629628.0,份,,,akshare:szse_daily
2026-09-04,akshare_fund_scale_daily_szse,SZ,159752,新能源ETF申万菱信,369958917.0,份,,,akshare:szse_daily
2026-09-04,akshare_fund_scale_daily_szse,SZ,159755,电池ETF广发,7812646746.0,份,,,akshare:szse_daily
2026-09-04,akshare_fund_scale_daily_szse,SZ,159757,电池ETF景顺,246931891.0,份,,,akshare:szse_daily
2026-09-04,akshare_fund_scale_daily_szse,SZ,159758,红利质量ETF华夏,1308290777.0,份,,,akshare:szse_daily
2026-09-04,akshare_fund_scale_daily_szse,SZ,159760,医疗健康ETF泰康,132360223.0,份,,,akshare:szse_daily
2026-09-04,akshare_fund_scale_daily_szse,SZ,159761,新材料ETF国泰,191734117.0,份,,,akshare:szse_daily
2026-09-04,akshare_fund_scale_daily_szse,SZ,159763,新材料ETF建信,91707747.0,份,,,akshare:szse_daily
2026-09-04,akshare_fund_scale_daily_szse,SZ,159766,旅游ETF富国,5571140963.0,份,,,akshare:szse_daily
2026-09-04,akshare_fund_scale_daily_szse,SZ,159767,电池龙头ETF兴银,248873672.0,份,,,akshare:szse_daily
2026-09-04,akshare_fund_scale_daily_szse,SZ,159768,房地产ETF银华,890450311.0,份,,,akshare:szse_daily
2026-09-04,akshare_fund_scale_daily_szse,SZ,159770,机器人ETF天弘,6076087762.0,份,,,akshare:szse_daily
2026-09-04,akshare_fund_scale_daily_szse,SZ,159773,创业板科技ETF华泰柏瑞,145903120.0,份,,,akshare:szse_daily
2026-09-04,akshare_fund_scale_daily_szse,SZ,159775,电池ETF建信,682648961.0,份,,,akshare:szse_daily
2026-09-04,akshare_fund_scale_daily_szse,SZ,159776,港股医药ETF银华,78968765.0,份,,,akshare:szse_daily
2026-09-04,akshare_fund_scale_daily_szse,SZ,159777,创科技ETF国联安,28280565.0,份,,,akshare:szse_daily
2026-09-04,akshare_fund_scale_daily_szse,SZ,159778,工业互联网ETF鹏华,40255382.0,份,,,akshare:szse_daily
2026-09-04,akshare_fund_scale_daily_szse,SZ,159779,消费电子ETF招商,140869337.0,份,,,akshare:szse_daily
2026-09-04,akshare_fund_scale_daily_szse,SZ,159780,科创创业50ETF南方,3616048583.0,份,,,akshare:szse_daily
2026-09-04,akshare_fund_scale_daily_szse,SZ,159781,科创创业ETF易方达,16042860533.0,份,,,akshare:szse_daily
2026-09-04,akshare_fund_scale_daily_szse,SZ,159782,双创50ETF银华,600190267.0,份,,,akshare:szse_daily
2026-09-04,akshare_fund_scale_daily_szse,SZ,159783,科创创业50ETF华夏,5389459442.0,份,,,akshare:szse_daily
2026-09-04,akshare_fund_scale_daily_szse,SZ,159786,VRETF银华,81701174.0,份,,,akshare:szse_daily
2026-09-04,akshare_fund_scale_daily_szse,SZ,159787,建材ETF易方达,132521633.0,份,,,akshare:szse_daily
2026-09-04,akshare_fund_scale_daily_szse,SZ,159788,港股通100ETF易方达,70424965.0,份,,,akshare:szse_daily
2026-09-04,akshare_fund_scale_daily_szse,SZ,159790,碳中和ETF华夏,1554528485.0,份,,,akshare:szse_daily
2026-09-04,akshare_fund_scale_daily_szse,SZ,159791,300ESGETF华夏,29083347.0,份,,,akshare:szse_daily
2026-09-04,akshare_fund_scale_daily_szse,SZ,159792,港股通互联网ETF富国,63536855237.0,份,,,akshare:szse_daily
2026-09-04,akshare_fund_scale_daily_szse,SZ,159793,线上消费ETF平安,42758908.0,份,,,akshare:szse_daily
2026-09-04,akshare_fund_scale_daily_szse,SZ,159795,智能汽车ETF汇添富,28169473.0,份,,,akshare:szse_daily
2026-09-04,akshare_fund_scale_daily_szse,SZ,159796,电池ETF汇添富,6085467550.0,份,,,akshare:szse_daily
2026-09-04,akshare_fund_scale_daily_szse,SZ,159797,医疗器械ETF汇添富,394989247.0,份,,,akshare:szse_daily
2026-09-04,akshare_fund_scale_daily_szse,SZ,159798,消费ETF易方达,166245390.0,份,,,akshare:szse_daily
2026-09-04,akshare_fund_scale_daily_szse,SZ,159800,中证800ETF鹏华,26736802.0,份,,,akshare:szse_daily
2026-09-04,akshare_fund_scale_daily_szse,SZ,159801,芯片ETF广发,4613120172.0,份,,,akshare:szse_daily
2026-09-04,akshare_fund_scale_daily_szse,SZ,159804,创中盘88ETF国寿,15899676.0,份,,,akshare:szse_daily
2026-09-04,akshare_fund_scale_daily_szse,SZ,159805,传媒ETF鹏华,305452480.0,份,,,akshare:szse_daily
2026-09-04,akshare_fund_scale_daily_szse,SZ,159806,新能源车ETF国泰,857089446.0,份,,,akshare:szse_daily
2026-09-04,akshare_fund_scale_daily_szse,SZ,159807,科技ETF易方达,921051428.0,份,,,akshare:szse_daily
2026-09-04,akshare_fund_scale_daily_szse,SZ,159808,创100ETF融通,51484790.0,份,,,akshare:szse_daily
2026-09-04,akshare_fund_scale_daily_szse,SZ,159810,创业板ETF浦银,58475458.0,份,,,akshare:szse_daily
2026-09-04,akshare_fund_scale_daily_szse,SZ,159811,5GETF博时,77143393.0,份,,,akshare:szse_daily
2026-09-04,akshare_fund_scale_daily_szse,SZ,159812,黄金ETF前海开源,163513149.0,份,,,akshare:szse_daily
2026-09-04,akshare_fund_scale_daily_szse,SZ,159813,半导体ETF鹏华,9333724820.0,份,,,akshare:szse_daily
2026-09-04,akshare_fund_scale_daily_szse,SZ,159814,创业大盘ETF西部利得,526246520.0,份,,,akshare:szse_daily
2026-09-04,akshare_fund_scale_daily_szse,SZ,159816,0-4年地方债ETF鹏华,97447484.0,份,,,akshare:szse_daily
2026-09-04,akshare_fund_scale_daily_szse,SZ,159819,人工智能ETF易方达,12155229669.0,份,,,akshare:szse_daily
2026-09-04,akshare_fund_scale_daily_szse,SZ,159820,中证500ETF天弘,1353908470.0,份,,,akshare:szse_daily
2026-09-04,akshare_fund_scale_daily_szse,SZ,159821,创业板ETF中银证券,65920000.0,份,,,akshare:szse_daily
2026-09-04,akshare_fund_scale_daily_szse,SZ,159822,新经济ETF银华,295034315.0,份,,,akshare:szse_daily
2026-09-04,akshare_fund_scale_daily_szse,SZ,159824,新能源车ETF博时,83135070.0,份,,,akshare:szse_daily
2026-09-04,akshare_fund_scale_daily_szse,SZ,159825,农业ETF富国,2462077407.0,份,,,akshare:szse_daily
2026-09-04,akshare_fund_scale_daily_szse,SZ,159827,农业ETF银华,83716463.0,份,,,akshare:szse_daily
2026-09-04,akshare_fund_scale_daily_szse,SZ,159828,医疗ETF国泰,4658439464.0,份,,,akshare:szse_daily
2026-09-04,akshare_fund_scale_daily_szse,SZ,159830,金ETF天弘,348514066.0,份,,,akshare:szse_daily
2026-09-04,akshare_fund_scale_daily_szse,SZ,159831,金ETF嘉实,267656243.0,份,,,akshare:szse_daily
2026-09-04,akshare_fund_scale_daily_szse,SZ,159834,金ETF南方,231961376.0,份,,,akshare:szse_daily
2026-09-04,akshare_fund_scale_daily_szse,SZ,159835,创新药ETF建信,369504143.0,份,,,akshare:szse_daily
2026-09-04,akshare_fund_scale_daily_szse,SZ,159836,创业板300ETF天弘,121747113.0,份,,,akshare:szse_daily
2026-09-04,akshare_fund_scale_daily_szse,SZ,159837,生物科技ETF易方达,2821152837.0,份,,,akshare:szse_daily
2026-09-04,akshare_fund_scale_daily_szse,SZ,159838,医药50ETF博时,225763462.0,份,,,akshare:szse_daily
2026-09-04,akshare_fund_scale_daily_szse,SZ,159839,生物医药ETF汇添富,2660235165.0,份,,,akshare:szse_daily
2026-09-04,akshare_fund_scale_daily_szse,SZ,159840,锂电池ETF工银,1889574851.0,份,,,akshare:szse_daily
2026-09-04,akshare_fund_scale_daily_szse,SZ,159841,证券ETF天弘,11835438465.0,份,,,akshare:szse_daily
2026-09-04,akshare_fund_scale_daily_szse,SZ,159842,券商ETF银华,8991250631.0,份,,,akshare:szse_daily
2026-09-04,akshare_fund_scale_daily_szse,SZ,159843,食品饮料ETF招商,604455141.0,份,,,akshare:szse_daily
2026-09-04,akshare_fund_scale_daily_szse,SZ,159845,中证1000ETF华夏,2214425606.0,份,,,akshare:szse_daily
2026-09-04,akshare_fund_scale_daily_szse,SZ,159847,医疗ETF易方达,3855825354.0,份,,,akshare:szse_daily
2026-09-04,akshare_fund_scale_daily_szse,SZ,159848,证券ETF国联安,152311239.0,份,,,akshare:szse_daily
2026-09-04,akshare_fund_scale_daily_szse,SZ,159849,生物科技ETF招商,158372396.0,份,,,akshare:szse_daily
2026-09-04,akshare_fund_scale_daily_szse,SZ,159850,恒生国企ETF华夏,419706498.0,份,,,akshare:szse_daily
2026-09-04,akshare_fund_scale_daily_szse,SZ,159851,金融科技ETF华宝,10171904148.0,份,,,akshare:szse_daily
2026-09-04,akshare_fund_scale_daily_szse,SZ,159852,软件ETF嘉实,13858623921.0,份,,,akshare:szse_daily
2026-09-04,akshare_fund_scale_daily_szse,SZ,159855,影视ETF银华,230425236.0,份,,,akshare:szse_daily
2026-09-04,akshare_fund_scale_daily_szse,SZ,159856,互联网龙头ETF工银,347372474.0,份,,,akshare:szse_daily
2026-09-04,akshare_fund_scale_daily_szse,SZ,159857,光伏ETF天弘,2248515725.0,份,,,akshare:szse_daily
2026-09-04,akshare_fund_scale_daily_szse,SZ,159858,创新药ETF南方,1035098318.0,份,,,akshare:szse_daily
2026-09-04,akshare_fund_scale_daily_szse,SZ,159859,生物医药ETF天弘,10627640054.0,份,,,akshare:szse_daily
2026-09-04,akshare_fund_scale_daily_szse,SZ,159861,碳中和50ETF国泰,100117535.0,份,,,akshare:szse_daily
2026-09-04,akshare_fund_scale_daily_szse,SZ,159862,食品饮料ETF银华,304500623.0,份,,,akshare:szse_daily
2026-09-04,akshare_fund_scale_daily_szse,SZ,159863,光伏ETF鹏华,298729352.0,份,,,akshare:szse_daily
2026-09-04,akshare_fund_scale_daily_szse,SZ,159864,光伏ETF国泰,635526827.0,份,,,akshare:szse_daily
2026-09-04,akshare_fund_scale_daily_szse,SZ,159865,养殖ETF国泰,11842455659.0,份,,,akshare:szse_daily
2026-09-04,akshare_fund_scale_daily_szse,SZ,159866,日经ETF工银,1142479377.0,份,,,akshare:szse_daily
2026-09-04,akshare_fund_scale_daily_szse,SZ,159867,养殖ETF鹏华,1567643594.0,份,,,akshare:szse_daily
2026-09-04,akshare_fund_scale_daily_szse,SZ,159869,游戏ETF华夏,7797082127.0,份,,,akshare:szse_daily
2026-09-04,akshare_fund_scale_daily_szse,SZ,159870,化工ETF鹏华,16971607019.0,份,,,akshare:szse_daily
2026-09-04,akshare_fund_scale_daily_szse,SZ,159871,有色ETF银华,1134232506.0,份,,,akshare:szse_daily
2026-09-04,akshare_fund_scale_daily_szse,SZ,159872,智能网联汽车ETF鹏华,59299732.0,份,,,akshare:szse_daily
2026-09-04,akshare_fund_scale_daily_szse,SZ,159873,医疗设备ETF天弘,469920000.0,份,,,akshare:szse_daily
2026-09-04,akshare_fund_scale_daily_szse,SZ,159875,新能源ETF嘉实,2380662899.0,份,,,akshare:szse_daily
2026-09-04,akshare_fund_scale_daily_szse,SZ,159876,有色ETF华宝,1682977018.0,份,,,akshare:szse_daily
2026-09-04,akshare_fund_scale_daily_szse,SZ,159877,医疗ETF南方,245792292.0,份,,,akshare:szse_daily
2026-09-04,akshare_fund_scale_daily_szse,SZ,159880,有色ETF鹏华,1321103036.0,份,,,akshare:szse_daily
2026-09-04,akshare_fund_scale_daily_szse,SZ,159881,有色金属ETF国泰,192499166.0,份,,,akshare:szse_daily
2026-09-04,akshare_fund_scale_daily_szse,SZ,159883,医疗器械ETF永赢,8934037843.0,份,,,akshare:szse_daily
2026-09-04,akshare_fund_scale_daily_szse,SZ,159885,碳中和ETF鹏华,249467316.0,份,,,akshare:szse_daily
2026-09-04,akshare_fund_scale_daily_szse,SZ,159886,机械ETF富国,75042555.0,份,,,akshare:szse_daily
2026-09-04,akshare_fund_scale_daily_szse,SZ,159887,银行ETF富国,548715950.0,份,,,akshare:szse_daily
2026-09-04,akshare_fund_scale_daily_szse,SZ,159888,智能汽车ETF华夏,70446068.0,份,,,akshare:szse_daily
2026-09-04,akshare_fund_scale_daily_szse,SZ,159889,智能汽车ETF国泰,28400796.0,份,,,akshare:szse_daily
2026-09-04,akshare_fund_scale_daily_szse,SZ,159890,云计算ETF招商,226590688.0,份,,,akshare:szse_daily
2026-09-04,akshare_fund_scale_daily_szse,SZ,159891,医疗ETF建信,347024837.0,份,,,akshare:szse_daily
2026-09-04,akshare_fund_scale_daily_szse,SZ,159892,恒生医药ETF华夏,5400266022.0,份,,,akshare:szse_daily
2026-09-04,akshare_fund_scale_daily_szse,SZ,159895,物联网ETF易方达,75241864.0,份,,,akshare:szse_daily
2026-09-04,akshare_fund_scale_daily_szse,SZ,159896,物联网ETF南方,38055960.0,份,,,akshare:szse_daily
2026-09-04,akshare_fund_scale_daily_szse,SZ,159898,医疗器械ETF招商,894098825.0,份,,,akshare:szse_daily
2026-09-04,akshare_fund_scale_daily_szse,SZ,159899,软件ETF招商,954977729.0,份,,,akshare:szse_daily
2026-09-04,akshare_fund_scale_daily_szse,SZ,159901,深证100ETF易方达,1009334930.0,份,,,akshare:szse_daily
2026-09-04,akshare_fund_scale_daily_szse,SZ,159902,中小100ETF华夏,76460849.0,份,,,akshare:szse_daily
2026-09-04,akshare_fund_scale_daily_szse,SZ,159903,深成ETF南方,469154507.0,份,,,akshare:szse_daily
2026-09-04,akshare_fund_scale_daily_szse,SZ,159905,红利ETF工银,988443951.0,份,,,akshare:szse_daily
2026-09-04,akshare_fund_scale_daily_szse,SZ,159906,深成长ETF大成,140639725.0,份,,,akshare:szse_daily
2026-09-04,akshare_fund_scale_daily_szse,SZ,159907,国证2000ETF广发,167197694.0,份,,,akshare:szse_daily
2026-09-04,akshare_fund_scale_daily_szse,SZ,159908,创业板ETF博时,326229029.0,份,,,akshare:szse_daily
2026-09-04,akshare_fund_scale_daily_szse,SZ,159909,TMT50ETF招商,531561992.0,份,,,akshare:szse_daily
2026-09-04,akshare_fund_scale_daily_szse,SZ,159910,基本面120ETF嘉实,83906143.0,份,,,akshare:szse_daily
2026-09-04,akshare_fund_scale_daily_szse,SZ,159912,深300ETF汇添富,70948991.0,份,,,akshare:szse_daily
2026-09-04,akshare_fund_scale_daily_szse,SZ,159913,深价值ETF交银,22629693.0,份,,,akshare:szse_daily
2026-09-04,akshare_fund_scale_daily_szse,SZ,159915,创业板ETF易方达,20089454936.0,份,,,akshare:szse_daily
2026-09-04,akshare_fund_scale_daily_szse,SZ,159916,基本面ETF建信,42566039.0,份,,,akshare:szse_daily
2026-09-04,akshare_fund_scale_daily_szse,SZ,159918,中创400ETF嘉实,30561264.0,份,,,akshare:szse_daily
2026-09-04,akshare_fund_scale_daily_szse,SZ,159919,沪深300ETF嘉实,6253416676.0,份,,,akshare:szse_daily
2026-09-04,akshare_fund_scale_daily_szse,SZ,159920,恒生ETF华夏,5701559219.0,份,,,akshare:szse_daily
2026-09-04,akshare_fund_scale_daily_szse,SZ,159922,中证500ETF嘉实,2688676765.0,份,,,akshare:szse_daily
2026-09-04,akshare_fund_scale_daily_szse,SZ,159923,中证A100ETF大成,13285812.0,份,,,akshare:szse_daily
2026-09-04,akshare_fund_scale_daily_szse,SZ,159925,沪深300ETF南方,613220856.0,份,,,akshare:szse_daily
2026-09-04,akshare_fund_scale_daily_szse,SZ,159928,消费ETF汇添富,23000629040.0,份,,,akshare:szse_daily
2026-09-04,akshare_fund_scale_daily_szse,SZ,159929,医药ETF汇添富,1702704203.0,份,,,akshare:szse_daily
2026-09-04,akshare_fund_scale_daily_szse,SZ,159930,能源ETF汇添富,529898150.0,份,,,akshare:szse_daily
2026-09-04,akshare_fund_scale_daily_szse,SZ,159931,金融地产ETF汇添富,17828511.0,份,,,akshare:szse_daily
2026-09-04,akshare_fund_scale_daily_szse,SZ,159933,金融地产ETF国投瑞银,36378943.0,份,,,akshare:szse_daily
2026-09-04,akshare_fund_scale_daily_szse,SZ,159934,黄金ETF易方达,3965808998.0,份,,,akshare:szse_daily
2026-09-04,akshare_fund_scale_daily_szse,SZ,159935,中证500ETF景顺,24572956.0,份,,,akshare:szse_daily
2026-09-04,akshare_fund_scale_daily_szse,SZ,159936,可选消费ETF广发,110156094.0,份,,,akshare:szse_daily
2026-09-04,akshare_fund_scale_daily_szse,SZ,159937,黄金ETF博时,4722421977.0,份,,,akshare:szse_daily
2026-09-04,akshare_fund_scale_daily_szse,SZ,159938,医药ETF广发,7329567236.0,份,,,akshare:szse_daily
2026-09-04,akshare_fund_scale_daily_szse,SZ,159939,信息技术ETF广发,777656106.0,份,,,akshare:szse_daily
2026-09-04,akshare_fund_scale_daily_szse,SZ,159940,金融地产ETF广发,290059983.0,份,,,akshare:szse_daily
2026-09-04,akshare_fund_scale_daily_szse,SZ,159941,纳指ETF广发,22546210164.0,份,,,akshare:szse_daily
2026-09-04,akshare_fund_scale_daily_szse,SZ,159943,深证成指ETF大成,209229922.0,份,,,akshare:szse_daily
2026-09-04,akshare_fund_scale_daily_szse,SZ,159944,材料ETF广发,31608342.0,份,,,akshare:szse_daily
2026-09-04,akshare_fund_scale_daily_szse,SZ,159945,能源ETF广发,59572327.0,份,,,akshare:szse_daily
2026-09-04,akshare_fund_scale_daily_szse,SZ,159948,创业板ETF南方,1189697720.0,份,,,akshare:szse_daily
2026-09-04,akshare_fund_scale_daily_szse,SZ,159949,创业板50ETF华安,15514785113.0,份,,,akshare:szse_daily
2026-09-04,akshare_fund_scale_daily_szse,SZ,159952,创业板ETF广发,5621384929.0,份,,,akshare:szse_daily
2026-09-04,akshare_fund_scale_daily_szse,SZ,159954,恒生中国企业ETF南方,189105083.0,份,,,akshare:szse_daily
2026-09-04,akshare_fund_scale_daily_szse,SZ,159956,创业板ETF建信,49978674.0,份,,,akshare:szse_daily
2026-09-04,akshare_fund_scale_daily_szse,SZ,159957,创业板ETF华夏,1217784560.0,份,,,akshare:szse_daily
2026-09-04,akshare_fund_scale_daily_szse,SZ,159958,创业板ETF工银,242711448.0,份,,,akshare:szse_daily
2026-09-04,akshare_fund_scale_daily_szse,SZ,159959,央企ETF银华,1826891780.0,份,,,akshare:szse_daily
2026-09-04,akshare_fund_scale_daily_szse,SZ,159960,恒生中国企业ETF平安,63573960.0,份,,,akshare:szse_daily
2026-09-04,akshare_fund_scale_daily_szse,SZ,159961,深100ETF方正富邦,98245196.0,份,,,akshare:szse_daily
2026-09-04,akshare_fund_scale_daily_szse,SZ,159964,创业板ETF平安,173481881.0,份,,,akshare:szse_daily
2026-09-04,akshare_fund_scale_daily_szse,SZ,159965,央视50ETF国联,21426953.0,份,,,akshare:szse_daily
2026-09-04,akshare_fund_scale_daily_szse,SZ,159966,创业板价值ETF华夏,648599521.0,份,,,akshare:szse_daily
2026-09-04,akshare_fund_scale_daily_szse,SZ,159967,创业板成长ETF华夏,7395105811.0,份,,,akshare:szse_daily
2026-09-04,akshare_fund_scale_daily_szse,SZ,159968,中证500ETF博时,63695098.0,份,,,akshare:szse_daily
2026-09-04,akshare_fund_scale_daily_szse,SZ,159970,深100ETF工银,10468704.0,份,,,akshare:szse_daily
2026-09-04,akshare_fund_scale_daily_szse,SZ,159971,创业板ETF富国,1896020288.0,份,,,akshare:szse_daily
2026-09-04,akshare_fund_scale_daily_szse,SZ,159972,5年地方债ETF鹏华,66685910.0,份,,,akshare:szse_daily
2026-09-04,akshare_fund_scale_daily_szse,SZ,159973,民企ETF弘毅远方,199976423.0,份,,,akshare:szse_daily
2026-09-04,akshare_fund_scale_daily_szse,SZ,159974,央企创新ETF富国,40432422.0,份,,,akshare:szse_daily
2026-09-04,akshare_fund_scale_daily_szse,SZ,159975,深100ETF招商,54437760.0,份,,,akshare:szse_daily
2026-09-04,akshare_fund_scale_daily_szse,SZ,159976,湾创ETF工银,63885872.0,份,,,akshare:szse_daily
2026-09-04,akshare_fund_scale_daily_szse,SZ,159977,创业板ETF天弘,3739872820.0,份,,,akshare:szse_daily
2026-09-04,akshare_fund_scale_daily_szse,SZ,159980,有色ETF大成,2998824777.0,份,,,akshare:szse_daily
2026-09-04,akshare_fund_scale_daily_szse,SZ,159981,能源化工ETF建信,1897536957.0,份,,,akshare:szse_daily
2026-09-04,akshare_fund_scale_daily_szse,SZ,159982,中证500ETF鹏华,202211253.0,份,,,akshare:szse_daily
2026-09-04,akshare_fund_scale_daily_szse,SZ,159985,豆粕ETF华夏,1566724066.0,份,,,akshare:szse_daily
2026-09-04,akshare_fund_scale_daily_szse,SZ,159991,创业板大盘ETF招商,105463172.0,份,,,akshare:szse_daily
2026-09-04,akshare_fund_scale_daily_szse,SZ,159992,创新药ETF银华,20168981217.0,份,,,akshare:szse_daily
2026-09-04,akshare_fund_scale_daily_szse,SZ,159993,证券ETF鹏华,3177697982.0,份,,,akshare:szse_daily
2026-09-04,akshare_fund_scale_daily_szse,SZ,159994,通信ETF银华,4019003358.0,份,,,akshare:szse_daily
2026-09-04,akshare_fund_scale_daily_szse,SZ,159995,芯片ETF华夏,24751126012.0,份,,,akshare:szse_daily
2026-09-04,akshare_fund_scale_daily_szse,SZ,159996,家电ETF国泰,476554846.0,份,,,akshare:szse_daily
2026-09-04,akshare_fund_scale_daily_szse,SZ,159997,电子ETF天弘,691306634.0,份,,,akshare:szse_daily
2026-09-04,akshare_fund_scale_daily_szse,SZ,159998,计算机ETF天弘,1585055354.0,份,,,akshare:szse_daily
2026-09-03,akshare_fund_scale_daily_szse,SZ,158000,港股通金融ETF鹏华,118925835.0,份,,,akshare:szse_daily
2026-09-03,akshare_fund_scale_daily_szse,SZ,158001,价值ETF嘉实,153392624.0,份,,,akshare:szse_daily
2026-09-03,akshare_fund_scale_daily_szse,SZ,158003,港股通医疗ETF嘉实,110654396.0,份,,,akshare:szse_daily
2026-09-03,akshare_fund_scale_daily_szse,SZ,158005,工程机械ETF博时,160061376.0,份,,,akshare:szse_daily
2026-09-03,akshare_fund_scale_daily_szse,SZ,158006,化工ETF博时,42046012.0,份,,,akshare:szse_daily
2026-09-03,akshare_fund_scale_daily_szse,SZ,158008,新能源电池ETF华夏,245413126.0,份,,,akshare:szse_daily
2026-09-03,akshare_fund_scale_daily_szse,SZ,158009,航空航天ETF南方,35373819.0,份,,,akshare:szse_daily
2026-09-03,akshare_fund_scale_daily_szse,SZ,158010,医疗ETF嘉实,263213319.0,份,,,akshare:szse_daily
2026-09-03,akshare_fund_scale_daily_szse,SZ,158011,创业板软件ETF国泰,209842654.0,份,,,akshare:szse_daily
2026-09-03,akshare_fund_scale_daily_szse,SZ,158012,云计算ETF南方,276325566.0,份,,,akshare:szse_daily
2026-09-03,akshare_fund_scale_daily_szse,SZ,158017,化工ETF易方达,78594582.0,份,,,akshare:szse_daily
2026-09-03,akshare_fund_scale_daily_szse,SZ,158019,电池ETF永赢,278281913.0,份,,,akshare:szse_daily
2026-09-03,akshare_fund_scale_daily_szse,SZ,158027,工业互联网ETF易方达,203143045.0,份,,,akshare:szse_daily
2026-09-03,akshare_fund_scale_daily_szse,SZ,159001,货币ETF易方达,29745132.0,份,,,akshare:szse_daily
2026-09-03,akshare_fund_scale_daily_szse,SZ,159003,招商快线ETF,1984552.0,份,,,akshare:szse_daily
2026-09-03,akshare_fund_scale_daily_szse,SZ,159005,快钱ETF汇添富,1173131.0,份,,,akshare:szse_daily
2026-09-03,akshare_fund_scale_daily_szse,SZ,159007,养殖ETF华泰柏瑞,187603274.0,份,,,akshare:szse_daily
2026-09-03,akshare_fund_scale_daily_szse,SZ,159008,证券ETF景顺,109784531.0,份,,,akshare:szse_daily
2026-09-03,akshare_fund_scale_daily_szse,SZ,159009,创业板新能源ETF易方达,145392703.0,份,,,akshare:szse_daily
2026-09-03,akshare_fund_scale_daily_szse,SZ,159010,港股通科技ETF博时,200097611.0,份,,,akshare:szse_daily
2026-09-03,akshare_fund_scale_daily_szse,SZ,159011,养殖ETF华安,26505168.0,份,,,akshare:szse_daily
2026-09-03,akshare_fund_scale_daily_szse,SZ,159012,科创创业50ETF鹏华,134881148.0,份,,,akshare:szse_daily
2026-09-03,akshare_fund_scale_daily_szse,SZ,159013,工业互联网ETF大成,39578881.0,份,,,akshare:szse_daily
2026-09-03,akshare_fund_scale_daily_szse,SZ,159015,恒生港股通科技ETF国联,110352934.0,份,,,akshare:szse_daily
2026-09-03,akshare_fund_scale_daily_szse,SZ,159016,证券ETF广发,329540154.0,份,,,akshare:szse_daily
2026-09-03,akshare_fund_scale_daily_szse,SZ,159017,石油ETF工银,151256813.0,份,,,akshare:szse_daily
2026-09-03,akshare_fund_scale_daily_szse,SZ,159018,石油ETF广发,27904203.0,份,,,akshare:szse_daily
2026-09-03,akshare_fund_scale_daily_szse,SZ,159019,石油ETF华宝,44327711.0,份,,,akshare:szse_daily
2026-09-03,akshare_fund_scale_daily_szse,SZ,159020,养殖ETF易方达,125567082.0,份,,,akshare:szse_daily
2026-09-03,akshare_fund_scale_daily_szse,SZ,159021,大盘价值ETF华夏,72907712.0,份,,,akshare:szse_daily
2026-09-03,akshare_fund_scale_daily_szse,SZ,159022,科创创业人工智能ETF富国,177630967.0,份,,,akshare:szse_daily
2026-09-03,akshare_fund_scale_daily_szse,SZ,159023,养殖ETF万家,39777943.0,份,,,akshare:szse_daily
2026-09-03,akshare_fund_scale_daily_szse,SZ,159026,石油ETF南方,45513446.0,份,,,akshare:szse_daily
2026-09-03,akshare_fund_scale_daily_szse,SZ,159027,畜牧养殖ETF大成,110472283.0,份,,,akshare:szse_daily
2026-09-03,akshare_fund_scale_daily_szse,SZ,159028,港股汽车ETF天弘,130449016.0,份,,,akshare:szse_daily
2026-09-03,akshare_fund_scale_daily_szse,SZ,159029,有色ETF广发,297127717.0,份,,,akshare:szse_daily
2026-09-03,akshare_fund_scale_daily_szse,SZ,159030,粮食ETF华夏,419968176.0,份,,,akshare:szse_daily
2026-09-03,akshare_fund_scale_daily_szse,SZ,159031,粮食ETF博时,531028624.0,份,,,akshare:szse_daily
2026-09-03,akshare_fund_scale_daily_szse,SZ,159032,工业有色ETF易方达,259845019.0,份,,,akshare:szse_daily
2026-09-03,akshare_fund_scale_daily_szse,SZ,159033,粮食ETF国泰,101323473.0,份,,,akshare:szse_daily
2026-09-03,akshare_fund_scale_daily_szse,SZ,159035,软件ETF天弘,609859726.0,份,,,akshare:szse_daily
2026-09-03,akshare_fund_scale_daily_szse,SZ,159036,软件开发ETF华宝,284740164.0,份,,,akshare:szse_daily
2026-09-03,akshare_fund_scale_daily_szse,SZ,159037,价值ETF鹏华,65249832.0,份,,,akshare:szse_daily
2026-09-03,akshare_fund_scale_daily_szse,SZ,159038,粮食ETF易方达,187026939.0,份,,,akshare:szse_daily
2026-09-03,akshare_fund_scale_daily_szse,SZ,159039,机器人ETF华安,1044461422.0,份,,,akshare:szse_daily
2026-09-03,akshare_fund_scale_daily_szse,SZ,159040,港股通互联网ETF鹏华,32481087.0,份,,,akshare:szse_daily
2026-09-03,akshare_fund_scale_daily_szse,SZ,159041,农业ETF鹏华,51471832.0,份,,,akshare:szse_daily
2026-09-03,akshare_fund_scale_daily_szse,SZ,159042,价值ETF汇添富,89801105.0,份,,,akshare:szse_daily
2026-09-03,akshare_fund_scale_daily_szse,SZ,159043,食品ETF华安,83770695.0,份,,,akshare:szse_daily
2026-09-03,akshare_fund_scale_daily_szse,SZ,159045,稀有金属ETF大成,168330213.0,份,,,akshare:szse_daily
2026-09-03,akshare_fund_scale_daily_szse,SZ,159046,绿电ETF天弘,531476854.0,份,,,akshare:szse_daily
2026-09-03,akshare_fund_scale_daily_szse,SZ,159048,机器人ETF大成,192803897.0,份,,,akshare:szse_daily
2026-09-03,akshare_fund_scale_daily_szse,SZ,159049,有色ETF工银,35073319.0,份,,,akshare:szse_daily
2026-09-03,akshare_fund_scale_daily_szse,SZ,159050,机器人ETF广发,655703612.0,份,,,akshare:szse_daily
2026-09-03,akshare_fund_scale_daily_szse,SZ,159051,医疗器械ETF易方达,86117894.0,份,,,akshare:szse_daily
2026-09-03,akshare_fund_scale_daily_szse,SZ,159052,新能源电池ETF嘉实,196926092.0,份,,,akshare:szse_daily
2026-09-03,akshare_fund_scale_daily_szse,SZ,159053,稀有金属ETF华夏,160698132.0,份,,,akshare:szse_daily
2026-09-03,akshare_fund_scale_daily_szse,SZ,159055,稀有金属ETF富国,121293952.0,份,,,akshare:szse_daily
2026-09-03,akshare_fund_scale_daily_szse,SZ,159056,医疗器械ETF富国,60934358.0,份,,,akshare:szse_daily
2026-09-03,akshare_fund_scale_daily_szse,SZ,159057,医疗器械ETF鹏华,26715334.0,份,,,akshare:szse_daily
2026-09-03,akshare_fund_scale_daily_szse,SZ,159058,证券ETF大成,78331247.0,份,,,akshare:szse_daily
2026-09-03,akshare_fund_scale_daily_szse,SZ,159059,电力ETF大成,55830063.0,份,,,akshare:szse_daily
2026-09-03,akshare_fund_scale_daily_szse,SZ,159060,粮食ETF浦银,21483423.0,份,,,akshare:szse_daily
2026-09-03,akshare_fund_scale_daily_szse,SZ,159061,绿色电力ETF南方,212840230.0,份,,,akshare:szse_daily
2026-09-03,akshare_fund_scale_daily_szse,SZ,159062,稀有金属ETF南方,117701256.0,份,,,akshare:szse_daily
2026-09-03,akshare_fund_scale_daily_szse,SZ,159063,粮食ETF南方,58486647.0,份,,,akshare:szse_daily
2026-09-03,akshare_fund_scale_daily_szse,SZ,159065,工程机械ETF景顺,107350818.0,份,,,akshare:szse_daily
2026-09-03,akshare_fund_scale_daily_szse,SZ,159066,A股ETF建信,208733027.0,份,,,akshare:szse_daily
2026-09-03,akshare_fund_scale_daily_szse,SZ,159067,绿色电力ETF鹏华,18908737.0,份,,,akshare:szse_daily
2026-09-03,akshare_fund_scale_daily_szse,SZ,159068,软件ETF华夏,60336570.0,份,,,akshare:szse_daily
2026-09-03,akshare_fund_scale_daily_szse,SZ,159069,创业板新能源ETF华泰柏瑞,40770440.0,份,,,akshare:szse_daily
2026-09-03,akshare_fund_scale_daily_szse,SZ,159070,工程机械ETF嘉实,104366883.0,份,,,akshare:szse_daily
2026-09-03,akshare_fund_scale_daily_szse,SZ,159071,新能源电池ETF华宝,121911738.0,份,,,akshare:szse_daily
2026-09-03,akshare_fund_scale_daily_szse,SZ,159072,粮食ETF景顺,46285157.0,份,,,akshare:szse_daily
2026-09-03,akshare_fund_scale_daily_szse,SZ,159073,粮食ETF汇添富,58173864.0,份,,,akshare:szse_daily
2026-09-03,akshare_fund_scale_daily_szse,SZ,159075,工业互联网ETF华夏,176197165.0,份,,,akshare:szse_daily
2026-09-03,akshare_fund_scale_daily_szse,SZ,159076,创业板新能源ETF华宝,246373015.0,份,,,akshare:szse_daily
2026-09-03,akshare_fund_scale_daily_szse,SZ,159077,电池ETF鑫元,32242574.0,份,,,akshare:szse_daily
2026-09-03,akshare_fund_scale_daily_szse,SZ,159078,A股ETF富国,167262460.0,份,,,akshare:szse_daily
2026-09-03,akshare_fund_scale_daily_szse,SZ,159079,价值ETF兴全,83806830.0,份,,,akshare:szse_daily
2026-09-03,akshare_fund_scale_daily_szse,SZ,159082,化工ETF华夏,75531212.0,份,,,akshare:szse_daily
2026-09-03,akshare_fund_scale_daily_szse,SZ,159083,红利低波100ETF嘉实,151370472.0,份,,,akshare:szse_daily
2026-09-03,akshare_fund_scale_daily_szse,SZ,159085,价值ETF永赢,28535454.0,份,,,akshare:szse_daily
2026-09-03,akshare_fund_scale_daily_szse,SZ,159086,金融科技ETF广发,28399823.0,份,,,akshare:szse_daily
2026-09-03,akshare_fund_scale_daily_szse,SZ,159087,化工ETF万家,32992150.0,份,,,akshare:szse_daily
2026-09-03,akshare_fund_scale_daily_szse,SZ,159091,港股通金融ETF易方达,25374196.0,份,,,akshare:szse_daily
2026-09-03,akshare_fund_scale_daily_szse,SZ,159093,化工ETF汇添富,27681470.0,份,,,akshare:szse_daily
2026-09-03,akshare_fund_scale_daily_szse,SZ,159095,云计算ETF银华,218468139.0,份,,,akshare:szse_daily
2026-09-03,akshare_fund_scale_daily_szse,SZ,159096,价值ETF华夏,182631305.0,份,,,akshare:szse_daily
2026-09-03,akshare_fund_scale_daily_szse,SZ,159098,价值ETF招商,105891589.0,份,,,akshare:szse_daily
2026-09-03,akshare_fund_scale_daily_szse,SZ,159099,云计算ETF华宝,103610546.0,份,,,akshare:szse_daily
2026-09-03,akshare_fund_scale_daily_szse,SZ,159100,巴西ETF华夏,468046935.0,份,,,akshare:szse_daily
2026-09-03,akshare_fund_scale_daily_szse,SZ,159101,港股通科技ETF华夏,2874311457.0,份,,,akshare:szse_daily
2026-09-03,akshare_fund_scale_daily_szse,SZ,159102,港股通生物科技ETF华安,658122004.0,份,,,akshare:szse_daily
2026-09-03,akshare_fund_scale_daily_szse,SZ,159103,金融科技ETF汇添富,315406771.0,份,,,akshare:szse_daily
2026-09-03,akshare_fund_scale_daily_szse,SZ,159105,恒生生物科技ETF易方达,181272984.0,份,,,akshare:szse_daily
2026-09-03,akshare_fund_scale_daily_szse,SZ,159106,民企300ETF前海开源,39579488.0,份,,,akshare:szse_daily
2026-09-03,akshare_fund_scale_daily_szse,SZ,159107,创业板软件ETF富国,767823006.0,份,,,akshare:szse_daily
2026-09-03,akshare_fund_scale_daily_szse,SZ,159108,工业软件ETF博时,115738511.0,份,,,akshare:szse_daily
2026-09-03,akshare_fund_scale_daily_szse,SZ,159109,恒生50ETF景顺,568163854.0,份,,,akshare:szse_daily
2026-09-03,akshare_fund_scale_daily_szse,SZ,159110,科创债ETF万家,22627093.0,份,,,akshare:szse_daily
2026-09-03,akshare_fund_scale_daily_szse,SZ,159111,科创债ETF天弘,144276676.0,份,,,akshare:szse_daily
2026-09-03,akshare_fund_scale_daily_szse,SZ,159112,科创债ETF银华,223237830.0,份,,,akshare:szse_daily
2026-09-03,akshare_fund_scale_daily_szse,SZ,159113,科创债ETF大成,95636237.0,份,,,akshare:szse_daily
2026-09-03,akshare_fund_scale_daily_szse,SZ,159115,科创债ETF华安,52753487.0,份,,,akshare:szse_daily
2026-09-03,akshare_fund_scale_daily_szse,SZ,159116,科创债ETF工银,114402743.0,份,,,akshare:szse_daily
2026-09-03,akshare_fund_scale_daily_szse,SZ,159117,港股通红利低波ETF鹏华,61401153.0,份,,,akshare:szse_daily
2026-09-03,akshare_fund_scale_daily_szse,SZ,159118,港股通红利低波ETF华夏,69677020.0,份,,,akshare:szse_daily
2026-09-03,akshare_fund_scale_daily_szse,SZ,159119,800现金流ETF招商,145054229.0,份,,,akshare:szse_daily
2026-09-03,akshare_fund_scale_daily_szse,SZ,159120,港股通科技ETF国联安,148024466.0,份,,,akshare:szse_daily
2026-09-03,akshare_fund_scale_daily_szse,SZ,159121,港股通汽车ETF易方达,152481127.0,份,,,akshare:szse_daily
2026-09-03,akshare_fund_scale_daily_szse,SZ,159122,创业板新能源ETF富国,67160935.0,份,,,akshare:szse_daily
2026-09-03,akshare_fund_scale_daily_szse,SZ,159123,光伏ETF嘉实,391047026.0,份,,,akshare:szse_daily
2026-09-03,akshare_fund_scale_daily_szse,SZ,159125,港股通科技ETF招商,840245883.0,份,,,akshare:szse_daily
2026-09-03,akshare_fund_scale_daily_szse,SZ,159126,港股通50ETF南方,227616546.0,份,,,akshare:szse_daily
2026-09-03,akshare_fund_scale_daily_szse,SZ,159127,港股通红利ETF南方,150844268.0,份,,,akshare:szse_daily
2026-09-03,akshare_fund_scale_daily_szse,SZ,159128,港股科技ETF天弘,1891760841.0,份,,,akshare:szse_daily
2026-09-03,akshare_fund_scale_daily_szse,SZ,159129,化工ETF嘉实,1125906595.0,份,,,akshare:szse_daily
2026-09-03,akshare_fund_scale_daily_szse,SZ,159130,恒生生物科技ETF鹏华,199389466.0,份,,,akshare:szse_daily
2026-09-03,akshare_fund_scale_daily_szse,SZ,159131,港股通信息技术ETF华宝,2234919902.0,份,,,akshare:szse_daily
2026-09-03,akshare_fund_scale_daily_szse,SZ,159132,恒生生物科技ETF富国,122963558.0,份,,,akshare:szse_daily
2026-09-03,akshare_fund_scale_daily_szse,SZ,159133,化工ETF天弘,1556413345.0,份,,,akshare:szse_daily
2026-09-03,akshare_fund_scale_daily_szse,SZ,159135,港股通科技ETF前海开源,618466376.0,份,,,akshare:szse_daily
2026-09-03,akshare_fund_scale_daily_szse,SZ,159136,A50ETF广发,109414074.0,份,,,akshare:szse_daily
2026-09-03,akshare_fund_scale_daily_szse,SZ,159137,港股通医疗ETF华宝,170632607.0,份,,,akshare:szse_daily
2026-09-03,akshare_fund_scale_daily_szse,SZ,159138,工程机械ETF易方达,294767924.0,份,,,akshare:szse_daily
2026-09-03,akshare_fund_scale_daily_szse,SZ,159139,科创创业人工智能ETF华泰柏瑞,180109210.0,份,,,akshare:szse_daily
2026-09-03,akshare_fund_scale_daily_szse,SZ,159140,科创创业人工智能ETF易方达,507936834.0,份,,,akshare:szse_daily
2026-09-03,akshare_fund_scale_daily_szse,SZ,159141,科创创业人工智能ETF永赢,1437060730.0,份,,,akshare:szse_daily
2026-09-03,akshare_fund_scale_daily_szse,SZ,159142,科创创业人工智能ETF景顺,1181260142.0,份,,,akshare:szse_daily
2026-09-03,akshare_fund_scale_daily_szse,SZ,159143,港股通央企红利ETF平安,51554456.0,份,,,akshare:szse_daily
2026-09-03,akshare_fund_scale_daily_szse,SZ,159145,工业软件ETF广发,69581845.0,份,,,akshare:szse_daily
2026-09-03,akshare_fund_scale_daily_szse,SZ,159146,电力ETF华宝,701940849.0,份,,,akshare:szse_daily
2026-09-03,akshare_fund_scale_daily_szse,SZ,159147,电池ETF南方,2121909552.0,份,,,akshare:szse_daily
2026-09-03,akshare_fund_scale_daily_szse,SZ,159148,石油ETF富国,241466601.0,份,,,akshare:szse_daily
2026-09-03,akshare_fund_scale_daily_szse,SZ,159149,创业板新能源ETF工银,54515298.0,份,,,akshare:szse_daily
2026-09-03,akshare_fund_scale_daily_szse,SZ,159150,深证50ETF易方达,97997623.0,份,,,akshare:szse_daily
2026-09-03,akshare_fund_scale_daily_szse,SZ,159151,食品ETF华夏,181651063.0,份,,,akshare:szse_daily
2026-09-03,akshare_fund_scale_daily_szse,SZ,159152,港股通科技ETF平安,817556093.0,份,,,akshare:szse_daily
2026-09-03,akshare_fund_scale_daily_szse,SZ,159153,消费电子ETF鹏华,98725988.0,份,,,akshare:szse_daily
2026-09-03,akshare_fund_scale_daily_szse,SZ,159155,电池ETF大成,686513298.0,份,,,akshare:szse_daily
2026-09-03,akshare_fund_scale_daily_szse,SZ,159156,电池ETF万家,220461253.0,份,,,akshare:szse_daily
2026-09-03,akshare_fund_scale_daily_szse,SZ,159157,有色金属ETF天弘,8006758760.0,份,,,akshare:szse_daily
2026-09-03,akshare_fund_scale_daily_szse,SZ,159158,电力ETF景顺,876035344.0,份,,,akshare:szse_daily
2026-09-03,akshare_fund_scale_daily_szse,SZ,159159,公用事业ETF国投瑞银,117318582.0,份,,,akshare:szse_daily
2026-09-03,akshare_fund_scale_daily_szse,SZ,159160,电池ETF东财,247819254.0,份,,,akshare:szse_daily
2026-09-03,akshare_fund_scale_daily_szse,SZ,159161,工程机械ETF东财,68331260.0,份,,,akshare:szse_daily
2026-09-03,akshare_fund_scale_daily_szse,SZ,159162,工业有色ETF鹏华,418939837.0,份,,,akshare:szse_daily
2026-09-03,akshare_fund_scale_daily_szse,SZ,159163,有色ETF泰康,261807013.0,份,,,akshare:szse_daily
2026-09-03,akshare_fund_scale_daily_szse,SZ,159165,养殖ETF永赢,107571257.0,份,,,akshare:szse_daily
2026-09-03,akshare_fund_scale_daily_szse,SZ,159166,现金流ETF长城,555816059.0,份,,,akshare:szse_daily
2026-09-03,akshare_fund_scale_daily_szse,SZ,159167,港股通医疗ETF工银,169549164.0,份,,,akshare:szse_daily
2026-09-03,akshare_fund_scale_daily_szse,SZ,159168,有色ETF富国,503455060.0,份,,,akshare:szse_daily
2026-09-03,akshare_fund_scale_daily_szse,SZ,159169,恒生生物科技ETF广发,130874485.0,份,,,akshare:szse_daily
2026-09-03,akshare_fund_scale_daily_szse,SZ,159170,港股通互联网ETF永赢,389638357.0,份,,,akshare:szse_daily
2026-09-03,akshare_fund_scale_daily_szse,SZ,159171,工业有色ETF博时,216532934.0,份,,,akshare:szse_daily
2026-09-03,akshare_fund_scale_daily_szse,SZ,159172,养殖ETF汇添富,390829293.0,份,,,akshare:szse_daily
2026-09-03,akshare_fund_scale_daily_szse,SZ,159173,农牧ETF南方,49455388.0,份,,,akshare:szse_daily
2026-09-03,akshare_fund_scale_daily_szse,SZ,159175,电池ETF易方达,492270382.0,份,,,akshare:szse_daily
2026-09-03,akshare_fund_scale_daily_szse,SZ,159176,家电ETF华宝,21303341.0,份,,,akshare:szse_daily
2026-09-03,akshare_fund_scale_daily_szse,SZ,159177,工程机械ETF鹏华,45619279.0,份,,,akshare:szse_daily
2026-09-03,akshare_fund_scale_daily_szse,SZ,159178,消费电子ETF汇添富,99432994.0,份,,,akshare:szse_daily
2026-09-03,akshare_fund_scale_daily_szse,SZ,159179,港股通互联网ETF工银,102903568.0,份,,,akshare:szse_daily
2026-09-03,akshare_fund_scale_daily_szse,SZ,159180,软件ETF银华,33155926.0,份,,,akshare:szse_daily
2026-09-03,akshare_fund_scale_daily_szse,SZ,159181,石油ETF易方达,133405335.0,份,,,akshare:szse_daily
2026-09-03,akshare_fund_scale_daily_szse,SZ,159182,家电ETF南方,36485663.0,份,,,akshare:szse_daily
2026-09-03,akshare_fund_scale_daily_szse,SZ,159183,新能源车ETF招商,48387793.0,份,,,akshare:szse_daily
2026-09-03,akshare_fund_scale_daily_szse,SZ,159185,港股通信息技术ETF鹏华,194099035.0,份,,,akshare:szse_daily
2026-09-03,akshare_fund_scale_daily_szse,SZ,159186,港股通汽车ETF鹏华,88869245.0,份,,,akshare:szse_daily
2026-09-03,akshare_fund_scale_daily_szse,SZ,159187,创业板新能源ETF景顺,68176266.0,份,,,akshare:szse_daily
2026-09-03,akshare_fund_scale_daily_szse,SZ,159188,红利100ETF景顺,66601882.0,份,,,akshare:szse_daily
2026-09-03,akshare_fund_scale_daily_szse,SZ,159189,石油ETF华夏,107083187.0,份,,,akshare:szse_daily
2026-09-03,akshare_fund_scale_daily_szse,SZ,159190,创业板新能源ETF天弘,78069299.0,份,,,akshare:szse_daily
2026-09-03,akshare_fund_scale_daily_szse,SZ,159191,港股通科技ETF易方达,69104851.0,份,,,akshare:szse_daily
2026-09-03,akshare_fund_scale_daily_szse,SZ,159192,家电ETF汇添富,17987065.0,份,,,akshare:szse_daily
2026-09-03,akshare_fund_scale_daily_szse,SZ,159193,新能源电池ETF银华,228080335.0,份,,,akshare:szse_daily
2026-09-03,akshare_fund_scale_daily_szse,SZ,159195,石油ETF华安,73490164.0,份,,,akshare:szse_daily
2026-09-03,akshare_fund_scale_daily_szse,SZ,159196,港股通信息技术ETF易方达,221530324.0,份,,,akshare:szse_daily
2026-09-03,akshare_fund_scale_daily_szse,SZ,159197,石油ETF招商,39388290.0,份,,,akshare:szse_daily
2026-09-03,akshare_fund_scale_daily_szse,SZ,159198,港股通信息技术ETF富国,85344347.0,份,,,akshare:szse_daily
2026-09-03,akshare_fund_scale_daily_szse,SZ,159199,石油ETF平安,66154938.0,份,,,akshare:szse_daily
2026-09-03,akshare_fund_scale_daily_szse,SZ,159200,科创债ETF富国,152112633.0,份,,,akshare:szse_daily
2026-09-03,akshare_fund_scale_daily_szse,SZ,159201,自由现金流ETF华夏,13634275939.0,份,,,akshare:szse_daily
2026-09-03,akshare_fund_scale_daily_szse,SZ,159202,恒生互联网ETF万家,1219401900.0,份,,,akshare:szse_daily
2026-09-03,akshare_fund_scale_daily_szse,SZ,159203,大盘成长ETF博时,9791913.0,份,,,akshare:szse_daily
2026-09-03,akshare_fund_scale_daily_szse,SZ,159205,创业板ETF东财,681056064.0,份,,,akshare:szse_daily
2026-09-03,akshare_fund_scale_daily_szse,SZ,159206,卫星ETF永赢,9466953365.0,份,,,akshare:szse_daily
2026-09-03,akshare_fund_scale_daily_szse,SZ,159207,高股息ETF广发,2254483345.0,份,,,akshare:szse_daily
2026-09-03,akshare_fund_scale_daily_szse,SZ,159208,航空航天ETF万家,326462783.0,份,,,akshare:szse_daily
2026-09-03,akshare_fund_scale_daily_szse,SZ,159209,红利质量ETF招商,2205635053.0,份,,,akshare:szse_daily
2026-09-03,akshare_fund_scale_daily_szse,SZ,159210,港股通汽车ETF汇添富,43349802.0,份,,,akshare:szse_daily
2026-09-03,akshare_fund_scale_daily_szse,SZ,159211,深证100ETF富国,23683294.0,份,,,akshare:szse_daily
2026-09-03,akshare_fund_scale_daily_szse,SZ,159212,深100ETF南方,73204367.0,份,,,akshare:szse_daily
2026-09-03,akshare_fund_scale_daily_szse,SZ,159213,机器人ETF汇添富,478237566.0,份,,,akshare:szse_daily
2026-09-03,akshare_fund_scale_daily_szse,SZ,159215,A500ETF平安,958582803.0,份,,,akshare:szse_daily
2026-09-03,akshare_fund_scale_daily_szse,SZ,159216,深证100ETF大成,15548250.0,份,,,akshare:szse_daily
2026-09-03,akshare_fund_scale_daily_szse,SZ,159217,港股通创新药ETF工银,5894157596.0,份,,,akshare:szse_daily
2026-09-03,akshare_fund_scale_daily_szse,SZ,159218,卫星ETF招商,2030616390.0,份,,,akshare:szse_daily
2026-09-03,akshare_fund_scale_daily_szse,SZ,159219,深证100ETF融通,10388018.0,份,,,akshare:szse_daily
2026-09-03,akshare_fund_scale_daily_szse,SZ,159220,港股通红利低波ETF华宝,507569526.0,份,,,akshare:szse_daily
2026-09-03,akshare_fund_scale_daily_szse,SZ,159221,现金流ETF嘉实,1081013233.0,份,,,akshare:szse_daily
2026-09-03,akshare_fund_scale_daily_szse,SZ,159222,自由现金流ETF易方达,1743370402.0,份,,,akshare:szse_daily
2026-09-03,akshare_fund_scale_daily_szse,SZ,159223,现金流ETF永赢,177844755.0,份,,,akshare:szse_daily
2026-09-03,akshare_fund_scale_daily_szse,SZ,159225,现金流ETF银华,267744804.0,份,,,akshare:szse_daily
2026-09-03,akshare_fund_scale_daily_szse,SZ,159226,中证A500增强ETF国泰,87094840.0,份,,,akshare:szse_daily
2026-09-03,akshare_fund_scale_daily_szse,SZ,159227,航空航天ETF华夏,4537911199.0,份,,,akshare:szse_daily
2026-09-03,akshare_fund_scale_daily_szse,SZ,159228,红利低波ETF长城,104212692.0,份,,,akshare:szse_daily
2026-09-03,akshare_fund_scale_daily_szse,SZ,159229,自由现金流ETF广发,141556022.0,份,,,akshare:szse_daily
2026-09-03,akshare_fund_scale_daily_szse,SZ,159230,通用航空ETF华夏,301304228.0,份,,,akshare:szse_daily
2026-09-03,akshare_fund_scale_daily_szse,SZ,159231,通用航空ETF华宝,333091860.0,份,,,akshare:szse_daily
2026-09-03,akshare_fund_scale_daily_szse,SZ,159232,自由现金流ETF南方,2096948566.0,份,,,akshare:szse_daily
2026-09-03,akshare_fund_scale_daily_szse,SZ,159233,自由现金流ETF平安,621623418.0,份,,,akshare:szse_daily
2026-09-03,akshare_fund_scale_daily_szse,SZ,159235,中证现金流ETF大成,1901729545.0,份,,,akshare:szse_daily
2026-09-03,akshare_fund_scale_daily_szse,SZ,159236,自由现金流ETF工银,37722161.0,份,,,akshare:szse_daily
2026-09-03,akshare_fund_scale_daily_szse,SZ,159237,港股汽车ETF工银,42334226.0,份,,,akshare:szse_daily
2026-09-03,akshare_fund_scale_daily_szse,SZ,159238,沪深300增强ETF景顺,55016186.0,份,,,akshare:szse_daily
2026-09-03,akshare_fund_scale_daily_szse,SZ,159239,港股通汽车ETF富国,94280753.0,份,,,akshare:szse_daily
2026-09-03,akshare_fund_scale_daily_szse,SZ,159240,A500增强ETF天弘,17619776.0,份,,,akshare:szse_daily
2026-09-03,akshare_fund_scale_daily_szse,SZ,159241,航空航天ETF天弘,1321074265.0,份,,,akshare:szse_daily
2026-09-03,akshare_fund_scale_daily_szse,SZ,159242,创业板人工智能ETF大成,429278583.0,份,,,akshare:szse_daily
2026-09-03,akshare_fund_scale_daily_szse,SZ,159243,创业板人工智能ETF招商,141030224.0,份,,,akshare:szse_daily
2026-09-03,akshare_fund_scale_daily_szse,SZ,159245,港股通消费ETF富国,70113296.0,份,,,akshare:szse_daily
2026-09-03,akshare_fund_scale_daily_szse,SZ,159246,创业板人工智能ETF富国,3235655606.0,份,,,akshare:szse_daily
2026-09-03,akshare_fund_scale_daily_szse,SZ,159247,创业板ETF汇添富,585984966.0,份,,,akshare:szse_daily
2026-09-03,akshare_fund_scale_daily_szse,SZ,159248,人工智能ETF万家,133095652.0,份,,,akshare:szse_daily
2026-09-03,akshare_fund_scale_daily_szse,SZ,159249,A500增强ETF工银,108191923.0,份,,,akshare:szse_daily
2026-09-03,akshare_fund_scale_daily_szse,SZ,159251,港股通科技ETF万家,243787744.0,份,,,akshare:szse_daily
2026-09-03,akshare_fund_scale_daily_szse,SZ,159253,银行ETF博时,506304979.0,份,,,akshare:szse_daily
2026-09-03,akshare_fund_scale_daily_szse,SZ,159255,通用航空ETF易方达,69338868.0,份,,,akshare:szse_daily
2026-09-03,akshare_fund_scale_daily_szse,SZ,159256,创业板软件ETF华夏,595183766.0,份,,,akshare:szse_daily
2026-09-03,akshare_fund_scale_daily_szse,SZ,159257,航空ETF汇添富,147416949.0,份,,,akshare:szse_daily
2026-09-03,akshare_fund_scale_daily_szse,SZ,159258,机器人ETF南方,1330265664.0,份,,,akshare:szse_daily
2026-09-03,akshare_fund_scale_daily_szse,SZ,159259,成长ETF易方达,5045696403.0,份,,,akshare:szse_daily
2026-09-03,akshare_fund_scale_daily_szse,SZ,159260,证券ETF博时,1021213576.0,份,,,akshare:szse_daily
2026-09-03,akshare_fund_scale_daily_szse,SZ,159261,创业板新能源ETF鹏华,49814904.0,份,,,akshare:szse_daily
2026-09-03,akshare_fund_scale_daily_szse,SZ,159262,港股通科技ETF广发,5510220485.0,份,,,akshare:szse_daily
2026-09-03,akshare_fund_scale_daily_szse,SZ,159263,价值ETF易方达,6331105126.0,份,,,akshare:szse_daily
2026-09-03,akshare_fund_scale_daily_szse,SZ,159265,港股消费ETF鹏华,177950894.0,份,,,akshare:szse_daily
2026-09-03,akshare_fund_scale_daily_szse,SZ,159266,港股央企红利ETF永赢,341710088.0,份,,,akshare:szse_daily
2026-09-03,akshare_fund_scale_daily_szse,SZ,159267,航天ETF华安,2599506126.0,份,,,akshare:szse_daily
2026-09-03,akshare_fund_scale_daily_szse,SZ,159268,港股通消费ETF汇添富,389055027.0,份,,,akshare:szse_daily
2026-09-03,akshare_fund_scale_daily_szse,SZ,159269,港股通科技ETF南方,1520311712.0,份,,,akshare:szse_daily
2026-09-03,akshare_fund_scale_daily_szse,SZ,159270,创业板200ETF南方,90763649.0,份,,,akshare:szse_daily
2026-09-03,akshare_fund_scale_daily_szse,SZ,159271,恒生ETF鹏华,241386731.0,份,,,akshare:szse_daily
2026-09-03,akshare_fund_scale_daily_szse,SZ,159272,机器人ETF富国,3679164690.0,份,,,akshare:szse_daily
2026-09-03,akshare_fund_scale_daily_szse,SZ,159273,云计算ETF汇添富,707777501.0,份,,,akshare:szse_daily
2026-09-03,akshare_fund_scale_daily_szse,SZ,159275,农牧渔ETF华宝,258302909.0,份,,,akshare:szse_daily
2026-09-03,akshare_fund_scale_daily_szse,SZ,159276,现金流ETF汇添富,555696658.0,份,,,akshare:szse_daily
2026-09-03,akshare_fund_scale_daily_szse,SZ,159277,港股通红利ETF富国,35557011.0,份,,,akshare:szse_daily
2026-09-03,akshare_fund_scale_daily_szse,SZ,159278,机器人ETF鹏华,2020545853.0,份,,,akshare:szse_daily
2026-09-03,akshare_fund_scale_daily_szse,SZ,159279,创业板人工智能ETF华安,160387534.0,份,,,akshare:szse_daily
2026-09-03,akshare_fund_scale_daily_szse,SZ,159280,港股通互联网ETF汇添富,100717171.0,份,,,akshare:szse_daily
2026-09-03,akshare_fund_scale_daily_szse,SZ,159281,港股央企红利ETF天弘,243233059.0,份,,,akshare:szse_daily
2026-09-03,akshare_fund_scale_daily_szse,SZ,159283,通用航空ETF南方,297437981.0,份,,,akshare:szse_daily
2026-09-03,akshare_fund_scale_daily_szse,SZ,159285,港股通消费ETF华安,248486680.0,份,,,akshare:szse_daily
2026-09-03,akshare_fund_scale_daily_szse,SZ,159286,港股通创新药ETF鹏华,722785402.0,份,,,akshare:szse_daily
2026-09-03,akshare_fund_scale_daily_szse,SZ,159287,创业板综ETF博时,109568753.0,份,,,akshare:szse_daily
2026-09-03,akshare_fund_scale_daily_szse,SZ,159288,创业板综ETF银华,92174931.0,份,,,akshare:szse_daily
2026-09-03,akshare_fund_scale_daily_szse,SZ,159289,创业板综指ETF鹏华,38902640.0,份,,,akshare:szse_daily
2026-09-03,akshare_fund_scale_daily_szse,SZ,159290,创业板综指增强ETF东财,45100396.0,份,,,akshare:szse_daily
2026-09-03,akshare_fund_scale_daily_szse,SZ,159291,创业板综增强ETF招商,17457388.0,份,,,akshare:szse_daily
2026-09-03,akshare_fund_scale_daily_szse,SZ,159292,创业板综增强ETF华宝,172189531.0,份,,,akshare:szse_daily
2026-09-03,akshare_fund_scale_daily_szse,SZ,159293,创业板综增强ETF建信,25159397.0,份,,,akshare:szse_daily
2026-09-03,akshare_fund_scale_daily_szse,SZ,159295,创业综指ETF西部利得,82958239.0,份,,,akshare:szse_daily
2026-09-03,akshare_fund_scale_daily_szse,SZ,159296,A500红利低波ETF华宝,44042941.0,份,,,akshare:szse_daily
2026-09-03,akshare_fund_scale_daily_szse,SZ,159297,港股通创新药ETF南方,3785418642.0,份,,,akshare:szse_daily
2026-09-03,akshare_fund_scale_daily_szse,SZ,159298,创业板50ETF大成,166281082.0,份,,,akshare:szse_daily
2026-09-03,akshare_fund_scale_daily_szse,SZ,159299,金融科技ETF易方达,664472981.0,份,,,akshare:szse_daily
2026-09-03,akshare_fund_scale_daily_szse,SZ,159300,沪深300ETF富国,379858097.0,份,,,akshare:szse_daily
2026-09-03,akshare_fund_scale_daily_szse,SZ,159301,公用事业ETF华夏,122458357.0,份,,,akshare:szse_daily
2026-09-03,akshare_fund_scale_daily_szse,SZ,159302,港股高股息ETF银华,48297609.0,份,,,akshare:szse_daily
2026-09-03,akshare_fund_scale_daily_szse,SZ,159303,恒生医疗ETF大成,73991693.0,份,,,akshare:szse_daily
2026-09-03,akshare_fund_scale_daily_szse,SZ,159305,储能电池ETF广发,1186640302.0,份,,,akshare:szse_daily
2026-09-03,akshare_fund_scale_daily_szse,SZ,159306,汽车零部件ETF平安,21244616.0,份,,,akshare:szse_daily
2026-09-03,akshare_fund_scale_daily_szse,SZ,159307,红利低波100ETF博时,7078903552.0,份,,,akshare:szse_daily
2026-09-03,akshare_fund_scale_daily_szse,SZ,159309,油气ETF汇添富,554371736.0,份,,,akshare:szse_daily
2026-09-03,akshare_fund_scale_daily_szse,SZ,159310,芯片ETF天弘,498981080.0,份,,,akshare:szse_daily
2026-09-03,akshare_fund_scale_daily_szse,SZ,159311,数字经济ETF易方达,37383993.0,份,,,akshare:szse_daily
2026-09-03,akshare_fund_scale_daily_szse,SZ,159312,恒指港股通ETF广发,32224353.0,份,,,akshare:szse_daily
2026-09-03,akshare_fund_scale_daily_szse,SZ,159315,黄金股ETF工银,184589621.0,份,,,akshare:szse_daily
2026-09-03,akshare_fund_scale_daily_szse,SZ,159316,港股通创新药ETF易方达,5326336139.0,份,,,akshare:szse_daily
2026-09-03,akshare_fund_scale_daily_szse,SZ,159318,恒指港股通ETF银华,14601647.0,份,,,akshare:szse_daily
2026-09-03,akshare_fund_scale_daily_szse,SZ,159320,电网设备ETF广发,1673235519.0,份,,,akshare:szse_daily
2026-09-03,akshare_fund_scale_daily_szse,SZ,159321,黄金股ETF华安,395900397.0,份,,,akshare:szse_daily
2026-09-03,akshare_fund_scale_daily_szse,SZ,159322,黄金股ETF平安,115411691.0,份,,,akshare:szse_daily
2026-09-03,akshare_fund_scale_daily_szse,SZ,159323,港股通汽车ETF华夏,97097378.0,份,,,akshare:szse_daily
2026-09-03,akshare_fund_scale_daily_szse,SZ,159325,半导体ETF南方,534460528.0,份,,,akshare:szse_daily
2026-09-03,akshare_fund_scale_daily_szse,SZ,159326,电网设备ETF华夏,11609265525.0,份,,,akshare:szse_daily
2026-09-03,akshare_fund_scale_daily_szse,SZ,159327,半导体设备ETF万家,2908574091.0,份,,,akshare:szse_daily
2026-09-03,akshare_fund_scale_daily_szse,SZ,159328,家电ETF易方达,92556700.0,份,,,akshare:szse_daily
2026-09-03,akshare_fund_scale_daily_szse,SZ,159329,沙特ETF南方,1155189188.0,份,,,akshare:szse_daily
2026-09-03,akshare_fund_scale_daily_szse,SZ,159330,沪深300ETF东财,422801009.0,份,,,akshare:szse_daily
2026-09-03,akshare_fund_scale_daily_szse,SZ,159331,红利港股ETF国泰,145694179.0,份,,,akshare:szse_daily
2026-09-03,akshare_fund_scale_daily_szse,SZ,159332,央企红利ETF富国,85521477.0,份,,,akshare:szse_daily
2026-09-03,akshare_fund_scale_daily_szse,SZ,159333,港股央企红利ETF万家,200952835.0,份,,,akshare:szse_daily
2026-09-03,akshare_fund_scale_daily_szse,SZ,159335,央企科创ETF融通,62683689.0,份,,,akshare:szse_daily
2026-09-03,akshare_fund_scale_daily_szse,SZ,159336,央企红利ETF融通,304905090.0,份,,,akshare:szse_daily
2026-09-03,akshare_fund_scale_daily_szse,SZ,159337,中证500ETF东财,277710611.0,份,,,akshare:szse_daily
2026-09-03,akshare_fund_scale_daily_szse,SZ,159338,中证A500ETF国泰,21083086664.0,份,,,akshare:szse_daily
2026-09-03,akshare_fund_scale_daily_szse,SZ,159339,A500ETF银华,1817086841.0,份,,,akshare:szse_daily
2026-09-03,akshare_fund_scale_daily_szse,SZ,159350,深证50ETF富国,137009642.0,份,,,akshare:szse_daily
2026-09-03,akshare_fund_scale_daily_szse,SZ,159351,A500ETF嘉实,7184123357.0,份,,,akshare:szse_daily
2026-09-03,akshare_fund_scale_daily_szse,SZ,159352,A500ETF南方,26640101746.0,份,,,akshare:szse_daily
2026-09-03,akshare_fund_scale_daily_szse,SZ,159353,中证A500ETF景顺,4301161812.0,份,,,akshare:szse_daily
2026-09-03,akshare_fund_scale_daily_szse,SZ,159355,800红利低波ETF华宝,86234277.0,份,,,akshare:szse_daily
2026-09-03,akshare_fund_scale_daily_szse,SZ,159356,A500ETF万家,725120647.0,份,,,akshare:szse_daily
2026-09-03,akshare_fund_scale_daily_szse,SZ,159357,A500ETF博时,1219833841.0,份,,,akshare:szse_daily
2026-09-03,akshare_fund_scale_daily_szse,SZ,159358,中证A500ETF大成,872106420.0,份,,,akshare:szse_daily
2026-09-03,akshare_fund_scale_daily_szse,SZ,159359,A500ETF华安,686140424.0,份,,,akshare:szse_daily
2026-09-03,akshare_fund_scale_daily_szse,SZ,159360,A500ETF天弘,1277184526.0,份,,,akshare:szse_daily
2026-09-03,akshare_fund_scale_daily_szse,SZ,159361,A500ETF易方达,23369090279.0,份,,,akshare:szse_daily
2026-09-03,akshare_fund_scale_daily_szse,SZ,159362,A500ETF工银,1616180191.0,份,,,akshare:szse_daily
2026-09-03,akshare_fund_scale_daily_szse,SZ,159363,创业板人工智能ETF华宝,5824169924.0,份,,,akshare:szse_daily
2026-09-03,akshare_fund_scale_daily_szse,SZ,159365,恒指港股通ETF富国,46162398.0,份,,,akshare:szse_daily
2026-09-03,akshare_fund_scale_daily_szse,SZ,159366,港股医疗ETF永赢,372333072.0,份,,,akshare:szse_daily
2026-09-03,akshare_fund_scale_daily_szse,SZ,159367,创业板50ETF华夏,182079029.0,份,,,akshare:szse_daily
2026-09-03,akshare_fund_scale_daily_szse,SZ,159368,创业板新能源ETF华夏,922579682.0,份,,,akshare:szse_daily
2026-09-03,akshare_fund_scale_daily_szse,SZ,159369,创业板50ETF易方达,412753492.0,份,,,akshare:szse_daily
2026-09-03,akshare_fund_scale_daily_szse,SZ,159370,创50ETF工银,234316009.0,份,,,akshare:szse_daily
2026-09-03,akshare_fund_scale_daily_szse,SZ,159371,创业板50ETF富国,190221172.0,份,,,akshare:szse_daily
2026-09-03,akshare_fund_scale_daily_szse,SZ,159372,创业板50ETF万家,63451588.0,份,,,akshare:szse_daily
2026-09-03,akshare_fund_scale_daily_szse,SZ,159373,创业板50ETF嘉实,142557494.0,份,,,akshare:szse_daily
2026-09-03,akshare_fund_scale_daily_szse,SZ,159375,创业板50ETF国泰,387595350.0,份,,,akshare:szse_daily
2026-09-03,akshare_fund_scale_daily_szse,SZ,159376,A500ETF浦银,45922317.0,份,,,akshare:szse_daily
2026-09-03,akshare_fund_scale_daily_szse,SZ,159377,创业板医药ETF国泰,123129399.0,份,,,akshare:szse_daily
2026-09-03,akshare_fund_scale_daily_szse,SZ,159378,通用航空ETF永赢,555771072.0,份,,,akshare:szse_daily
2026-09-03,akshare_fund_scale_daily_szse,SZ,159379,A500ETF融通,158821471.0,份,,,akshare:szse_daily
2026-09-03,akshare_fund_scale_daily_szse,SZ,159380,A500ETF东财,157804337.0,份,,,akshare:szse_daily
2026-09-03,akshare_fund_scale_daily_szse,SZ,159381,创业板人工智能ETF华夏,1797153206.0,份,,,akshare:szse_daily
2026-09-03,akshare_fund_scale_daily_szse,SZ,159382,创业板人工智能ETF南方,804055714.0,份,,,akshare:szse_daily
2026-09-03,akshare_fund_scale_daily_szse,SZ,159383,创业板50ETF华泰柏瑞,51092486.0,份,,,akshare:szse_daily
2026-09-03,akshare_fund_scale_daily_szse,SZ,159385,数字经济ETF富国,51002525.0,份,,,akshare:szse_daily
2026-09-03,akshare_fund_scale_daily_szse,SZ,159386,A500ETF永赢,57869559.0,份,,,akshare:szse_daily
2026-09-03,akshare_fund_scale_daily_szse,SZ,159387,创业板新能源ETF国泰,1269189648.0,份,,,akshare:szse_daily
2026-09-03,akshare_fund_scale_daily_szse,SZ,159388,创业板人工智能ETF国泰,890736984.0,份,,,akshare:szse_daily
2026-09-03,akshare_fund_scale_daily_szse,SZ,159389,数字经济ETF嘉实,134093364.0,份,,,akshare:szse_daily
2026-09-03,akshare_fund_scale_daily_szse,SZ,159390,中证A50ETF国联,109268771.0,份,,,akshare:szse_daily
2026-09-03,akshare_fund_scale_daily_szse,SZ,159391,大盘价值ETF博时,85076398.0,份,,,akshare:szse_daily
2026-09-03,akshare_fund_scale_daily_szse,SZ,159392,航空ETF富国,184785500.0,份,,,akshare:szse_daily
2026-09-03,akshare_fund_scale_daily_szse,SZ,159393,沪深300ETF万家,88846342.0,份,,,akshare:szse_daily
2026-09-03,akshare_fund_scale_daily_szse,SZ,159395,信用债ETF大成,134704202.0,份,,,akshare:szse_daily
2026-09-03,akshare_fund_scale_daily_szse,SZ,159396,信用债ETF博时,89727129.0,份,,,akshare:szse_daily
2026-09-03,akshare_fund_scale_daily_szse,SZ,159397,信用债ETF广发,166447657.0,份,,,akshare:szse_daily
2026-09-03,akshare_fund_scale_daily_szse,SZ,159398,信用债ETF天弘,91282310.0,份,,,akshare:szse_daily
2026-09-03,akshare_fund_scale_daily_szse,SZ,159399,现金流ETF国泰,4324194835.0,份,,,akshare:szse_daily
2026-09-03,akshare_fund_scale_daily_szse,SZ,159400,科创债ETF景顺,70077356.0,份,,,akshare:szse_daily
2026-09-03,akshare_fund_scale_daily_szse,SZ,159500,中证500ETF富国,210538865.0,份,,,akshare:szse_daily
2026-09-03,akshare_fund_scale_daily_szse,SZ,159501,纳指ETF嘉实,6776986575.0,份,,,akshare:szse_daily
2026-09-03,akshare_fund_scale_daily_szse,SZ,159502,标普生物科技ETF嘉实,1127323019.0,份,,,akshare:szse_daily
2026-09-03,akshare_fund_scale_daily_szse,SZ,159505,国证2000ETF博时,19104786.0,份,,,akshare:szse_daily
2026-09-03,akshare_fund_scale_daily_szse,SZ,159506,港股通创新药医疗ETF富国,2606536979.0,份,,,akshare:szse_daily
2026-09-03,akshare_fund_scale_daily_szse,SZ,159507,通信ETF广发,833830902.0,份,,,akshare:szse_daily
2026-09-03,akshare_fund_scale_daily_szse,SZ,159508,生物医药ETF华安,91631598.0,份,,,akshare:szse_daily
2026-09-03,akshare_fund_scale_daily_szse,SZ,159509,纳指科技ETF景顺,6621564118.0,份,,,akshare:szse_daily
2026-09-03,akshare_fund_scale_daily_szse,SZ,159510,沪深300价值ETF华夏,66128342.0,份,,,akshare:szse_daily
2026-09-03,akshare_fund_scale_daily_szse,SZ,159511,通信ETF南方,144944573.0,份,,,akshare:szse_daily
2026-09-03,akshare_fund_scale_daily_szse,SZ,159512,汽车ETF广发,115264855.0,份,,,akshare:szse_daily
2026-09-03,akshare_fund_scale_daily_szse,SZ,159513,纳斯达克100ETF大成,4591549100.0,份,,,akshare:szse_daily
2026-09-03,akshare_fund_scale_daily_szse,SZ,159515,国企红利ETF鹏扬,34586631.0,份,,,akshare:szse_daily
2026-09-03,akshare_fund_scale_daily_szse,SZ,159516,半导体设备ETF国泰,62183359972.0,份,,,akshare:szse_daily
2026-09-03,akshare_fund_scale_daily_szse,SZ,159517,中证800增强ETF银华,8742624.0,份,,,akshare:szse_daily
2026-09-03,akshare_fund_scale_daily_szse,SZ,159518,标普油气ETF嘉实,1660325369.0,份,,,akshare:szse_daily
2026-09-03,akshare_fund_scale_daily_szse,SZ,159519,港股国企ETF国泰,58157854.0,份,,,akshare:szse_daily
2026-09-03,akshare_fund_scale_daily_szse,SZ,159520,消费龙头ETF工银,153177649.0,份,,,akshare:szse_daily
2026-09-03,akshare_fund_scale_daily_szse,SZ,159521,国证2000ETF平安,18274435.0,份,,,akshare:szse_daily
2026-09-03,akshare_fund_scale_daily_szse,SZ,159523,沪深300成长ETF华夏,70517348.0,份,,,akshare:szse_daily
2026-09-03,akshare_fund_scale_daily_szse,SZ,159525,红利低波ETF富国,444743741.0,份,,,akshare:szse_daily
2026-09-03,akshare_fund_scale_daily_szse,SZ,159526,机器人ETF嘉实,572462964.0,份,,,akshare:szse_daily
2026-09-03,akshare_fund_scale_daily_szse,SZ,159527,云计算ETF广发,448301350.0,份,,,akshare:szse_daily
2026-09-03,akshare_fund_scale_daily_szse,SZ,159528,国企改革ETF富国,7320773.0,份,,,akshare:szse_daily
2026-09-03,akshare_fund_scale_daily_szse,SZ,159529,标普消费ETF景顺,811536791.0,份,,,akshare:szse_daily
2026-09-03,akshare_fund_scale_daily_szse,SZ,159530,机器人ETF易方达,12622613169.0,份,,,akshare:szse_daily
2026-09-03,akshare_fund_scale_daily_szse,SZ,159531,中证2000ETF南方,1000608406.0,份,,,akshare:szse_daily
2026-09-03,akshare_fund_scale_daily_szse,SZ,159532,中证2000ETF易方达,159564791.0,份,,,akshare:szse_daily
2026-09-03,akshare_fund_scale_daily_szse,SZ,159533,中证2000ETF博时,13458785.0,份,,,akshare:szse_daily
2026-09-03,akshare_fund_scale_daily_szse,SZ,159535,中证2000ETF嘉实,25981088.0,份,,,akshare:szse_daily
2026-09-03,akshare_fund_scale_daily_szse,SZ,159536,中证2000ETF汇添富,51261589.0,份,,,akshare:szse_daily
2026-09-03,akshare_fund_scale_daily_szse,SZ,159537,信创ETF国泰,150285204.0,份,,,akshare:szse_daily
2026-09-03,akshare_fund_scale_daily_szse,SZ,159538,信创ETF富国,220608966.0,份,,,akshare:szse_daily
2026-09-03,akshare_fund_scale_daily_szse,SZ,159539,信创ETF广发,50565182.0,份,,,akshare:szse_daily
2026-09-03,akshare_fund_scale_daily_szse,SZ,159540,信创ETF易方达,122505191.0,份,,,akshare:szse_daily
2026-09-03,akshare_fund_scale_daily_szse,SZ,159541,创业板综ETF万家,64593326.0,份,,,akshare:szse_daily
2026-09-03,akshare_fund_scale_daily_szse,SZ,159542,工程机械ETF大成,14592850.0,份,,,akshare:szse_daily
2026-09-03,akshare_fund_scale_daily_szse,SZ,159543,国证2000ETF工银,42196551.0,份,,,akshare:szse_daily
2026-09-03,akshare_fund_scale_daily_szse,SZ,159545,恒生红利低波ETF易方达,5325403689.0,份,,,akshare:szse_daily
2026-09-03,akshare_fund_scale_daily_szse,SZ,159546,集成电路ETF国泰,749927822.0,份,,,akshare:szse_daily
2026-09-03,akshare_fund_scale_daily_szse,SZ,159547,红利低波ETF华夏,1250786075.0,份,,,akshare:szse_daily
2026-09-03,akshare_fund_scale_daily_szse,SZ,159549,红利低波ETF天弘,4766523884.0,份,,,akshare:szse_daily
2026-09-03,akshare_fund_scale_daily_szse,SZ,159550,互联网ETF东财,195828785.0,份,,,akshare:szse_daily
2026-09-03,akshare_fund_scale_daily_szse,SZ,159551,机器人ETF国泰,292920923.0,份,,,akshare:szse_daily
2026-09-03,akshare_fund_scale_daily_szse,SZ,159552,中证2000增强ETF招商,757790319.0,份,,,akshare:szse_daily
2026-09-03,akshare_fund_scale_daily_szse,SZ,159553,中证2000增强ETF海富通,15326751.0,份,,,akshare:szse_daily
2026-09-03,akshare_fund_scale_daily_szse,SZ,159555,中证2000增强ETF银华,37462705.0,份,,,akshare:szse_daily
2026-09-03,akshare_fund_scale_daily_szse,SZ,159556,中证2000增强ETF平安,15556089.0,份,,,akshare:szse_daily
2026-09-03,akshare_fund_scale_daily_szse,SZ,159557,恒生医疗ETF嘉实,132894955.0,份,,,akshare:szse_daily
2026-09-03,akshare_fund_scale_daily_szse,SZ,159558,半导体设备ETF易方达,19202563923.0,份,,,akshare:szse_daily
2026-09-03,akshare_fund_scale_daily_szse,SZ,159559,机器人ETF景顺,1926576622.0,份,,,akshare:szse_daily
2026-09-03,akshare_fund_scale_daily_szse,SZ,159560,芯片ETF景顺,197916460.0,份,,,akshare:szse_daily
2026-09-03,akshare_fund_scale_daily_szse,SZ,159561,德国ETF嘉实,1327499489.0,份,,,akshare:szse_daily
2026-09-03,akshare_fund_scale_daily_szse,SZ,159562,黄金股ETF华夏,2586130504.0,份,,,akshare:szse_daily
2026-09-03,akshare_fund_scale_daily_szse,SZ,159563,创业板综ETF华夏,25360773.0,份,,,akshare:szse_daily
2026-09-03,akshare_fund_scale_daily_szse,SZ,159565,汽车零部件ETF易方达,132627231.0,份,,,akshare:szse_daily
2026-09-03,akshare_fund_scale_daily_szse,SZ,159566,储能电池ETF易方达,2504739776.0,份,,,akshare:szse_daily
2026-09-03,akshare_fund_scale_daily_szse,SZ,159567,港股创新药ETF银华,10390729726.0,份,,,akshare:szse_daily
2026-09-03,akshare_fund_scale_daily_szse,SZ,159568,港股互联网ETF博时,341857901.0,份,,,akshare:szse_daily
2026-09-03,akshare_fund_scale_daily_szse,SZ,159569,港股红利低波ETF景顺,363147241.0,份,,,akshare:szse_daily
2026-09-03,akshare_fund_scale_daily_szse,SZ,159570,港股通创新药ETF汇添富,15392597142.0,份,,,akshare:szse_daily
2026-09-03,akshare_fund_scale_daily_szse,SZ,159571,创业板200ETF富国,19981814.0,份,,,akshare:szse_daily
2026-09-03,akshare_fund_scale_daily_szse,SZ,159572,创业板200ETF易方达,187749107.0,份,,,akshare:szse_daily
2026-09-03,akshare_fund_scale_daily_szse,SZ,159573,创业板200ETF华夏,77456297.0,份,,,akshare:szse_daily
2026-09-03,akshare_fund_scale_daily_szse,SZ,159575,创业板200ETF银华,9410425.0,份,,,akshare:szse_daily
2026-09-03,akshare_fund_scale_daily_szse,SZ,159576,深证100ETF广发,37509612.0,份,,,akshare:szse_daily
2026-09-03,akshare_fund_scale_daily_szse,SZ,159577,美国50ETF汇添富,825665791.0,份,,,akshare:szse_daily
2026-09-03,akshare_fund_scale_daily_szse,SZ,159578,深证主板50ETF南方,19998831.0,份,,,akshare:szse_daily
2026-09-03,akshare_fund_scale_daily_szse,SZ,159581,红利ETF万家,1259225708.0,份,,,akshare:szse_daily
2026-09-03,akshare_fund_scale_daily_szse,SZ,159582,半导体ETF博时,1080608105.0,份,,,akshare:szse_daily
2026-09-03,akshare_fund_scale_daily_szse,SZ,159583,通信ETF富国,2450592902.0,份,,,akshare:szse_daily
2026-09-03,akshare_fund_scale_daily_szse,SZ,159586,计算机ETF南方,256525923.0,份,,,akshare:szse_daily
2026-09-03,akshare_fund_scale_daily_szse,SZ,159587,粮食ETF广发,339447031.0,份,,,akshare:szse_daily
2026-09-03,akshare_fund_scale_daily_szse,SZ,159588,石油ETF景顺,429284857.0,份,,,akshare:szse_daily
2026-09-03,akshare_fund_scale_daily_szse,SZ,159589,红利ETF广发,245590005.0,份,,,akshare:szse_daily
2026-09-03,akshare_fund_scale_daily_szse,SZ,159590,软件ETF汇添富,769361746.0,份,,,akshare:szse_daily
2026-09-03,akshare_fund_scale_daily_szse,SZ,159591,A50ETF富国,330905682.0,份,,,akshare:szse_daily
2026-09-03,akshare_fund_scale_daily_szse,SZ,159592,A50ETF银华,594310460.0,份,,,akshare:szse_daily
2026-09-03,akshare_fund_scale_daily_szse,SZ,159593,中证A50ETF平安,1856196040.0,份,,,akshare:szse_daily
2026-09-03,akshare_fund_scale_daily_szse,SZ,159595,中证A50ETF大成,925113255.0,份,,,akshare:szse_daily
2026-09-03,akshare_fund_scale_daily_szse,SZ,159596,A50ETF华宝,515683040.0,份,,,akshare:szse_daily
2026-09-03,akshare_fund_scale_daily_szse,SZ,159597,创业板成长ETF易方达,1115257137.0,份,,,akshare:szse_daily
2026-09-03,akshare_fund_scale_daily_szse,SZ,159599,芯片ETF东财,728822066.0,份,,,akshare:szse_daily
2026-09-03,akshare_fund_scale_daily_szse,SZ,159600,科创债ETF嘉实,302058913.0,份,,,akshare:szse_daily
2026-09-03,akshare_fund_scale_daily_szse,SZ,159601,A50ETF华夏,1398588073.0,份,,,akshare:szse_daily
2026-09-03,akshare_fund_scale_daily_szse,SZ,159602,中国A50ETF南方,402542944.0,份,,,akshare:szse_daily
2026-09-03,akshare_fund_scale_daily_szse,SZ,159603,科创创业ETF天弘,2628071922.0,份,,,akshare:szse_daily
2026-09-03,akshare_fund_scale_daily_szse,SZ,159605,中概互联ETF广发,4181486155.0,份,,,akshare:szse_daily
2026-09-03,akshare_fund_scale_daily_szse,SZ,159606,中证500成长ETF易方达,396222838.0,份,,,akshare:szse_daily
2026-09-03,akshare_fund_scale_daily_szse,SZ,159607,中概互联网ETF嘉实,1248829139.0,份,,,akshare:szse_daily
2026-09-03,akshare_fund_scale_daily_szse,SZ,159608,稀有金属ETF广发,3406410066.0,份,,,akshare:szse_daily
2026-09-03,akshare_fund_scale_daily_szse,SZ,159609,光伏ETF浦银,318903414.0,份,,,akshare:szse_daily
2026-09-03,akshare_fund_scale_daily_szse,SZ,159610,中证500增强ETF景顺,162568207.0,份,,,akshare:szse_daily
2026-09-03,akshare_fund_scale_daily_szse,SZ,159611,电力ETF广发,9352762900.0,份,,,akshare:szse_daily
2026-09-03,akshare_fund_scale_daily_szse,SZ,159612,标普500ETF国泰,489898651.0,份,,,akshare:szse_daily
2026-09-03,akshare_fund_scale_daily_szse,SZ,159613,信息安全ETF嘉实,106590217.0,份,,,akshare:szse_daily
2026-09-03,akshare_fund_scale_daily_szse,SZ,159615,恒生生物科技ETF南方,335054898.0,份,,,akshare:szse_daily
2026-09-03,akshare_fund_scale_daily_szse,SZ,159616,农牧ETF建信,66561112.0,份,,,akshare:szse_daily
2026-09-03,akshare_fund_scale_daily_szse,SZ,159617,中证500价值ETF华夏,30418382.0,份,,,akshare:szse_daily
2026-09-03,akshare_fund_scale_daily_szse,SZ,159618,光伏ETF华安,78131407.0,份,,,akshare:szse_daily
2026-09-03,akshare_fund_scale_daily_szse,SZ,159619,基建ETF国泰,74981007.0,份,,,akshare:szse_daily
2026-09-03,akshare_fund_scale_daily_szse,SZ,159620,中证500成长ETF华夏,29140934.0,份,,,akshare:szse_daily
2026-09-03,akshare_fund_scale_daily_szse,SZ,159621,ESGETF国泰,14434717.0,份,,,akshare:szse_daily
2026-09-03,akshare_fund_scale_daily_szse,SZ,159622,创新药ETF东财,1134603238.0,份,,,akshare:szse_daily
2026-09-03,akshare_fund_scale_daily_szse,SZ,159623,成渝经济圈ETF博时,3089271695.0,份,,,akshare:szse_daily
2026-09-03,akshare_fund_scale_daily_szse,SZ,159625,绿色电力ETF嘉实,2004113777.0,份,,,akshare:szse_daily
2026-09-03,akshare_fund_scale_daily_szse,SZ,159627,A100ETF华夏,21116776.0,份,,,akshare:szse_daily
2026-09-03,akshare_fund_scale_daily_szse,SZ,159628,国证2000ETF万家,311283250.0,份,,,akshare:szse_daily
2026-09-03,akshare_fund_scale_daily_szse,SZ,159629,中证1000ETF富国,829252663.0,份,,,akshare:szse_daily
2026-09-03,akshare_fund_scale_daily_szse,SZ,159630,A100ETF汇添富,15113744.0,份,,,akshare:szse_daily
2026-09-03,akshare_fund_scale_daily_szse,SZ,159631,A100ETF招商,39332605.0,份,,,akshare:szse_daily
2026-09-03,akshare_fund_scale_daily_szse,SZ,159632,纳斯达克ETF华安,4998720640.0,份,,,akshare:szse_daily
2026-09-03,akshare_fund_scale_daily_szse,SZ,159633,中证1000ETF易方达,982162658.0,份,,,akshare:szse_daily
2026-09-03,akshare_fund_scale_daily_szse,SZ,159635,基建ETF华夏,138846980.0,份,,,akshare:szse_daily
2026-09-03,akshare_fund_scale_daily_szse,SZ,159636,港股通科技30ETF工银,21828501206.0,份,,,akshare:szse_daily
2026-09-03,akshare_fund_scale_daily_szse,SZ,159637,新能源车ETF东财,643768094.0,份,,,akshare:szse_daily
2026-09-03,akshare_fund_scale_daily_szse,SZ,159638,航空航天ETF嘉实,1440341932.0,份,,,akshare:szse_daily
2026-09-03,akshare_fund_scale_daily_szse,SZ,159639,碳中和ETF南方,205290171.0,份,,,akshare:szse_daily
2026-09-03,akshare_fund_scale_daily_szse,SZ,159640,碳中和龙头ETF工银,59845198.0,份,,,akshare:szse_daily
2026-09-03,akshare_fund_scale_daily_szse,SZ,159641,碳中和ETF招商,87719131.0,份,,,akshare:szse_daily
2026-09-03,akshare_fund_scale_daily_szse,SZ,159642,碳中和ETF大成,23439923.0,份,,,akshare:szse_daily
2026-09-03,akshare_fund_scale_daily_szse,SZ,159643,疫苗ETF国泰,289390617.0,份,,,akshare:szse_daily
2026-09-03,akshare_fund_scale_daily_szse,SZ,159645,疫苗ETF富国,71540740.0,份,,,akshare:szse_daily
2026-09-03,akshare_fund_scale_daily_szse,SZ,159647,中药ETF鹏华,1014961752.0,份,,,akshare:szse_daily
2026-09-03,akshare_fund_scale_daily_szse,SZ,159649,国开债ETF华安,40891877.0,份,,,akshare:szse_daily
2026-09-03,akshare_fund_scale_daily_szse,SZ,159650,国开债ETF博时,49464196.0,份,,,akshare:szse_daily
2026-09-03,akshare_fund_scale_daily_szse,SZ,159651,国开债ETF平安,9690448.0,份,,,akshare:szse_daily
2026-09-03,akshare_fund_scale_daily_szse,SZ,159652,有色ETF汇添富,1784320287.0,份,,,akshare:szse_daily
2026-09-03,akshare_fund_scale_daily_szse,SZ,159653,ESG300ETF国联安,52972068.0,份,,,akshare:szse_daily
2026-09-03,akshare_fund_scale_daily_szse,SZ,159655,标普500ETF华夏,2171143045.0,份,,,akshare:szse_daily
2026-09-03,akshare_fund_scale_daily_szse,SZ,159656,沪深300成长ETF万家,224238451.0,份,,,akshare:szse_daily
2026-09-03,akshare_fund_scale_daily_szse,SZ,159657,疫苗ETF鹏华,161514819.0,份,,,akshare:szse_daily
2026-09-03,akshare_fund_scale_daily_szse,SZ,159658,数字经济ETF华安,44394877.0,份,,,akshare:szse_daily
2026-09-03,akshare_fund_scale_daily_szse,SZ,159659,纳斯达克100ETF招商,4567744064.0,份,,,akshare:szse_daily
2026-09-03,akshare_fund_scale_daily_szse,SZ,159660,纳指ETF汇添富,2281151363.0,份,,,akshare:szse_daily
2026-09-03,akshare_fund_scale_daily_szse,SZ,159661,A100ETF嘉实,27208213.0,份,,,akshare:szse_daily
2026-09-03,akshare_fund_scale_daily_szse,SZ,159662,交运ETF南方,79113946.0,份,,,akshare:szse_daily
2026-09-03,akshare_fund_scale_daily_szse,SZ,159663,机床ETF华夏,453035170.0,份,,,akshare:szse_daily
2026-09-03,akshare_fund_scale_daily_szse,SZ,159665,半导体龙头ETF工银,252576860.0,份,,,akshare:szse_daily
2026-09-03,akshare_fund_scale_daily_szse,SZ,159666,交通运输ETF华夏,110832905.0,份,,,akshare:szse_daily
2026-09-03,akshare_fund_scale_daily_szse,SZ,159667,工业母机ETF国泰,3519050718.0,份,,,akshare:szse_daily
2026-09-03,akshare_fund_scale_daily_szse,SZ,159669,绿色电力ETF国泰,199754781.0,份,,,akshare:szse_daily
2026-09-03,akshare_fund_scale_daily_szse,SZ,159670,消费50ETF国联安,55706921.0,份,,,akshare:szse_daily
2026-09-03,akshare_fund_scale_daily_szse,SZ,159671,稀有金属ETF工银,905051737.0,份,,,akshare:szse_daily
2026-09-03,akshare_fund_scale_daily_szse,SZ,159672,消费ETF博时,130887409.0,份,,,akshare:szse_daily
2026-09-03,akshare_fund_scale_daily_szse,SZ,159673,沪深300ETF鹏华,1761528385.0,份,,,akshare:szse_daily
2026-09-03,akshare_fund_scale_daily_szse,SZ,159675,创业板增强ETF嘉实,65346691.0,份,,,akshare:szse_daily
2026-09-03,akshare_fund_scale_daily_szse,SZ,159676,创业板增强ETF富国,140564183.0,份,,,akshare:szse_daily
2026-09-03,akshare_fund_scale_daily_szse,SZ,159677,中证1000增强ETF银华,26904091.0,份,,,akshare:szse_daily
2026-09-03,akshare_fund_scale_daily_szse,SZ,159678,500增强ETF博时,89143694.0,份,,,akshare:szse_daily
2026-09-03,akshare_fund_scale_daily_szse,SZ,159679,中证1000增强ETF国泰,55289156.0,份,,,akshare:szse_daily
2026-09-03,akshare_fund_scale_daily_szse,SZ,159680,中证1000增强ETF招商,1044438087.0,份,,,akshare:szse_daily
2026-09-03,akshare_fund_scale_daily_szse,SZ,159681,创业板50ETF鹏华,1085772337.0,份,,,akshare:szse_daily
2026-09-03,akshare_fund_scale_daily_szse,SZ,159682,创业板50ETF景顺,3377307670.0,份,,,akshare:szse_daily
2026-09-03,akshare_fund_scale_daily_szse,SZ,159685,1000增强ETF天弘,19440067.0,份,,,akshare:szse_daily
2026-09-03,akshare_fund_scale_daily_szse,SZ,159686,A100ETF易方达,77815386.0,份,,,akshare:szse_daily
2026-09-03,akshare_fund_scale_daily_szse,SZ,159687,亚太精选ETF南方,1593328658.0,份,,,akshare:szse_daily
2026-09-03,akshare_fund_scale_daily_szse,SZ,159688,恒生互联网ETF华安,1369278480.0,份,,,akshare:szse_daily
2026-09-03,akshare_fund_scale_daily_szse,SZ,159689,消费ETF南方,86147787.0,份,,,akshare:szse_daily
2026-09-03,akshare_fund_scale_daily_szse,SZ,159690,有色矿业ETF招商,269163978.0,份,,,akshare:szse_daily
2026-09-03,akshare_fund_scale_daily_szse,SZ,159691,港股红利ETF工银,3721301386.0,份,,,akshare:szse_daily
2026-09-03,akshare_fund_scale_daily_szse,SZ,159692,证券ETF东财,1439455969.0,份,,,akshare:szse_daily
2026-09-03,akshare_fund_scale_daily_szse,SZ,159695,通信ETF嘉实,851436258.0,份,,,akshare:szse_daily
2026-09-03,akshare_fund_scale_daily_szse,SZ,159696,纳指ETF易方达,2847824034.0,份,,,akshare:szse_daily
2026-09-03,akshare_fund_scale_daily_szse,SZ,159697,石油ETF鹏华,1015022006.0,份,,,akshare:szse_daily
2026-09-03,akshare_fund_scale_daily_szse,SZ,159698,粮食ETF鹏华,1864444378.0,份,,,akshare:szse_daily
2026-09-03,akshare_fund_scale_daily_szse,SZ,159699,恒生消费ETF广发,492164255.0,份,,,akshare:szse_daily
2026-09-03,akshare_fund_scale_daily_szse,SZ,159700,科创债ETF南方,135569191.0,份,,,akshare:szse_daily
2026-09-03,akshare_fund_scale_daily_szse,SZ,159701,物联网ETF招商,5705601.0,份,,,akshare:szse_daily
2026-09-03,akshare_fund_scale_daily_szse,SZ,159703,新材料ETF天弘,58981591.0,份,,,akshare:szse_daily
2026-09-03,akshare_fund_scale_daily_szse,SZ,159706,深证100ETF华安,40386800.0,份,,,akshare:szse_daily
2026-09-03,akshare_fund_scale_daily_szse,SZ,159707,地产ETF华宝,1204548214.0,份,,,akshare:szse_daily
2026-09-03,akshare_fund_scale_daily_szse,SZ,159708,红利ETF西部利得,177528306.0,份,,,akshare:szse_daily
2026-09-03,akshare_fund_scale_daily_szse,SZ,159709,物联网ETF工银,21484060.0,份,,,akshare:szse_daily
2026-09-03,akshare_fund_scale_daily_szse,SZ,159711,港股通50ETF华夏,30465157.0,份,,,akshare:szse_daily
2026-09-03,akshare_fund_scale_daily_szse,SZ,159712,港股通50ETF国泰,84778813.0,份,,,akshare:szse_daily
2026-09-03,akshare_fund_scale_daily_szse,SZ,159713,稀土ETF富国,512255051.0,份,,,akshare:szse_daily
2026-09-03,akshare_fund_scale_daily_szse,SZ,159715,稀土ETF易方达,517030274.0,份,,,akshare:szse_daily
2026-09-03,akshare_fund_scale_daily_szse,SZ,159716,深证100ETF华宝,55666732.0,份,,,akshare:szse_daily
2026-09-03,akshare_fund_scale_daily_szse,SZ,159717,ESGETF鹏华,27873183.0,份,,,akshare:szse_daily
2026-09-03,akshare_fund_scale_daily_szse,SZ,159718,港股医药ETF平安,183832634.0,份,,,akshare:szse_daily
2026-09-03,akshare_fund_scale_daily_szse,SZ,159719,国企ETF平安,19195986.0,份,,,akshare:szse_daily
2026-09-03,akshare_fund_scale_daily_szse,SZ,159720,智能车ETF泰康,45812357.0,份,,,akshare:szse_daily
2026-09-03,akshare_fund_scale_daily_szse,SZ,159721,深证100ETF永赢,69431696.0,份,,,akshare:szse_daily
2026-09-03,akshare_fund_scale_daily_szse,SZ,159723,科技龙头ETF汇添富,29025575.0,份,,,akshare:szse_daily
2026-09-03,akshare_fund_scale_daily_szse,SZ,159725,线上消费ETF工银,119424924.0,份,,,akshare:szse_daily
2026-09-03,akshare_fund_scale_daily_szse,SZ,159726,港股通高股息ETF华夏,249411380.0,份,,,akshare:szse_daily
2026-09-03,akshare_fund_scale_daily_szse,SZ,159728,在线消费ETF南方,45910129.0,份,,,akshare:szse_daily
2026-09-03,akshare_fund_scale_daily_szse,SZ,159729,互联网ETF汇添富,66760633.0,份,,,akshare:szse_daily
2026-09-03,akshare_fund_scale_daily_szse,SZ,159730,家电ETF博时,42571340.0,份,,,akshare:szse_daily
2026-09-03,akshare_fund_scale_daily_szse,SZ,159731,石化ETF华夏,697375802.0,份,,,akshare:szse_daily
2026-09-03,akshare_fund_scale_daily_szse,SZ,159732,消费电子ETF华夏,2392447904.0,份,,,akshare:szse_daily
2026-09-03,akshare_fund_scale_daily_szse,SZ,159735,港股消费ETF银华,623561371.0,份,,,akshare:szse_daily
2026-09-03,akshare_fund_scale_daily_szse,SZ,159736,食品饮料ETF天弘,7482394457.0,份,,,akshare:szse_daily
2026-09-03,akshare_fund_scale_daily_szse,SZ,159738,云计算ETF华泰柏瑞,130992667.0,份,,,akshare:szse_daily
2026-09-03,akshare_fund_scale_daily_szse,SZ,159739,云计算ETF鹏华,407561230.0,份,,,akshare:szse_daily
2026-09-03,akshare_fund_scale_daily_szse,SZ,159740,恒生科技ETF大成,25149120448.0,份,,,akshare:szse_daily
2026-09-03,akshare_fund_scale_daily_szse,SZ,159741,恒生科技ETF嘉实,1389796712.0,份,,,akshare:szse_daily
2026-09-03,akshare_fund_scale_daily_szse,SZ,159742,恒生科技ETF博时,6253928292.0,份,,,akshare:szse_daily
2026-09-03,akshare_fund_scale_daily_szse,SZ,159743,湖北ETF博时,109941100.0,份,,,akshare:szse_daily
2026-09-03,akshare_fund_scale_daily_szse,SZ,159745,建材ETF国泰,1339688265.0,份,,,akshare:szse_daily
2026-09-03,akshare_fund_scale_daily_szse,SZ,159747,香港科技ETF南方,312712278.0,份,,,akshare:szse_daily
2026-09-03,akshare_fund_scale_daily_szse,SZ,159748,创新药ETF富国,1449692128.0,份,,,akshare:szse_daily
2026-09-03,akshare_fund_scale_daily_szse,SZ,159750,港股科技50ETF招商,1274618251.0,份,,,akshare:szse_daily
2026-09-03,akshare_fund_scale_daily_szse,SZ,159751,港股通科技ETF鹏华,882629628.0,份,,,akshare:szse_daily
2026-09-03,akshare_fund_scale_daily_szse,SZ,159752,新能源ETF申万菱信,367958917.0,份,,,akshare:szse_daily
2026-09-03,akshare_fund_scale_daily_szse,SZ,159755,电池ETF广发,7863646746.0,份,,,akshare:szse_daily
2026-09-03,akshare_fund_scale_daily_szse,SZ,159757,电池ETF景顺,247931891.0,份,,,akshare:szse_daily
2026-09-03,akshare_fund_scale_daily_szse,SZ,159758,红利质量ETF华夏,1302290777.0,份,,,akshare:szse_daily
2026-09-03,akshare_fund_scale_daily_szse,SZ,159760,医疗健康ETF泰康,132360223.0,份,,,akshare:szse_daily
2026-09-03,akshare_fund_scale_daily_szse,SZ,159761,新材料ETF国泰,191734117.0,份,,,akshare:szse_daily
2026-09-03,akshare_fund_scale_daily_szse,SZ,159763,新材料ETF建信,91707747.0,份,,,akshare:szse_daily
2026-09-03,akshare_fund_scale_daily_szse,SZ,159766,旅游ETF富国,5570640963.0,份,,,akshare:szse_daily
2026-09-03,akshare_fund_scale_daily_szse,SZ,159767,电池龙头ETF兴银,247873672.0,份,,,akshare:szse_daily
2026-09-03,akshare_fund_scale_daily_szse,SZ,159768,房地产ETF银华,891450311.0,份,,,akshare:szse_daily
2026-09-03,akshare_fund_scale_daily_szse,SZ,159770,机器人ETF天弘,6043087762.0,份,,,akshare:szse_daily
2026-09-03,akshare_fund_scale_daily_szse,SZ,159773,创业板科技ETF华泰柏瑞,145903120.0,份,,,akshare:szse_daily
2026-09-03,akshare_fund_scale_daily_szse,SZ,159775,电池ETF建信,678648961.0,份,,,akshare:szse_daily
2026-09-03,akshare_fund_scale_daily_szse,SZ,159776,港股医药ETF银华,78968765.0,份,,,akshare:szse_daily
2026-09-03,akshare_fund_scale_daily_szse,SZ,159777,创科技ETF国联安,28280565.0,份,,,akshare:szse_daily
2026-09-03,akshare_fund_scale_daily_szse,SZ,159778,工业互联网ETF鹏华,40255382.0,份,,,akshare:szse_daily
2026-09-03,akshare_fund_scale_daily_szse,SZ,159779,消费电子ETF招商,138869337.0,份,,,akshare:szse_daily
2026-09-03,akshare_fund_scale_daily_szse,SZ,159780,科创创业50ETF南方,3608248583.0,份,,,akshare:szse_daily
2026-09-03,akshare_fund_scale_daily_szse,SZ,159781,科创创业ETF易方达,15895860533.0,份,,,akshare:szse_daily
2026-09-03,akshare_fund_scale_daily_szse,SZ,159782,双创50ETF银华,591190267.0,份,,,akshare:szse_daily
2026-09-03,akshare_fund_scale_daily_szse,SZ,159783,科创创业50ETF华夏,5360859442.0,份,,,akshare:szse_daily
2026-09-03,akshare_fund_scale_daily_szse,SZ,159786,VRETF银华,81701174.0,份,,,akshare:szse_daily
2026-09-03,akshare_fund_scale_daily_szse,SZ,159787,建材ETF易方达,132021633.0,份,,,akshare:szse_daily
2026-09-03,akshare_fund_scale_daily_szse,SZ,159788,港股通100ETF易方达,70424965.0,份,,,akshare:szse_daily
2026-09-03,akshare_fund_scale_daily_szse,SZ,159790,碳中和ETF华夏,1551528485.0,份,,,akshare:szse_daily
2026-09-03,akshare_fund_scale_daily_szse,SZ,159791,300ESGETF华夏,29083347.0,份,,,akshare:szse_daily
2026-09-03,akshare_fund_scale_daily_szse,SZ,159792,港股通互联网ETF富国,63937855237.0,份,,,akshare:szse_daily
2026-09-03,akshare_fund_scale_daily_szse,SZ,159793,线上消费ETF平安,43758908.0,份,,,akshare:szse_daily
2026-09-03,akshare_fund_scale_daily_szse,SZ,159795,智能汽车ETF汇添富,28169473.0,份,,,akshare:szse_daily
2026-09-03,akshare_fund_scale_daily_szse,SZ,159796,电池ETF汇添富,6098467550.0,份,,,akshare:szse_daily
2026-09-03,akshare_fund_scale_daily_szse,SZ,159797,医疗器械ETF汇添富,394989247.0,份,,,akshare:szse_daily
2026-09-03,akshare_fund_scale_daily_szse,SZ,159798,消费ETF易方达,174245390.0,份,,,akshare:szse_daily
2026-09-03,akshare_fund_scale_daily_szse,SZ,159800,中证800ETF鹏华,26736802.0,份,,,akshare:szse_daily
2026-09-03,akshare_fund_scale_daily_szse,SZ,159801,芯片ETF广发,4556120172.0,份,,,akshare:szse_daily
2026-09-03,akshare_fund_scale_daily_szse,SZ,159804,创中盘88ETF国寿,15899676.0,份,,,akshare:szse_daily
2026-09-03,akshare_fund_scale_daily_szse,SZ,159805,传媒ETF鹏华,296452480.0,份,,,akshare:szse_daily
2026-09-03,akshare_fund_scale_daily_szse,SZ,159806,新能源车ETF国泰,858089446.0,份,,,akshare:szse_daily
2026-09-03,akshare_fund_scale_daily_szse,SZ,159807,科技ETF易方达,919051428.0,份,,,akshare:szse_daily
2026-09-03,akshare_fund_scale_daily_szse,SZ,159808,创100ETF融通,51484790.0,份,,,akshare:szse_daily
2026-09-03,akshare_fund_scale_daily_szse,SZ,159810,创业板ETF浦银,57475458.0,份,,,akshare:szse_daily
2026-09-03,akshare_fund_scale_daily_szse,SZ,159811,5GETF博时,75543393.0,份,,,akshare:szse_daily
2026-09-03,akshare_fund_scale_daily_szse,SZ,159812,黄金ETF前海开源,162013149.0,份,,,akshare:szse_daily
2026-09-03,akshare_fund_scale_daily_szse,SZ,159813,半导体ETF鹏华,9078724820.0,份,,,akshare:szse_daily
2026-09-03,akshare_fund_scale_daily_szse,SZ,159814,创业大盘ETF西部利得,510246520.0,份,,,akshare:szse_daily
2026-09-03,akshare_fund_scale_daily_szse,SZ,159816,0-4年地方债ETF鹏华,97447484.0,份,,,akshare:szse_daily
2026-09-03,akshare_fund_scale_daily_szse,SZ,159819,人工智能ETF易方达,12117229669.0,份,,,akshare:szse_daily
2026-09-03,akshare_fund_scale_daily_szse,SZ,159820,中证500ETF天弘,1353908470.0,份,,,akshare:szse_daily
2026-09-03,akshare_fund_scale_daily_szse,SZ,159821,创业板ETF中银证券,65920000.0,份,,,akshare:szse_daily
2026-09-03,akshare_fund_scale_daily_szse,SZ,159822,新经济ETF银华,296134315.0,份,,,akshare:szse_daily
2026-09-03,akshare_fund_scale_daily_szse,SZ,159824,新能源车ETF博时,83135070.0,份,,,akshare:szse_daily
2026-09-03,akshare_fund_scale_daily_szse,SZ,159825,农业ETF富国,2492077407.0,份,,,akshare:szse_daily
2026-09-03,akshare_fund_scale_daily_szse,SZ,159827,农业ETF银华,85716463.0,份,,,akshare:szse_daily
2026-09-03,akshare_fund_scale_daily_szse,SZ,159828,医疗ETF国泰,4638439464.0,份,,,akshare:szse_daily
2026-09-03,akshare_fund_scale_daily_szse,SZ,159830,金ETF天弘,347914066.0,份,,,akshare:szse_daily
2026-09-03,akshare_fund_scale_daily_szse,SZ,159831,金ETF嘉实,267356243.0,份,,,akshare:szse_daily
2026-09-03,akshare_fund_scale_daily_szse,SZ,159834,金ETF南方,232361376.0,份,,,akshare:szse_daily
2026-09-03,akshare_fund_scale_daily_szse,SZ,159835,创新药ETF建信,365504143.0,份,,,akshare:szse_daily
2026-09-03,akshare_fund_scale_daily_szse,SZ,159836,创业板300ETF天弘,119747113.0,份,,,akshare:szse_daily
2026-09-03,akshare_fund_scale_daily_szse,SZ,159837,生物科技ETF易方达,2819152837.0,份,,,akshare:szse_daily
2026-09-03,akshare_fund_scale_daily_szse,SZ,159838,医药50ETF博时,225763462.0,份,,,akshare:szse_daily
2026-09-03,akshare_fund_scale_daily_szse,SZ,159839,生物医药ETF汇添富,2631735165.0,份,,,akshare:szse_daily
2026-09-03,akshare_fund_scale_daily_szse,SZ,159840,锂电池ETF工银,1953574851.0,份,,,akshare:szse_daily
2026-09-03,akshare_fund_scale_daily_szse,SZ,159841,证券ETF天弘,11927238465.0,份,,,akshare:szse_daily
2026-09-03,akshare_fund_scale_daily_szse,SZ,159842,券商ETF银华,9017250631.0,份,,,akshare:szse_daily
2026-09-03,akshare_fund_scale_daily_szse,SZ,159843,食品饮料ETF招商,608955141.0,份,,,akshare:szse_daily
2026-09-03,akshare_fund_scale_daily_szse,SZ,159845,中证1000ETF华夏,1965425606.0,份,,,akshare:szse_daily
2026-09-03,akshare_fund_scale_daily_szse,SZ,159847,医疗ETF易方达,3858825354.0,份,,,akshare:szse_daily
2026-09-03,akshare_fund_scale_daily_szse,SZ,159848,证券ETF国联安,153311239.0,份,,,akshare:szse_daily
2026-09-03,akshare_fund_scale_daily_szse,SZ,159849,生物科技ETF招商,158372396.0,份,,,akshare:szse_daily
2026-09-03,akshare_fund_scale_daily_szse,SZ,159850,恒生国企ETF华夏,419706498.0,份,,,akshare:szse_daily
2026-09-03,akshare_fund_scale_daily_szse,SZ,159851,金融科技ETF华宝,10010904148.0,份,,,akshare:szse_daily
2026-09-03,akshare_fund_scale_daily_szse,SZ,159852,软件ETF嘉实,13874623921.0,份,,,akshare:szse_daily
2026-09-03,akshare_fund_scale_daily_szse,SZ,159855,影视ETF银华,240425236.0,份,,,akshare:szse_daily
2026-09-03,akshare_fund_scale_daily_szse,SZ,159856,互联网龙头ETF工银,347372474.0,份,,,akshare:szse_daily
2026-09-03,akshare_fund_scale_daily_szse,SZ,159857,光伏ETF天弘,2240515725.0,份,,,akshare:szse_daily
2026-09-03,akshare_fund_scale_daily_szse,SZ,159858,创新药ETF南方,1031098318.0,份,,,akshare:szse_daily
2026-09-03,akshare_fund_scale_daily_szse,SZ,159859,生物医药ETF天弘,10602440054.0,份,,,akshare:szse_daily
2026-09-03,akshare_fund_scale_daily_szse,SZ,159861,碳中和50ETF国泰,100117535.0,份,,,akshare:szse_daily
2026-09-03,akshare_fund_scale_daily_szse,SZ,159862,食品饮料ETF银华,309000623.0,份,,,akshare:szse_daily
2026-09-03,akshare_fund_scale_daily_szse,SZ,159863,光伏ETF鹏华,298729352.0,份,,,akshare:szse_daily
2026-09-03,akshare_fund_scale_daily_szse,SZ,159864,光伏ETF国泰,630526827.0,份,,,akshare:szse_daily
2026-09-03,akshare_fund_scale_daily_szse,SZ,159865,养殖ETF国泰,12223455659.0,份,,,akshare:szse_daily
2026-09-03,akshare_fund_scale_daily_szse,SZ,159866,日经ETF工银,1137479377.0,份,,,akshare:szse_daily
2026-09-03,akshare_fund_scale_daily_szse,SZ,159867,养殖ETF鹏华,1603643594.0,份,,,akshare:szse_daily
2026-09-03,akshare_fund_scale_daily_szse,SZ,159869,游戏ETF华夏,8040082127.0,份,,,akshare:szse_daily
2026-09-03,akshare_fund_scale_daily_szse,SZ,159870,化工ETF鹏华,16992607019.0,份,,,akshare:szse_daily
2026-09-03,akshare_fund_scale_daily_szse,SZ,159871,有色ETF银华,1132232506.0,份,,,akshare:szse_daily
2026-09-03,akshare_fund_scale_daily_szse,SZ,159872,智能网联汽车ETF鹏华,59299732.0,份,,,akshare:szse_daily
2026-09-03,akshare_fund_scale_daily_szse,SZ,159873,医疗设备ETF天弘,469920000.0,份,,,akshare:szse_daily
2026-09-03,akshare_fund_scale_daily_szse,SZ,159875,新能源ETF嘉实,2376162899.0,份,,,akshare:szse_daily
2026-09-03,akshare_fund_scale_daily_szse,SZ,159876,有色ETF华宝,1678177018.0,份,,,akshare:szse_daily
2026-09-03,akshare_fund_scale_daily_szse,SZ,159877,医疗ETF南方,245792292.0,份,,,akshare:szse_daily
2026-09-03,akshare_fund_scale_daily_szse,SZ,159880,有色ETF鹏华,1314103036.0,份,,,akshare:szse_daily
2026-09-03,akshare_fund_scale_daily_szse,SZ,159881,有色金属ETF国泰,192499166.0,份,,,akshare:szse_daily
2026-09-03,akshare_fund_scale_daily_szse,SZ,159883,医疗器械ETF永赢,9002037843.0,份,,,akshare:szse_daily
2026-09-03,akshare_fund_scale_daily_szse,SZ,159885,碳中和ETF鹏华,249467316.0,份,,,akshare:szse_daily
2026-09-03,akshare_fund_scale_daily_szse,SZ,159886,机械ETF富国,72642555.0,份,,,akshare:szse_daily
2026-09-03,akshare_fund_scale_daily_szse,SZ,159887,银行ETF富国,552915950.0,份,,,akshare:szse_daily
2026-09-03,akshare_fund_scale_daily_szse,SZ,159888,智能汽车ETF华夏,70446068.0,份,,,akshare:szse_daily
2026-09-03,akshare_fund_scale_daily_szse,SZ,159889,智能汽车ETF国泰,28400796.0,份,,,akshare:szse_daily
2026-09-03,akshare_fund_scale_daily_szse,SZ,159890,云计算ETF招商,225590688.0,份,,,akshare:szse_daily
2026-09-03,akshare_fund_scale_daily_szse,SZ,159891,医疗ETF建信,350024837.0,份,,,akshare:szse_daily
2026-09-03,akshare_fund_scale_daily_szse,SZ,159892,恒生医药ETF华夏,5400266022.0,份,,,akshare:szse_daily
2026-09-03,akshare_fund_scale_daily_szse,SZ,159895,物联网ETF易方达,75241864.0,份,,,akshare:szse_daily
2026-09-03,akshare_fund_scale_daily_szse,SZ,159896,物联网ETF南方,38055960.0,份,,,akshare:szse_daily
2026-09-03,akshare_fund_scale_daily_szse,SZ,159898,医疗器械ETF招商,894098825.0,份,,,akshare:szse_daily
2026-09-03,akshare_fund_scale_daily_szse,SZ,159899,软件ETF招商,966977729.0,份,,,akshare:szse_daily
2026-09-03,akshare_fund_scale_daily_szse,SZ,159901,深证100ETF易方达,1010734930.0,份,,,akshare:szse_daily
2026-09-03,akshare_fund_scale_daily_szse,SZ,159902,中小100ETF华夏,76460849.0,份,,,akshare:szse_daily
2026-09-03,akshare_fund_scale_daily_szse,SZ,159903,深成ETF南方,463154507.0,份,,,akshare:szse_daily
2026-09-03,akshare_fund_scale_daily_szse,SZ,159905,红利ETF工银,985943951.0,份,,,akshare:szse_daily
2026-09-03,akshare_fund_scale_daily_szse,SZ,159906,深成长ETF大成,140639725.0,份,,,akshare:szse_daily
2026-09-03,akshare_fund_scale_daily_szse,SZ,159907,国证2000ETF广发,167197694.0,份,,,akshare:szse_daily
2026-09-03,akshare_fund_scale_daily_szse,SZ,159908,创业板ETF博时,324229029.0,份,,,akshare:szse_daily
2026-09-03,akshare_fund_scale_daily_szse,SZ,159909,TMT50ETF招商,531561992.0,份,,,akshare:szse_daily
2026-09-03,akshare_fund_scale_daily_szse,SZ,159910,基本面120ETF嘉实,83906143.0,份,,,akshare:szse_daily
2026-09-03,akshare_fund_scale_daily_szse,SZ,159912,深300ETF汇添富,68448991.0,份,,,akshare:szse_daily
2026-09-03,akshare_fund_scale_daily_szse,SZ,159913,深价值ETF交银,22329693.0,份,,,akshare:szse_daily
2026-09-03,akshare_fund_scale_daily_szse,SZ,159915,创业板ETF易方达,19828454936.0,份,,,akshare:szse_daily
2026-09-03,akshare_fund_scale_daily_szse,SZ,159916,基本面ETF建信,42566039.0,份,,,akshare:szse_daily
2026-09-03,akshare_fund_scale_daily_szse,SZ,159918,中创400ETF嘉实,30561264.0,份,,,akshare:szse_daily
2026-09-03,akshare_fund_scale_daily_szse,SZ,159919,沪深300ETF嘉实,6235416676.0,份,,,akshare:szse_daily
2026-09-03,akshare_fund_scale_daily_szse,SZ,159920,恒生ETF华夏,5701559219.0,份,,,akshare:szse_daily
2026-09-03,akshare_fund_scale_daily_szse,SZ,159922,中证500ETF嘉实,2699676765.0,份,,,akshare:szse_daily
2026-09-03,akshare_fund_scale_daily_szse,SZ,159923,中证A100ETF大成,15285812.0,份,,,akshare:szse_daily
2026-09-03,akshare_fund_scale_daily_szse,SZ,159925,沪深300ETF南方,608720856.0,份,,,akshare:szse_daily
2026-09-03,akshare_fund_scale_daily_szse,SZ,159928,消费ETF汇添富,23086629040.0,份,,,akshare:szse_daily
2026-09-03,akshare_fund_scale_daily_szse,SZ,159929,医药ETF汇添富,1701204203.0,份,,,akshare:szse_daily
2026-09-03,akshare_fund_scale_daily_szse,SZ,159930,能源ETF汇添富,541398150.0,份,,,akshare:szse_daily
2026-09-03,akshare_fund_scale_daily_szse,SZ,159931,金融地产ETF汇添富,17828511.0,份,,,akshare:szse_daily
2026-09-03,akshare_fund_scale_daily_szse,SZ,159933,金融地产ETF国投瑞银,36378943.0,份,,,akshare:szse_daily
2026-09-03,akshare_fund_scale_daily_szse,SZ,159934,黄金ETF易方达,3958108998.0,份,,,akshare:szse_daily
2026-09-03,akshare_fund_scale_daily_szse,SZ,159935,中证500ETF景顺,24572956.0,份,,,akshare:szse_daily
2026-09-03,akshare_fund_scale_daily_szse,SZ,159936,可选消费ETF广发,108156094.0,份,,,akshare:szse_daily
2026-09-03,akshare_fund_scale_daily_szse,SZ,159937,黄金ETF博时,4723121977.0,份,,,akshare:szse_daily
2026-09-03,akshare_fund_scale_daily_szse,SZ,159938,医药ETF广发,7317067236.0,份,,,akshare:szse_daily
2026-09-03,akshare_fund_scale_daily_szse,SZ,159939,信息技术ETF广发,801656106.0,份,,,akshare:szse_daily
2026-09-03,akshare_fund_scale_daily_szse,SZ,159940,金融地产ETF广发,290059983.0,份,,,akshare:szse_daily
2026-09-03,akshare_fund_scale_daily_szse,SZ,159941,纳指ETF广发,22544910164.0,份,,,akshare:szse_daily
2026-09-03,akshare_fund_scale_daily_szse,SZ,159943,深证成指ETF大成,203229922.0,份,,,akshare:szse_daily
2026-09-03,akshare_fund_scale_daily_szse,SZ,159944,材料ETF广发,31608342.0,份,,,akshare:szse_daily
2026-09-03,akshare_fund_scale_daily_szse,SZ,159945,能源ETF广发,59572327.0,份,,,akshare:szse_daily
2026-09-03,akshare_fund_scale_daily_szse,SZ,159948,创业板ETF南方,1185697720.0,份,,,akshare:szse_daily
2026-09-03,akshare_fund_scale_daily_szse,SZ,159949,创业板50ETF华安,15519785113.0,份,,,akshare:szse_daily
2026-09-03,akshare_fund_scale_daily_szse,SZ,159952,创业板ETF广发,5510884929.0,份,,,akshare:szse_daily
2026-09-03,akshare_fund_scale_daily_szse,SZ,159954,恒生中国企业ETF南方,189105083.0,份,,,akshare:szse_daily
2026-09-03,akshare_fund_scale_daily_szse,SZ,159956,创业板ETF建信,48978674.0,份,,,akshare:szse_daily
2026-09-03,akshare_fund_scale_daily_szse,SZ,159957,创业板ETF华夏,1209784560.0,份,,,akshare:szse_daily
2026-09-03,akshare_fund_scale_daily_szse,SZ,159958,创业板ETF工银,240611448.0,份,,,akshare:szse_daily
2026-09-03,akshare_fund_scale_daily_szse,SZ,159959,央企ETF银华,1826891780.0,份,,,akshare:szse_daily
2026-09-03,akshare_fund_scale_daily_szse,SZ,159960,恒生中国企业ETF平安,64573960.0,份,,,akshare:szse_daily
2026-09-03,akshare_fund_scale_daily_szse,SZ,159961,深100ETF方正富邦,98245196.0,份,,,akshare:szse_daily
2026-09-03,akshare_fund_scale_daily_szse,SZ,159964,创业板ETF平安,171481881.0,份,,,akshare:szse_daily
2026-09-03,akshare_fund_scale_daily_szse,SZ,159965,央视50ETF国联,21426953.0,份,,,akshare:szse_daily
2026-09-03,akshare_fund_scale_daily_szse,SZ,159966,创业板价值ETF华夏,645299521.0,份,,,akshare:szse_daily
2026-09-03,akshare_fund_scale_daily_szse,SZ,159967,创业板成长ETF华夏,7361105811.0,份,,,akshare:szse_daily
2026-09-03,akshare_fund_scale_daily_szse,SZ,159968,中证500ETF博时,63695098.0,份,,,akshare:szse_daily
2026-09-03,akshare_fund_scale_daily_szse,SZ,159970,深100ETF工银,10468704.0,份,,,akshare:szse_daily
2026-09-03,akshare_fund_scale_daily_szse,SZ,159971,创业板ETF富国,1868020288.0,份,,,akshare:szse_daily
2026-09-03,akshare_fund_scale_daily_szse,SZ,159972,5年地方债ETF鹏华,66685910.0,份,,,akshare:szse_daily
2026-09-03,akshare_fund_scale_daily_szse,SZ,159973,民企ETF弘毅远方,199976423.0,份,,,akshare:szse_daily
2026-09-03,akshare_fund_scale_daily_szse,SZ,159974,央企创新ETF富国,40432422.0,份,,,akshare:szse_daily
2026-09-03,akshare_fund_scale_daily_szse,SZ,159975,深100ETF招商,54437760.0,份,,,akshare:szse_daily
2026-09-03,akshare_fund_scale_daily_szse,SZ,159976,湾创ETF工银,63885872.0,份,,,akshare:szse_daily
2026-09-03,akshare_fund_scale_daily_szse,SZ,159977,创业板ETF天弘,3709872820.0,份,,,akshare:szse_daily
2026-09-03,akshare_fund_scale_daily_szse,SZ,159980,有色ETF大成,2971824777.0,份,,,akshare:szse_daily
2026-09-03,akshare_fund_scale_daily_szse,SZ,159981,能源化工ETF建信,1897536957.0,份,,,akshare:szse_daily
2026-09-03,akshare_fund_scale_daily_szse,SZ,159982,中证500ETF鹏华,202211253.0,份,,,akshare:szse_daily
2026-09-03,akshare_fund_scale_daily_szse,SZ,159985,豆粕ETF华夏,1565524066.0,份,,,akshare:szse_daily
2026-09-03,akshare_fund_scale_daily_szse,SZ,159991,创业板大盘ETF招商,102663172.0,份,,,akshare:szse_daily
2026-09-03,akshare_fund_scale_daily_szse,SZ,159992,创新药ETF银华,19966781217.0,份,,,akshare:szse_daily
2026-09-03,akshare_fund_scale_daily_szse,SZ,159993,证券ETF鹏华,3193697982.0,份,,,akshare:szse_daily
2026-09-03,akshare_fund_scale_daily_szse,SZ,159994,通信ETF银华,4009003358.0,份,,,akshare:szse_daily
2026-09-03,akshare_fund_scale_daily_szse,SZ,159995,芯片ETF华夏,24456126012.0,份,,,akshare:szse_daily
2026-09-03,akshare_fund_scale_daily_szse,SZ,159996,家电ETF国泰,488554846.0,份,,,akshare:szse_daily
2026-09-03,akshare_fund_scale_daily_szse,SZ,159997,电子ETF天弘,697306634.0,份,,,akshare:szse_daily
2026-09-03,akshare_fund_scale_daily_szse,SZ,159998,计算机ETF天弘,1585055354.0,份,,,akshare:szse_daily
2026-09-02,akshare_fund_scale_daily_szse,SZ,158000,港股通金融ETF鹏华,126925835.0,份,,,akshare:szse_daily
2026-09-02,akshare_fund_scale_daily_szse,SZ,158001,价值ETF嘉实,160392624.0,份,,,akshare:szse_daily
2026-09-02,akshare_fund_scale_daily_szse,SZ,158003,港股通医疗ETF嘉实,115654396.0,份,,,akshare:szse_daily
2026-09-02,akshare_fund_scale_daily_szse,SZ,158005,工程机械ETF博时,160061376.0,份,,,akshare:szse_daily
2026-09-02,akshare_fund_scale_daily_szse,SZ,158006,化工ETF博时,42046012.0,份,,,akshare:szse_daily
2026-09-02,akshare_fund_scale_daily_szse,SZ,158008,新能源电池ETF华夏,248413126.0,份,,,akshare:szse_daily
2026-09-02,akshare_fund_scale_daily_szse,SZ,158009,航空航天ETF南方,38373819.0,份,,,akshare:szse_daily
2026-09-02,akshare_fund_scale_daily_szse,SZ,158010,医疗ETF嘉实,253213319.0,份,,,akshare:szse_daily
2026-09-02,akshare_fund_scale_daily_szse,SZ,158012,云计算ETF南方,277825566.0,份,,,akshare:szse_daily
2026-09-02,akshare_fund_scale_daily_szse,SZ,158017,化工ETF易方达,82594582.0,份,,,akshare:szse_daily
2026-09-02,akshare_fund_scale_daily_szse,SZ,158019,电池ETF永赢,277281913.0,份,,,akshare:szse_daily
2026-09-02,akshare_fund_scale_daily_szse,SZ,158027,工业互联网ETF易方达,207143045.0,份,,,akshare:szse_daily
2026-09-02,akshare_fund_scale_daily_szse,SZ,159001,货币ETF易方达,31733110.0,份,,,akshare:szse_daily
2026-09-02,akshare_fund_scale_daily_szse,SZ,159003,招商快线ETF,2015205.0,份,,,akshare:szse_daily
2026-09-02,akshare_fund_scale_daily_szse,SZ,159005,快钱ETF汇添富,1165827.0,份,,,akshare:szse_daily
2026-09-02,akshare_fund_scale_daily_szse,SZ,159007,养殖ETF华泰柏瑞,186603274.0,份,,,akshare:szse_daily
2026-09-02,akshare_fund_scale_daily_szse,SZ,159008,证券ETF景顺,109784531.0,份,,,akshare:szse_daily
2026-09-02,akshare_fund_scale_daily_szse,SZ,159009,创业板新能源ETF易方达,145392703.0,份,,,akshare:szse_daily
2026-09-02,akshare_fund_scale_daily_szse,SZ,159010,港股通科技ETF博时,200097611.0,份,,,akshare:szse_daily
2026-09-02,akshare_fund_scale_daily_szse,SZ,159011,养殖ETF华安,26505168.0,份,,,akshare:szse_daily
2026-09-02,akshare_fund_scale_daily_szse,SZ,159012,科创创业50ETF鹏华,128881148.0,份,,,akshare:szse_daily
2026-09-02,akshare_fund_scale_daily_szse,SZ,159013,工业互联网ETF大成,39578881.0,份,,,akshare:szse_daily
2026-09-02,akshare_fund_scale_daily_szse,SZ,159015,恒生港股通科技ETF国联,110352934.0,份,,,akshare:szse_daily
2026-09-02,akshare_fund_scale_daily_szse,SZ,159016,证券ETF广发,334040154.0,份,,,akshare:szse_daily
2026-09-02,akshare_fund_scale_daily_szse,SZ,159017,石油ETF工银,151256813.0,份,,,akshare:szse_daily
2026-09-02,akshare_fund_scale_daily_szse,SZ,159018,石油ETF广发,29904203.0,份,,,akshare:szse_daily
2026-09-02,akshare_fund_scale_daily_szse,SZ,159019,石油ETF华宝,44327711.0,份,,,akshare:szse_daily
2026-09-02,akshare_fund_scale_daily_szse,SZ,159020,养殖ETF易方达,125567082.0,份,,,akshare:szse_daily
2026-09-02,akshare_fund_scale_daily_szse,SZ,159021,大盘价值ETF华夏,73907712.0,份,,,akshare:szse_daily
2026-09-02,akshare_fund_scale_daily_szse,SZ,159022,科创创业人工智能ETF富国,177630967.0,份,,,akshare:szse_daily
2026-09-02,akshare_fund_scale_daily_szse,SZ,159023,养殖ETF万家,40777943.0,份,,,akshare:szse_daily
2026-09-02,akshare_fund_scale_daily_szse,SZ,159026,石油ETF南方,45513446.0,份,,,akshare:szse_daily
2026-09-02,akshare_fund_scale_daily_szse,SZ,159027,畜牧养殖ETF大成,109472283.0,份,,,akshare:szse_daily
2026-09-02,akshare_fund_scale_daily_szse,SZ,159028,港股汽车ETF天弘,129449016.0,份,,,akshare:szse_daily
2026-09-02,akshare_fund_scale_daily_szse,SZ,159029,有色ETF广发,297127717.0,份,,,akshare:szse_daily
2026-09-02,akshare_fund_scale_daily_szse,SZ,159030,粮食ETF华夏,413968176.0,份,,,akshare:szse_daily
2026-09-02,akshare_fund_scale_daily_szse,SZ,159031,粮食ETF博时,513028624.0,份,,,akshare:szse_daily
2026-09-02,akshare_fund_scale_daily_szse,SZ,159032,工业有色ETF易方达,260845019.0,份,,,akshare:szse_daily
2026-09-02,akshare_fund_scale_daily_szse,SZ,159033,粮食ETF国泰,101323473.0,份,,,akshare:szse_daily
2026-09-02,akshare_fund_scale_daily_szse,SZ,159035,软件ETF天弘,606859726.0,份,,,akshare:szse_daily
2026-09-02,akshare_fund_scale_daily_szse,SZ,159036,软件开发ETF华宝,284740164.0,份,,,akshare:szse_daily
2026-09-02,akshare_fund_scale_daily_szse,SZ,159037,价值ETF鹏华,67249832.0,份,,,akshare:szse_daily
2026-09-02,akshare_fund_scale_daily_szse,SZ,159038,粮食ETF易方达,186026939.0,份,,,akshare:szse_daily
2026-09-02,akshare_fund_scale_daily_szse,SZ,159039,机器人ETF华安,1028461422.0,份,,,akshare:szse_daily
2026-09-02,akshare_fund_scale_daily_szse,SZ,159040,港股通互联网ETF鹏华,32481087.0,份,,,akshare:szse_daily
2026-09-02,akshare_fund_scale_daily_szse,SZ,159041,农业ETF鹏华,53471832.0,份,,,akshare:szse_daily
2026-09-02,akshare_fund_scale_daily_szse,SZ,159042,价值ETF汇添富,90801105.0,份,,,akshare:szse_daily
2026-09-02,akshare_fund_scale_daily_szse,SZ,159043,食品ETF华安,84770695.0,份,,,akshare:szse_daily
2026-09-02,akshare_fund_scale_daily_szse,SZ,159045,稀有金属ETF大成,168330213.0,份,,,akshare:szse_daily
2026-09-02,akshare_fund_scale_daily_szse,SZ,159046,绿电ETF天弘,514976854.0,份,,,akshare:szse_daily
2026-09-02,akshare_fund_scale_daily_szse,SZ,159048,机器人ETF大成,193803897.0,份,,,akshare:szse_daily
2026-09-02,akshare_fund_scale_daily_szse,SZ,159049,有色ETF工银,35073319.0,份,,,akshare:szse_daily
2026-09-02,akshare_fund_scale_daily_szse,SZ,159050,机器人ETF广发,655703612.0,份,,,akshare:szse_daily
2026-09-02,akshare_fund_scale_daily_szse,SZ,159051,医疗器械ETF易方达,86117894.0,份,,,akshare:szse_daily
2026-09-02,akshare_fund_scale_daily_szse,SZ,159052,新能源电池ETF嘉实,196926092.0,份,,,akshare:szse_daily
2026-09-02,akshare_fund_scale_daily_szse,SZ,159053,稀有金属ETF华夏,160198132.0,份,,,akshare:szse_daily
2026-09-02,akshare_fund_scale_daily_szse,SZ,159055,稀有金属ETF富国,121293952.0,份,,,akshare:szse_daily
2026-09-02,akshare_fund_scale_daily_szse,SZ,159056,医疗器械ETF富国,60934358.0,份,,,akshare:szse_daily
2026-09-02,akshare_fund_scale_daily_szse,SZ,159057,医疗器械ETF鹏华,26715334.0,份,,,akshare:szse_daily
2026-09-02,akshare_fund_scale_daily_szse,SZ,159058,证券ETF大成,80331247.0,份,,,akshare:szse_daily
2026-09-02,akshare_fund_scale_daily_szse,SZ,159059,电力ETF大成,55830063.0,份,,,akshare:szse_daily
2026-09-02,akshare_fund_scale_daily_szse,SZ,159060,粮食ETF浦银,21483423.0,份,,,akshare:szse_daily
2026-09-02,akshare_fund_scale_daily_szse,SZ,159061,绿色电力ETF南方,214840230.0,份,,,akshare:szse_daily
2026-09-02,akshare_fund_scale_daily_szse,SZ,159062,稀有金属ETF南方,117701256.0,份,,,akshare:szse_daily
2026-09-02,akshare_fund_scale_daily_szse,SZ,159063,粮食ETF南方,56486647.0,份,,,akshare:szse_daily
2026-09-02,akshare_fund_scale_daily_szse,SZ,159065,工程机械ETF景顺,107350818.0,份,,,akshare:szse_daily
2026-09-02,akshare_fund_scale_daily_szse,SZ,159066,A股ETF建信,208733027.0,份,,,akshare:szse_daily
2026-09-02,akshare_fund_scale_daily_szse,SZ,159067,绿色电力ETF鹏华,18908737.0,份,,,akshare:szse_daily
2026-09-02,akshare_fund_scale_daily_szse,SZ,159068,软件ETF华夏,60336570.0,份,,,akshare:szse_daily
2026-09-02,akshare_fund_scale_daily_szse,SZ,159069,创业板新能源ETF华泰柏瑞,40770440.0,份,,,akshare:szse_daily
2026-09-02,akshare_fund_scale_daily_szse,SZ,159070,工程机械ETF嘉实,104366883.0,份,,,akshare:szse_daily
2026-09-02,akshare_fund_scale_daily_szse,SZ,159071,新能源电池ETF华宝,120911738.0,份,,,akshare:szse_daily
2026-09-02,akshare_fund_scale_daily_szse,SZ,159072,粮食ETF景顺,46285157.0,份,,,akshare:szse_daily
2026-09-02,akshare_fund_scale_daily_szse,SZ,159073,粮食ETF汇添富,62173864.0,份,,,akshare:szse_daily
2026-09-02,akshare_fund_scale_daily_szse,SZ,159075,工业互联网ETF华夏,176197165.0,份,,,akshare:szse_daily
2026-09-02,akshare_fund_scale_daily_szse,SZ,159076,创业板新能源ETF华宝,246373015.0,份,,,akshare:szse_daily
2026-09-02,akshare_fund_scale_daily_szse,SZ,159077,电池ETF鑫元,32242574.0,份,,,akshare:szse_daily
2026-09-02,akshare_fund_scale_daily_szse,SZ,159078,A股ETF富国,172262460.0,份,,,akshare:szse_daily
2026-09-02,akshare_fund_scale_daily_szse,SZ,159079,价值ETF兴全,84806830.0,份,,,akshare:szse_daily
2026-09-02,akshare_fund_scale_daily_szse,SZ,159082,化工ETF华夏,76531212.0,份,,,akshare:szse_daily
2026-09-02,akshare_fund_scale_daily_szse,SZ,159083,红利低波100ETF嘉实,156370472.0,份,,,akshare:szse_daily
2026-09-02,akshare_fund_scale_daily_szse,SZ,159085,价值ETF永赢,29535454.0,份,,,akshare:szse_daily
2026-09-02,akshare_fund_scale_daily_szse,SZ,159086,金融科技ETF广发,28399823.0,份,,,akshare:szse_daily
2026-09-02,akshare_fund_scale_daily_szse,SZ,159087,化工ETF万家,34992150.0,份,,,akshare:szse_daily
2026-09-02,akshare_fund_scale_daily_szse,SZ,159091,港股通金融ETF易方达,25374196.0,份,,,akshare:szse_daily
2026-09-02,akshare_fund_scale_daily_szse,SZ,159093,化工ETF汇添富,28681470.0,份,,,akshare:szse_daily
2026-09-02,akshare_fund_scale_daily_szse,SZ,159095,云计算ETF银华,217468139.0,份,,,akshare:szse_daily
2026-09-02,akshare_fund_scale_daily_szse,SZ,159096,价值ETF华夏,192631305.0,份,,,akshare:szse_daily
2026-09-02,akshare_fund_scale_daily_szse,SZ,159098,价值ETF招商,106891589.0,份,,,akshare:szse_daily
2026-09-02,akshare_fund_scale_daily_szse,SZ,159099,云计算ETF华宝,103610546.0,份,,,akshare:szse_daily
2026-09-02,akshare_fund_scale_daily_szse,SZ,159100,巴西ETF华夏,477546935.0,份,,,akshare:szse_daily
2026-09-02,akshare_fund_scale_daily_szse,SZ,159101,港股通科技ETF华夏,2874311457.0,份,,,akshare:szse_daily
2026-09-02,akshare_fund_scale_daily_szse,SZ,159102,港股通生物科技ETF华安,660622004.0,份,,,akshare:szse_daily
2026-09-02,akshare_fund_scale_daily_szse,SZ,159103,金融科技ETF汇添富,313406771.0,份,,,akshare:szse_daily
2026-09-02,akshare_fund_scale_daily_szse,SZ,159105,恒生生物科技ETF易方达,182272984.0,份,,,akshare:szse_daily
2026-09-02,akshare_fund_scale_daily_szse,SZ,159106,民企300ETF前海开源,39579488.0,份,,,akshare:szse_daily
2026-09-02,akshare_fund_scale_daily_szse,SZ,159107,创业板软件ETF富国,762823006.0,份,,,akshare:szse_daily
2026-09-02,akshare_fund_scale_daily_szse,SZ,159108,工业软件ETF博时,114738511.0,份,,,akshare:szse_daily
2026-09-02,akshare_fund_scale_daily_szse,SZ,159109,恒生50ETF景顺,568163854.0,份,,,akshare:szse_daily
2026-09-02,akshare_fund_scale_daily_szse,SZ,159110,科创债ETF万家,22627093.0,份,,,akshare:szse_daily
2026-09-02,akshare_fund_scale_daily_szse,SZ,159111,科创债ETF天弘,144276676.0,份,,,akshare:szse_daily
2026-09-02,akshare_fund_scale_daily_szse,SZ,159112,科创债ETF银华,223237830.0,份,,,akshare:szse_daily
2026-09-02,akshare_fund_scale_daily_szse,SZ,159113,科创债ETF大成,94636237.0,份,,,akshare:szse_daily
2026-09-02,akshare_fund_scale_daily_szse,SZ,159115,科创债ETF华安,52743487.0,份,,,akshare:szse_daily
2026-09-02,akshare_fund_scale_daily_szse,SZ,159116,科创债ETF工银,114402743.0,份,,,akshare:szse_daily
2026-09-02,akshare_fund_scale_daily_szse,SZ,159117,港股通红利低波ETF鹏华,61401153.0,份,,,akshare:szse_daily
2026-09-02,akshare_fund_scale_daily_szse,SZ,159118,港股通红利低波ETF华夏,69677020.0,份,,,akshare:szse_daily
2026-09-02,akshare_fund_scale_daily_szse,SZ,159119,800现金流ETF招商,145054229.0,份,,,akshare:szse_daily
2026-09-02,akshare_fund_scale_daily_szse,SZ,159120,港股通科技ETF国联安,148024466.0,份,,,akshare:szse_daily
2026-09-02,akshare_fund_scale_daily_szse,SZ,159121,港股通汽车ETF易方达,152481127.0,份,,,akshare:szse_daily
2026-09-02,akshare_fund_scale_daily_szse,SZ,159122,创业板新能源ETF富国,69160935.0,份,,,akshare:szse_daily
2026-09-02,akshare_fund_scale_daily_szse,SZ,159123,光伏ETF嘉实,391047026.0,份,,,akshare:szse_daily
2026-09-02,akshare_fund_scale_daily_szse,SZ,159125,港股通科技ETF招商,840245883.0,份,,,akshare:szse_daily
2026-09-02,akshare_fund_scale_daily_szse,SZ,159126,港股通50ETF南方,227616546.0,份,,,akshare:szse_daily
2026-09-02,akshare_fund_scale_daily_szse,SZ,159127,港股通红利ETF南方,150844268.0,份,,,akshare:szse_daily
2026-09-02,akshare_fund_scale_daily_szse,SZ,159128,港股科技ETF天弘,1891760841.0,份,,,akshare:szse_daily
2026-09-02,akshare_fund_scale_daily_szse,SZ,159129,化工ETF嘉实,1115906595.0,份,,,akshare:szse_daily
2026-09-02,akshare_fund_scale_daily_szse,SZ,159130,恒生生物科技ETF鹏华,199389466.0,份,,,akshare:szse_daily
2026-09-02,akshare_fund_scale_daily_szse,SZ,159131,港股通信息技术ETF华宝,2260919902.0,份,,,akshare:szse_daily
2026-09-02,akshare_fund_scale_daily_szse,SZ,159132,恒生生物科技ETF富国,122963558.0,份,,,akshare:szse_daily
2026-09-02,akshare_fund_scale_daily_szse,SZ,159133,化工ETF天弘,1556413345.0,份,,,akshare:szse_daily
2026-09-02,akshare_fund_scale_daily_szse,SZ,159135,港股通科技ETF前海开源,618466376.0,份,,,akshare:szse_daily
2026-09-02,akshare_fund_scale_daily_szse,SZ,159136,A50ETF广发,109414074.0,份,,,akshare:szse_daily
2026-09-02,akshare_fund_scale_daily_szse,SZ,159137,港股通医疗ETF华宝,169632607.0,份,,,akshare:szse_daily
2026-09-02,akshare_fund_scale_daily_szse,SZ,159138,工程机械ETF易方达,294267924.0,份,,,akshare:szse_daily
2026-09-02,akshare_fund_scale_daily_szse,SZ,159139,科创创业人工智能ETF华泰柏瑞,180109210.0,份,,,akshare:szse_daily
2026-09-02,akshare_fund_scale_daily_szse,SZ,159140,科创创业人工智能ETF易方达,503936834.0,份,,,akshare:szse_daily
2026-09-02,akshare_fund_scale_daily_szse,SZ,159141,科创创业人工智能ETF永赢,1291060730.0,份,,,akshare:szse_daily
2026-09-02,akshare_fund_scale_daily_szse,SZ,159142,科创创业人工智能ETF景顺,1177260142.0,份,,,akshare:szse_daily
2026-09-02,akshare_fund_scale_daily_szse,SZ,159143,港股通央企红利ETF平安,51554456.0,份,,,akshare:szse_daily
2026-09-02,akshare_fund_scale_daily_szse,SZ,159145,工业软件ETF广发,69581845.0,份,,,akshare:szse_daily
2026-09-02,akshare_fund_scale_daily_szse,SZ,159146,电力ETF华宝,705440849.0,份,,,akshare:szse_daily
2026-09-02,akshare_fund_scale_daily_szse,SZ,159147,电池ETF南方,2121909552.0,份,,,akshare:szse_daily
2026-09-02,akshare_fund_scale_daily_szse,SZ,159148,石油ETF富国,242466601.0,份,,,akshare:szse_daily
2026-09-02,akshare_fund_scale_daily_szse,SZ,159149,创业板新能源ETF工银,54515298.0,份,,,akshare:szse_daily
2026-09-02,akshare_fund_scale_daily_szse,SZ,159150,深证50ETF易方达,97997623.0,份,,,akshare:szse_daily
2026-09-02,akshare_fund_scale_daily_szse,SZ,159151,食品ETF华夏,181651063.0,份,,,akshare:szse_daily
2026-09-02,akshare_fund_scale_daily_szse,SZ,159152,港股通科技ETF平安,817556093.0,份,,,akshare:szse_daily
2026-09-02,akshare_fund_scale_daily_szse,SZ,159153,消费电子ETF鹏华,95725988.0,份,,,akshare:szse_daily
2026-09-02,akshare_fund_scale_daily_szse,SZ,159155,电池ETF大成,665513298.0,份,,,akshare:szse_daily
2026-09-02,akshare_fund_scale_daily_szse,SZ,159156,电池ETF万家,219461253.0,份,,,akshare:szse_daily
2026-09-02,akshare_fund_scale_daily_szse,SZ,159157,有色金属ETF天弘,8011758760.0,份,,,akshare:szse_daily
2026-09-02,akshare_fund_scale_daily_szse,SZ,159158,电力ETF景顺,877035344.0,份,,,akshare:szse_daily
2026-09-02,akshare_fund_scale_daily_szse,SZ,159159,公用事业ETF国投瑞银,117318582.0,份,,,akshare:szse_daily
2026-09-02,akshare_fund_scale_daily_szse,SZ,159160,电池ETF东财,245819254.0,份,,,akshare:szse_daily
2026-09-02,akshare_fund_scale_daily_szse,SZ,159161,工程机械ETF东财,68331260.0,份,,,akshare:szse_daily
2026-09-02,akshare_fund_scale_daily_szse,SZ,159162,工业有色ETF鹏华,420939837.0,份,,,akshare:szse_daily
2026-09-02,akshare_fund_scale_daily_szse,SZ,159163,有色ETF泰康,261807013.0,份,,,akshare:szse_daily
2026-09-02,akshare_fund_scale_daily_szse,SZ,159165,养殖ETF永赢,107571257.0,份,,,akshare:szse_daily
2026-09-02,akshare_fund_scale_daily_szse,SZ,159166,现金流ETF长城,555816059.0,份,,,akshare:szse_daily
2026-09-02,akshare_fund_scale_daily_szse,SZ,159167,港股通医疗ETF工银,171549164.0,份,,,akshare:szse_daily
2026-09-02,akshare_fund_scale_daily_szse,SZ,159168,有色ETF富国,505455060.0,份,,,akshare:szse_daily
2026-09-02,akshare_fund_scale_daily_szse,SZ,159169,恒生生物科技ETF广发,130874485.0,份,,,akshare:szse_daily
2026-09-02,akshare_fund_scale_daily_szse,SZ,159170,港股通互联网ETF永赢,392638357.0,份,,,akshare:szse_daily
2026-09-02,akshare_fund_scale_daily_szse,SZ,159171,工业有色ETF博时,216532934.0,份,,,akshare:szse_daily
2026-09-02,akshare_fund_scale_daily_szse,SZ,159172,养殖ETF汇添富,385829293.0,份,,,akshare:szse_daily
2026-09-02,akshare_fund_scale_daily_szse,SZ,159173,农牧ETF南方,49455388.0,份,,,akshare:szse_daily
2026-09-02,akshare_fund_scale_daily_szse,SZ,159175,电池ETF易方达,492270382.0,份,,,akshare:szse_daily
2026-09-02,akshare_fund_scale_daily_szse,SZ,159176,家电ETF华宝,21303341.0,份,,,akshare:szse_daily
2026-09-02,akshare_fund_scale_daily_szse,SZ,159177,工程机械ETF鹏华,45619279.0,份,,,akshare:szse_daily
2026-09-02,akshare_fund_scale_daily_szse,SZ,159178,消费电子ETF汇添富,97432994.0,份,,,akshare:szse_daily
2026-09-02,akshare_fund_scale_daily_szse,SZ,159179,港股通互联网ETF工银,102903568.0,份,,,akshare:szse_daily
2026-09-02,akshare_fund_scale_daily_szse,SZ,159180,软件ETF银华,33155926.0,份,,,akshare:szse_daily
2026-09-02,akshare_fund_scale_daily_szse,SZ,159181,石油ETF易方达,134405335.0,份,,,akshare:szse_daily
2026-09-02,akshare_fund_scale_daily_szse,SZ,159182,家电ETF南方,36485663.0,份,,,akshare:szse_daily
2026-09-02,akshare_fund_scale_daily_szse,SZ,159183,新能源车ETF招商,46387793.0,份,,,akshare:szse_daily
2026-09-02,akshare_fund_scale_daily_szse,SZ,159185,港股通信息技术ETF鹏华,194099035.0,份,,,akshare:szse_daily
2026-09-02,akshare_fund_scale_daily_szse,SZ,159186,港股通汽车ETF鹏华,88869245.0,份,,,akshare:szse_daily
2026-09-02,akshare_fund_scale_daily_szse,SZ,159187,创业板新能源ETF景顺,68176266.0,份,,,akshare:szse_daily
2026-09-02,akshare_fund_scale_daily_szse,SZ,159188,红利100ETF景顺,66601882.0,份,,,akshare:szse_daily
2026-09-02,akshare_fund_scale_daily_szse,SZ,159189,石油ETF华夏,107083187.0,份,,,akshare:szse_daily
2026-09-02,akshare_fund_scale_daily_szse,SZ,159190,创业板新能源ETF天弘,74069299.0,份,,,akshare:szse_daily
2026-09-02,akshare_fund_scale_daily_szse,SZ,159191,港股通科技ETF易方达,69104851.0,份,,,akshare:szse_daily
2026-09-02,akshare_fund_scale_daily_szse,SZ,159192,家电ETF汇添富,17987065.0,份,,,akshare:szse_daily
2026-09-02,akshare_fund_scale_daily_szse,SZ,159193,新能源电池ETF银华,229080335.0,份,,,akshare:szse_daily
2026-09-02,akshare_fund_scale_daily_szse,SZ,159195,石油ETF华安,73490164.0,份,,,akshare:szse_daily
2026-09-02,akshare_fund_scale_daily_szse,SZ,159196,港股通信息技术ETF易方达,221530324.0,份,,,akshare:szse_daily
2026-09-02,akshare_fund_scale_daily_szse,SZ,159197,石油ETF招商,39388290.0,份,,,akshare:szse_daily
2026-09-02,akshare_fund_scale_daily_szse,SZ,159198,港股通信息技术ETF富国,85344347.0,份,,,akshare:szse_daily
2026-09-02,akshare_fund_scale_daily_szse,SZ,159199,石油ETF平安,66154938.0,份,,,akshare:szse_daily
2026-09-02,akshare_fund_scale_daily_szse,SZ,159200,科创债ETF富国,152102633.0,份,,,akshare:szse_daily
2026-09-02,akshare_fund_scale_daily_szse,SZ,159201,自由现金流ETF华夏,13844275939.0,份,,,akshare:szse_daily
2026-09-02,akshare_fund_scale_daily_szse,SZ,159202,恒生互联网ETF万家,1219401900.0,份,,,akshare:szse_daily
2026-09-02,akshare_fund_scale_daily_szse,SZ,159203,大盘成长ETF博时,9791913.0,份,,,akshare:szse_daily
2026-09-02,akshare_fund_scale_daily_szse,SZ,159205,创业板ETF东财,655056064.0,份,,,akshare:szse_daily
2026-09-02,akshare_fund_scale_daily_szse,SZ,159206,卫星ETF永赢,9485953365.0,份,,,akshare:szse_daily
2026-09-02,akshare_fund_scale_daily_szse,SZ,159207,高股息ETF广发,2258483345.0,份,,,akshare:szse_daily
2026-09-02,akshare_fund_scale_daily_szse,SZ,159208,航空航天ETF万家,326462783.0,份,,,akshare:szse_daily
2026-09-02,akshare_fund_scale_daily_szse,SZ,159209,红利质量ETF招商,2211635053.0,份,,,akshare:szse_daily
2026-09-02,akshare_fund_scale_daily_szse,SZ,159210,港股通汽车ETF汇添富,42549802.0,份,,,akshare:szse_daily
2026-09-02,akshare_fund_scale_daily_szse,SZ,159211,深证100ETF富国,23683294.0,份,,,akshare:szse_daily
2026-09-02,akshare_fund_scale_daily_szse,SZ,159212,深100ETF南方,75204367.0,份,,,akshare:szse_daily
2026-09-02,akshare_fund_scale_daily_szse,SZ,159213,机器人ETF汇添富,478237566.0,份,,,akshare:szse_daily
2026-09-02,akshare_fund_scale_daily_szse,SZ,159215,A500ETF平安,961582803.0,份,,,akshare:szse_daily
2026-09-02,akshare_fund_scale_daily_szse,SZ,159216,深证100ETF大成,15548250.0,份,,,akshare:szse_daily
2026-09-02,akshare_fund_scale_daily_szse,SZ,159217,港股通创新药ETF工银,5951157596.0,份,,,akshare:szse_daily
2026-09-02,akshare_fund_scale_daily_szse,SZ,159218,卫星ETF招商,2031616390.0,份,,,akshare:szse_daily
2026-09-02,akshare_fund_scale_daily_szse,SZ,159219,深证100ETF融通,10388018.0,份,,,akshare:szse_daily
2026-09-02,akshare_fund_scale_daily_szse,SZ,159220,港股通红利低波ETF华宝,511569526.0,份,,,akshare:szse_daily
2026-09-02,akshare_fund_scale_daily_szse,SZ,159221,现金流ETF嘉实,1125013233.0,份,,,akshare:szse_daily
2026-09-02,akshare_fund_scale_daily_szse,SZ,159222,自由现金流ETF易方达,1740370402.0,份,,,akshare:szse_daily
2026-09-02,akshare_fund_scale_daily_szse,SZ,159223,现金流ETF永赢,177844755.0,份,,,akshare:szse_daily
2026-09-02,akshare_fund_scale_daily_szse,SZ,159225,现金流ETF银华,267744804.0,份,,,akshare:szse_daily
2026-09-02,akshare_fund_scale_daily_szse,SZ,159226,中证A500增强ETF国泰,87094840.0,份,,,akshare:szse_daily
2026-09-02,akshare_fund_scale_daily_szse,SZ,159227,航空航天ETF华夏,4564911199.0,份,,,akshare:szse_daily
2026-09-02,akshare_fund_scale_daily_szse,SZ,159228,红利低波ETF长城,104212692.0,份,,,akshare:szse_daily
2026-09-02,akshare_fund_scale_daily_szse,SZ,159229,自由现金流ETF广发,141556022.0,份,,,akshare:szse_daily
2026-09-02,akshare_fund_scale_daily_szse,SZ,159230,通用航空ETF华夏,301304228.0,份,,,akshare:szse_daily
2026-09-02,akshare_fund_scale_daily_szse,SZ,159231,通用航空ETF华宝,333091860.0,份,,,akshare:szse_daily
2026-09-02,akshare_fund_scale_daily_szse,SZ,159232,自由现金流ETF南方,2110948566.0,份,,,akshare:szse_daily
2026-09-02,akshare_fund_scale_daily_szse,SZ,159233,自由现金流ETF平安,623623418.0,份,,,akshare:szse_daily
2026-09-02,akshare_fund_scale_daily_szse,SZ,159235,中证现金流ETF大成,1893729545.0,份,,,akshare:szse_daily
2026-09-02,akshare_fund_scale_daily_szse,SZ,159236,自由现金流ETF工银,37722161.0,份,,,akshare:szse_daily
2026-09-02,akshare_fund_scale_daily_szse,SZ,159237,港股汽车ETF工银,42334226.0,份,,,akshare:szse_daily
2026-09-02,akshare_fund_scale_daily_szse,SZ,159238,沪深300增强ETF景顺,55016186.0,份,,,akshare:szse_daily
2026-09-02,akshare_fund_scale_daily_szse,SZ,159239,港股通汽车ETF富国,93780753.0,份,,,akshare:szse_daily
2026-09-02,akshare_fund_scale_daily_szse,SZ,159240,A500增强ETF天弘,17619776.0,份,,,akshare:szse_daily
2026-09-02,akshare_fund_scale_daily_szse,SZ,159241,航空航天ETF天弘,1328074265.0,份,,,akshare:szse_daily
2026-09-02,akshare_fund_scale_daily_szse,SZ,159242,创业板人工智能ETF大成,426278583.0,份,,,akshare:szse_daily
2026-09-02,akshare_fund_scale_daily_szse,SZ,159243,创业板人工智能ETF招商,139030224.0,份,,,akshare:szse_daily
2026-09-02,akshare_fund_scale_daily_szse,SZ,159245,港股通消费ETF富国,70113296.0,份,,,akshare:szse_daily
2026-09-02,akshare_fund_scale_daily_szse,SZ,159246,创业板人工智能ETF富国,3233655606.0,份,,,akshare:szse_daily
2026-09-02,akshare_fund_scale_daily_szse,SZ,159247,创业板ETF汇添富,555984966.0,份,,,akshare:szse_daily
2026-09-02,akshare_fund_scale_daily_szse,SZ,159248,人工智能ETF万家,133095652.0,份,,,akshare:szse_daily
2026-09-02,akshare_fund_scale_daily_szse,SZ,159249,A500增强ETF工银,108191923.0,份,,,akshare:szse_daily
2026-09-02,akshare_fund_scale_daily_szse,SZ,159251,港股通科技ETF万家,243787744.0,份,,,akshare:szse_daily
2026-09-02,akshare_fund_scale_daily_szse,SZ,159253,银行ETF博时,511704979.0,份,,,akshare:szse_daily
2026-09-02,akshare_fund_scale_daily_szse,SZ,159255,通用航空ETF易方达,70338868.0,份,,,akshare:szse_daily
2026-09-02,akshare_fund_scale_daily_szse,SZ,159256,创业板软件ETF华夏,588183766.0,份,,,akshare:szse_daily
2026-09-02,akshare_fund_scale_daily_szse,SZ,159257,航空ETF汇添富,148416949.0,份,,,akshare:szse_daily
2026-09-02,akshare_fund_scale_daily_szse,SZ,159258,机器人ETF南方,1331765664.0,份,,,akshare:szse_daily
2026-09-02,akshare_fund_scale_daily_szse,SZ,159259,成长ETF易方达,4995696403.0,份,,,akshare:szse_daily
2026-09-02,akshare_fund_scale_daily_szse,SZ,159260,证券ETF博时,1021213576.0,份,,,akshare:szse_daily
2026-09-02,akshare_fund_scale_daily_szse,SZ,159261,创业板新能源ETF鹏华,49814904.0,份,,,akshare:szse_daily
2026-09-02,akshare_fund_scale_daily_szse,SZ,159262,港股通科技ETF广发,5517220485.0,份,,,akshare:szse_daily
2026-09-02,akshare_fund_scale_daily_szse,SZ,159263,价值ETF易方达,6280105126.0,份,,,akshare:szse_daily
2026-09-02,akshare_fund_scale_daily_szse,SZ,159265,港股消费ETF鹏华,177950894.0,份,,,akshare:szse_daily
2026-09-02,akshare_fund_scale_daily_szse,SZ,159266,港股央企红利ETF永赢,341710088.0,份,,,akshare:szse_daily
2026-09-02,akshare_fund_scale_daily_szse,SZ,159267,航天ETF华安,2617506126.0,份,,,akshare:szse_daily
2026-09-02,akshare_fund_scale_daily_szse,SZ,159268,港股通消费ETF汇添富,389055027.0,份,,,akshare:szse_daily
2026-09-02,akshare_fund_scale_daily_szse,SZ,159269,港股通科技ETF南方,1618311712.0,份,,,akshare:szse_daily
2026-09-02,akshare_fund_scale_daily_szse,SZ,159270,创业板200ETF南方,92763649.0,份,,,akshare:szse_daily
2026-09-02,akshare_fund_scale_daily_szse,SZ,159271,恒生ETF鹏华,243386731.0,份,,,akshare:szse_daily
2026-09-02,akshare_fund_scale_daily_szse,SZ,159272,机器人ETF富国,3692164690.0,份,,,akshare:szse_daily
2026-09-02,akshare_fund_scale_daily_szse,SZ,159273,云计算ETF汇添富,709777501.0,份,,,akshare:szse_daily
2026-09-02,akshare_fund_scale_daily_szse,SZ,159275,农牧渔ETF华宝,255302909.0,份,,,akshare:szse_daily
2026-09-02,akshare_fund_scale_daily_szse,SZ,159276,现金流ETF汇添富,555696658.0,份,,,akshare:szse_daily
2026-09-02,akshare_fund_scale_daily_szse,SZ,159277,港股通红利ETF富国,35557011.0,份,,,akshare:szse_daily
2026-09-02,akshare_fund_scale_daily_szse,SZ,159278,机器人ETF鹏华,2034545853.0,份,,,akshare:szse_daily
2026-09-02,akshare_fund_scale_daily_szse,SZ,159279,创业板人工智能ETF华安,155387534.0,份,,,akshare:szse_daily
2026-09-02,akshare_fund_scale_daily_szse,SZ,159280,港股通互联网ETF汇添富,100717171.0,份,,,akshare:szse_daily
2026-09-02,akshare_fund_scale_daily_szse,SZ,159281,港股央企红利ETF天弘,243233059.0,份,,,akshare:szse_daily
2026-09-02,akshare_fund_scale_daily_szse,SZ,159283,通用航空ETF南方,298437981.0,份,,,akshare:szse_daily
2026-09-02,akshare_fund_scale_daily_szse,SZ,159285,港股通消费ETF华安,248486680.0,份,,,akshare:szse_daily
2026-09-02,akshare_fund_scale_daily_szse,SZ,159286,港股通创新药ETF鹏华,722785402.0,份,,,akshare:szse_daily
2026-09-02,akshare_fund_scale_daily_szse,SZ,159287,创业板综ETF博时,109568753.0,份,,,akshare:szse_daily
2026-09-02,akshare_fund_scale_daily_szse,SZ,159288,创业板综ETF银华,92174931.0,份,,,akshare:szse_daily
2026-09-02,akshare_fund_scale_daily_szse,SZ,159289,创业板综指ETF鹏华,38902640.0,份,,,akshare:szse_daily
2026-09-02,akshare_fund_scale_daily_szse,SZ,159290,创业板综指增强ETF东财,45100396.0,份,,,akshare:szse_daily
2026-09-02,akshare_fund_scale_daily_szse,SZ,159291,创业板综增强ETF招商,17457388.0,份,,,akshare:szse_daily
2026-09-02,akshare_fund_scale_daily_szse,SZ,159292,创业板综增强ETF华宝,172189531.0,份,,,akshare:szse_daily
2026-09-02,akshare_fund_scale_daily_szse,SZ,159293,创业板综增强ETF建信,23159397.0,份,,,akshare:szse_daily
2026-09-02,akshare_fund_scale_daily_szse,SZ,159295,创业综指ETF西部利得,86958239.0,份,,,akshare:szse_daily
2026-09-02,akshare_fund_scale_daily_szse,SZ,159296,A500红利低波ETF华宝,44042941.0,份,,,akshare:szse_daily
2026-09-02,akshare_fund_scale_daily_szse,SZ,159297,港股通创新药ETF南方,3793418642.0,份,,,akshare:szse_daily
2026-09-02,akshare_fund_scale_daily_szse,SZ,159298,创业板50ETF大成,162281082.0,份,,,akshare:szse_daily
2026-09-02,akshare_fund_scale_daily_szse,SZ,159299,金融科技ETF易方达,664472981.0,份,,,akshare:szse_daily
2026-09-02,akshare_fund_scale_daily_szse,SZ,159300,沪深300ETF富国,376258097.0,份,,,akshare:szse_daily
2026-09-02,akshare_fund_scale_daily_szse,SZ,159301,公用事业ETF华夏,121958357.0,份,,,akshare:szse_daily
2026-09-02,akshare_fund_scale_daily_szse,SZ,159302,港股高股息ETF银华,48297609.0,份,,,akshare:szse_daily
2026-09-02,akshare_fund_scale_daily_szse,SZ,159303,恒生医疗ETF大成,73991693.0,份,,,akshare:szse_daily
2026-09-02,akshare_fund_scale_daily_szse,SZ,159305,储能电池ETF广发,1193640302.0,份,,,akshare:szse_daily
2026-09-02,akshare_fund_scale_daily_szse,SZ,159306,汽车零部件ETF平安,21244616.0,份,,,akshare:szse_daily
2026-09-02,akshare_fund_scale_daily_szse,SZ,159307,红利低波100ETF博时,7044903552.0,份,,,akshare:szse_daily
2026-09-02,akshare_fund_scale_daily_szse,SZ,159309,油气ETF汇添富,551371736.0,份,,,akshare:szse_daily
2026-09-02,akshare_fund_scale_daily_szse,SZ,159310,芯片ETF天弘,497981080.0,份,,,akshare:szse_daily
2026-09-02,akshare_fund_scale_daily_szse,SZ,159311,数字经济ETF易方达,39383993.0,份,,,akshare:szse_daily
2026-09-02,akshare_fund_scale_daily_szse,SZ,159312,恒指港股通ETF广发,32224353.0,份,,,akshare:szse_daily
2026-09-02,akshare_fund_scale_daily_szse,SZ,159315,黄金股ETF工银,184589621.0,份,,,akshare:szse_daily
2026-09-02,akshare_fund_scale_daily_szse,SZ,159316,港股通创新药ETF易方达,5326336139.0,份,,,akshare:szse_daily
2026-09-02,akshare_fund_scale_daily_szse,SZ,159318,恒指港股通ETF银华,13601647.0,份,,,akshare:szse_daily
2026-09-02,akshare_fund_scale_daily_szse,SZ,159320,电网设备ETF广发,1664235519.0,份,,,akshare:szse_daily
2026-09-02,akshare_fund_scale_daily_szse,SZ,159321,黄金股ETF华安,395900397.0,份,,,akshare:szse_daily
2026-09-02,akshare_fund_scale_daily_szse,SZ,159322,黄金股ETF平安,115411691.0,份,,,akshare:szse_daily
2026-09-02,akshare_fund_scale_daily_szse,SZ,159323,港股通汽车ETF华夏,97097378.0,份,,,akshare:szse_daily
2026-09-02,akshare_fund_scale_daily_szse,SZ,159325,半导体ETF南方,526460528.0,份,,,akshare:szse_daily
2026-09-02,akshare_fund_scale_daily_szse,SZ,159326,电网设备ETF华夏,11705265525.0,份,,,akshare:szse_daily
2026-09-02,akshare_fund_scale_daily_szse,SZ,159327,半导体设备ETF万家,2908574091.0,份,,,akshare:szse_daily
2026-09-02,akshare_fund_scale_daily_szse,SZ,159328,家电ETF易方达,91556700.0,份,,,akshare:szse_daily
2026-09-02,akshare_fund_scale_daily_szse,SZ,159329,沙特ETF南方,1153189188.0,份,,,akshare:szse_daily
2026-09-02,akshare_fund_scale_daily_szse,SZ,159330,沪深300ETF东财,422801009.0,份,,,akshare:szse_daily
2026-09-02,akshare_fund_scale_daily_szse,SZ,159331,红利港股ETF国泰,145694179.0,份,,,akshare:szse_daily
2026-09-02,akshare_fund_scale_daily_szse,SZ,159332,央企红利ETF富国,86021477.0,份,,,akshare:szse_daily
2026-09-02,akshare_fund_scale_daily_szse,SZ,159333,港股央企红利ETF万家,200952835.0,份,,,akshare:szse_daily
2026-09-02,akshare_fund_scale_daily_szse,SZ,159335,央企科创ETF融通,62483689.0,份,,,akshare:szse_daily
2026-09-02,akshare_fund_scale_daily_szse,SZ,159336,央企红利ETF融通,304905090.0,份,,,akshare:szse_daily
2026-09-02,akshare_fund_scale_daily_szse,SZ,159337,中证500ETF东财,277710611.0,份,,,akshare:szse_daily
2026-09-02,akshare_fund_scale_daily_szse,SZ,159338,中证A500ETF国泰,21080086664.0,份,,,akshare:szse_daily
2026-09-02,akshare_fund_scale_daily_szse,SZ,159339,A500ETF银华,1817086841.0,份,,,akshare:szse_daily
2026-09-02,akshare_fund_scale_daily_szse,SZ,159350,深证50ETF富国,133009642.0,份,,,akshare:szse_daily
2026-09-02,akshare_fund_scale_daily_szse,SZ,159351,A500ETF嘉实,7169123357.0,份,,,akshare:szse_daily
2026-09-02,akshare_fund_scale_daily_szse,SZ,159352,A500ETF南方,26706101746.0,份,,,akshare:szse_daily
2026-09-02,akshare_fund_scale_daily_szse,SZ,159353,中证A500ETF景顺,4298161812.0,份,,,akshare:szse_daily
2026-09-02,akshare_fund_scale_daily_szse,SZ,159355,800红利低波ETF华宝,86234277.0,份,,,akshare:szse_daily
2026-09-02,akshare_fund_scale_daily_szse,SZ,159356,A500ETF万家,725120647.0,份,,,akshare:szse_daily
2026-09-02,akshare_fund_scale_daily_szse,SZ,159357,A500ETF博时,1222833841.0,份,,,akshare:szse_daily
2026-09-02,akshare_fund_scale_daily_szse,SZ,159358,中证A500ETF大成,872106420.0,份,,,akshare:szse_daily
2026-09-02,akshare_fund_scale_daily_szse,SZ,159359,A500ETF华安,680140424.0,份,,,akshare:szse_daily
2026-09-02,akshare_fund_scale_daily_szse,SZ,159360,A500ETF天弘,1277184526.0,份,,,akshare:szse_daily
2026-09-02,akshare_fund_scale_daily_szse,SZ,159361,A500ETF易方达,23252090279.0,份,,,akshare:szse_daily
2026-09-02,akshare_fund_scale_daily_szse,SZ,159362,A500ETF工银,1616180191.0,份,,,akshare:szse_daily
2026-09-02,akshare_fund_scale_daily_szse,SZ,159363,创业板人工智能ETF华宝,5768169924.0,份,,,akshare:szse_daily
2026-09-02,akshare_fund_scale_daily_szse,SZ,159365,恒指港股通ETF富国,46162398.0,份,,,akshare:szse_daily
2026-09-02,akshare_fund_scale_daily_szse,SZ,159366,港股医疗ETF永赢,372333072.0,份,,,akshare:szse_daily
2026-09-02,akshare_fund_scale_daily_szse,SZ,159367,创业板50ETF华夏,180079029.0,份,,,akshare:szse_daily
2026-09-02,akshare_fund_scale_daily_szse,SZ,159368,创业板新能源ETF华夏,944579682.0,份,,,akshare:szse_daily
2026-09-02,akshare_fund_scale_daily_szse,SZ,159369,创业板50ETF易方达,406753492.0,份,,,akshare:szse_daily
2026-09-02,akshare_fund_scale_daily_szse,SZ,159370,创50ETF工银,234316009.0,份,,,akshare:szse_daily
2026-09-02,akshare_fund_scale_daily_szse,SZ,159371,创业板50ETF富国,186221172.0,份,,,akshare:szse_daily
2026-09-02,akshare_fund_scale_daily_szse,SZ,159372,创业板50ETF万家,63451588.0,份,,,akshare:szse_daily
2026-09-02,akshare_fund_scale_daily_szse,SZ,159373,创业板50ETF嘉实,142557494.0,份,,,akshare:szse_daily
2026-09-02,akshare_fund_scale_daily_szse,SZ,159375,创业板50ETF国泰,385595350.0,份,,,akshare:szse_daily
2026-09-02,akshare_fund_scale_daily_szse,SZ,159376,A500ETF浦银,45922317.0,份,,,akshare:szse_daily
2026-09-02,akshare_fund_scale_daily_szse,SZ,159377,创业板医药ETF国泰,122129399.0,份,,,akshare:szse_daily
2026-09-02,akshare_fund_scale_daily_szse,SZ,159378,通用航空ETF永赢,554771072.0,份,,,akshare:szse_daily
2026-09-02,akshare_fund_scale_daily_szse,SZ,159379,A500ETF融通,158821471.0,份,,,akshare:szse_daily
2026-09-02,akshare_fund_scale_daily_szse,SZ,159380,A500ETF东财,157804337.0,份,,,akshare:szse_daily
2026-09-02,akshare_fund_scale_daily_szse,SZ,159381,创业板人工智能ETF华夏,1771153206.0,份,,,akshare:szse_daily
2026-09-02,akshare_fund_scale_daily_szse,SZ,159382,创业板人工智能ETF南方,803055714.0,份,,,akshare:szse_daily
2026-09-02,akshare_fund_scale_daily_szse,SZ,159383,创业板50ETF华泰柏瑞,51092486.0,份,,,akshare:szse_daily
2026-09-02,akshare_fund_scale_daily_szse,SZ,159385,数字经济ETF富国,51002525.0,份,,,akshare:szse_daily
2026-09-02,akshare_fund_scale_daily_szse,SZ,159386,A500ETF永赢,57869559.0,份,,,akshare:szse_daily
2026-09-02,akshare_fund_scale_daily_szse,SZ,159387,创业板新能源ETF国泰,1383189648.0,份,,,akshare:szse_daily
2026-09-02,akshare_fund_scale_daily_szse,SZ,159388,创业板人工智能ETF国泰,868736984.0,份,,,akshare:szse_daily
2026-09-02,akshare_fund_scale_daily_szse,SZ,159389,数字经济ETF嘉实,134093364.0,份,,,akshare:szse_daily
2026-09-02,akshare_fund_scale_daily_szse,SZ,159390,中证A50ETF国联,109268771.0,份,,,akshare:szse_daily
2026-09-02,akshare_fund_scale_daily_szse,SZ,159391,大盘价值ETF博时,84076398.0,份,,,akshare:szse_daily
2026-09-02,akshare_fund_scale_daily_szse,SZ,159392,航空ETF富国,185285500.0,份,,,akshare:szse_daily
2026-09-02,akshare_fund_scale_daily_szse,SZ,159393,沪深300ETF万家,88846342.0,份,,,akshare:szse_daily
2026-09-02,akshare_fund_scale_daily_szse,SZ,159395,信用债ETF大成,134204202.0,份,,,akshare:szse_daily
2026-09-02,akshare_fund_scale_daily_szse,SZ,159396,信用债ETF博时,89727129.0,份,,,akshare:szse_daily
2026-09-02,akshare_fund_scale_daily_szse,SZ,159397,信用债ETF广发,166447657.0,份,,,akshare:szse_daily
2026-09-02,akshare_fund_scale_daily_szse,SZ,159398,信用债ETF天弘,91082310.0,份,,,akshare:szse_daily
2026-09-02,akshare_fund_scale_daily_szse,SZ,159399,现金流ETF国泰,4367194835.0,份,,,akshare:szse_daily
2026-09-02,akshare_fund_scale_daily_szse,SZ,159400,科创债ETF景顺,70077356.0,份,,,akshare:szse_daily
2026-09-02,akshare_fund_scale_daily_szse,SZ,159500,中证500ETF富国,210538865.0,份,,,akshare:szse_daily
2026-09-02,akshare_fund_scale_daily_szse,SZ,159501,纳指ETF嘉实,6775986575.0,份,,,akshare:szse_daily
2026-09-02,akshare_fund_scale_daily_szse,SZ,159502,标普生物科技ETF嘉实,1126323019.0,份,,,akshare:szse_daily
2026-09-02,akshare_fund_scale_daily_szse,SZ,159505,国证2000ETF博时,19104786.0,份,,,akshare:szse_daily
2026-09-02,akshare_fund_scale_daily_szse,SZ,159506,港股通创新药医疗ETF富国,2606536979.0,份,,,akshare:szse_daily
2026-09-02,akshare_fund_scale_daily_szse,SZ,159507,通信ETF广发,830830902.0,份,,,akshare:szse_daily
2026-09-02,akshare_fund_scale_daily_szse,SZ,159508,生物医药ETF华安,93431598.0,份,,,akshare:szse_daily
2026-09-02,akshare_fund_scale_daily_szse,SZ,159509,纳指科技ETF景顺,6621564118.0,份,,,akshare:szse_daily
2026-09-02,akshare_fund_scale_daily_szse,SZ,159510,沪深300价值ETF华夏,66128342.0,份,,,akshare:szse_daily
2026-09-02,akshare_fund_scale_daily_szse,SZ,159511,通信ETF南方,144944573.0,份,,,akshare:szse_daily
2026-09-02,akshare_fund_scale_daily_szse,SZ,159512,汽车ETF广发,111264855.0,份,,,akshare:szse_daily
2026-09-02,akshare_fund_scale_daily_szse,SZ,159513,纳斯达克100ETF大成,4576549100.0,份,,,akshare:szse_daily
2026-09-02,akshare_fund_scale_daily_szse,SZ,159515,国企红利ETF鹏扬,34586631.0,份,,,akshare:szse_daily
2026-09-02,akshare_fund_scale_daily_szse,SZ,159516,半导体设备ETF国泰,61859359972.0,份,,,akshare:szse_daily
2026-09-02,akshare_fund_scale_daily_szse,SZ,159517,中证800增强ETF银华,8742624.0,份,,,akshare:szse_daily
2026-09-02,akshare_fund_scale_daily_szse,SZ,159518,标普油气ETF嘉实,1659325369.0,份,,,akshare:szse_daily
2026-09-02,akshare_fund_scale_daily_szse,SZ,159519,港股国企ETF国泰,58157854.0,份,,,akshare:szse_daily
2026-09-02,akshare_fund_scale_daily_szse,SZ,159520,消费龙头ETF工银,153177649.0,份,,,akshare:szse_daily
2026-09-02,akshare_fund_scale_daily_szse,SZ,159521,国证2000ETF平安,18274435.0,份,,,akshare:szse_daily
2026-09-02,akshare_fund_scale_daily_szse,SZ,159523,沪深300成长ETF华夏,70517348.0,份,,,akshare:szse_daily
2026-09-02,akshare_fund_scale_daily_szse,SZ,159525,红利低波ETF富国,445743741.0,份,,,akshare:szse_daily
2026-09-02,akshare_fund_scale_daily_szse,SZ,159526,机器人ETF嘉实,573962964.0,份,,,akshare:szse_daily
2026-09-02,akshare_fund_scale_daily_szse,SZ,159527,云计算ETF广发,448301350.0,份,,,akshare:szse_daily
2026-09-02,akshare_fund_scale_daily_szse,SZ,159528,国企改革ETF富国,7320773.0,份,,,akshare:szse_daily
2026-09-02,akshare_fund_scale_daily_szse,SZ,159529,标普消费ETF景顺,811536791.0,份,,,akshare:szse_daily
2026-09-02,akshare_fund_scale_daily_szse,SZ,159530,机器人ETF易方达,12662613169.0,份,,,akshare:szse_daily
2026-09-02,akshare_fund_scale_daily_szse,SZ,159531,中证2000ETF南方,1016608406.0,份,,,akshare:szse_daily
2026-09-02,akshare_fund_scale_daily_szse,SZ,159532,中证2000ETF易方达,159564791.0,份,,,akshare:szse_daily
2026-09-02,akshare_fund_scale_daily_szse,SZ,159533,中证2000ETF博时,13458785.0,份,,,akshare:szse_daily
2026-09-02,akshare_fund_scale_daily_szse,SZ,159535,中证2000ETF嘉实,25981088.0,份,,,akshare:szse_daily
2026-09-02,akshare_fund_scale_daily_szse,SZ,159536,中证2000ETF汇添富,53261589.0,份,,,akshare:szse_daily
2026-09-02,akshare_fund_scale_daily_szse,SZ,159537,信创ETF国泰,150285204.0,份,,,akshare:szse_daily
2026-09-02,akshare_fund_scale_daily_szse,SZ,159538,信创ETF富国,216608966.0,份,,,akshare:szse_daily
2026-09-02,akshare_fund_scale_daily_szse,SZ,159539,信创ETF广发,50565182.0,份,,,akshare:szse_daily
2026-09-02,akshare_fund_scale_daily_szse,SZ,159540,信创ETF易方达,122505191.0,份,,,akshare:szse_daily
2026-09-02,akshare_fund_scale_daily_szse,SZ,159541,创业板综ETF万家,64593326.0,份,,,akshare:szse_daily
2026-09-02,akshare_fund_scale_daily_szse,SZ,159542,工程机械ETF大成,14592850.0,份,,,akshare:szse_daily
2026-09-02,akshare_fund_scale_daily_szse,SZ,159543,国证2000ETF工银,42196551.0,份,,,akshare:szse_daily
2026-09-02,akshare_fund_scale_daily_szse,SZ,159545,恒生红利低波ETF易方达,5325403689.0,份,,,akshare:szse_daily
2026-09-02,akshare_fund_scale_daily_szse,SZ,159546,集成电路ETF国泰,749927822.0,份,,,akshare:szse_daily
2026-09-02,akshare_fund_scale_daily_szse,SZ,159547,红利低波ETF华夏,1252286075.0,份,,,akshare:szse_daily
2026-09-02,akshare_fund_scale_daily_szse,SZ,159549,红利低波ETF天弘,4773523884.0,份,,,akshare:szse_daily
2026-09-02,akshare_fund_scale_daily_szse,SZ,159550,互联网ETF东财,195828785.0,份,,,akshare:szse_daily
2026-09-02,akshare_fund_scale_daily_szse,SZ,159551,机器人ETF国泰,292920923.0,份,,,akshare:szse_daily
2026-09-02,akshare_fund_scale_daily_szse,SZ,159552,中证2000增强ETF招商,739790319.0,份,,,akshare:szse_daily
2026-09-02,akshare_fund_scale_daily_szse,SZ,159553,中证2000增强ETF海富通,15326751.0,份,,,akshare:szse_daily
2026-09-02,akshare_fund_scale_daily_szse,SZ,159555,中证2000增强ETF银华,37462705.0,份,,,akshare:szse_daily
2026-09-02,akshare_fund_scale_daily_szse,SZ,159556,中证2000增强ETF平安,15556089.0,份,,,akshare:szse_daily
2026-09-02,akshare_fund_scale_daily_szse,SZ,159557,恒生医疗ETF嘉实,134894955.0,份,,,akshare:szse_daily
2026-09-02,akshare_fund_scale_daily_szse,SZ,159558,半导体设备ETF易方达,19106563923.0,份,,,akshare:szse_daily
2026-09-02,akshare_fund_scale_daily_szse,SZ,159559,机器人ETF景顺,1928576622.0,份,,,akshare:szse_daily
2026-09-02,akshare_fund_scale_daily_szse,SZ,159560,芯片ETF景顺,197916460.0,份,,,akshare:szse_daily
2026-09-02,akshare_fund_scale_daily_szse,SZ,159561,德国ETF嘉实,1326499489.0,份,,,akshare:szse_daily
2026-09-02,akshare_fund_scale_daily_szse,SZ,159562,黄金股ETF华夏,2591130504.0,份,,,akshare:szse_daily
2026-09-02,akshare_fund_scale_daily_szse,SZ,159563,创业板综ETF华夏,25360773.0,份,,,akshare:szse_daily
2026-09-02,akshare_fund_scale_daily_szse,SZ,159565,汽车零部件ETF易方达,132627231.0,份,,,akshare:szse_daily
2026-09-02,akshare_fund_scale_daily_szse,SZ,159566,储能电池ETF易方达,2580739776.0,份,,,akshare:szse_daily
2026-09-02,akshare_fund_scale_daily_szse,SZ,159567,港股创新药ETF银华,10390729726.0,份,,,akshare:szse_daily
2026-09-02,akshare_fund_scale_daily_szse,SZ,159568,港股互联网ETF博时,352857901.0,份,,,akshare:szse_daily
2026-09-02,akshare_fund_scale_daily_szse,SZ,159569,港股红利低波ETF景顺,363147241.0,份,,,akshare:szse_daily
2026-09-02,akshare_fund_scale_daily_szse,SZ,159570,港股通创新药ETF汇添富,15637597142.0,份,,,akshare:szse_daily
2026-09-02,akshare_fund_scale_daily_szse,SZ,159571,创业板200ETF富国,19981814.0,份,,,akshare:szse_daily
2026-09-02,akshare_fund_scale_daily_szse,SZ,159572,创业板200ETF易方达,189749107.0,份,,,akshare:szse_daily
2026-09-02,akshare_fund_scale_daily_szse,SZ,159573,创业板200ETF华夏,77456297.0,份,,,akshare:szse_daily
2026-09-02,akshare_fund_scale_daily_szse,SZ,159575,创业板200ETF银华,11410425.0,份,,,akshare:szse_daily
2026-09-02,akshare_fund_scale_daily_szse,SZ,159576,深证100ETF广发,37509612.0,份,,,akshare:szse_daily
2026-09-02,akshare_fund_scale_daily_szse,SZ,159577,美国50ETF汇添富,821665791.0,份,,,akshare:szse_daily
2026-09-02,akshare_fund_scale_daily_szse,SZ,159578,深证主板50ETF南方,19998831.0,份,,,akshare:szse_daily
2026-09-02,akshare_fund_scale_daily_szse,SZ,159581,红利ETF万家,1259225708.0,份,,,akshare:szse_daily
2026-09-02,akshare_fund_scale_daily_szse,SZ,159582,半导体ETF博时,1055608105.0,份,,,akshare:szse_daily
2026-09-02,akshare_fund_scale_daily_szse,SZ,159583,通信ETF富国,2434592902.0,份,,,akshare:szse_daily
2026-09-02,akshare_fund_scale_daily_szse,SZ,159586,计算机ETF南方,256525923.0,份,,,akshare:szse_daily
2026-09-02,akshare_fund_scale_daily_szse,SZ,159587,粮食ETF广发,341447031.0,份,,,akshare:szse_daily
2026-09-02,akshare_fund_scale_daily_szse,SZ,159588,石油ETF景顺,429284857.0,份,,,akshare:szse_daily
2026-09-02,akshare_fund_scale_daily_szse,SZ,159589,红利ETF广发,242590005.0,份,,,akshare:szse_daily
2026-09-02,akshare_fund_scale_daily_szse,SZ,159590,软件ETF汇添富,764361746.0,份,,,akshare:szse_daily
2026-09-02,akshare_fund_scale_daily_szse,SZ,159591,A50ETF富国,330905682.0,份,,,akshare:szse_daily
2026-09-02,akshare_fund_scale_daily_szse,SZ,159592,A50ETF银华,596310460.0,份,,,akshare:szse_daily
2026-09-02,akshare_fund_scale_daily_szse,SZ,159593,中证A50ETF平安,1856196040.0,份,,,akshare:szse_daily
2026-09-02,akshare_fund_scale_daily_szse,SZ,159595,中证A50ETF大成,927113255.0,份,,,akshare:szse_daily
2026-09-02,akshare_fund_scale_daily_szse,SZ,159596,A50ETF华宝,515683040.0,份,,,akshare:szse_daily
2026-09-02,akshare_fund_scale_daily_szse,SZ,159597,创业板成长ETF易方达,1109257137.0,份,,,akshare:szse_daily
2026-09-02,akshare_fund_scale_daily_szse,SZ,159599,芯片ETF东财,718322066.0,份,,,akshare:szse_daily
2026-09-02,akshare_fund_scale_daily_szse,SZ,159600,科创债ETF嘉实,304048913.0,份,,,akshare:szse_daily
2026-09-02,akshare_fund_scale_daily_szse,SZ,159601,A50ETF华夏,1401188073.0,份,,,akshare:szse_daily
2026-09-02,akshare_fund_scale_daily_szse,SZ,159602,中国A50ETF南方,400542944.0,份,,,akshare:szse_daily
2026-09-02,akshare_fund_scale_daily_szse,SZ,159603,科创创业ETF天弘,2624071922.0,份,,,akshare:szse_daily
2026-09-02,akshare_fund_scale_daily_szse,SZ,159605,中概互联ETF广发,4131486155.0,份,,,akshare:szse_daily
2026-09-02,akshare_fund_scale_daily_szse,SZ,159606,中证500成长ETF易方达,396222838.0,份,,,akshare:szse_daily
2026-09-02,akshare_fund_scale_daily_szse,SZ,159607,中概互联网ETF嘉实,1218829139.0,份,,,akshare:szse_daily
2026-09-02,akshare_fund_scale_daily_szse,SZ,159608,稀有金属ETF广发,3391210066.0,份,,,akshare:szse_daily
2026-09-02,akshare_fund_scale_daily_szse,SZ,159609,光伏ETF浦银,318903414.0,份,,,akshare:szse_daily
2026-09-02,akshare_fund_scale_daily_szse,SZ,159610,中证500增强ETF景顺,162568207.0,份,,,akshare:szse_daily
2026-09-02,akshare_fund_scale_daily_szse,SZ,159611,电力ETF广发,9363162900.0,份,,,akshare:szse_daily
2026-09-02,akshare_fund_scale_daily_szse,SZ,159612,标普500ETF国泰,484898651.0,份,,,akshare:szse_daily
2026-09-02,akshare_fund_scale_daily_szse,SZ,159613,信息安全ETF嘉实,106590217.0,份,,,akshare:szse_daily
2026-09-02,akshare_fund_scale_daily_szse,SZ,159615,恒生生物科技ETF南方,335054898.0,份,,,akshare:szse_daily
2026-09-02,akshare_fund_scale_daily_szse,SZ,159616,农牧ETF建信,66561112.0,份,,,akshare:szse_daily
2026-09-02,akshare_fund_scale_daily_szse,SZ,159617,中证500价值ETF华夏,30418382.0,份,,,akshare:szse_daily
2026-09-02,akshare_fund_scale_daily_szse,SZ,159618,光伏ETF华安,79131407.0,份,,,akshare:szse_daily
2026-09-02,akshare_fund_scale_daily_szse,SZ,159619,基建ETF国泰,74981007.0,份,,,akshare:szse_daily
2026-09-02,akshare_fund_scale_daily_szse,SZ,159620,中证500成长ETF华夏,29140934.0,份,,,akshare:szse_daily
2026-09-02,akshare_fund_scale_daily_szse,SZ,159621,ESGETF国泰,14434717.0,份,,,akshare:szse_daily
2026-09-02,akshare_fund_scale_daily_szse,SZ,159622,创新药ETF东财,1154603238.0,份,,,akshare:szse_daily
2026-09-02,akshare_fund_scale_daily_szse,SZ,159623,成渝经济圈ETF博时,3089271695.0,份,,,akshare:szse_daily
2026-09-02,akshare_fund_scale_daily_szse,SZ,159625,绿色电力ETF嘉实,2010913777.0,份,,,akshare:szse_daily
2026-09-02,akshare_fund_scale_daily_szse,SZ,159627,A100ETF华夏,21116776.0,份,,,akshare:szse_daily
2026-09-02,akshare_fund_scale_daily_szse,SZ,159628,国证2000ETF万家,320283250.0,份,,,akshare:szse_daily
2026-09-02,akshare_fund_scale_daily_szse,SZ,159629,中证1000ETF富国,825252663.0,份,,,akshare:szse_daily
2026-09-02,akshare_fund_scale_daily_szse,SZ,159630,A100ETF汇添富,15113744.0,份,,,akshare:szse_daily
2026-09-02,akshare_fund_scale_daily_szse,SZ,159631,A100ETF招商,39332605.0,份,,,akshare:szse_daily
2026-09-02,akshare_fund_scale_daily_szse,SZ,159632,纳斯达克ETF华安,4994720640.0,份,,,akshare:szse_daily
2026-09-02,akshare_fund_scale_daily_szse,SZ,159633,中证1000ETF易方达,976162658.0,份,,,akshare:szse_daily
2026-09-02,akshare_fund_scale_daily_szse,SZ,159635,基建ETF华夏,138846980.0,份,,,akshare:szse_daily
2026-09-02,akshare_fund_scale_daily_szse,SZ,159636,港股通科技30ETF工银,21850501206.0,份,,,akshare:szse_daily
2026-09-02,akshare_fund_scale_daily_szse,SZ,159637,新能源车ETF东财,621768094.0,份,,,akshare:szse_daily
2026-09-02,akshare_fund_scale_daily_szse,SZ,159638,航空航天ETF嘉实,1448341932.0,份,,,akshare:szse_daily
2026-09-02,akshare_fund_scale_daily_szse,SZ,159639,碳中和ETF南方,205290171.0,份,,,akshare:szse_daily
2026-09-02,akshare_fund_scale_daily_szse,SZ,159640,碳中和龙头ETF工银,59845198.0,份,,,akshare:szse_daily
2026-09-02,akshare_fund_scale_daily_szse,SZ,159641,碳中和ETF招商,87719131.0,份,,,akshare:szse_daily
2026-09-02,akshare_fund_scale_daily_szse,SZ,159642,碳中和ETF大成,23439923.0,份,,,akshare:szse_daily
2026-09-02,akshare_fund_scale_daily_szse,SZ,159643,疫苗ETF国泰,292390617.0,份,,,akshare:szse_daily
2026-09-02,akshare_fund_scale_daily_szse,SZ,159645,疫苗ETF富国,71540740.0,份,,,akshare:szse_daily
2026-09-02,akshare_fund_scale_daily_szse,SZ,159647,中药ETF鹏华,1014961752.0,份,,,akshare:szse_daily
2026-09-02,akshare_fund_scale_daily_szse,SZ,159649,国开债ETF华安,40741877.0,份,,,akshare:szse_daily
2026-09-02,akshare_fund_scale_daily_szse,SZ,159650,国开债ETF博时,49308196.0,份,,,akshare:szse_daily
2026-09-02,akshare_fund_scale_daily_szse,SZ,159651,国开债ETF平安,9690448.0,份,,,akshare:szse_daily
2026-09-02,akshare_fund_scale_daily_szse,SZ,159652,有色ETF汇添富,1784320287.0,份,,,akshare:szse_daily
2026-09-02,akshare_fund_scale_daily_szse,SZ,159653,ESG300ETF国联安,52972068.0,份,,,akshare:szse_daily
2026-09-02,akshare_fund_scale_daily_szse,SZ,159655,标普500ETF华夏,2170143045.0,份,,,akshare:szse_daily
2026-09-02,akshare_fund_scale_daily_szse,SZ,159656,沪深300成长ETF万家,224238451.0,份,,,akshare:szse_daily
2026-09-02,akshare_fund_scale_daily_szse,SZ,159657,疫苗ETF鹏华,162514819.0,份,,,akshare:szse_daily
2026-09-02,akshare_fund_scale_daily_szse,SZ,159658,数字经济ETF华安,44394877.0,份,,,akshare:szse_daily
2026-09-02,akshare_fund_scale_daily_szse,SZ,159659,纳斯达克100ETF招商,4565744064.0,份,,,akshare:szse_daily
2026-09-02,akshare_fund_scale_daily_szse,SZ,159660,纳指ETF汇添富,2271151363.0,份,,,akshare:szse_daily
2026-09-02,akshare_fund_scale_daily_szse,SZ,159661,A100ETF嘉实,27208213.0,份,,,akshare:szse_daily
2026-09-02,akshare_fund_scale_daily_szse,SZ,159662,交运ETF南方,80113946.0,份,,,akshare:szse_daily
2026-09-02,akshare_fund_scale_daily_szse,SZ,159663,机床ETF华夏,433035170.0,份,,,akshare:szse_daily
2026-09-02,akshare_fund_scale_daily_szse,SZ,159665,半导体龙头ETF工银,251576860.0,份,,,akshare:szse_daily
2026-09-02,akshare_fund_scale_daily_szse,SZ,159666,交通运输ETF华夏,110832905.0,份,,,akshare:szse_daily
2026-09-02,akshare_fund_scale_daily_szse,SZ,159667,工业母机ETF国泰,3510050718.0,份,,,akshare:szse_daily
2026-09-02,akshare_fund_scale_daily_szse,SZ,159669,绿色电力ETF国泰,200254781.0,份,,,akshare:szse_daily
2026-09-02,akshare_fund_scale_daily_szse,SZ,159670,消费50ETF国联安,55706921.0,份,,,akshare:szse_daily
2026-09-02,akshare_fund_scale_daily_szse,SZ,159671,稀有金属ETF工银,900551737.0,份,,,akshare:szse_daily
2026-09-02,akshare_fund_scale_daily_szse,SZ,159672,消费ETF博时,131887409.0,份,,,akshare:szse_daily
2026-09-02,akshare_fund_scale_daily_szse,SZ,159673,沪深300ETF鹏华,1761528385.0,份,,,akshare:szse_daily
2026-09-02,akshare_fund_scale_daily_szse,SZ,159675,创业板增强ETF嘉实,65346691.0,份,,,akshare:szse_daily
2026-09-02,akshare_fund_scale_daily_szse,SZ,159676,创业板增强ETF富国,136564183.0,份,,,akshare:szse_daily
2026-09-02,akshare_fund_scale_daily_szse,SZ,159677,中证1000增强ETF银华,26904091.0,份,,,akshare:szse_daily
2026-09-02,akshare_fund_scale_daily_szse,SZ,159678,500增强ETF博时,89143694.0,份,,,akshare:szse_daily
2026-09-02,akshare_fund_scale_daily_szse,SZ,159679,中证1000增强ETF国泰,55289156.0,份,,,akshare:szse_daily
2026-09-02,akshare_fund_scale_daily_szse,SZ,159680,中证1000增强ETF招商,1041438087.0,份,,,akshare:szse_daily
2026-09-02,akshare_fund_scale_daily_szse,SZ,159681,创业板50ETF鹏华,1067772337.0,份,,,akshare:szse_daily
2026-09-02,akshare_fund_scale_daily_szse,SZ,159682,创业板50ETF景顺,3362307670.0,份,,,akshare:szse_daily
2026-09-02,akshare_fund_scale_daily_szse,SZ,159685,1000增强ETF天弘,19440067.0,份,,,akshare:szse_daily
2026-09-02,akshare_fund_scale_daily_szse,SZ,159686,A100ETF易方达,77815386.0,份,,,akshare:szse_daily
2026-09-02,akshare_fund_scale_daily_szse,SZ,159687,亚太精选ETF南方,1629328658.0,份,,,akshare:szse_daily
2026-09-02,akshare_fund_scale_daily_szse,SZ,159688,恒生互联网ETF华安,1367278480.0,份,,,akshare:szse_daily
2026-09-02,akshare_fund_scale_daily_szse,SZ,159689,消费ETF南方,86147787.0,份,,,akshare:szse_daily
2026-09-02,akshare_fund_scale_daily_szse,SZ,159690,有色矿业ETF招商,269163978.0,份,,,akshare:szse_daily
2026-09-02,akshare_fund_scale_daily_szse,SZ,159691,港股红利ETF工银,3753301386.0,份,,,akshare:szse_daily
2026-09-02,akshare_fund_scale_daily_szse,SZ,159692,证券ETF东财,1441455969.0,份,,,akshare:szse_daily
2026-09-02,akshare_fund_scale_daily_szse,SZ,159695,通信ETF嘉实,849436258.0,份,,,akshare:szse_daily
2026-09-02,akshare_fund_scale_daily_szse,SZ,159696,纳指ETF易方达,2842824034.0,份,,,akshare:szse_daily
2026-09-02,akshare_fund_scale_daily_szse,SZ,159697,石油ETF鹏华,1009022006.0,份,,,akshare:szse_daily
2026-09-02,akshare_fund_scale_daily_szse,SZ,159698,粮食ETF鹏华,1769944378.0,份,,,akshare:szse_daily
2026-09-02,akshare_fund_scale_daily_szse,SZ,159699,恒生消费ETF广发,492164255.0,份,,,akshare:szse_daily
2026-09-02,akshare_fund_scale_daily_szse,SZ,159700,科创债ETF南方,137559191.0,份,,,akshare:szse_daily
2026-09-02,akshare_fund_scale_daily_szse,SZ,159701,物联网ETF招商,5705601.0,份,,,akshare:szse_daily
2026-09-02,akshare_fund_scale_daily_szse,SZ,159703,新材料ETF天弘,59581591.0,份,,,akshare:szse_daily
2026-09-02,akshare_fund_scale_daily_szse,SZ,159706,深证100ETF华安,40386800.0,份,,,akshare:szse_daily
2026-09-02,akshare_fund_scale_daily_szse,SZ,159707,地产ETF华宝,1213548214.0,份,,,akshare:szse_daily
2026-09-02,akshare_fund_scale_daily_szse,SZ,159708,红利ETF西部利得,177528306.0,份,,,akshare:szse_daily
2026-09-02,akshare_fund_scale_daily_szse,SZ,159709,物联网ETF工银,21484060.0,份,,,akshare:szse_daily
2026-09-02,akshare_fund_scale_daily_szse,SZ,159711,港股通50ETF华夏,30465157.0,份,,,akshare:szse_daily
2026-09-02,akshare_fund_scale_daily_szse,SZ,159712,港股通50ETF国泰,84778813.0,份,,,akshare:szse_daily
2026-09-02,akshare_fund_scale_daily_szse,SZ,159713,稀土ETF富国,510255051.0,份,,,akshare:szse_daily
2026-09-02,akshare_fund_scale_daily_szse,SZ,159715,稀土ETF易方达,517030274.0,份,,,akshare:szse_daily
2026-09-02,akshare_fund_scale_daily_szse,SZ,159716,深证100ETF华宝,55666732.0,份,,,akshare:szse_daily
2026-09-02,akshare_fund_scale_daily_szse,SZ,159717,ESGETF鹏华,27873183.0,份,,,akshare:szse_daily
2026-09-02,akshare_fund_scale_daily_szse,SZ,159718,港股医药ETF平安,183832634.0,份,,,akshare:szse_daily
2026-09-02,akshare_fund_scale_daily_szse,SZ,159719,国企ETF平安,20195986.0,份,,,akshare:szse_daily
2026-09-02,akshare_fund_scale_daily_szse,SZ,159720,智能车ETF泰康,45812357.0,份,,,akshare:szse_daily
2026-09-02,akshare_fund_scale_daily_szse,SZ,159721,深证100ETF永赢,69431696.0,份,,,akshare:szse_daily
2026-09-02,akshare_fund_scale_daily_szse,SZ,159723,科技龙头ETF汇添富,29025575.0,份,,,akshare:szse_daily
2026-09-02,akshare_fund_scale_daily_szse,SZ,159725,线上消费ETF工银,120424924.0,份,,,akshare:szse_daily
2026-09-02,akshare_fund_scale_daily_szse,SZ,159726,港股通高股息ETF华夏,249411380.0,份,,,akshare:szse_daily
2026-09-02,akshare_fund_scale_daily_szse,SZ,159728,在线消费ETF南方,45910129.0,份,,,akshare:szse_daily
2026-09-02,akshare_fund_scale_daily_szse,SZ,159729,互联网ETF汇添富,66760633.0,份,,,akshare:szse_daily
2026-09-02,akshare_fund_scale_daily_szse,SZ,159730,家电ETF博时,42571340.0,份,,,akshare:szse_daily
2026-09-02,akshare_fund_scale_daily_szse,SZ,159731,石化ETF华夏,702375802.0,份,,,akshare:szse_daily
2026-09-02,akshare_fund_scale_daily_szse,SZ,159732,消费电子ETF华夏,2416447904.0,份,,,akshare:szse_daily
2026-09-02,akshare_fund_scale_daily_szse,SZ,159735,港股消费ETF银华,627561371.0,份,,,akshare:szse_daily
2026-09-02,akshare_fund_scale_daily_szse,SZ,159736,食品饮料ETF天弘,7482394457.0,份,,,akshare:szse_daily
2026-09-02,akshare_fund_scale_daily_szse,SZ,159738,云计算ETF华泰柏瑞,130992667.0,份,,,akshare:szse_daily
2026-09-02,akshare_fund_scale_daily_szse,SZ,159739,云计算ETF鹏华,407561230.0,份,,,akshare:szse_daily
2026-09-02,akshare_fund_scale_daily_szse,SZ,159740,恒生科技ETF大成,25149120448.0,份,,,akshare:szse_daily
2026-09-02,akshare_fund_scale_daily_szse,SZ,159741,恒生科技ETF嘉实,1384796712.0,份,,,akshare:szse_daily
2026-09-02,akshare_fund_scale_daily_szse,SZ,159742,恒生科技ETF博时,6255928292.0,份,,,akshare:szse_daily
2026-09-02,akshare_fund_scale_daily_szse,SZ,159743,湖北ETF博时,109941100.0,份,,,akshare:szse_daily
2026-09-02,akshare_fund_scale_daily_szse,SZ,159745,建材ETF国泰,1368688265.0,份,,,akshare:szse_daily
2026-09-02,akshare_fund_scale_daily_szse,SZ,159747,香港科技ETF南方,312712278.0,份,,,akshare:szse_daily
2026-09-02,akshare_fund_scale_daily_szse,SZ,159748,创新药ETF富国,1459692128.0,份,,,akshare:szse_daily
2026-09-02,akshare_fund_scale_daily_szse,SZ,159750,港股科技50ETF招商,1266618251.0,份,,,akshare:szse_daily
2026-09-02,akshare_fund_scale_daily_szse,SZ,159751,港股通科技ETF鹏华,882629628.0,份,,,akshare:szse_daily
2026-09-02,akshare_fund_scale_daily_szse,SZ,159752,新能源ETF申万菱信,359958917.0,份,,,akshare:szse_daily
2026-09-02,akshare_fund_scale_daily_szse,SZ,159755,电池ETF广发,7892646746.0,份,,,akshare:szse_daily
2026-09-02,akshare_fund_scale_daily_szse,SZ,159757,电池ETF景顺,247931891.0,份,,,akshare:szse_daily
2026-09-02,akshare_fund_scale_daily_szse,SZ,159758,红利质量ETF华夏,1302290777.0,份,,,akshare:szse_daily
2026-09-02,akshare_fund_scale_daily_szse,SZ,159760,医疗健康ETF泰康,132360223.0,份,,,akshare:szse_daily
2026-09-02,akshare_fund_scale_daily_szse,SZ,159761,新材料ETF国泰,191734117.0,份,,,akshare:szse_daily
2026-09-02,akshare_fund_scale_daily_szse,SZ,159763,新材料ETF建信,88707747.0,份,,,akshare:szse_daily
2026-09-02,akshare_fund_scale_daily_szse,SZ,159766,旅游ETF富国,5607140963.0,份,,,akshare:szse_daily
2026-09-02,akshare_fund_scale_daily_szse,SZ,159767,电池龙头ETF兴银,246873672.0,份,,,akshare:szse_daily
2026-09-02,akshare_fund_scale_daily_szse,SZ,159768,房地产ETF银华,899450311.0,份,,,akshare:szse_daily
2026-09-02,akshare_fund_scale_daily_szse,SZ,159770,机器人ETF天弘,6050587762.0,份,,,akshare:szse_daily
2026-09-02,akshare_fund_scale_daily_szse,SZ,159773,创业板科技ETF华泰柏瑞,145903120.0,份,,,akshare:szse_daily
2026-09-02,akshare_fund_scale_daily_szse,SZ,159775,电池ETF建信,678648961.0,份,,,akshare:szse_daily
2026-09-02,akshare_fund_scale_daily_szse,SZ,159776,港股医药ETF银华,78968765.0,份,,,akshare:szse_daily
2026-09-02,akshare_fund_scale_daily_szse,SZ,159777,创科技ETF国联安,28280565.0,份,,,akshare:szse_daily
2026-09-02,akshare_fund_scale_daily_szse,SZ,159778,工业互联网ETF鹏华,40255382.0,份,,,akshare:szse_daily
2026-09-02,akshare_fund_scale_daily_szse,SZ,159779,消费电子ETF招商,138869337.0,份,,,akshare:szse_daily
2026-09-02,akshare_fund_scale_daily_szse,SZ,159780,科创创业50ETF南方,3595248583.0,份,,,akshare:szse_daily
2026-09-02,akshare_fund_scale_daily_szse,SZ,159781,科创创业ETF易方达,15793860533.0,份,,,akshare:szse_daily
2026-09-02,akshare_fund_scale_daily_szse,SZ,159782,双创50ETF银华,582190267.0,份,,,akshare:szse_daily
2026-09-02,akshare_fund_scale_daily_szse,SZ,159783,科创创业50ETF华夏,5334859442.0,份,,,akshare:szse_daily
2026-09-02,akshare_fund_scale_daily_szse,SZ,159786,VRETF银华,81701174.0,份,,,akshare:szse_daily
2026-09-02,akshare_fund_scale_daily_szse,SZ,159787,建材ETF易方达,132021633.0,份,,,akshare:szse_daily
2026-09-02,akshare_fund_scale_daily_szse,SZ,159788,港股通100ETF易方达,70424965.0,份,,,akshare:szse_daily
2026-09-02,akshare_fund_scale_daily_szse,SZ,159790,碳中和ETF华夏,1548528485.0,份,,,akshare:szse_daily
2026-09-02,akshare_fund_scale_daily_szse,SZ,159791,300ESGETF华夏,29083347.0,份,,,akshare:szse_daily
2026-09-02,akshare_fund_scale_daily_szse,SZ,159792,港股通互联网ETF富国,64243855237.0,份,,,akshare:szse_daily
2026-09-02,akshare_fund_scale_daily_szse,SZ,159793,线上消费ETF平安,43758908.0,份,,,akshare:szse_daily
2026-09-02,akshare_fund_scale_daily_szse,SZ,159795,智能汽车ETF汇添富,29169473.0,份,,,akshare:szse_daily
2026-09-02,akshare_fund_scale_daily_szse,SZ,159796,电池ETF汇添富,6102467550.0,份,,,akshare:szse_daily
2026-09-02,akshare_fund_scale_daily_szse,SZ,159797,医疗器械ETF汇添富,394989247.0,份,,,akshare:szse_daily
2026-09-02,akshare_fund_scale_daily_szse,SZ,159798,消费ETF易方达,174245390.0,份,,,akshare:szse_daily
2026-09-02,akshare_fund_scale_daily_szse,SZ,159800,中证800ETF鹏华,26736802.0,份,,,akshare:szse_daily
2026-09-02,akshare_fund_scale_daily_szse,SZ,159801,芯片ETF广发,4538120172.0,份,,,akshare:szse_daily
2026-09-02,akshare_fund_scale_daily_szse,SZ,159804,创中盘88ETF国寿,15899676.0,份,,,akshare:szse_daily
2026-09-02,akshare_fund_scale_daily_szse,SZ,159805,传媒ETF鹏华,296452480.0,份,,,akshare:szse_daily
2026-09-02,akshare_fund_scale_daily_szse,SZ,159806,新能源车ETF国泰,856089446.0,份,,,akshare:szse_daily
2026-09-02,akshare_fund_scale_daily_szse,SZ,159807,科技ETF易方达,918051428.0,份,,,akshare:szse_daily
2026-09-02,akshare_fund_scale_daily_szse,SZ,159808,创100ETF融通,51484790.0,份,,,akshare:szse_daily
2026-09-02,akshare_fund_scale_daily_szse,SZ,159810,创业板ETF浦银,57475458.0,份,,,akshare:szse_daily
2026-09-02,akshare_fund_scale_daily_szse,SZ,159811,5GETF博时,75543393.0,份,,,akshare:szse_daily
2026-09-02,akshare_fund_scale_daily_szse,SZ,159812,黄金ETF前海开源,161713149.0,份,,,akshare:szse_daily
2026-09-02,akshare_fund_scale_daily_szse,SZ,159813,半导体ETF鹏华,9018724820.0,份,,,akshare:szse_daily
2026-09-02,akshare_fund_scale_daily_szse,SZ,159814,创业大盘ETF西部利得,508246520.0,份,,,akshare:szse_daily
2026-09-02,akshare_fund_scale_daily_szse,SZ,159816,0-4年地方债ETF鹏华,97447484.0,份,,,akshare:szse_daily
2026-09-02,akshare_fund_scale_daily_szse,SZ,159819,人工智能ETF易方达,12083229669.0,份,,,akshare:szse_daily
2026-09-02,akshare_fund_scale_daily_szse,SZ,159820,中证500ETF天弘,1353908470.0,份,,,akshare:szse_daily
2026-09-02,akshare_fund_scale_daily_szse,SZ,159821,创业板ETF中银证券,65920000.0,份,,,akshare:szse_daily
2026-09-02,akshare_fund_scale_daily_szse,SZ,159822,新经济ETF银华,296134315.0,份,,,akshare:szse_daily
2026-09-02,akshare_fund_scale_daily_szse,SZ,159824,新能源车ETF博时,84135070.0,份,,,akshare:szse_daily
2026-09-02,akshare_fund_scale_daily_szse,SZ,159825,农业ETF富国,2485077407.0,份,,,akshare:szse_daily
2026-09-02,akshare_fund_scale_daily_szse,SZ,159827,农业ETF银华,86716463.0,份,,,akshare:szse_daily
2026-09-02,akshare_fund_scale_daily_szse,SZ,159828,医疗ETF国泰,4626439464.0,份,,,akshare:szse_daily
2026-09-02,akshare_fund_scale_daily_szse,SZ,159830,金ETF天弘,347914066.0,份,,,akshare:szse_daily
2026-09-02,akshare_fund_scale_daily_szse,SZ,159831,金ETF嘉实,266156243.0,份,,,akshare:szse_daily
2026-09-02,akshare_fund_scale_daily_szse,SZ,159834,金ETF南方,229761376.0,份,,,akshare:szse_daily
2026-09-02,akshare_fund_scale_daily_szse,SZ,159835,创新药ETF建信,365504143.0,份,,,akshare:szse_daily
2026-09-02,akshare_fund_scale_daily_szse,SZ,159836,创业板300ETF天弘,117747113.0,份,,,akshare:szse_daily
2026-09-02,akshare_fund_scale_daily_szse,SZ,159837,生物科技ETF易方达,2818152837.0,份,,,akshare:szse_daily
2026-09-02,akshare_fund_scale_daily_szse,SZ,159838,医药50ETF博时,225763462.0,份,,,akshare:szse_daily
2026-09-02,akshare_fund_scale_daily_szse,SZ,159839,生物医药ETF汇添富,2637735165.0,份,,,akshare:szse_daily
2026-09-02,akshare_fund_scale_daily_szse,SZ,159840,锂电池ETF工银,1959574851.0,份,,,akshare:szse_daily
2026-09-02,akshare_fund_scale_daily_szse,SZ,159841,证券ETF天弘,11972838465.0,份,,,akshare:szse_daily
2026-09-02,akshare_fund_scale_daily_szse,SZ,159842,券商ETF银华,9018250631.0,份,,,akshare:szse_daily
2026-09-02,akshare_fund_scale_daily_szse,SZ,159843,食品饮料ETF招商,608955141.0,份,,,akshare:szse_daily
2026-09-02,akshare_fund_scale_daily_szse,SZ,159845,中证1000ETF华夏,1896425606.0,份,,,akshare:szse_daily
2026-09-02,akshare_fund_scale_daily_szse,SZ,159847,医疗ETF易方达,3852825354.0,份,,,akshare:szse_daily
2026-09-02,akshare_fund_scale_daily_szse,SZ,159848,证券ETF国联安,153311239.0,份,,,akshare:szse_daily
2026-09-02,akshare_fund_scale_daily_szse,SZ,159849,生物科技ETF招商,158372396.0,份,,,akshare:szse_daily
2026-09-02,akshare_fund_scale_daily_szse,SZ,159850,恒生国企ETF华夏,419706498.0,份,,,akshare:szse_daily
2026-09-02,akshare_fund_scale_daily_szse,SZ,159851,金融科技ETF华宝,9983904148.0,份,,,akshare:szse_daily
2026-09-02,akshare_fund_scale_daily_szse,SZ,159852,软件ETF嘉实,13898623921.0,份,,,akshare:szse_daily
2026-09-02,akshare_fund_scale_daily_szse,SZ,159855,影视ETF银华,252425236.0,份,,,akshare:szse_daily
2026-09-02,akshare_fund_scale_daily_szse,SZ,159856,互联网龙头ETF工银,347372474.0,份,,,akshare:szse_daily
2026-09-02,akshare_fund_scale_daily_szse,SZ,159857,光伏ETF天弘,2229515725.0,份,,,akshare:szse_daily
2026-09-02,akshare_fund_scale_daily_szse,SZ,159858,创新药ETF南方,1033098318.0,份,,,akshare:szse_daily
2026-09-02,akshare_fund_scale_daily_szse,SZ,159859,生物医药ETF天弘,10600640054.0,份,,,akshare:szse_daily
2026-09-02,akshare_fund_scale_daily_szse,SZ,159861,碳中和50ETF国泰,100117535.0,份,,,akshare:szse_daily
2026-09-02,akshare_fund_scale_daily_szse,SZ,159862,食品饮料ETF银华,309000623.0,份,,,akshare:szse_daily
2026-09-02,akshare_fund_scale_daily_szse,SZ,159863,光伏ETF鹏华,296729352.0,份,,,akshare:szse_daily
2026-09-02,akshare_fund_scale_daily_szse,SZ,159864,光伏ETF国泰,630526827.0,份,,,akshare:szse_daily
2026-09-02,akshare_fund_scale_daily_szse,SZ,159865,养殖ETF国泰,12141455659.0,份,,,akshare:szse_daily
2026-09-02,akshare_fund_scale_daily_szse,SZ,159866,日经ETF工银,1132479377.0,份,,,akshare:szse_daily
2026-09-02,akshare_fund_scale_daily_szse,SZ,159867,养殖ETF鹏华,1594643594.0,份,,,akshare:szse_daily
2026-09-02,akshare_fund_scale_daily_szse,SZ,159869,游戏ETF华夏,8047082127.0,份,,,akshare:szse_daily
2026-09-02,akshare_fund_scale_daily_szse,SZ,159870,化工ETF鹏华,16961607019.0,份,,,akshare:szse_daily
2026-09-02,akshare_fund_scale_daily_szse,SZ,159871,有色ETF银华,1135232506.0,份,,,akshare:szse_daily
2026-09-02,akshare_fund_scale_daily_szse,SZ,159872,智能网联汽车ETF鹏华,59299732.0,份,,,akshare:szse_daily
2026-09-02,akshare_fund_scale_daily_szse,SZ,159873,医疗设备ETF天弘,470920000.0,份,,,akshare:szse_daily
2026-09-02,akshare_fund_scale_daily_szse,SZ,159875,新能源ETF嘉实,2379162899.0,份,,,akshare:szse_daily
2026-09-02,akshare_fund_scale_daily_szse,SZ,159876,有色ETF华宝,1683577018.0,份,,,akshare:szse_daily
2026-09-02,akshare_fund_scale_daily_szse,SZ,159877,医疗ETF南方,246792292.0,份,,,akshare:szse_daily
2026-09-02,akshare_fund_scale_daily_szse,SZ,159880,有色ETF鹏华,1309103036.0,份,,,akshare:szse_daily
2026-09-02,akshare_fund_scale_daily_szse,SZ,159881,有色金属ETF国泰,192499166.0,份,,,akshare:szse_daily
2026-09-02,akshare_fund_scale_daily_szse,SZ,159883,医疗器械ETF永赢,8994037843.0,份,,,akshare:szse_daily
2026-09-02,akshare_fund_scale_daily_szse,SZ,159885,碳中和ETF鹏华,248467316.0,份,,,akshare:szse_daily
2026-09-02,akshare_fund_scale_daily_szse,SZ,159886,机械ETF富国,71442555.0,份,,,akshare:szse_daily
2026-09-02,akshare_fund_scale_daily_szse,SZ,159887,银行ETF富国,559515950.0,份,,,akshare:szse_daily
2026-09-02,akshare_fund_scale_daily_szse,SZ,159888,智能汽车ETF华夏,70446068.0,份,,,akshare:szse_daily
2026-09-02,akshare_fund_scale_daily_szse,SZ,159889,智能汽车ETF国泰,28400796.0,份,,,akshare:szse_daily
2026-09-02,akshare_fund_scale_daily_szse,SZ,159890,云计算ETF招商,225590688.0,份,,,akshare:szse_daily
2026-09-02,akshare_fund_scale_daily_szse,SZ,159891,医疗ETF建信,349024837.0,份,,,akshare:szse_daily
2026-09-02,akshare_fund_scale_daily_szse,SZ,159892,恒生医药ETF华夏,5400266022.0,份,,,akshare:szse_daily
2026-09-02,akshare_fund_scale_daily_szse,SZ,159895,物联网ETF易方达,75241864.0,份,,,akshare:szse_daily
2026-09-02,akshare_fund_scale_daily_szse,SZ,159896,物联网ETF南方,38055960.0,份,,,akshare:szse_daily
2026-09-02,akshare_fund_scale_daily_szse,SZ,159898,医疗器械ETF招商,896098825.0,份,,,akshare:szse_daily
2026-09-02,akshare_fund_scale_daily_szse,SZ,159899,软件ETF招商,969977729.0,份,,,akshare:szse_daily
2026-09-02,akshare_fund_scale_daily_szse,SZ,159901,深证100ETF易方达,998134930.0,份,,,akshare:szse_daily
2026-09-02,akshare_fund_scale_daily_szse,SZ,159902,中小100ETF华夏,76460849.0,份,,,akshare:szse_daily
2026-09-02,akshare_fund_scale_daily_szse,SZ,159903,深成ETF南方,457154507.0,份,,,akshare:szse_daily
2026-09-02,akshare_fund_scale_daily_szse,SZ,159905,红利ETF工银,986443951.0,份,,,akshare:szse_daily
2026-09-02,akshare_fund_scale_daily_szse,SZ,159906,深成长ETF大成,140639725.0,份,,,akshare:szse_daily
2026-09-02,akshare_fund_scale_daily_szse,SZ,159907,国证2000ETF广发,167197694.0,份,,,akshare:szse_daily
2026-09-02,akshare_fund_scale_daily_szse,SZ,159908,创业板ETF博时,321229029.0,份,,,akshare:szse_daily
2026-09-02,akshare_fund_scale_daily_szse,SZ,159909,TMT50ETF招商,531561992.0,份,,,akshare:szse_daily
2026-09-02,akshare_fund_scale_daily_szse,SZ,159910,基本面120ETF嘉实,83906143.0,份,,,akshare:szse_daily
2026-09-02,akshare_fund_scale_daily_szse,SZ,159912,深300ETF汇添富,68448991.0,份,,,akshare:szse_daily
2026-09-02,akshare_fund_scale_daily_szse,SZ,159913,深价值ETF交银,22329693.0,份,,,akshare:szse_daily
2026-09-02,akshare_fund_scale_daily_szse,SZ,159915,创业板ETF易方达,19480454936.0,份,,,akshare:szse_daily
2026-09-02,akshare_fund_scale_daily_szse,SZ,159916,基本面ETF建信,42566039.0,份,,,akshare:szse_daily
2026-09-02,akshare_fund_scale_daily_szse,SZ,159918,中创400ETF嘉实,30561264.0,份,,,akshare:szse_daily
2026-09-02,akshare_fund_scale_daily_szse,SZ,159919,沪深300ETF嘉实,6226416676.0,份,,,akshare:szse_daily
2026-09-02,akshare_fund_scale_daily_szse,SZ,159920,恒生ETF华夏,5701559219.0,份,,,akshare:szse_daily
2026-09-02,akshare_fund_scale_daily_szse,SZ,159922,中证500ETF嘉实,2677676765.0,份,,,akshare:szse_daily
2026-09-02,akshare_fund_scale_daily_szse,SZ,159923,中证A100ETF大成,14285812.0,份,,,akshare:szse_daily
2026-09-02,akshare_fund_scale_daily_szse,SZ,159925,沪深300ETF南方,607820856.0,份,,,akshare:szse_daily
2026-09-02,akshare_fund_scale_daily_szse,SZ,159928,消费ETF汇添富,23060629040.0,份,,,akshare:szse_daily
2026-09-02,akshare_fund_scale_daily_szse,SZ,159929,医药ETF汇添富,1699704203.0,份,,,akshare:szse_daily
2026-09-02,akshare_fund_scale_daily_szse,SZ,159930,能源ETF汇添富,549398150.0,份,,,akshare:szse_daily
2026-09-02,akshare_fund_scale_daily_szse,SZ,159931,金融地产ETF汇添富,17828511.0,份,,,akshare:szse_daily
2026-09-02,akshare_fund_scale_daily_szse,SZ,159933,金融地产ETF国投瑞银,36378943.0,份,,,akshare:szse_daily
2026-09-02,akshare_fund_scale_daily_szse,SZ,159934,黄金ETF易方达,3938008998.0,份,,,akshare:szse_daily
2026-09-02,akshare_fund_scale_daily_szse,SZ,159935,中证500ETF景顺,24572956.0,份,,,akshare:szse_daily
2026-09-02,akshare_fund_scale_daily_szse,SZ,159936,可选消费ETF广发,108156094.0,份,,,akshare:szse_daily
2026-09-02,akshare_fund_scale_daily_szse,SZ,159937,黄金ETF博时,4722121977.0,份,,,akshare:szse_daily
2026-09-02,akshare_fund_scale_daily_szse,SZ,159938,医药ETF广发,7309567236.0,份,,,akshare:szse_daily
2026-09-02,akshare_fund_scale_daily_szse,SZ,159939,信息技术ETF广发,773656106.0,份,,,akshare:szse_daily
2026-09-02,akshare_fund_scale_daily_szse,SZ,159940,金融地产ETF广发,290059983.0,份,,,akshare:szse_daily
2026-09-02,akshare_fund_scale_daily_szse,SZ,159941,纳指ETF广发,22543610164.0,份,,,akshare:szse_daily
2026-09-02,akshare_fund_scale_daily_szse,SZ,159943,深证成指ETF大成,200229922.0,份,,,akshare:szse_daily
2026-09-02,akshare_fund_scale_daily_szse,SZ,159944,材料ETF广发,31608342.0,份,,,akshare:szse_daily
2026-09-02,akshare_fund_scale_daily_szse,SZ,159945,能源ETF广发,59572327.0,份,,,akshare:szse_daily
2026-09-02,akshare_fund_scale_daily_szse,SZ,159948,创业板ETF南方,1182697720.0,份,,,akshare:szse_daily
2026-09-02,akshare_fund_scale_daily_szse,SZ,159949,创业板50ETF华安,15526785113.0,份,,,akshare:szse_daily
2026-09-02,akshare_fund_scale_daily_szse,SZ,159952,创业板ETF广发,5480284929.0,份,,,akshare:szse_daily
2026-09-02,akshare_fund_scale_daily_szse,SZ,159954,恒生中国企业ETF南方,189105083.0,份,,,akshare:szse_daily
2026-09-02,akshare_fund_scale_daily_szse,SZ,159956,创业板ETF建信,47978674.0,份,,,akshare:szse_daily
2026-09-02,akshare_fund_scale_daily_szse,SZ,159957,创业板ETF华夏,1198784560.0,份,,,akshare:szse_daily
2026-09-02,akshare_fund_scale_daily_szse,SZ,159958,创业板ETF工银,237811448.0,份,,,akshare:szse_daily
2026-09-02,akshare_fund_scale_daily_szse,SZ,159959,央企ETF银华,1826891780.0,份,,,akshare:szse_daily
2026-09-02,akshare_fund_scale_daily_szse,SZ,159960,恒生中国企业ETF平安,66573960.0,份,,,akshare:szse_daily
2026-09-02,akshare_fund_scale_daily_szse,SZ,159961,深100ETF方正富邦,98245196.0,份,,,akshare:szse_daily
2026-09-02,akshare_fund_scale_daily_szse,SZ,159964,创业板ETF平安,173481881.0,份,,,akshare:szse_daily
2026-09-02,akshare_fund_scale_daily_szse,SZ,159965,央视50ETF国联,21426953.0,份,,,akshare:szse_daily
2026-09-02,akshare_fund_scale_daily_szse,SZ,159966,创业板价值ETF华夏,645299521.0,份,,,akshare:szse_daily
2026-09-02,akshare_fund_scale_daily_szse,SZ,159967,创业板成长ETF华夏,7323705811.0,份,,,akshare:szse_daily
2026-09-02,akshare_fund_scale_daily_szse,SZ,159968,中证500ETF博时,63695098.0,份,,,akshare:szse_daily
2026-09-02,akshare_fund_scale_daily_szse,SZ,159970,深100ETF工银,10468704.0,份,,,akshare:szse_daily
2026-09-02,akshare_fund_scale_daily_szse,SZ,159971,创业板ETF富国,1816020288.0,份,,,akshare:szse_daily
2026-09-02,akshare_fund_scale_daily_szse,SZ,159972,5年地方债ETF鹏华,66575910.0,份,,,akshare:szse_daily
2026-09-02,akshare_fund_scale_daily_szse,SZ,159973,民企ETF弘毅远方,199976423.0,份,,,akshare:szse_daily
2026-09-02,akshare_fund_scale_daily_szse,SZ,159974,央企创新ETF富国,40432422.0,份,,,akshare:szse_daily
2026-09-02,akshare_fund_scale_daily_szse,SZ,159975,深100ETF招商,54437760.0,份,,,akshare:szse_daily
2026-09-02,akshare_fund_scale_daily_szse,SZ,159976,湾创ETF工银,63885872.0,份,,,akshare:szse_daily
2026-09-02,akshare_fund_scale_daily_szse,SZ,159977,创业板ETF天弘,3709872820.0,份,,,akshare:szse_daily
2026-09-02,akshare_fund_scale_daily_szse,SZ,159980,有色ETF大成,2961824777.0,份,,,akshare:szse_daily
2026-09-02,akshare_fund_scale_daily_szse,SZ,159981,能源化工ETF建信,1897536957.0,份,,,akshare:szse_daily
2026-09-02,akshare_fund_scale_daily_szse,SZ,159982,中证500ETF鹏华,202211253.0,份,,,akshare:szse_daily
2026-09-02,akshare_fund_scale_daily_szse,SZ,159985,豆粕ETF华夏,1564324066.0,份,,,akshare:szse_daily
2026-09-02,akshare_fund_scale_daily_szse,SZ,159991,创业板大盘ETF招商,105463172.0,份,,,akshare:szse_daily
2026-09-02,akshare_fund_scale_daily_szse,SZ,159992,创新药ETF银华,19902581217.0,份,,,akshare:szse_daily
2026-09-02,akshare_fund_scale_daily_szse,SZ,159993,证券ETF鹏华,3197197982.0,份,,,akshare:szse_daily
2026-09-02,akshare_fund_scale_daily_szse,SZ,159994,通信ETF银华,3983003358.0,份,,,akshare:szse_daily
2026-09-02,akshare_fund_scale_daily_szse,SZ,159995,芯片ETF华夏,24391126012.0,份,,,akshare:szse_daily
2026-09-02,akshare_fund_scale_daily_szse,SZ,159996,家电ETF国泰,472554846.0,份,,,akshare:szse_daily
2026-09-02,akshare_fund_scale_daily_szse,SZ,159997,电子ETF天弘,700306634.0,份,,,akshare:szse_daily
2026-09-02,akshare_fund_scale_daily_szse,SZ,159998,计算机ETF天弘,1606655354.0,份,,,akshare:szse_daily
2026-09-01,akshare_fund_scale_daily_szse,SZ,158000,港股通金融ETF鹏华,134925835.0,份,,,akshare:szse_daily
2026-09-01,akshare_fund_scale_daily_szse,SZ,158001,价值ETF嘉实,166392624.0,份,,,akshare:szse_daily
2026-09-01,akshare_fund_scale_daily_szse,SZ,158003,港股通医疗ETF嘉实,118654396.0,份,,,akshare:szse_daily
2026-09-01,akshare_fund_scale_daily_szse,SZ,158005,工程机械ETF博时,160061376.0,份,,,akshare:szse_daily
2026-09-01,akshare_fund_scale_daily_szse,SZ,158006,化工ETF博时,42046012.0,份,,,akshare:szse_daily
2026-09-01,akshare_fund_scale_daily_szse,SZ,158008,新能源电池ETF华夏,247413126.0,份,,,akshare:szse_daily
2026-09-01,akshare_fund_scale_daily_szse,SZ,158009,航空航天ETF南方,38373819.0,份,,,akshare:szse_daily
2026-09-01,akshare_fund_scale_daily_szse,SZ,158010,医疗ETF嘉实,244213319.0,份,,,akshare:szse_daily
2026-09-01,akshare_fund_scale_daily_szse,SZ,158012,云计算ETF南方,277825566.0,份,,,akshare:szse_daily
2026-09-01,akshare_fund_scale_daily_szse,SZ,158017,化工ETF易方达,82594582.0,份,,,akshare:szse_daily
2026-09-01,akshare_fund_scale_daily_szse,SZ,158019,电池ETF永赢,276281913.0,份,,,akshare:szse_daily
2026-09-01,akshare_fund_scale_daily_szse,SZ,158027,工业互联网ETF易方达,237143045.0,份,,,akshare:szse_daily
2026-09-01,akshare_fund_scale_daily_szse,SZ,159001,货币ETF易方达,33732993.0,份,,,akshare:szse_daily
2026-09-01,akshare_fund_scale_daily_szse,SZ,159003,招商快线ETF,1991500.0,份,,,akshare:szse_daily
2026-09-01,akshare_fund_scale_daily_szse,SZ,159005,快钱ETF汇添富,1169567.0,份,,,akshare:szse_daily
2026-09-01,akshare_fund_scale_daily_szse,SZ,159007,养殖ETF华泰柏瑞,186603274.0,份,,,akshare:szse_daily
2026-09-01,akshare_fund_scale_daily_szse,SZ,159008,证券ETF景顺,109784531.0,份,,,akshare:szse_daily
2026-09-01,akshare_fund_scale_daily_szse,SZ,159009,创业板新能源ETF易方达,61392703.0,份,,,akshare:szse_daily
2026-09-01,akshare_fund_scale_daily_szse,SZ,159010,港股通科技ETF博时,200097611.0,份,,,akshare:szse_daily
2026-09-01,akshare_fund_scale_daily_szse,SZ,159011,养殖ETF华安,26505168.0,份,,,akshare:szse_daily
2026-09-01,akshare_fund_scale_daily_szse,SZ,159012,科创创业50ETF鹏华,122881148.0,份,,,akshare:szse_daily
2026-09-01,akshare_fund_scale_daily_szse,SZ,159013,工业互联网ETF大成,39578881.0,份,,,akshare:szse_daily
2026-09-01,akshare_fund_scale_daily_szse,SZ,159015,恒生港股通科技ETF国联,110352934.0,份,,,akshare:szse_daily
2026-09-01,akshare_fund_scale_daily_szse,SZ,159016,证券ETF广发,332040154.0,份,,,akshare:szse_daily
2026-09-01,akshare_fund_scale_daily_szse,SZ,159017,石油ETF工银,151256813.0,份,,,akshare:szse_daily
2026-09-01,akshare_fund_scale_daily_szse,SZ,159018,石油ETF广发,25904203.0,份,,,akshare:szse_daily
2026-09-01,akshare_fund_scale_daily_szse,SZ,159019,石油ETF华宝,47327711.0,份,,,akshare:szse_daily
2026-09-01,akshare_fund_scale_daily_szse,SZ,159020,养殖ETF易方达,125567082.0,份,,,akshare:szse_daily
2026-09-01,akshare_fund_scale_daily_szse,SZ,159021,大盘价值ETF华夏,74907712.0,份,,,akshare:szse_daily
2026-09-01,akshare_fund_scale_daily_szse,SZ,159022,科创创业人工智能ETF富国,177630967.0,份,,,akshare:szse_daily
2026-09-01,akshare_fund_scale_daily_szse,SZ,159023,养殖ETF万家,41777943.0,份,,,akshare:szse_daily
2026-09-01,akshare_fund_scale_daily_szse,SZ,159026,石油ETF南方,45513446.0,份,,,akshare:szse_daily
2026-09-01,akshare_fund_scale_daily_szse,SZ,159027,畜牧养殖ETF大成,109472283.0,份,,,akshare:szse_daily
2026-09-01,akshare_fund_scale_daily_szse,SZ,159028,港股汽车ETF天弘,127449016.0,份,,,akshare:szse_daily
2026-09-01,akshare_fund_scale_daily_szse,SZ,159029,有色ETF广发,292127717.0,份,,,akshare:szse_daily
2026-09-01,akshare_fund_scale_daily_szse,SZ,159030,粮食ETF华夏,386468176.0,份,,,akshare:szse_daily
2026-09-01,akshare_fund_scale_daily_szse,SZ,159031,粮食ETF博时,514528624.0,份,,,akshare:szse_daily
2026-09-01,akshare_fund_scale_daily_szse,SZ,159032,工业有色ETF易方达,255845019.0,份,,,akshare:szse_daily
2026-09-01,akshare_fund_scale_daily_szse,SZ,159033,粮食ETF国泰,95323473.0,份,,,akshare:szse_daily
2026-09-01,akshare_fund_scale_daily_szse,SZ,159035,软件ETF天弘,606859726.0,份,,,akshare:szse_daily
2026-09-01,akshare_fund_scale_daily_szse,SZ,159036,软件开发ETF华宝,284740164.0,份,,,akshare:szse_daily
2026-09-01,akshare_fund_scale_daily_szse,SZ,159037,价值ETF鹏华,68249832.0,份,,,akshare:szse_daily
2026-09-01,akshare_fund_scale_daily_szse,SZ,159038,粮食ETF易方达,178026939.0,份,,,akshare:szse_daily
2026-09-01,akshare_fund_scale_daily_szse,SZ,159039,机器人ETF华安,1019461422.0,份,,,akshare:szse_daily
2026-09-01,akshare_fund_scale_daily_szse,SZ,159040,港股通互联网ETF鹏华,32481087.0,份,,,akshare:szse_daily
2026-09-01,akshare_fund_scale_daily_szse,SZ,159041,农业ETF鹏华,55471832.0,份,,,akshare:szse_daily
2026-09-01,akshare_fund_scale_daily_szse,SZ,159042,价值ETF汇添富,90801105.0,份,,,akshare:szse_daily
2026-09-01,akshare_fund_scale_daily_szse,SZ,159043,食品ETF华安,84770695.0,份,,,akshare:szse_daily
2026-09-01,akshare_fund_scale_daily_szse,SZ,159045,稀有金属ETF大成,168330213.0,份,,,akshare:szse_daily
2026-09-01,akshare_fund_scale_daily_szse,SZ,159046,绿电ETF天弘,504976854.0,份,,,akshare:szse_daily
2026-09-01,akshare_fund_scale_daily_szse,SZ,159048,机器人ETF大成,194803897.0,份,,,akshare:szse_daily
2026-09-01,akshare_fund_scale_daily_szse,SZ,159049,有色ETF工银,34073319.0,份,,,akshare:szse_daily
2026-09-01,akshare_fund_scale_daily_szse,SZ,159050,机器人ETF广发,657703612.0,份,,,akshare:szse_daily
2026-09-01,akshare_fund_scale_daily_szse,SZ,159051,医疗器械ETF易方达,87117894.0,份,,,akshare:szse_daily
2026-09-01,akshare_fund_scale_daily_szse,SZ,159052,新能源电池ETF嘉实,195926092.0,份,,,akshare:szse_daily
2026-09-01,akshare_fund_scale_daily_szse,SZ,159053,稀有金属ETF华夏,159198132.0,份,,,akshare:szse_daily
2026-09-01,akshare_fund_scale_daily_szse,SZ,159055,稀有金属ETF富国,120293952.0,份,,,akshare:szse_daily
2026-09-01,akshare_fund_scale_daily_szse,SZ,159056,医疗器械ETF富国,60934358.0,份,,,akshare:szse_daily
2026-09-01,akshare_fund_scale_daily_szse,SZ,159057,医疗器械ETF鹏华,27715334.0,份,,,akshare:szse_daily
2026-09-01,akshare_fund_scale_daily_szse,SZ,159058,证券ETF大成,79331247.0,份,,,akshare:szse_daily
2026-09-01,akshare_fund_scale_daily_szse,SZ,159059,电力ETF大成,56830063.0,份,,,akshare:szse_daily
2026-09-01,akshare_fund_scale_daily_szse,SZ,159060,粮食ETF浦银,23483423.0,份,,,akshare:szse_daily
2026-09-01,akshare_fund_scale_daily_szse,SZ,159061,绿色电力ETF南方,214840230.0,份,,,akshare:szse_daily
2026-09-01,akshare_fund_scale_daily_szse,SZ,159062,稀有金属ETF南方,116201256.0,份,,,akshare:szse_daily
2026-09-01,akshare_fund_scale_daily_szse,SZ,159063,粮食ETF南方,52986647.0,份,,,akshare:szse_daily
2026-09-01,akshare_fund_scale_daily_szse,SZ,159065,工程机械ETF景顺,107350818.0,份,,,akshare:szse_daily
2026-09-01,akshare_fund_scale_daily_szse,SZ,159066,A股ETF建信,210733027.0,份,,,akshare:szse_daily
2026-09-01,akshare_fund_scale_daily_szse,SZ,159067,绿色电力ETF鹏华,18908737.0,份,,,akshare:szse_daily
2026-09-01,akshare_fund_scale_daily_szse,SZ,159068,软件ETF华夏,61336570.0,份,,,akshare:szse_daily
2026-09-01,akshare_fund_scale_daily_szse,SZ,159069,创业板新能源ETF华泰柏瑞,40770440.0,份,,,akshare:szse_daily
2026-09-01,akshare_fund_scale_daily_szse,SZ,159070,工程机械ETF嘉实,104366883.0,份,,,akshare:szse_daily
2026-09-01,akshare_fund_scale_daily_szse,SZ,159071,新能源电池ETF华宝,120911738.0,份,,,akshare:szse_daily
2026-09-01,akshare_fund_scale_daily_szse,SZ,159072,粮食ETF景顺,42285157.0,份,,,akshare:szse_daily
2026-09-01,akshare_fund_scale_daily_szse,SZ,159073,粮食ETF汇添富,65173864.0,份,,,akshare:szse_daily
2026-09-01,akshare_fund_scale_daily_szse,SZ,159075,工业互联网ETF华夏,176197165.0,份,,,akshare:szse_daily
2026-09-01,akshare_fund_scale_daily_szse,SZ,159076,创业板新能源ETF华宝,248373015.0,份,,,akshare:szse_daily
2026-09-01,akshare_fund_scale_daily_szse,SZ,159077,电池ETF鑫元,32242574.0,份,,,akshare:szse_daily
2026-09-01,akshare_fund_scale_daily_szse,SZ,159078,A股ETF富国,172262460.0,份,,,akshare:szse_daily
2026-09-01,akshare_fund_scale_daily_szse,SZ,159079,价值ETF兴全,85806830.0,份,,,akshare:szse_daily
2026-09-01,akshare_fund_scale_daily_szse,SZ,159082,化工ETF华夏,75531212.0,份,,,akshare:szse_daily
2026-09-01,akshare_fund_scale_daily_szse,SZ,159083,红利低波100ETF嘉实,156370472.0,份,,,akshare:szse_daily
2026-09-01,akshare_fund_scale_daily_szse,SZ,159085,价值ETF永赢,29535454.0,份,,,akshare:szse_daily
2026-09-01,akshare_fund_scale_daily_szse,SZ,159086,金融科技ETF广发,28399823.0,份,,,akshare:szse_daily
2026-09-01,akshare_fund_scale_daily_szse,SZ,159087,化工ETF万家,34992150.0,份,,,akshare:szse_daily
2026-09-01,akshare_fund_scale_daily_szse,SZ,159091,港股通金融ETF易方达,25374196.0,份,,,akshare:szse_daily
2026-09-01,akshare_fund_scale_daily_szse,SZ,159093,化工ETF汇添富,28681470.0,份,,,akshare:szse_daily
2026-09-01,akshare_fund_scale_daily_szse,SZ,159095,云计算ETF银华,216468139.0,份,,,akshare:szse_daily
2026-09-01,akshare_fund_scale_daily_szse,SZ,159096,价值ETF华夏,192631305.0,份,,,akshare:szse_daily
2026-09-01,akshare_fund_scale_daily_szse,SZ,159098,价值ETF招商,107891589.0,份,,,akshare:szse_daily
2026-09-01,akshare_fund_scale_daily_szse,SZ,159099,云计算ETF华宝,106610546.0,份,,,akshare:szse_daily
2026-09-01,akshare_fund_scale_daily_szse,SZ,159100,巴西ETF华夏,478046935.0,份,,,akshare:szse_daily
2026-09-01,akshare_fund_scale_daily_szse,SZ,159101,港股通科技ETF华夏,2874311457.0,份,,,akshare:szse_daily
2026-09-01,akshare_fund_scale_daily_szse,SZ,159102,港股通生物科技ETF华安,660622004.0,份,,,akshare:szse_daily
2026-09-01,akshare_fund_scale_daily_szse,SZ,159103,金融科技ETF汇添富,313406771.0,份,,,akshare:szse_daily
2026-09-01,akshare_fund_scale_daily_szse,SZ,159105,恒生生物科技ETF易方达,182272984.0,份,,,akshare:szse_daily
2026-09-01,akshare_fund_scale_daily_szse,SZ,159106,民企300ETF前海开源,39579488.0,份,,,akshare:szse_daily
2026-09-01,akshare_fund_scale_daily_szse,SZ,159107,创业板软件ETF富国,768823006.0,份,,,akshare:szse_daily
2026-09-01,akshare_fund_scale_daily_szse,SZ,159108,工业软件ETF博时,115738511.0,份,,,akshare:szse_daily
2026-09-01,akshare_fund_scale_daily_szse,SZ,159109,恒生50ETF景顺,569163854.0,份,,,akshare:szse_daily
2026-09-01,akshare_fund_scale_daily_szse,SZ,159110,科创债ETF万家,22627093.0,份,,,akshare:szse_daily
2026-09-01,akshare_fund_scale_daily_szse,SZ,159111,科创债ETF天弘,144276676.0,份,,,akshare:szse_daily
2026-09-01,akshare_fund_scale_daily_szse,SZ,159112,科创债ETF银华,222237830.0,份,,,akshare:szse_daily
2026-09-01,akshare_fund_scale_daily_szse,SZ,159113,科创债ETF大成,92996237.0,份,,,akshare:szse_daily
2026-09-01,akshare_fund_scale_daily_szse,SZ,159115,科创债ETF华安,52743487.0,份,,,akshare:szse_daily
2026-09-01,akshare_fund_scale_daily_szse,SZ,159116,科创债ETF工银,114402743.0,份,,,akshare:szse_daily
2026-09-01,akshare_fund_scale_daily_szse,SZ,159117,港股通红利低波ETF鹏华,61401153.0,份,,,akshare:szse_daily
2026-09-01,akshare_fund_scale_daily_szse,SZ,159118,港股通红利低波ETF华夏,69677020.0,份,,,akshare:szse_daily
2026-09-01,akshare_fund_scale_daily_szse,SZ,159119,800现金流ETF招商,145054229.0,份,,,akshare:szse_daily
2026-09-01,akshare_fund_scale_daily_szse,SZ,159120,港股通科技ETF国联安,148024466.0,份,,,akshare:szse_daily
2026-09-01,akshare_fund_scale_daily_szse,SZ,159121,港股通汽车ETF易方达,144481127.0,份,,,akshare:szse_daily
2026-09-01,akshare_fund_scale_daily_szse,SZ,159122,创业板新能源ETF富国,67160935.0,份,,,akshare:szse_daily
2026-09-01,akshare_fund_scale_daily_szse,SZ,159123,光伏ETF嘉实,388047026.0,份,,,akshare:szse_daily
2026-09-01,akshare_fund_scale_daily_szse,SZ,159125,港股通科技ETF招商,840245883.0,份,,,akshare:szse_daily
2026-09-01,akshare_fund_scale_daily_szse,SZ,159126,港股通50ETF南方,227616546.0,份,,,akshare:szse_daily
2026-09-01,akshare_fund_scale_daily_szse,SZ,159127,港股通红利ETF南方,152344268.0,份,,,akshare:szse_daily
2026-09-01,akshare_fund_scale_daily_szse,SZ,159128,港股科技ETF天弘,1891760841.0,份,,,akshare:szse_daily
2026-09-01,akshare_fund_scale_daily_szse,SZ,159129,化工ETF嘉实,1113406595.0,份,,,akshare:szse_daily
2026-09-01,akshare_fund_scale_daily_szse,SZ,159130,恒生生物科技ETF鹏华,199389466.0,份,,,akshare:szse_daily
2026-09-01,akshare_fund_scale_daily_szse,SZ,159131,港股通信息技术ETF华宝,2260919902.0,份,,,akshare:szse_daily
2026-09-01,akshare_fund_scale_daily_szse,SZ,159132,恒生生物科技ETF富国,122963558.0,份,,,akshare:szse_daily
2026-09-01,akshare_fund_scale_daily_szse,SZ,159133,化工ETF天弘,1557913345.0,份,,,akshare:szse_daily
2026-09-01,akshare_fund_scale_daily_szse,SZ,159135,港股通科技ETF前海开源,618466376.0,份,,,akshare:szse_daily
2026-09-01,akshare_fund_scale_daily_szse,SZ,159136,A50ETF广发,109414074.0,份,,,akshare:szse_daily
2026-09-01,akshare_fund_scale_daily_szse,SZ,159137,港股通医疗ETF华宝,168632607.0,份,,,akshare:szse_daily
2026-09-01,akshare_fund_scale_daily_szse,SZ,159138,工程机械ETF易方达,294767924.0,份,,,akshare:szse_daily
2026-09-01,akshare_fund_scale_daily_szse,SZ,159139,科创创业人工智能ETF华泰柏瑞,186109210.0,份,,,akshare:szse_daily
2026-09-01,akshare_fund_scale_daily_szse,SZ,159140,科创创业人工智能ETF易方达,497936834.0,份,,,akshare:szse_daily
2026-09-01,akshare_fund_scale_daily_szse,SZ,159141,科创创业人工智能ETF永赢,1281060730.0,份,,,akshare:szse_daily
2026-09-01,akshare_fund_scale_daily_szse,SZ,159142,科创创业人工智能ETF景顺,1167260142.0,份,,,akshare:szse_daily
2026-09-01,akshare_fund_scale_daily_szse,SZ,159143,港股通央企红利ETF平安,51554456.0,份,,,akshare:szse_daily
2026-09-01,akshare_fund_scale_daily_szse,SZ,159145,工业软件ETF广发,69581845.0,份,,,akshare:szse_daily
2026-09-01,akshare_fund_scale_daily_szse,SZ,159146,电力ETF华宝,708440849.0,份,,,akshare:szse_daily
2026-09-01,akshare_fund_scale_daily_szse,SZ,159147,电池ETF南方,2103909552.0,份,,,akshare:szse_daily
2026-09-01,akshare_fund_scale_daily_szse,SZ,159148,石油ETF富国,237466601.0,份,,,akshare:szse_daily
2026-09-01,akshare_fund_scale_daily_szse,SZ,159149,创业板新能源ETF工银,54515298.0,份,,,akshare:szse_daily
2026-09-01,akshare_fund_scale_daily_szse,SZ,159150,深证50ETF易方达,98997623.0,份,,,akshare:szse_daily
2026-09-01,akshare_fund_scale_daily_szse,SZ,159151,食品ETF华夏,181051063.0,份,,,akshare:szse_daily
2026-09-01,akshare_fund_scale_daily_szse,SZ,159152,港股通科技ETF平安,817556093.0,份,,,akshare:szse_daily
2026-09-01,akshare_fund_scale_daily_szse,SZ,159153,消费电子ETF鹏华,92725988.0,份,,,akshare:szse_daily
2026-09-01,akshare_fund_scale_daily_szse,SZ,159155,电池ETF大成,641513298.0,份,,,akshare:szse_daily
2026-09-01,akshare_fund_scale_daily_szse,SZ,159156,电池ETF万家,213461253.0,份,,,akshare:szse_daily
2026-09-01,akshare_fund_scale_daily_szse,SZ,159157,有色金属ETF天弘,8011758760.0,份,,,akshare:szse_daily
2026-09-01,akshare_fund_scale_daily_szse,SZ,159158,电力ETF景顺,880035344.0,份,,,akshare:szse_daily
2026-09-01,akshare_fund_scale_daily_szse,SZ,159159,公用事业ETF国投瑞银,117818582.0,份,,,akshare:szse_daily
2026-09-01,akshare_fund_scale_daily_szse,SZ,159160,电池ETF东财,233819254.0,份,,,akshare:szse_daily
2026-09-01,akshare_fund_scale_daily_szse,SZ,159161,工程机械ETF东财,68331260.0,份,,,akshare:szse_daily
2026-09-01,akshare_fund_scale_daily_szse,SZ,159162,工业有色ETF鹏华,416939837.0,份,,,akshare:szse_daily
2026-09-01,akshare_fund_scale_daily_szse,SZ,159163,有色ETF泰康,259807013.0,份,,,akshare:szse_daily
2026-09-01,akshare_fund_scale_daily_szse,SZ,159165,养殖ETF永赢,106571257.0,份,,,akshare:szse_daily
2026-09-01,akshare_fund_scale_daily_szse,SZ,159166,现金流ETF长城,555816059.0,份,,,akshare:szse_daily
2026-09-01,akshare_fund_scale_daily_szse,SZ,159167,港股通医疗ETF工银,175549164.0,份,,,akshare:szse_daily
2026-09-01,akshare_fund_scale_daily_szse,SZ,159168,有色ETF富国,509455060.0,份,,,akshare:szse_daily
2026-09-01,akshare_fund_scale_daily_szse,SZ,159169,恒生生物科技ETF广发,130874485.0,份,,,akshare:szse_daily
2026-09-01,akshare_fund_scale_daily_szse,SZ,159170,港股通互联网ETF永赢,392638357.0,份,,,akshare:szse_daily
2026-09-01,akshare_fund_scale_daily_szse,SZ,159171,工业有色ETF博时,214532934.0,份,,,akshare:szse_daily
2026-09-01,akshare_fund_scale_daily_szse,SZ,159172,养殖ETF汇添富,385829293.0,份,,,akshare:szse_daily
2026-09-01,akshare_fund_scale_daily_szse,SZ,159173,农牧ETF南方,51455388.0,份,,,akshare:szse_daily
2026-09-01,akshare_fund_scale_daily_szse,SZ,159175,电池ETF易方达,492270382.0,份,,,akshare:szse_daily
2026-09-01,akshare_fund_scale_daily_szse,SZ,159176,家电ETF华宝,21303341.0,份,,,akshare:szse_daily
2026-09-01,akshare_fund_scale_daily_szse,SZ,159177,工程机械ETF鹏华,47619279.0,份,,,akshare:szse_daily
2026-09-01,akshare_fund_scale_daily_szse,SZ,159178,消费电子ETF汇添富,94432994.0,份,,,akshare:szse_daily
2026-09-01,akshare_fund_scale_daily_szse,SZ,159179,港股通互联网ETF工银,102903568.0,份,,,akshare:szse_daily
2026-09-01,akshare_fund_scale_daily_szse,SZ,159180,软件ETF银华,33155926.0,份,,,akshare:szse_daily
2026-09-01,akshare_fund_scale_daily_szse,SZ,159181,石油ETF易方达,127405335.0,份,,,akshare:szse_daily
2026-09-01,akshare_fund_scale_daily_szse,SZ,159182,家电ETF南方,36485663.0,份,,,akshare:szse_daily
2026-09-01,akshare_fund_scale_daily_szse,SZ,159183,新能源车ETF招商,45387793.0,份,,,akshare:szse_daily
2026-09-01,akshare_fund_scale_daily_szse,SZ,159185,港股通信息技术ETF鹏华,194099035.0,份,,,akshare:szse_daily
2026-09-01,akshare_fund_scale_daily_szse,SZ,159186,港股通汽车ETF鹏华,84869245.0,份,,,akshare:szse_daily
2026-09-01,akshare_fund_scale_daily_szse,SZ,159187,创业板新能源ETF景顺,69176266.0,份,,,akshare:szse_daily
2026-09-01,akshare_fund_scale_daily_szse,SZ,159188,红利100ETF景顺,66601882.0,份,,,akshare:szse_daily
2026-09-01,akshare_fund_scale_daily_szse,SZ,159189,石油ETF华夏,107083187.0,份,,,akshare:szse_daily
2026-09-01,akshare_fund_scale_daily_szse,SZ,159190,创业板新能源ETF天弘,74069299.0,份,,,akshare:szse_daily
2026-09-01,akshare_fund_scale_daily_szse,SZ,159191,港股通科技ETF易方达,69104851.0,份,,,akshare:szse_daily
2026-09-01,akshare_fund_scale_daily_szse,SZ,159192,家电ETF汇添富,17987065.0,份,,,akshare:szse_daily
2026-09-01,akshare_fund_scale_daily_szse,SZ,159193,新能源电池ETF银华,228080335.0,份,,,akshare:szse_daily
2026-09-01,akshare_fund_scale_daily_szse,SZ,159195,石油ETF华安,76490164.0,份,,,akshare:szse_daily
2026-09-01,akshare_fund_scale_daily_szse,SZ,159196,港股通信息技术ETF易方达,221530324.0,份,,,akshare:szse_daily
2026-09-01,akshare_fund_scale_daily_szse,SZ,159197,石油ETF招商,39388290.0,份,,,akshare:szse_daily
2026-09-01,akshare_fund_scale_daily_szse,SZ,159198,港股通信息技术ETF富国,85344347.0,份,,,akshare:szse_daily
2026-09-01,akshare_fund_scale_daily_szse,SZ,159199,石油ETF平安,66154938.0,份,,,akshare:szse_daily
2026-09-01,akshare_fund_scale_daily_szse,SZ,159200,科创债ETF富国,152102633.0,份,,,akshare:szse_daily
2026-09-01,akshare_fund_scale_daily_szse,SZ,159201,自由现金流ETF华夏,13838275939.0,份,,,akshare:szse_daily
2026-09-01,akshare_fund_scale_daily_szse,SZ,159202,恒生互联网ETF万家,1219401900.0,份,,,akshare:szse_daily
2026-09-01,akshare_fund_scale_daily_szse,SZ,159203,大盘成长ETF博时,9791913.0,份,,,akshare:szse_daily
2026-09-01,akshare_fund_scale_daily_szse,SZ,159205,创业板ETF东财,597056064.0,份,,,akshare:szse_daily
2026-09-01,akshare_fund_scale_daily_szse,SZ,159206,卫星ETF永赢,9442953365.0,份,,,akshare:szse_daily
2026-09-01,akshare_fund_scale_daily_szse,SZ,159207,高股息ETF广发,2241483345.0,份,,,akshare:szse_daily
2026-09-01,akshare_fund_scale_daily_szse,SZ,159208,航空航天ETF万家,328462783.0,份,,,akshare:szse_daily
2026-09-01,akshare_fund_scale_daily_szse,SZ,159209,红利质量ETF招商,2209635053.0,份,,,akshare:szse_daily
2026-09-01,akshare_fund_scale_daily_szse,SZ,159210,港股通汽车ETF汇添富,34549802.0,份,,,akshare:szse_daily
2026-09-01,akshare_fund_scale_daily_szse,SZ,159211,深证100ETF富国,21683294.0,份,,,akshare:szse_daily
2026-09-01,akshare_fund_scale_daily_szse,SZ,159212,深100ETF南方,85204367.0,份,,,akshare:szse_daily
2026-09-01,akshare_fund_scale_daily_szse,SZ,159213,机器人ETF汇添富,479737566.0,份,,,akshare:szse_daily
2026-09-01,akshare_fund_scale_daily_szse,SZ,159215,A500ETF平安,958582803.0,份,,,akshare:szse_daily
2026-09-01,akshare_fund_scale_daily_szse,SZ,159216,深证100ETF大成,14048250.0,份,,,akshare:szse_daily
2026-09-01,akshare_fund_scale_daily_szse,SZ,159217,港股通创新药ETF工银,5952157596.0,份,,,akshare:szse_daily
2026-09-01,akshare_fund_scale_daily_szse,SZ,159218,卫星ETF招商,2027616390.0,份,,,akshare:szse_daily
2026-09-01,akshare_fund_scale_daily_szse,SZ,159219,深证100ETF融通,8388018.0,份,,,akshare:szse_daily
2026-09-01,akshare_fund_scale_daily_szse,SZ,159220,港股通红利低波ETF华宝,511569526.0,份,,,akshare:szse_daily
2026-09-01,akshare_fund_scale_daily_szse,SZ,159221,现金流ETF嘉实,1127013233.0,份,,,akshare:szse_daily
2026-09-01,akshare_fund_scale_daily_szse,SZ,159222,自由现金流ETF易方达,1738370402.0,份,,,akshare:szse_daily
2026-09-01,akshare_fund_scale_daily_szse,SZ,159223,现金流ETF永赢,178844755.0,份,,,akshare:szse_daily
2026-09-01,akshare_fund_scale_daily_szse,SZ,159225,现金流ETF银华,264744804.0,份,,,akshare:szse_daily
2026-09-01,akshare_fund_scale_daily_szse,SZ,159226,中证A500增强ETF国泰,87094840.0,份,,,akshare:szse_daily
2026-09-01,akshare_fund_scale_daily_szse,SZ,159227,航空航天ETF华夏,4638911199.0,份,,,akshare:szse_daily
2026-09-01,akshare_fund_scale_daily_szse,SZ,159228,红利低波ETF长城,104212692.0,份,,,akshare:szse_daily
2026-09-01,akshare_fund_scale_daily_szse,SZ,159229,自由现金流ETF广发,142056022.0,份,,,akshare:szse_daily
2026-09-01,akshare_fund_scale_daily_szse,SZ,159230,通用航空ETF华夏,302304228.0,份,,,akshare:szse_daily
2026-09-01,akshare_fund_scale_daily_szse,SZ,159231,通用航空ETF华宝,333091860.0,份,,,akshare:szse_daily
2026-09-01,akshare_fund_scale_daily_szse,SZ,159232,自由现金流ETF南方,2130948566.0,份,,,akshare:szse_daily
2026-09-01,akshare_fund_scale_daily_szse,SZ,159233,自由现金流ETF平安,623623418.0,份,,,akshare:szse_daily
2026-09-01,akshare_fund_scale_daily_szse,SZ,159235,中证现金流ETF大成,1888729545.0,份,,,akshare:szse_daily
2026-09-01,akshare_fund_scale_daily_szse,SZ,159236,自由现金流ETF工银,38722161.0,份,,,akshare:szse_daily
2026-09-01,akshare_fund_scale_daily_szse,SZ,159237,港股汽车ETF工银,43334226.0,份,,,akshare:szse_daily
2026-09-01,akshare_fund_scale_daily_szse,SZ,159238,沪深300增强ETF景顺,55016186.0,份,,,akshare:szse_daily
2026-09-01,akshare_fund_scale_daily_szse,SZ,159239,港股通汽车ETF富国,88780753.0,份,,,akshare:szse_daily
2026-09-01,akshare_fund_scale_daily_szse,SZ,159240,A500增强ETF天弘,17619776.0,份,,,akshare:szse_daily
2026-09-01,akshare_fund_scale_daily_szse,SZ,159241,航空航天ETF天弘,1330074265.0,份,,,akshare:szse_daily
2026-09-01,akshare_fund_scale_daily_szse,SZ,159242,创业板人工智能ETF大成,419278583.0,份,,,akshare:szse_daily
2026-09-01,akshare_fund_scale_daily_szse,SZ,159243,创业板人工智能ETF招商,137030224.0,份,,,akshare:szse_daily
2026-09-01,akshare_fund_scale_daily_szse,SZ,159245,港股通消费ETF富国,70113296.0,份,,,akshare:szse_daily
2026-09-01,akshare_fund_scale_daily_szse,SZ,159246,创业板人工智能ETF富国,3227655606.0,份,,,akshare:szse_daily
2026-09-01,akshare_fund_scale_daily_szse,SZ,159247,创业板ETF汇添富,475984966.0,份,,,akshare:szse_daily
2026-09-01,akshare_fund_scale_daily_szse,SZ,159248,人工智能ETF万家,133095652.0,份,,,akshare:szse_daily
2026-09-01,akshare_fund_scale_daily_szse,SZ,159249,A500增强ETF工银,108191923.0,份,,,akshare:szse_daily
2026-09-01,akshare_fund_scale_daily_szse,SZ,159251,港股通科技ETF万家,243787744.0,份,,,akshare:szse_daily
2026-09-01,akshare_fund_scale_daily_szse,SZ,159253,银行ETF博时,518904979.0,份,,,akshare:szse_daily
2026-09-01,akshare_fund_scale_daily_szse,SZ,159255,通用航空ETF易方达,69338868.0,份,,,akshare:szse_daily
2026-09-01,akshare_fund_scale_daily_szse,SZ,159256,创业板软件ETF华夏,578183766.0,份,,,akshare:szse_daily
2026-09-01,akshare_fund_scale_daily_szse,SZ,159257,航空ETF汇添富,148416949.0,份,,,akshare:szse_daily
2026-09-01,akshare_fund_scale_daily_szse,SZ,159258,机器人ETF南方,1331765664.0,份,,,akshare:szse_daily
2026-09-01,akshare_fund_scale_daily_szse,SZ,159259,成长ETF易方达,4921696403.0,份,,,akshare:szse_daily
2026-09-01,akshare_fund_scale_daily_szse,SZ,159260,证券ETF博时,1022713576.0,份,,,akshare:szse_daily
2026-09-01,akshare_fund_scale_daily_szse,SZ,159261,创业板新能源ETF鹏华,47814904.0,份,,,akshare:szse_daily
2026-09-01,akshare_fund_scale_daily_szse,SZ,159262,港股通科技ETF广发,5518720485.0,份,,,akshare:szse_daily
2026-09-01,akshare_fund_scale_daily_szse,SZ,159263,价值ETF易方达,6221105126.0,份,,,akshare:szse_daily
2026-09-01,akshare_fund_scale_daily_szse,SZ,159265,港股消费ETF鹏华,177950894.0,份,,,akshare:szse_daily
2026-09-01,akshare_fund_scale_daily_szse,SZ,159266,港股央企红利ETF永赢,343710088.0,份,,,akshare:szse_daily
2026-09-01,akshare_fund_scale_daily_szse,SZ,159267,航天ETF华安,2630506126.0,份,,,akshare:szse_daily
2026-09-01,akshare_fund_scale_daily_szse,SZ,159268,港股通消费ETF汇添富,389055027.0,份,,,akshare:szse_daily
2026-09-01,akshare_fund_scale_daily_szse,SZ,159269,港股通科技ETF南方,1648311712.0,份,,,akshare:szse_daily
2026-09-01,akshare_fund_scale_daily_szse,SZ,159270,创业板200ETF南方,90763649.0,份,,,akshare:szse_daily
2026-09-01,akshare_fund_scale_daily_szse,SZ,159271,恒生ETF鹏华,243386731.0,份,,,akshare:szse_daily
2026-09-01,akshare_fund_scale_daily_szse,SZ,159272,机器人ETF富国,3698164690.0,份,,,akshare:szse_daily
2026-09-01,akshare_fund_scale_daily_szse,SZ,159273,云计算ETF汇添富,711777501.0,份,,,akshare:szse_daily
2026-09-01,akshare_fund_scale_daily_szse,SZ,159275,农牧渔ETF华宝,254302909.0,份,,,akshare:szse_daily
2026-09-01,akshare_fund_scale_daily_szse,SZ,159276,现金流ETF汇添富,555696658.0,份,,,akshare:szse_daily
2026-09-01,akshare_fund_scale_daily_szse,SZ,159277,港股通红利ETF富国,37557011.0,份,,,akshare:szse_daily
2026-09-01,akshare_fund_scale_daily_szse,SZ,159278,机器人ETF鹏华,2035545853.0,份,,,akshare:szse_daily
2026-09-01,akshare_fund_scale_daily_szse,SZ,159279,创业板人工智能ETF华安,157387534.0,份,,,akshare:szse_daily
2026-09-01,akshare_fund_scale_daily_szse,SZ,159280,港股通互联网ETF汇添富,100717171.0,份,,,akshare:szse_daily
2026-09-01,akshare_fund_scale_daily_szse,SZ,159281,港股央企红利ETF天弘,243233059.0,份,,,akshare:szse_daily
2026-09-01,akshare_fund_scale_daily_szse,SZ,159283,通用航空ETF南方,297437981.0,份,,,akshare:szse_daily
2026-09-01,akshare_fund_scale_daily_szse,SZ,159285,港股通消费ETF华安,248486680.0,份,,,akshare:szse_daily
2026-09-01,akshare_fund_scale_daily_szse,SZ,159286,港股通创新药ETF鹏华,722785402.0,份,,,akshare:szse_daily
2026-09-01,akshare_fund_scale_daily_szse,SZ,159287,创业板综ETF博时,109568753.0,份,,,akshare:szse_daily
2026-09-01,akshare_fund_scale_daily_szse,SZ,159288,创业板综ETF银华,92174931.0,份,,,akshare:szse_daily
2026-09-01,akshare_fund_scale_daily_szse,SZ,159289,创业板综指ETF鹏华,33902640.0,份,,,akshare:szse_daily
2026-09-01,akshare_fund_scale_daily_szse,SZ,159290,创业板综指增强ETF东财,45100396.0,份,,,akshare:szse_daily
2026-09-01,akshare_fund_scale_daily_szse,SZ,159291,创业板综增强ETF招商,17457388.0,份,,,akshare:szse_daily
2026-09-01,akshare_fund_scale_daily_szse,SZ,159292,创业板综增强ETF华宝,175189531.0,份,,,akshare:szse_daily
2026-09-01,akshare_fund_scale_daily_szse,SZ,159293,创业板综增强ETF建信,23159397.0,份,,,akshare:szse_daily
2026-09-01,akshare_fund_scale_daily_szse,SZ,159295,创业综指ETF西部利得,92958239.0,份,,,akshare:szse_daily
2026-09-01,akshare_fund_scale_daily_szse,SZ,159296,A500红利低波ETF华宝,44042941.0,份,,,akshare:szse_daily
2026-09-01,akshare_fund_scale_daily_szse,SZ,159297,港股通创新药ETF南方,3811418642.0,份,,,akshare:szse_daily
2026-09-01,akshare_fund_scale_daily_szse,SZ,159298,创业板50ETF大成,159281082.0,份,,,akshare:szse_daily
2026-09-01,akshare_fund_scale_daily_szse,SZ,159299,金融科技ETF易方达,664472981.0,份,,,akshare:szse_daily
2026-09-01,akshare_fund_scale_daily_szse,SZ,159300,沪深300ETF富国,375358097.0,份,,,akshare:szse_daily
2026-09-01,akshare_fund_scale_daily_szse,SZ,159301,公用事业ETF华夏,120958357.0,份,,,akshare:szse_daily
2026-09-01,akshare_fund_scale_daily_szse,SZ,159302,港股高股息ETF银华,49297609.0,份,,,akshare:szse_daily
2026-09-01,akshare_fund_scale_daily_szse,SZ,159303,恒生医疗ETF大成,73991693.0,份,,,akshare:szse_daily
2026-09-01,akshare_fund_scale_daily_szse,SZ,159305,储能电池ETF广发,1191640302.0,份,,,akshare:szse_daily
2026-09-01,akshare_fund_scale_daily_szse,SZ,159306,汽车零部件ETF平安,21244616.0,份,,,akshare:szse_daily
2026-09-01,akshare_fund_scale_daily_szse,SZ,159307,红利低波100ETF博时,7046903552.0,份,,,akshare:szse_daily
2026-09-01,akshare_fund_scale_daily_szse,SZ,159309,油气ETF汇添富,547371736.0,份,,,akshare:szse_daily
2026-09-01,akshare_fund_scale_daily_szse,SZ,159310,芯片ETF天弘,497981080.0,份,,,akshare:szse_daily
2026-09-01,akshare_fund_scale_daily_szse,SZ,159311,数字经济ETF易方达,39383993.0,份,,,akshare:szse_daily
2026-09-01,akshare_fund_scale_daily_szse,SZ,159312,恒指港股通ETF广发,32224353.0,份,,,akshare:szse_daily
2026-09-01,akshare_fund_scale_daily_szse,SZ,159315,黄金股ETF工银,184589621.0,份,,,akshare:szse_daily
2026-09-01,akshare_fund_scale_daily_szse,SZ,159316,港股通创新药ETF易方达,5326336139.0,份,,,akshare:szse_daily
2026-09-01,akshare_fund_scale_daily_szse,SZ,159318,恒指港股通ETF银华,13601647.0,份,,,akshare:szse_daily
2026-09-01,akshare_fund_scale_daily_szse,SZ,159320,电网设备ETF广发,1661235519.0,份,,,akshare:szse_daily
2026-09-01,akshare_fund_scale_daily_szse,SZ,159321,黄金股ETF华安,379900397.0,份,,,akshare:szse_daily
2026-09-01,akshare_fund_scale_daily_szse,SZ,159322,黄金股ETF平安,116411691.0,份,,,akshare:szse_daily
2026-09-01,akshare_fund_scale_daily_szse,SZ,159323,港股通汽车ETF华夏,97097378.0,份,,,akshare:szse_daily
2026-09-01,akshare_fund_scale_daily_szse,SZ,159325,半导体ETF南方,516460528.0,份,,,akshare:szse_daily
2026-09-01,akshare_fund_scale_daily_szse,SZ,159326,电网设备ETF华夏,11764265525.0,份,,,akshare:szse_daily
2026-09-01,akshare_fund_scale_daily_szse,SZ,159327,半导体设备ETF万家,2926574091.0,份,,,akshare:szse_daily
2026-09-01,akshare_fund_scale_daily_szse,SZ,159328,家电ETF易方达,91556700.0,份,,,akshare:szse_daily
2026-09-01,akshare_fund_scale_daily_szse,SZ,159329,沙特ETF南方,1153189188.0,份,,,akshare:szse_daily
2026-09-01,akshare_fund_scale_daily_szse,SZ,159330,沪深300ETF东财,416801009.0,份,,,akshare:szse_daily
2026-09-01,akshare_fund_scale_daily_szse,SZ,159331,红利港股ETF国泰,146694179.0,份,,,akshare:szse_daily
2026-09-01,akshare_fund_scale_daily_szse,SZ,159332,央企红利ETF富国,86021477.0,份,,,akshare:szse_daily
2026-09-01,akshare_fund_scale_daily_szse,SZ,159333,港股央企红利ETF万家,200952835.0,份,,,akshare:szse_daily
2026-09-01,akshare_fund_scale_daily_szse,SZ,159335,央企科创ETF融通,63483689.0,份,,,akshare:szse_daily
2026-09-01,akshare_fund_scale_daily_szse,SZ,159336,央企红利ETF融通,306905090.0,份,,,akshare:szse_daily
2026-09-01,akshare_fund_scale_daily_szse,SZ,159337,中证500ETF东财,277710611.0,份,,,akshare:szse_daily
2026-09-01,akshare_fund_scale_daily_szse,SZ,159338,中证A500ETF国泰,21230086664.0,份,,,akshare:szse_daily
2026-09-01,akshare_fund_scale_daily_szse,SZ,159339,A500ETF银华,1844086841.0,份,,,akshare:szse_daily
2026-09-01,akshare_fund_scale_daily_szse,SZ,159350,深证50ETF富国,146009642.0,份,,,akshare:szse_daily
2026-09-01,akshare_fund_scale_daily_szse,SZ,159351,A500ETF嘉实,7193123357.0,份,,,akshare:szse_daily
2026-09-01,akshare_fund_scale_daily_szse,SZ,159352,A500ETF南方,26823101746.0,份,,,akshare:szse_daily
2026-09-01,akshare_fund_scale_daily_szse,SZ,159353,中证A500ETF景顺,4337161812.0,份,,,akshare:szse_daily
2026-09-01,akshare_fund_scale_daily_szse,SZ,159355,800红利低波ETF华宝,86234277.0,份,,,akshare:szse_daily
2026-09-01,akshare_fund_scale_daily_szse,SZ,159356,A500ETF万家,728120647.0,份,,,akshare:szse_daily
2026-09-01,akshare_fund_scale_daily_szse,SZ,159357,A500ETF博时,1225833841.0,份,,,akshare:szse_daily
2026-09-01,akshare_fund_scale_daily_szse,SZ,159358,中证A500ETF大成,887106420.0,份,,,akshare:szse_daily
2026-09-01,akshare_fund_scale_daily_szse,SZ,159359,A500ETF华安,689140424.0,份,,,akshare:szse_daily
2026-09-01,akshare_fund_scale_daily_szse,SZ,159360,A500ETF天弘,1277184526.0,份,,,akshare:szse_daily
2026-09-01,akshare_fund_scale_daily_szse,SZ,159361,A500ETF易方达,23369090279.0,份,,,akshare:szse_daily
2026-09-01,akshare_fund_scale_daily_szse,SZ,159362,A500ETF工银,1607180191.0,份,,,akshare:szse_daily
2026-09-01,akshare_fund_scale_daily_szse,SZ,159363,创业板人工智能ETF华宝,5734169924.0,份,,,akshare:szse_daily
2026-09-01,akshare_fund_scale_daily_szse,SZ,159365,恒指港股通ETF富国,46162398.0,份,,,akshare:szse_daily
2026-09-01,akshare_fund_scale_daily_szse,SZ,159366,港股医疗ETF永赢,372333072.0,份,,,akshare:szse_daily
2026-09-01,akshare_fund_scale_daily_szse,SZ,159367,创业板50ETF华夏,174079029.0,份,,,akshare:szse_daily
2026-09-01,akshare_fund_scale_daily_szse,SZ,159368,创业板新能源ETF华夏,990579682.0,份,,,akshare:szse_daily
2026-09-01,akshare_fund_scale_daily_szse,SZ,159369,创业板50ETF易方达,393753492.0,份,,,akshare:szse_daily
2026-09-01,akshare_fund_scale_daily_szse,SZ,159370,创50ETF工银,234316009.0,份,,,akshare:szse_daily
2026-09-01,akshare_fund_scale_daily_szse,SZ,159371,创业板50ETF富国,184221172.0,份,,,akshare:szse_daily
2026-09-01,akshare_fund_scale_daily_szse,SZ,159372,创业板50ETF万家,62451588.0,份,,,akshare:szse_daily
2026-09-01,akshare_fund_scale_daily_szse,SZ,159373,创业板50ETF嘉实,140557494.0,份,,,akshare:szse_daily
2026-09-01,akshare_fund_scale_daily_szse,SZ,159375,创业板50ETF国泰,383595350.0,份,,,akshare:szse_daily
2026-09-01,akshare_fund_scale_daily_szse,SZ,159376,A500ETF浦银,45922317.0,份,,,akshare:szse_daily
2026-09-01,akshare_fund_scale_daily_szse,SZ,159377,创业板医药ETF国泰,123129399.0,份,,,akshare:szse_daily
2026-09-01,akshare_fund_scale_daily_szse,SZ,159378,通用航空ETF永赢,555771072.0,份,,,akshare:szse_daily
2026-09-01,akshare_fund_scale_daily_szse,SZ,159379,A500ETF融通,158821471.0,份,,,akshare:szse_daily
2026-09-01,akshare_fund_scale_daily_szse,SZ,159380,A500ETF东财,157804337.0,份,,,akshare:szse_daily
2026-09-01,akshare_fund_scale_daily_szse,SZ,159381,创业板人工智能ETF华夏,1741153206.0,份,,,akshare:szse_daily
2026-09-01,akshare_fund_scale_daily_szse,SZ,159382,创业板人工智能ETF南方,799055714.0,份,,,akshare:szse_daily
2026-09-01,akshare_fund_scale_daily_szse,SZ,159383,创业板50ETF华泰柏瑞,50092486.0,份,,,akshare:szse_daily
2026-09-01,akshare_fund_scale_daily_szse,SZ,159385,数字经济ETF富国,49002525.0,份,,,akshare:szse_daily
2026-09-01,akshare_fund_scale_daily_szse,SZ,159386,A500ETF永赢,60869559.0,份,,,akshare:szse_daily
2026-09-01,akshare_fund_scale_daily_szse,SZ,159387,创业板新能源ETF国泰,1409189648.0,份,,,akshare:szse_daily
2026-09-01,akshare_fund_scale_daily_szse,SZ,159388,创业板人工智能ETF国泰,866736984.0,份,,,akshare:szse_daily
2026-09-01,akshare_fund_scale_daily_szse,SZ,159389,数字经济ETF嘉实,134093364.0,份,,,akshare:szse_daily
2026-09-01,akshare_fund_scale_daily_szse,SZ,159390,中证A50ETF国联,109268771.0,份,,,akshare:szse_daily
2026-09-01,akshare_fund_scale_daily_szse,SZ,159391,大盘价值ETF博时,84076398.0,份,,,akshare:szse_daily
2026-09-01,akshare_fund_scale_daily_szse,SZ,159392,航空ETF富国,185285500.0,份,,,akshare:szse_daily
2026-09-01,akshare_fund_scale_daily_szse,SZ,159393,沪深300ETF万家,89746342.0,份,,,akshare:szse_daily
2026-09-01,akshare_fund_scale_daily_szse,SZ,159395,信用债ETF大成,134204202.0,份,,,akshare:szse_daily
2026-09-01,akshare_fund_scale_daily_szse,SZ,159396,信用债ETF博时,89727129.0,份,,,akshare:szse_daily
2026-09-01,akshare_fund_scale_daily_szse,SZ,159397,信用债ETF广发,166447657.0,份,,,akshare:szse_daily
2026-09-01,akshare_fund_scale_daily_szse,SZ,159398,信用债ETF天弘,91082310.0,份,,,akshare:szse_daily
2026-09-01,akshare_fund_scale_daily_szse,SZ,159399,现金流ETF国泰,4397194835.0,份,,,akshare:szse_daily
2026-09-01,akshare_fund_scale_daily_szse,SZ,159400,科创债ETF景顺,70077356.0,份,,,akshare:szse_daily
2026-09-01,akshare_fund_scale_daily_szse,SZ,159500,中证500ETF富国,207738865.0,份,,,akshare:szse_daily
2026-09-01,akshare_fund_scale_daily_szse,SZ,159501,纳指ETF嘉实,6774986575.0,份,,,akshare:szse_daily
2026-09-01,akshare_fund_scale_daily_szse,SZ,159502,标普生物科技ETF嘉实,1125323019.0,份,,,akshare:szse_daily
2026-09-01,akshare_fund_scale_daily_szse,SZ,159505,国证2000ETF博时,19104786.0,份,,,akshare:szse_daily
2026-09-01,akshare_fund_scale_daily_szse,SZ,159506,港股通创新药医疗ETF富国,2596536979.0,份,,,akshare:szse_daily
2026-09-01,akshare_fund_scale_daily_szse,SZ,159507,通信ETF广发,833830902.0,份,,,akshare:szse_daily
2026-09-01,akshare_fund_scale_daily_szse,SZ,159508,生物医药ETF华安,93431598.0,份,,,akshare:szse_daily
2026-09-01,akshare_fund_scale_daily_szse,SZ,159509,纳指科技ETF景顺,6621564118.0,份,,,akshare:szse_daily
2026-09-01,akshare_fund_scale_daily_szse,SZ,159510,沪深300价值ETF华夏,66128342.0,份,,,akshare:szse_daily
2026-09-01,akshare_fund_scale_daily_szse,SZ,159511,通信ETF南方,145944573.0,份,,,akshare:szse_daily
2026-09-01,akshare_fund_scale_daily_szse,SZ,159512,汽车ETF广发,109264855.0,份,,,akshare:szse_daily
2026-09-01,akshare_fund_scale_daily_szse,SZ,159513,纳斯达克100ETF大成,4561549100.0,份,,,akshare:szse_daily
2026-09-01,akshare_fund_scale_daily_szse,SZ,159515,国企红利ETF鹏扬,34286631.0,份,,,akshare:szse_daily
2026-09-01,akshare_fund_scale_daily_szse,SZ,159516,半导体设备ETF国泰,62492359972.0,份,,,akshare:szse_daily
2026-09-01,akshare_fund_scale_daily_szse,SZ,159517,中证800增强ETF银华,8742624.0,份,,,akshare:szse_daily
2026-09-01,akshare_fund_scale_daily_szse,SZ,159518,标普油气ETF嘉实,1658325369.0,份,,,akshare:szse_daily
2026-09-01,akshare_fund_scale_daily_szse,SZ,159519,港股国企ETF国泰,58157854.0,份,,,akshare:szse_daily
2026-09-01,akshare_fund_scale_daily_szse,SZ,159520,消费龙头ETF工银,153177649.0,份,,,akshare:szse_daily
2026-09-01,akshare_fund_scale_daily_szse,SZ,159521,国证2000ETF平安,18274435.0,份,,,akshare:szse_daily
2026-09-01,akshare_fund_scale_daily_szse,SZ,159523,沪深300成长ETF华夏,70517348.0,份,,,akshare:szse_daily
2026-09-01,akshare_fund_scale_daily_szse,SZ,159525,红利低波ETF富国,448743741.0,份,,,akshare:szse_daily
2026-09-01,akshare_fund_scale_daily_szse,SZ,159526,机器人ETF嘉实,575462964.0,份,,,akshare:szse_daily
2026-09-01,akshare_fund_scale_daily_szse,SZ,159527,云计算ETF广发,448301350.0,份,,,akshare:szse_daily
2026-09-01,akshare_fund_scale_daily_szse,SZ,159528,国企改革ETF富国,7320773.0,份,,,akshare:szse_daily
2026-09-01,akshare_fund_scale_daily_szse,SZ,159529,标普消费ETF景顺,811536791.0,份,,,akshare:szse_daily
2026-09-01,akshare_fund_scale_daily_szse,SZ,159530,机器人ETF易方达,12677613169.0,份,,,akshare:szse_daily
2026-09-01,akshare_fund_scale_daily_szse,SZ,159531,中证2000ETF南方,1036608406.0,份,,,akshare:szse_daily
2026-09-01,akshare_fund_scale_daily_szse,SZ,159532,中证2000ETF易方达,161564791.0,份,,,akshare:szse_daily
2026-09-01,akshare_fund_scale_daily_szse,SZ,159533,中证2000ETF博时,14458785.0,份,,,akshare:szse_daily
2026-09-01,akshare_fund_scale_daily_szse,SZ,159535,中证2000ETF嘉实,25981088.0,份,,,akshare:szse_daily
2026-09-01,akshare_fund_scale_daily_szse,SZ,159536,中证2000ETF汇添富,55261589.0,份,,,akshare:szse_daily
2026-09-01,akshare_fund_scale_daily_szse,SZ,159537,信创ETF国泰,150285204.0,份,,,akshare:szse_daily
2026-09-01,akshare_fund_scale_daily_szse,SZ,159538,信创ETF富国,212608966.0,份,,,akshare:szse_daily
2026-09-01,akshare_fund_scale_daily_szse,SZ,159539,信创ETF广发,50565182.0,份,,,akshare:szse_daily
2026-09-01,akshare_fund_scale_daily_szse,SZ,159540,信创ETF易方达,119505191.0,份,,,akshare:szse_daily
2026-09-01,akshare_fund_scale_daily_szse,SZ,159541,创业板综ETF万家,64593326.0,份,,,akshare:szse_daily
2026-09-01,akshare_fund_scale_daily_szse,SZ,159542,工程机械ETF大成,14592850.0,份,,,akshare:szse_daily
2026-09-01,akshare_fund_scale_daily_szse,SZ,159543,国证2000ETF工银,42196551.0,份,,,akshare:szse_daily
2026-09-01,akshare_fund_scale_daily_szse,SZ,159545,恒生红利低波ETF易方达,5326603689.0,份,,,akshare:szse_daily
2026-09-01,akshare_fund_scale_daily_szse,SZ,159546,集成电路ETF国泰,724927822.0,份,,,akshare:szse_daily
2026-09-01,akshare_fund_scale_daily_szse,SZ,159547,红利低波ETF华夏,1263286075.0,份,,,akshare:szse_daily
2026-09-01,akshare_fund_scale_daily_szse,SZ,159549,红利低波ETF天弘,4773523884.0,份,,,akshare:szse_daily
2026-09-01,akshare_fund_scale_daily_szse,SZ,159550,互联网ETF东财,195828785.0,份,,,akshare:szse_daily
2026-09-01,akshare_fund_scale_daily_szse,SZ,159551,机器人ETF国泰,296920923.0,份,,,akshare:szse_daily
2026-09-01,akshare_fund_scale_daily_szse,SZ,159552,中证2000增强ETF招商,709790319.0,份,,,akshare:szse_daily
2026-09-01,akshare_fund_scale_daily_szse,SZ,159553,中证2000增强ETF海富通,15326751.0,份,,,akshare:szse_daily
2026-09-01,akshare_fund_scale_daily_szse,SZ,159555,中证2000增强ETF银华,37462705.0,份,,,akshare:szse_daily
2026-09-01,akshare_fund_scale_daily_szse,SZ,159556,中证2000增强ETF平安,15556089.0,份,,,akshare:szse_daily
2026-09-01,akshare_fund_scale_daily_szse,SZ,159557,恒生医疗ETF嘉实,134894955.0,份,,,akshare:szse_daily
2026-09-01,akshare_fund_scale_daily_szse,SZ,159558,半导体设备ETF易方达,19325563923.0,份,,,akshare:szse_daily
2026-09-01,akshare_fund_scale_daily_szse,SZ,159559,机器人ETF景顺,1932576622.0,份,,,akshare:szse_daily
2026-09-01,akshare_fund_scale_daily_szse,SZ,159560,芯片ETF景顺,194916460.0,份,,,akshare:szse_daily
2026-09-01,akshare_fund_scale_daily_szse,SZ,159561,德国ETF嘉实,1325499489.0,份,,,akshare:szse_daily
2026-09-01,akshare_fund_scale_daily_szse,SZ,159562,黄金股ETF华夏,2602130504.0,份,,,akshare:szse_daily
2026-09-01,akshare_fund_scale_daily_szse,SZ,159563,创业板综ETF华夏,25360773.0,份,,,akshare:szse_daily
2026-09-01,akshare_fund_scale_daily_szse,SZ,159565,汽车零部件ETF易方达,134627231.0,份,,,akshare:szse_daily
2026-09-01,akshare_fund_scale_daily_szse,SZ,159566,储能电池ETF易方达,2593739776.0,份,,,akshare:szse_daily
2026-09-01,akshare_fund_scale_daily_szse,SZ,159567,港股创新药ETF银华,10390729726.0,份,,,akshare:szse_daily
2026-09-01,akshare_fund_scale_daily_szse,SZ,159568,港股互联网ETF博时,352857901.0,份,,,akshare:szse_daily
2026-09-01,akshare_fund_scale_daily_szse,SZ,159569,港股红利低波ETF景顺,364147241.0,份,,,akshare:szse_daily
2026-09-01,akshare_fund_scale_daily_szse,SZ,159570,港股通创新药ETF汇添富,15810597142.0,份,,,akshare:szse_daily
2026-09-01,akshare_fund_scale_daily_szse,SZ,159571,创业板200ETF富国,17981814.0,份,,,akshare:szse_daily
2026-09-01,akshare_fund_scale_daily_szse,SZ,159572,创业板200ETF易方达,187749107.0,份,,,akshare:szse_daily
2026-09-01,akshare_fund_scale_daily_szse,SZ,159573,创业板200ETF华夏,79456297.0,份,,,akshare:szse_daily
2026-09-01,akshare_fund_scale_daily_szse,SZ,159575,创业板200ETF银华,11410425.0,份,,,akshare:szse_daily
2026-09-01,akshare_fund_scale_daily_szse,SZ,159576,深证100ETF广发,37509612.0,份,,,akshare:szse_daily
2026-09-01,akshare_fund_scale_daily_szse,SZ,159577,美国50ETF汇添富,817665791.0,份,,,akshare:szse_daily
2026-09-01,akshare_fund_scale_daily_szse,SZ,159578,深证主板50ETF南方,19998831.0,份,,,akshare:szse_daily
2026-09-01,akshare_fund_scale_daily_szse,SZ,159581,红利ETF万家,1260225708.0,份,,,akshare:szse_daily
2026-09-01,akshare_fund_scale_daily_szse,SZ,159582,半导体ETF博时,1040608105.0,份,,,akshare:szse_daily
2026-09-01,akshare_fund_scale_daily_szse,SZ,159583,通信ETF富国,2452592902.0,份,,,akshare:szse_daily
2026-09-01,akshare_fund_scale_daily_szse,SZ,159586,计算机ETF南方,255025923.0,份,,,akshare:szse_daily
2026-09-01,akshare_fund_scale_daily_szse,SZ,159587,粮食ETF广发,315447031.0,份,,,akshare:szse_daily
2026-09-01,akshare_fund_scale_daily_szse,SZ,159588,石油ETF景顺,429284857.0,份,,,akshare:szse_daily
2026-09-01,akshare_fund_scale_daily_szse,SZ,159589,红利ETF广发,241590005.0,份,,,akshare:szse_daily
2026-09-01,akshare_fund_scale_daily_szse,SZ,159590,软件ETF汇添富,759361746.0,份,,,akshare:szse_daily
2026-09-01,akshare_fund_scale_daily_szse,SZ,159591,A50ETF富国,330905682.0,份,,,akshare:szse_daily
2026-09-01,akshare_fund_scale_daily_szse,SZ,159592,A50ETF银华,592310460.0,份,,,akshare:szse_daily
2026-09-01,akshare_fund_scale_daily_szse,SZ,159593,中证A50ETF平安,1856196040.0,份,,,akshare:szse_daily
2026-09-01,akshare_fund_scale_daily_szse,SZ,159595,中证A50ETF大成,927113255.0,份,,,akshare:szse_daily
2026-09-01,akshare_fund_scale_daily_szse,SZ,159596,A50ETF华宝,518683040.0,份,,,akshare:szse_daily
2026-09-01,akshare_fund_scale_daily_szse,SZ,159597,创业板成长ETF易方达,1101757137.0,份,,,akshare:szse_daily
2026-09-01,akshare_fund_scale_daily_szse,SZ,159599,芯片ETF东财,712322066.0,份,,,akshare:szse_daily
2026-09-01,akshare_fund_scale_daily_szse,SZ,159600,科创债ETF嘉实,304048913.0,份,,,akshare:szse_daily
2026-09-01,akshare_fund_scale_daily_szse,SZ,159601,A50ETF华夏,1406388073.0,份,,,akshare:szse_daily
2026-09-01,akshare_fund_scale_daily_szse,SZ,159602,中国A50ETF南方,400542944.0,份,,,akshare:szse_daily
2026-09-01,akshare_fund_scale_daily_szse,SZ,159603,科创创业ETF天弘,2622071922.0,份,,,akshare:szse_daily
2026-09-01,akshare_fund_scale_daily_szse,SZ,159605,中概互联ETF广发,4128486155.0,份,,,akshare:szse_daily
2026-09-01,akshare_fund_scale_daily_szse,SZ,159606,中证500成长ETF易方达,396222838.0,份,,,akshare:szse_daily
2026-09-01,akshare_fund_scale_daily_szse,SZ,159607,中概互联网ETF嘉实,1217829139.0,份,,,akshare:szse_daily
2026-09-01,akshare_fund_scale_daily_szse,SZ,159608,稀有金属ETF广发,3400010066.0,份,,,akshare:szse_daily
2026-09-01,akshare_fund_scale_daily_szse,SZ,159609,光伏ETF浦银,312903414.0,份,,,akshare:szse_daily
2026-09-01,akshare_fund_scale_daily_szse,SZ,159610,中证500增强ETF景顺,162568207.0,份,,,akshare:szse_daily
2026-09-01,akshare_fund_scale_daily_szse,SZ,159611,电力ETF广发,9366362900.0,份,,,akshare:szse_daily
2026-09-01,akshare_fund_scale_daily_szse,SZ,159612,标普500ETF国泰,479898651.0,份,,,akshare:szse_daily
2026-09-01,akshare_fund_scale_daily_szse,SZ,159613,信息安全ETF嘉实,107590217.0,份,,,akshare:szse_daily
2026-09-01,akshare_fund_scale_daily_szse,SZ,159615,恒生生物科技ETF南方,335054898.0,份,,,akshare:szse_daily
2026-09-01,akshare_fund_scale_daily_szse,SZ,159616,农牧ETF建信,66561112.0,份,,,akshare:szse_daily
2026-09-01,akshare_fund_scale_daily_szse,SZ,159617,中证500价值ETF华夏,30418382.0,份,,,akshare:szse_daily
2026-09-01,akshare_fund_scale_daily_szse,SZ,159618,光伏ETF华安,78131407.0,份,,,akshare:szse_daily
2026-09-01,akshare_fund_scale_daily_szse,SZ,159619,基建ETF国泰,75981007.0,份,,,akshare:szse_daily
2026-09-01,akshare_fund_scale_daily_szse,SZ,159620,中证500成长ETF华夏,29140934.0,份,,,akshare:szse_daily
2026-09-01,akshare_fund_scale_daily_szse,SZ,159621,ESGETF国泰,14434717.0,份,,,akshare:szse_daily
2026-09-01,akshare_fund_scale_daily_szse,SZ,159622,创新药ETF东财,1152603238.0,份,,,akshare:szse_daily
2026-09-01,akshare_fund_scale_daily_szse,SZ,159623,成渝经济圈ETF博时,3089271695.0,份,,,akshare:szse_daily
2026-09-01,akshare_fund_scale_daily_szse,SZ,159625,绿色电力ETF嘉实,2013313777.0,份,,,akshare:szse_daily
2026-09-01,akshare_fund_scale_daily_szse,SZ,159627,A100ETF华夏,19116776.0,份,,,akshare:szse_daily
2026-09-01,akshare_fund_scale_daily_szse,SZ,159628,国证2000ETF万家,323283250.0,份,,,akshare:szse_daily
2026-09-01,akshare_fund_scale_daily_szse,SZ,159629,中证1000ETF富国,829252663.0,份,,,akshare:szse_daily
2026-09-01,akshare_fund_scale_daily_szse,SZ,159630,A100ETF汇添富,15113744.0,份,,,akshare:szse_daily
2026-09-01,akshare_fund_scale_daily_szse,SZ,159631,A100ETF招商,39332605.0,份,,,akshare:szse_daily
2026-09-01,akshare_fund_scale_daily_szse,SZ,159632,纳斯达克ETF华安,4990720640.0,份,,,akshare:szse_daily
2026-09-01,akshare_fund_scale_daily_szse,SZ,159633,中证1000ETF易方达,976162658.0,份,,,akshare:szse_daily
2026-09-01,akshare_fund_scale_daily_szse,SZ,159635,基建ETF华夏,140846980.0,份,,,akshare:szse_daily
2026-09-01,akshare_fund_scale_daily_szse,SZ,159636,港股通科技30ETF工银,21862501206.0,份,,,akshare:szse_daily
2026-09-01,akshare_fund_scale_daily_szse,SZ,159637,新能源车ETF东财,617768094.0,份,,,akshare:szse_daily
2026-09-01,akshare_fund_scale_daily_szse,SZ,159638,航空航天ETF嘉实,1453341932.0,份,,,akshare:szse_daily
2026-09-01,akshare_fund_scale_daily_szse,SZ,159639,碳中和ETF南方,201290171.0,份,,,akshare:szse_daily
2026-09-01,akshare_fund_scale_daily_szse,SZ,159640,碳中和龙头ETF工银,59845198.0,份,,,akshare:szse_daily
2026-09-01,akshare_fund_scale_daily_szse,SZ,159641,碳中和ETF招商,86719131.0,份,,,akshare:szse_daily
2026-09-01,akshare_fund_scale_daily_szse,SZ,159642,碳中和ETF大成,22439923.0,份,,,akshare:szse_daily
2026-09-01,akshare_fund_scale_daily_szse,SZ,159643,疫苗ETF国泰,291390617.0,份,,,akshare:szse_daily
2026-09-01,akshare_fund_scale_daily_szse,SZ,159645,疫苗ETF富国,72540740.0,份,,,akshare:szse_daily
2026-09-01,akshare_fund_scale_daily_szse,SZ,159647,中药ETF鹏华,1014961752.0,份,,,akshare:szse_daily
2026-09-01,akshare_fund_scale_daily_szse,SZ,159649,国开债ETF华安,40661877.0,份,,,akshare:szse_daily
2026-09-01,akshare_fund_scale_daily_szse,SZ,159650,国开债ETF博时,49180196.0,份,,,akshare:szse_daily
2026-09-01,akshare_fund_scale_daily_szse,SZ,159651,国开债ETF平安,9690448.0,份,,,akshare:szse_daily
2026-09-01,akshare_fund_scale_daily_szse,SZ,159652,有色ETF汇添富,1762320287.0,份,,,akshare:szse_daily
2026-09-01,akshare_fund_scale_daily_szse,SZ,159653,ESG300ETF国联安,52972068.0,份,,,akshare:szse_daily
2026-09-01,akshare_fund_scale_daily_szse,SZ,159655,标普500ETF华夏,2169143045.0,份,,,akshare:szse_daily
2026-09-01,akshare_fund_scale_daily_szse,SZ,159656,沪深300成长ETF万家,228238451.0,份,,,akshare:szse_daily
2026-09-01,akshare_fund_scale_daily_szse,SZ,159657,疫苗ETF鹏华,164514819.0,份,,,akshare:szse_daily
2026-09-01,akshare_fund_scale_daily_szse,SZ,159658,数字经济ETF华安,44394877.0,份,,,akshare:szse_daily
2026-09-01,akshare_fund_scale_daily_szse,SZ,159659,纳斯达克100ETF招商,4563744064.0,份,,,akshare:szse_daily
2026-09-01,akshare_fund_scale_daily_szse,SZ,159660,纳指ETF汇添富,2267151363.0,份,,,akshare:szse_daily
2026-09-01,akshare_fund_scale_daily_szse,SZ,159661,A100ETF嘉实,27208213.0,份,,,akshare:szse_daily
2026-09-01,akshare_fund_scale_daily_szse,SZ,159662,交运ETF南方,80113946.0,份,,,akshare:szse_daily
2026-09-01,akshare_fund_scale_daily_szse,SZ,159663,机床ETF华夏,413035170.0,份,,,akshare:szse_daily
2026-09-01,akshare_fund_scale_daily_szse,SZ,159665,半导体龙头ETF工银,249576860.0,份,,,akshare:szse_daily
2026-09-01,akshare_fund_scale_daily_szse,SZ,159666,交通运输ETF华夏,111832905.0,份,,,akshare:szse_daily
2026-09-01,akshare_fund_scale_daily_szse,SZ,159667,工业母机ETF国泰,3567050718.0,份,,,akshare:szse_daily
2026-09-01,akshare_fund_scale_daily_szse,SZ,159669,绿色电力ETF国泰,201754781.0,份,,,akshare:szse_daily
2026-09-01,akshare_fund_scale_daily_szse,SZ,159670,消费50ETF国联安,55706921.0,份,,,akshare:szse_daily
2026-09-01,akshare_fund_scale_daily_szse,SZ,159671,稀有金属ETF工银,897051737.0,份,,,akshare:szse_daily
2026-09-01,akshare_fund_scale_daily_szse,SZ,159672,消费ETF博时,130887409.0,份,,,akshare:szse_daily
2026-09-01,akshare_fund_scale_daily_szse,SZ,159673,沪深300ETF鹏华,1763528385.0,份,,,akshare:szse_daily
2026-09-01,akshare_fund_scale_daily_szse,SZ,159675,创业板增强ETF嘉实,63846691.0,份,,,akshare:szse_daily
2026-09-01,akshare_fund_scale_daily_szse,SZ,159676,创业板增强ETF富国,132564183.0,份,,,akshare:szse_daily
2026-09-01,akshare_fund_scale_daily_szse,SZ,159677,中证1000增强ETF银华,26904091.0,份,,,akshare:szse_daily
2026-09-01,akshare_fund_scale_daily_szse,SZ,159678,500增强ETF博时,89143694.0,份,,,akshare:szse_daily
2026-09-01,akshare_fund_scale_daily_szse,SZ,159679,中证1000增强ETF国泰,55289156.0,份,,,akshare:szse_daily
2026-09-01,akshare_fund_scale_daily_szse,SZ,159680,中证1000增强ETF招商,1044438087.0,份,,,akshare:szse_daily
2026-09-01,akshare_fund_scale_daily_szse,SZ,159681,创业板50ETF鹏华,1057772337.0,份,,,akshare:szse_daily
2026-09-01,akshare_fund_scale_daily_szse,SZ,159682,创业板50ETF景顺,3327307670.0,份,,,akshare:szse_daily
2026-09-01,akshare_fund_scale_daily_szse,SZ,159685,1000增强ETF天弘,19440067.0,份,,,akshare:szse_daily
2026-09-01,akshare_fund_scale_daily_szse,SZ,159686,A100ETF易方达,77815386.0,份,,,akshare:szse_daily
2026-09-01,akshare_fund_scale_daily_szse,SZ,159687,亚太精选ETF南方,1631528658.0,份,,,akshare:szse_daily
2026-09-01,akshare_fund_scale_daily_szse,SZ,159688,恒生互联网ETF华安,1357278480.0,份,,,akshare:szse_daily
2026-09-01,akshare_fund_scale_daily_szse,SZ,159689,消费ETF南方,88147787.0,份,,,akshare:szse_daily
2026-09-01,akshare_fund_scale_daily_szse,SZ,159690,有色矿业ETF招商,269163978.0,份,,,akshare:szse_daily
2026-09-01,akshare_fund_scale_daily_szse,SZ,159691,港股红利ETF工银,3755301386.0,份,,,akshare:szse_daily
2026-09-01,akshare_fund_scale_daily_szse,SZ,159692,证券ETF东财,1454455969.0,份,,,akshare:szse_daily
2026-09-01,akshare_fund_scale_daily_szse,SZ,159695,通信ETF嘉实,851436258.0,份,,,akshare:szse_daily
2026-09-01,akshare_fund_scale_daily_szse,SZ,159696,纳指ETF易方达,2837824034.0,份,,,akshare:szse_daily
2026-09-01,akshare_fund_scale_daily_szse,SZ,159697,石油ETF鹏华,1021022006.0,份,,,akshare:szse_daily
2026-09-01,akshare_fund_scale_daily_szse,SZ,159698,粮食ETF鹏华,1669944378.0,份,,,akshare:szse_daily
2026-09-01,akshare_fund_scale_daily_szse,SZ,159699,恒生消费ETF广发,492164255.0,份,,,akshare:szse_daily
2026-09-01,akshare_fund_scale_daily_szse,SZ,159700,科创债ETF南方,139559191.0,份,,,akshare:szse_daily
2026-09-01,akshare_fund_scale_daily_szse,SZ,159701,物联网ETF招商,5705601.0,份,,,akshare:szse_daily
2026-09-01,akshare_fund_scale_daily_szse,SZ,159703,新材料ETF天弘,58981591.0,份,,,akshare:szse_daily
2026-09-01,akshare_fund_scale_daily_szse,SZ,159706,深证100ETF华安,40386800.0,份,,,akshare:szse_daily
2026-09-01,akshare_fund_scale_daily_szse,SZ,159707,地产ETF华宝,1226048214.0,份,,,akshare:szse_daily
2026-09-01,akshare_fund_scale_daily_szse,SZ,159708,红利ETF西部利得,178028306.0,份,,,akshare:szse_daily
2026-09-01,akshare_fund_scale_daily_szse,SZ,159709,物联网ETF工银,21484060.0,份,,,akshare:szse_daily
2026-09-01,akshare_fund_scale_daily_szse,SZ,159711,港股通50ETF华夏,30465157.0,份,,,akshare:szse_daily
2026-09-01,akshare_fund_scale_daily_szse,SZ,159712,港股通50ETF国泰,84778813.0,份,,,akshare:szse_daily
2026-09-01,akshare_fund_scale_daily_szse,SZ,159713,稀土ETF富国,515255051.0,份,,,akshare:szse_daily
2026-09-01,akshare_fund_scale_daily_szse,SZ,159715,稀土ETF易方达,520030274.0,份,,,akshare:szse_daily
2026-09-01,akshare_fund_scale_daily_szse,SZ,159716,深证100ETF华宝,55666732.0,份,,,akshare:szse_daily
2026-09-01,akshare_fund_scale_daily_szse,SZ,159717,ESGETF鹏华,27873183.0,份,,,akshare:szse_daily
2026-09-01,akshare_fund_scale_daily_szse,SZ,159718,港股医药ETF平安,183832634.0,份,,,akshare:szse_daily
2026-09-01,akshare_fund_scale_daily_szse,SZ,159719,国企ETF平安,25195986.0,份,,,akshare:szse_daily
2026-09-01,akshare_fund_scale_daily_szse,SZ,159720,智能车ETF泰康,45812357.0,份,,,akshare:szse_daily
2026-09-01,akshare_fund_scale_daily_szse,SZ,159721,深证100ETF永赢,67431696.0,份,,,akshare:szse_daily
2026-09-01,akshare_fund_scale_daily_szse,SZ,159723,科技龙头ETF汇添富,29025575.0,份,,,akshare:szse_daily
2026-09-01,akshare_fund_scale_daily_szse,SZ,159725,线上消费ETF工银,121424924.0,份,,,akshare:szse_daily
2026-09-01,akshare_fund_scale_daily_szse,SZ,159726,港股通高股息ETF华夏,250911380.0,份,,,akshare:szse_daily
2026-09-01,akshare_fund_scale_daily_szse,SZ,159728,在线消费ETF南方,46910129.0,份,,,akshare:szse_daily
2026-09-01,akshare_fund_scale_daily_szse,SZ,159729,互联网ETF汇添富,66760633.0,份,,,akshare:szse_daily
2026-09-01,akshare_fund_scale_daily_szse,SZ,159730,家电ETF博时,42571340.0,份,,,akshare:szse_daily
2026-09-01,akshare_fund_scale_daily_szse,SZ,159731,石化ETF华夏,710375802.0,份,,,akshare:szse_daily
2026-09-01,akshare_fund_scale_daily_szse,SZ,159732,消费电子ETF华夏,2358447904.0,份,,,akshare:szse_daily
2026-09-01,akshare_fund_scale_daily_szse,SZ,159735,港股消费ETF银华,627561371.0,份,,,akshare:szse_daily
2026-09-01,akshare_fund_scale_daily_szse,SZ,159736,食品饮料ETF天弘,7482394457.0,份,,,akshare:szse_daily
2026-09-01,akshare_fund_scale_daily_szse,SZ,159738,云计算ETF华泰柏瑞,130992667.0,份,,,akshare:szse_daily
2026-09-01,akshare_fund_scale_daily_szse,SZ,159739,云计算ETF鹏华,409161230.0,份,,,akshare:szse_daily
2026-09-01,akshare_fund_scale_daily_szse,SZ,159740,恒生科技ETF大成,25199120448.0,份,,,akshare:szse_daily
2026-09-01,akshare_fund_scale_daily_szse,SZ,159741,恒生科技ETF嘉实,1371796712.0,份,,,akshare:szse_daily
2026-09-01,akshare_fund_scale_daily_szse,SZ,159742,恒生科技ETF博时,6256928292.0,份,,,akshare:szse_daily
2026-09-01,akshare_fund_scale_daily_szse,SZ,159743,湖北ETF博时,109941100.0,份,,,akshare:szse_daily
2026-09-01,akshare_fund_scale_daily_szse,SZ,159745,建材ETF国泰,1405688265.0,份,,,akshare:szse_daily
2026-09-01,akshare_fund_scale_daily_szse,SZ,159747,香港科技ETF南方,312712278.0,份,,,akshare:szse_daily
2026-09-01,akshare_fund_scale_daily_szse,SZ,159748,创新药ETF富国,1459692128.0,份,,,akshare:szse_daily
2026-09-01,akshare_fund_scale_daily_szse,SZ,159750,港股科技50ETF招商,1255618251.0,份,,,akshare:szse_daily
2026-09-01,akshare_fund_scale_daily_szse,SZ,159751,港股通科技ETF鹏华,882629628.0,份,,,akshare:szse_daily
2026-09-01,akshare_fund_scale_daily_szse,SZ,159752,新能源ETF申万菱信,355958917.0,份,,,akshare:szse_daily
2026-09-01,akshare_fund_scale_daily_szse,SZ,159755,电池ETF广发,7853646746.0,份,,,akshare:szse_daily
2026-09-01,akshare_fund_scale_daily_szse,SZ,159757,电池ETF景顺,244931891.0,份,,,akshare:szse_daily
2026-09-01,akshare_fund_scale_daily_szse,SZ,159758,红利质量ETF华夏,1344290777.0,份,,,akshare:szse_daily
2026-09-01,akshare_fund_scale_daily_szse,SZ,159760,医疗健康ETF泰康,132360223.0,份,,,akshare:szse_daily
2026-09-01,akshare_fund_scale_daily_szse,SZ,159761,新材料ETF国泰,196734117.0,份,,,akshare:szse_daily
2026-09-01,akshare_fund_scale_daily_szse,SZ,159763,新材料ETF建信,88707747.0,份,,,akshare:szse_daily
2026-09-01,akshare_fund_scale_daily_szse,SZ,159766,旅游ETF富国,5628640963.0,份,,,akshare:szse_daily
2026-09-01,akshare_fund_scale_daily_szse,SZ,159767,电池龙头ETF兴银,243873672.0,份,,,akshare:szse_daily
2026-09-01,akshare_fund_scale_daily_szse,SZ,159768,房地产ETF银华,896450311.0,份,,,akshare:szse_daily
2026-09-01,akshare_fund_scale_daily_szse,SZ,159770,机器人ETF天弘,6041587762.0,份,,,akshare:szse_daily
2026-09-01,akshare_fund_scale_daily_szse,SZ,159773,创业板科技ETF华泰柏瑞,145903120.0,份,,,akshare:szse_daily
2026-09-01,akshare_fund_scale_daily_szse,SZ,159775,电池ETF建信,673648961.0,份,,,akshare:szse_daily
2026-09-01,akshare_fund_scale_daily_szse,SZ,159776,港股医药ETF银华,78968765.0,份,,,akshare:szse_daily
2026-09-01,akshare_fund_scale_daily_szse,SZ,159777,创科技ETF国联安,28280565.0,份,,,akshare:szse_daily
2026-09-01,akshare_fund_scale_daily_szse,SZ,159778,工业互联网ETF鹏华,40255382.0,份,,,akshare:szse_daily
2026-09-01,akshare_fund_scale_daily_szse,SZ,159779,消费电子ETF招商,137869337.0,份,,,akshare:szse_daily
2026-09-01,akshare_fund_scale_daily_szse,SZ,159780,科创创业50ETF南方,3584848583.0,份,,,akshare:szse_daily
2026-09-01,akshare_fund_scale_daily_szse,SZ,159781,科创创业ETF易方达,15757860533.0,份,,,akshare:szse_daily
2026-09-01,akshare_fund_scale_daily_szse,SZ,159782,双创50ETF银华,579190267.0,份,,,akshare:szse_daily
2026-09-01,akshare_fund_scale_daily_szse,SZ,159783,科创创业50ETF华夏,5249059442.0,份,,,akshare:szse_daily
2026-09-01,akshare_fund_scale_daily_szse,SZ,159786,VRETF银华,84701174.0,份,,,akshare:szse_daily
2026-09-01,akshare_fund_scale_daily_szse,SZ,159787,建材ETF易方达,131521633.0,份,,,akshare:szse_daily
2026-09-01,akshare_fund_scale_daily_szse,SZ,159788,港股通100ETF易方达,70424965.0,份,,,akshare:szse_daily
2026-09-01,akshare_fund_scale_daily_szse,SZ,159790,碳中和ETF华夏,1546528485.0,份,,,akshare:szse_daily
2026-09-01,akshare_fund_scale_daily_szse,SZ,159791,300ESGETF华夏,29083347.0,份,,,akshare:szse_daily
2026-09-01,akshare_fund_scale_daily_szse,SZ,159792,港股通互联网ETF富国,64519855237.0,份,,,akshare:szse_daily
2026-09-01,akshare_fund_scale_daily_szse,SZ,159793,线上消费ETF平安,43758908.0,份,,,akshare:szse_daily
2026-09-01,akshare_fund_scale_daily_szse,SZ,159795,智能汽车ETF汇添富,28169473.0,份,,,akshare:szse_daily
2026-09-01,akshare_fund_scale_daily_szse,SZ,159796,电池ETF汇添富,6093467550.0,份,,,akshare:szse_daily
2026-09-01,akshare_fund_scale_daily_szse,SZ,159797,医疗器械ETF汇添富,394989247.0,份,,,akshare:szse_daily
2026-09-01,akshare_fund_scale_daily_szse,SZ,159798,消费ETF易方达,174245390.0,份,,,akshare:szse_daily
2026-09-01,akshare_fund_scale_daily_szse,SZ,159800,中证800ETF鹏华,26736802.0,份,,,akshare:szse_daily
2026-09-01,akshare_fund_scale_daily_szse,SZ,159801,芯片ETF广发,4535120172.0,份,,,akshare:szse_daily
2026-09-01,akshare_fund_scale_daily_szse,SZ,159804,创中盘88ETF国寿,15899676.0,份,,,akshare:szse_daily
2026-09-01,akshare_fund_scale_daily_szse,SZ,159805,传媒ETF鹏华,306952480.0,份,,,akshare:szse_daily
2026-09-01,akshare_fund_scale_daily_szse,SZ,159806,新能源车ETF国泰,857089446.0,份,,,akshare:szse_daily
2026-09-01,akshare_fund_scale_daily_szse,SZ,159807,科技ETF易方达,915051428.0,份,,,akshare:szse_daily
2026-09-01,akshare_fund_scale_daily_szse,SZ,159808,创100ETF融通,49484790.0,份,,,akshare:szse_daily
2026-09-01,akshare_fund_scale_daily_szse,SZ,159810,创业板ETF浦银,57475458.0,份,,,akshare:szse_daily
2026-09-01,akshare_fund_scale_daily_szse,SZ,159811,5GETF博时,74743393.0,份,,,akshare:szse_daily
2026-09-01,akshare_fund_scale_daily_szse,SZ,159812,黄金ETF前海开源,161713149.0,份,,,akshare:szse_daily
2026-09-01,akshare_fund_scale_daily_szse,SZ,159813,半导体ETF鹏华,8973724820.0,份,,,akshare:szse_daily
2026-09-01,akshare_fund_scale_daily_szse,SZ,159814,创业大盘ETF西部利得,504246520.0,份,,,akshare:szse_daily
2026-09-01,akshare_fund_scale_daily_szse,SZ,159816,0-4年地方债ETF鹏华,97447484.0,份,,,akshare:szse_daily
2026-09-01,akshare_fund_scale_daily_szse,SZ,159819,人工智能ETF易方达,12057229669.0,份,,,akshare:szse_daily
2026-09-01,akshare_fund_scale_daily_szse,SZ,159820,中证500ETF天弘,1356408470.0,份,,,akshare:szse_daily
2026-09-01,akshare_fund_scale_daily_szse,SZ,159821,创业板ETF中银证券,65920000.0,份,,,akshare:szse_daily
2026-09-01,akshare_fund_scale_daily_szse,SZ,159822,新经济ETF银华,293834315.0,份,,,akshare:szse_daily
2026-09-01,akshare_fund_scale_daily_szse,SZ,159824,新能源车ETF博时,82135070.0,份,,,akshare:szse_daily
2026-09-01,akshare_fund_scale_daily_szse,SZ,159825,农业ETF富国,2511077407.0,份,,,akshare:szse_daily
2026-09-01,akshare_fund_scale_daily_szse,SZ,159827,农业ETF银华,85716463.0,份,,,akshare:szse_daily
2026-09-01,akshare_fund_scale_daily_szse,SZ,159828,医疗ETF国泰,4634439464.0,份,,,akshare:szse_daily
2026-09-01,akshare_fund_scale_daily_szse,SZ,159830,金ETF天弘,347914066.0,份,,,akshare:szse_daily
2026-09-01,akshare_fund_scale_daily_szse,SZ,159831,金ETF嘉实,255356243.0,份,,,akshare:szse_daily
2026-09-01,akshare_fund_scale_daily_szse,SZ,159834,金ETF南方,230161376.0,份,,,akshare:szse_daily
2026-09-01,akshare_fund_scale_daily_szse,SZ,159835,创新药ETF建信,365504143.0,份,,,akshare:szse_daily
2026-09-01,akshare_fund_scale_daily_szse,SZ,159836,创业板300ETF天弘,117747113.0,份,,,akshare:szse_daily
2026-09-01,akshare_fund_scale_daily_szse,SZ,159837,生物科技ETF易方达,2814152837.0,份,,,akshare:szse_daily
2026-09-01,akshare_fund_scale_daily_szse,SZ,159838,医药50ETF博时,225763462.0,份,,,akshare:szse_daily
2026-09-01,akshare_fund_scale_daily_szse,SZ,159839,生物医药ETF汇添富,2625735165.0,份,,,akshare:szse_daily
2026-09-01,akshare_fund_scale_daily_szse,SZ,159840,锂电池ETF工银,1954574851.0,份,,,akshare:szse_daily
2026-09-01,akshare_fund_scale_daily_szse,SZ,159841,证券ETF天弘,11923638465.0,份,,,akshare:szse_daily
2026-09-01,akshare_fund_scale_daily_szse,SZ,159842,券商ETF银华,9023250631.0,份,,,akshare:szse_daily
2026-09-01,akshare_fund_scale_daily_szse,SZ,159843,食品饮料ETF招商,608955141.0,份,,,akshare:szse_daily
2026-09-01,akshare_fund_scale_daily_szse,SZ,159845,中证1000ETF华夏,1980425606.0,份,,,akshare:szse_daily
2026-09-01,akshare_fund_scale_daily_szse,SZ,159847,医疗ETF易方达,3850825354.0,份,,,akshare:szse_daily
2026-09-01,akshare_fund_scale_daily_szse,SZ,159848,证券ETF国联安,154311239.0,份,,,akshare:szse_daily
2026-09-01,akshare_fund_scale_daily_szse,SZ,159849,生物科技ETF招商,158372396.0,份,,,akshare:szse_daily
2026-09-01,akshare_fund_scale_daily_szse,SZ,159850,恒生国企ETF华夏,420706498.0,份,,,akshare:szse_daily
2026-09-01,akshare_fund_scale_daily_szse,SZ,159851,金融科技ETF华宝,9943904148.0,份,,,akshare:szse_daily
2026-09-01,akshare_fund_scale_daily_szse,SZ,159852,软件ETF嘉实,13885623921.0,份,,,akshare:szse_daily
2026-09-01,akshare_fund_scale_daily_szse,SZ,159855,影视ETF银华,271925236.0,份,,,akshare:szse_daily
2026-09-01,akshare_fund_scale_daily_szse,SZ,159856,互联网龙头ETF工银,347372474.0,份,,,akshare:szse_daily
2026-09-01,akshare_fund_scale_daily_szse,SZ,159857,光伏ETF天弘,2223515725.0,份,,,akshare:szse_daily
2026-09-01,akshare_fund_scale_daily_szse,SZ,159858,创新药ETF南方,1030098318.0,份,,,akshare:szse_daily
2026-09-01,akshare_fund_scale_daily_szse,SZ,159859,生物医药ETF天弘,10492640054.0,份,,,akshare:szse_daily
2026-09-01,akshare_fund_scale_daily_szse,SZ,159861,碳中和50ETF国泰,97117535.0,份,,,akshare:szse_daily
2026-09-01,akshare_fund_scale_daily_szse,SZ,159862,食品饮料ETF银华,309000623.0,份,,,akshare:szse_daily
2026-09-01,akshare_fund_scale_daily_szse,SZ,159863,光伏ETF鹏华,294729352.0,份,,,akshare:szse_daily
2026-09-01,akshare_fund_scale_daily_szse,SZ,159864,光伏ETF国泰,629526827.0,份,,,akshare:szse_daily
2026-09-01,akshare_fund_scale_daily_szse,SZ,159865,养殖ETF国泰,12166455659.0,份,,,akshare:szse_daily
2026-09-01,akshare_fund_scale_daily_szse,SZ,159866,日经ETF工银,1127479377.0,份,,,akshare:szse_daily
2026-09-01,akshare_fund_scale_daily_szse,SZ,159867,养殖ETF鹏华,1597643594.0,份,,,akshare:szse_daily
2026-09-01,akshare_fund_scale_daily_szse,SZ,159869,游戏ETF华夏,8041082127.0,份,,,akshare:szse_daily
2026-09-01,akshare_fund_scale_daily_szse,SZ,159870,化工ETF鹏华,16920607019.0,份,,,akshare:szse_daily
2026-09-01,akshare_fund_scale_daily_szse,SZ,159871,有色ETF银华,1132232506.0,份,,,akshare:szse_daily
2026-09-01,akshare_fund_scale_daily_szse,SZ,159872,智能网联汽车ETF鹏华,59299732.0,份,,,akshare:szse_daily
2026-09-01,akshare_fund_scale_daily_szse,SZ,159873,医疗设备ETF天弘,470920000.0,份,,,akshare:szse_daily
2026-09-01,akshare_fund_scale_daily_szse,SZ,159875,新能源ETF嘉实,2449662899.0,份,,,akshare:szse_daily
2026-09-01,akshare_fund_scale_daily_szse,SZ,159876,有色ETF华宝,1678777018.0,份,,,akshare:szse_daily
2026-09-01,akshare_fund_scale_daily_szse,SZ,159877,医疗ETF南方,246792292.0,份,,,akshare:szse_daily
2026-09-01,akshare_fund_scale_daily_szse,SZ,159880,有色ETF鹏华,1281103036.0,份,,,akshare:szse_daily
2026-09-01,akshare_fund_scale_daily_szse,SZ,159881,有色金属ETF国泰,191499166.0,份,,,akshare:szse_daily
2026-09-01,akshare_fund_scale_daily_szse,SZ,159883,医疗器械ETF永赢,8986037843.0,份,,,akshare:szse_daily
2026-09-01,akshare_fund_scale_daily_szse,SZ,159885,碳中和ETF鹏华,247467316.0,份,,,akshare:szse_daily
2026-09-01,akshare_fund_scale_daily_szse,SZ,159886,机械ETF富国,71442555.0,份,,,akshare:szse_daily
2026-09-01,akshare_fund_scale_daily_szse,SZ,159887,银行ETF富国,563415950.0,份,,,akshare:szse_daily
2026-09-01,akshare_fund_scale_daily_szse,SZ,159888,智能汽车ETF华夏,70446068.0,份,,,akshare:szse_daily
2026-09-01,akshare_fund_scale_daily_szse,SZ,159889,智能汽车ETF国泰,27400796.0,份,,,akshare:szse_daily
2026-09-01,akshare_fund_scale_daily_szse,SZ,159890,云计算ETF招商,226590688.0,份,,,akshare:szse_daily
2026-09-01,akshare_fund_scale_daily_szse,SZ,159891,医疗ETF建信,349024837.0,份,,,akshare:szse_daily
2026-09-01,akshare_fund_scale_daily_szse,SZ,159892,恒生医药ETF华夏,5400266022.0,份,,,akshare:szse_daily
2026-09-01,akshare_fund_scale_daily_szse,SZ,159895,物联网ETF易方达,75241864.0,份,,,akshare:szse_daily
2026-09-01,akshare_fund_scale_daily_szse,SZ,159896,物联网ETF南方,38055960.0,份,,,akshare:szse_daily
2026-09-01,akshare_fund_scale_daily_szse,SZ,159898,医疗器械ETF招商,895098825.0,份,,,akshare:szse_daily
2026-09-01,akshare_fund_scale_daily_szse,SZ,159899,软件ETF招商,974977729.0,份,,,akshare:szse_daily
2026-09-01,akshare_fund_scale_daily_szse,SZ,159901,深证100ETF易方达,979934930.0,份,,,akshare:szse_daily
2026-09-01,akshare_fund_scale_daily_szse,SZ,159902,中小100ETF华夏,76460849.0,份,,,akshare:szse_daily
2026-09-01,akshare_fund_scale_daily_szse,SZ,159903,深成ETF南方,445154507.0,份,,,akshare:szse_daily
2026-09-01,akshare_fund_scale_daily_szse,SZ,159905,红利ETF工银,987443951.0,份,,,akshare:szse_daily
2026-09-01,akshare_fund_scale_daily_szse,SZ,159906,深成长ETF大成,140639725.0,份,,,akshare:szse_daily
2026-09-01,akshare_fund_scale_daily_szse,SZ,159907,国证2000ETF广发,173197694.0,份,,,akshare:szse_daily
2026-09-01,akshare_fund_scale_daily_szse,SZ,159908,创业板ETF博时,318229029.0,份,,,akshare:szse_daily
2026-09-01,akshare_fund_scale_daily_szse,SZ,159909,TMT50ETF招商,531561992.0,份,,,akshare:szse_daily
2026-09-01,akshare_fund_scale_daily_szse,SZ,159910,基本面120ETF嘉实,82906143.0,份,,,akshare:szse_daily
2026-09-01,akshare_fund_scale_daily_szse,SZ,159912,深300ETF汇添富,68448991.0,份,,,akshare:szse_daily
2026-09-01,akshare_fund_scale_daily_szse,SZ,159913,深价值ETF交银,22329693.0,份,,,akshare:szse_daily
2026-09-01,akshare_fund_scale_daily_szse,SZ,159915,创业板ETF易方达,19044454936.0,份,,,akshare:szse_daily
2026-09-01,akshare_fund_scale_daily_szse,SZ,159916,基本面ETF建信,42566039.0,份,,,akshare:szse_daily
2026-09-01,akshare_fund_scale_daily_szse,SZ,159918,中创400ETF嘉实,30561264.0,份,,,akshare:szse_daily
2026-09-01,akshare_fund_scale_daily_szse,SZ,159919,沪深300ETF嘉实,6230016676.0,份,,,akshare:szse_daily
2026-09-01,akshare_fund_scale_daily_szse,SZ,159920,恒生ETF华夏,5701559219.0,份,,,akshare:szse_daily
2026-09-01,akshare_fund_scale_daily_szse,SZ,159922,中证500ETF嘉实,2699676765.0,份,,,akshare:szse_daily
2026-09-01,akshare_fund_scale_daily_szse,SZ,159923,中证A100ETF大成,13285812.0,份,,,akshare:szse_daily
2026-09-01,akshare_fund_scale_daily_szse,SZ,159925,沪深300ETF南方,615020856.0,份,,,akshare:szse_daily
2026-09-01,akshare_fund_scale_daily_szse,SZ,159928,消费ETF汇添富,23050629040.0,份,,,akshare:szse_daily
2026-09-01,akshare_fund_scale_daily_szse,SZ,159929,医药ETF汇添富,1647204203.0,份,,,akshare:szse_daily
2026-09-01,akshare_fund_scale_daily_szse,SZ,159930,能源ETF汇添富,561898150.0,份,,,akshare:szse_daily
2026-09-01,akshare_fund_scale_daily_szse,SZ,159931,金融地产ETF汇添富,18328511.0,份,,,akshare:szse_daily
2026-09-01,akshare_fund_scale_daily_szse,SZ,159933,金融地产ETF国投瑞银,36378943.0,份,,,akshare:szse_daily
2026-09-01,akshare_fund_scale_daily_szse,SZ,159934,黄金ETF易方达,3929808998.0,份,,,akshare:szse_daily
2026-09-01,akshare_fund_scale_daily_szse,SZ,159935,中证500ETF景顺,25572956.0,份,,,akshare:szse_daily
2026-09-01,akshare_fund_scale_daily_szse,SZ,159936,可选消费ETF广发,108156094.0,份,,,akshare:szse_daily
2026-09-01,akshare_fund_scale_daily_szse,SZ,159937,黄金ETF博时,4723421977.0,份,,,akshare:szse_daily
2026-09-01,akshare_fund_scale_daily_szse,SZ,159938,医药ETF广发,7229567236.0,份,,,akshare:szse_daily
2026-09-01,akshare_fund_scale_daily_szse,SZ,159939,信息技术ETF广发,773656106.0,份,,,akshare:szse_daily
2026-09-01,akshare_fund_scale_daily_szse,SZ,159940,金融地产ETF广发,290059983.0,份,,,akshare:szse_daily
2026-09-01,akshare_fund_scale_daily_szse,SZ,159941,纳指ETF广发,22542310164.0,份,,,akshare:szse_daily
2026-09-01,akshare_fund_scale_daily_szse,SZ,159943,深证成指ETF大成,200229922.0,份,,,akshare:szse_daily
2026-09-01,akshare_fund_scale_daily_szse,SZ,159944,材料ETF广发,31608342.0,份,,,akshare:szse_daily
2026-09-01,akshare_fund_scale_daily_szse,SZ,159945,能源ETF广发,59572327.0,份,,,akshare:szse_daily
2026-09-01,akshare_fund_scale_daily_szse,SZ,159948,创业板ETF南方,1181697720.0,份,,,akshare:szse_daily
2026-09-01,akshare_fund_scale_daily_szse,SZ,159949,创业板50ETF华安,15594785113.0,份,,,akshare:szse_daily
2026-09-01,akshare_fund_scale_daily_szse,SZ,159952,创业板ETF广发,5526184929.0,份,,,akshare:szse_daily
2026-09-01,akshare_fund_scale_daily_szse,SZ,159954,恒生中国企业ETF南方,189105083.0,份,,,akshare:szse_daily
2026-09-01,akshare_fund_scale_daily_szse,SZ,159956,创业板ETF建信,47978674.0,份,,,akshare:szse_daily
2026-09-01,akshare_fund_scale_daily_szse,SZ,159957,创业板ETF华夏,1172784560.0,份,,,akshare:szse_daily
2026-09-01,akshare_fund_scale_daily_szse,SZ,159958,创业板ETF工银,237811448.0,份,,,akshare:szse_daily
2026-09-01,akshare_fund_scale_daily_szse,SZ,159959,央企ETF银华,1826891780.0,份,,,akshare:szse_daily
2026-09-01,akshare_fund_scale_daily_szse,SZ,159960,恒生中国企业ETF平安,69573960.0,份,,,akshare:szse_daily
2026-09-01,akshare_fund_scale_daily_szse,SZ,159961,深100ETF方正富邦,98245196.0,份,,,akshare:szse_daily
2026-09-01,akshare_fund_scale_daily_szse,SZ,159964,创业板ETF平安,173481881.0,份,,,akshare:szse_daily
2026-09-01,akshare_fund_scale_daily_szse,SZ,159965,央视50ETF国联,21426953.0,份,,,akshare:szse_daily
2026-09-01,akshare_fund_scale_daily_szse,SZ,159966,创业板价值ETF华夏,645299521.0,份,,,akshare:szse_daily
2026-09-01,akshare_fund_scale_daily_szse,SZ,159967,创业板成长ETF华夏,7378105811.0,份,,,akshare:szse_daily
2026-09-01,akshare_fund_scale_daily_szse,SZ,159968,中证500ETF博时,63695098.0,份,,,akshare:szse_daily
2026-09-01,akshare_fund_scale_daily_szse,SZ,159970,深100ETF工银,10468704.0,份,,,akshare:szse_daily
2026-09-01,akshare_fund_scale_daily_szse,SZ,159971,创业板ETF富国,1750020288.0,份,,,akshare:szse_daily
2026-09-01,akshare_fund_scale_daily_szse,SZ,159972,5年地方债ETF鹏华,66575910.0,份,,,akshare:szse_daily
2026-09-01,akshare_fund_scale_daily_szse,SZ,159973,民企ETF弘毅远方,199976423.0,份,,,akshare:szse_daily
2026-09-01,akshare_fund_scale_daily_szse,SZ,159974,央企创新ETF富国,40432422.0,份,,,akshare:szse_daily
2026-09-01,akshare_fund_scale_daily_szse,SZ,159975,深100ETF招商,51937760.0,份,,,akshare:szse_daily
2026-09-01,akshare_fund_scale_daily_szse,SZ,159976,湾创ETF工银,63885872.0,份,,,akshare:szse_daily
2026-09-01,akshare_fund_scale_daily_szse,SZ,159977,创业板ETF天弘,3665872820.0,份,,,akshare:szse_daily
2026-09-01,akshare_fund_scale_daily_szse,SZ,159980,有色ETF大成,2939824777.0,份,,,akshare:szse_daily
2026-09-01,akshare_fund_scale_daily_szse,SZ,159981,能源化工ETF建信,1893536957.0,份,,,akshare:szse_daily
2026-09-01,akshare_fund_scale_daily_szse,SZ,159982,中证500ETF鹏华,202211253.0,份,,,akshare:szse_daily
2026-09-01,akshare_fund_scale_daily_szse,SZ,159985,豆粕ETF华夏,1563124066.0,份,,,akshare:szse_daily
2026-09-01,akshare_fund_scale_daily_szse,SZ,159991,创业板大盘ETF招商,102663172.0,份,,,akshare:szse_daily
2026-09-01,akshare_fund_scale_daily_szse,SZ,159992,创新药ETF银华,19786181217.0,份,,,akshare:szse_daily
2026-09-01,akshare_fund_scale_daily_szse,SZ,159993,证券ETF鹏华,3208697982.0,份,,,akshare:szse_daily
2026-09-01,akshare_fund_scale_daily_szse,SZ,159994,通信ETF银华,3964003358.0,份,,,akshare:szse_daily
2026-09-01,akshare_fund_scale_daily_szse,SZ,159995,芯片ETF华夏,24296126012.0,份,,,akshare:szse_daily
2026-09-01,akshare_fund_scale_daily_szse,SZ,159996,家电ETF国泰,478554846.0,份,,,akshare:szse_daily
2026-09-01,akshare_fund_scale_daily_szse,SZ,159997,电子ETF天弘,710306634.0,份,,,akshare:szse_daily
2026-09-01,akshare_fund_scale_daily_szse,SZ,159998,计算机ETF天弘,1599455354.0,份,,,akshare:szse_daily
2026-08-31,akshare_fund_scale_daily_szse,SZ,158000,港股通金融ETF鹏华,144925835.0,份,,,akshare:szse_daily
2026-08-31,akshare_fund_scale_daily_szse,SZ,158001,价值ETF嘉实,190392624.0,份,,,akshare:szse_daily
2026-08-31,akshare_fund_scale_daily_szse,SZ,158003,港股通医疗ETF嘉实,121654396.0,份,,,akshare:szse_daily
2026-08-31,akshare_fund_scale_daily_szse,SZ,158005,工程机械ETF博时,173061376.0,份,,,akshare:szse_daily
2026-08-31,akshare_fund_scale_daily_szse,SZ,158006,化工ETF博时,42046012.0,份,,,akshare:szse_daily
2026-08-31,akshare_fund_scale_daily_szse,SZ,158008,新能源电池ETF华夏,247413126.0,份,,,akshare:szse_daily
2026-08-31,akshare_fund_scale_daily_szse,SZ,158009,航空航天ETF南方,39373819.0,份,,,akshare:szse_daily
2026-08-31,akshare_fund_scale_daily_szse,SZ,158010,医疗ETF嘉实,240213319.0,份,,,akshare:szse_daily
2026-08-31,akshare_fund_scale_daily_szse,SZ,158012,云计算ETF南方,279325566.0,份,,,akshare:szse_daily
2026-08-31,akshare_fund_scale_daily_szse,SZ,158017,化工ETF易方达,93594582.0,份,,,akshare:szse_daily
2026-08-31,akshare_fund_scale_daily_szse,SZ,158019,电池ETF永赢,280281913.0,份,,,akshare:szse_daily
2026-08-31,akshare_fund_scale_daily_szse,SZ,159001,货币ETF易方达,31802595.0,份,,,akshare:szse_daily
2026-08-31,akshare_fund_scale_daily_szse,SZ,159003,招商快线ETF,2030632.0,份,,,akshare:szse_daily
2026-08-31,akshare_fund_scale_daily_szse,SZ,159005,快钱ETF汇添富,1166202.0,份,,,akshare:szse_daily
2026-08-31,akshare_fund_scale_daily_szse,SZ,159007,养殖ETF华泰柏瑞,186603274.0,份,,,akshare:szse_daily
2026-08-31,akshare_fund_scale_daily_szse,SZ,159008,证券ETF景顺,110284531.0,份,,,akshare:szse_daily
2026-08-31,akshare_fund_scale_daily_szse,SZ,159009,创业板新能源ETF易方达,59392703.0,份,,,akshare:szse_daily
2026-08-31,akshare_fund_scale_daily_szse,SZ,159010,港股通科技ETF博时,200097611.0,份,,,akshare:szse_daily
2026-08-31,akshare_fund_scale_daily_szse,SZ,159011,养殖ETF华安,27505168.0,份,,,akshare:szse_daily
2026-08-31,akshare_fund_scale_daily_szse,SZ,159012,科创创业50ETF鹏华,119881148.0,份,,,akshare:szse_daily
2026-08-31,akshare_fund_scale_daily_szse,SZ,159013,工业互联网ETF大成,39578881.0,份,,,akshare:szse_daily
2026-08-31,akshare_fund_scale_daily_szse,SZ,159015,恒生港股通科技ETF国联,110352934.0,份,,,akshare:szse_daily
2026-08-31,akshare_fund_scale_daily_szse,SZ,159016,证券ETF广发,344540154.0,份,,,akshare:szse_daily
2026-08-31,akshare_fund_scale_daily_szse,SZ,159017,石油ETF工银,151256813.0,份,,,akshare:szse_daily
2026-08-31,akshare_fund_scale_daily_szse,SZ,159018,石油ETF广发,25904203.0,份,,,akshare:szse_daily
2026-08-31,akshare_fund_scale_daily_szse,SZ,159019,石油ETF华宝,48327711.0,份,,,akshare:szse_daily
2026-08-31,akshare_fund_scale_daily_szse,SZ,159020,养殖ETF易方达,125567082.0,份,,,akshare:szse_daily
2026-08-31,akshare_fund_scale_daily_szse,SZ,159021,大盘价值ETF华夏,85907712.0,份,,,akshare:szse_daily
2026-08-31,akshare_fund_scale_daily_szse,SZ,159022,科创创业人工智能ETF富国,177630967.0,份,,,akshare:szse_daily
2026-08-31,akshare_fund_scale_daily_szse,SZ,159023,养殖ETF万家,41777943.0,份,,,akshare:szse_daily
2026-08-31,akshare_fund_scale_daily_szse,SZ,159026,石油ETF南方,45513446.0,份,,,akshare:szse_daily
2026-08-31,akshare_fund_scale_daily_szse,SZ,159027,畜牧养殖ETF大成,112472283.0,份,,,akshare:szse_daily
2026-08-31,akshare_fund_scale_daily_szse,SZ,159028,港股汽车ETF天弘,126449016.0,份,,,akshare:szse_daily
2026-08-31,akshare_fund_scale_daily_szse,SZ,159029,有色ETF广发,296127717.0,份,,,akshare:szse_daily
2026-08-31,akshare_fund_scale_daily_szse,SZ,159030,粮食ETF华夏,376968176.0,份,,,akshare:szse_daily
2026-08-31,akshare_fund_scale_daily_szse,SZ,159031,粮食ETF博时,523528624.0,份,,,akshare:szse_daily
2026-08-31,akshare_fund_scale_daily_szse,SZ,159032,工业有色ETF易方达,255845019.0,份,,,akshare:szse_daily
2026-08-31,akshare_fund_scale_daily_szse,SZ,159033,粮食ETF国泰,100323473.0,份,,,akshare:szse_daily
2026-08-31,akshare_fund_scale_daily_szse,SZ,159035,软件ETF天弘,606859726.0,份,,,akshare:szse_daily
2026-08-31,akshare_fund_scale_daily_szse,SZ,159036,软件开发ETF华宝,285740164.0,份,,,akshare:szse_daily
2026-08-31,akshare_fund_scale_daily_szse,SZ,159037,价值ETF鹏华,70249832.0,份,,,akshare:szse_daily
2026-08-31,akshare_fund_scale_daily_szse,SZ,159038,粮食ETF易方达,198026939.0,份,,,akshare:szse_daily
2026-08-31,akshare_fund_scale_daily_szse,SZ,159039,机器人ETF华安,1012461422.0,份,,,akshare:szse_daily
2026-08-31,akshare_fund_scale_daily_szse,SZ,159040,港股通互联网ETF鹏华,32481087.0,份,,,akshare:szse_daily
2026-08-31,akshare_fund_scale_daily_szse,SZ,159041,农业ETF鹏华,57471832.0,份,,,akshare:szse_daily
2026-08-31,akshare_fund_scale_daily_szse,SZ,159042,价值ETF汇添富,93801105.0,份,,,akshare:szse_daily
2026-08-31,akshare_fund_scale_daily_szse,SZ,159043,食品ETF华安,87770695.0,份,,,akshare:szse_daily
2026-08-31,akshare_fund_scale_daily_szse,SZ,159045,稀有金属ETF大成,167330213.0,份,,,akshare:szse_daily
2026-08-31,akshare_fund_scale_daily_szse,SZ,159046,绿电ETF天弘,485476854.0,份,,,akshare:szse_daily
2026-08-31,akshare_fund_scale_daily_szse,SZ,159048,机器人ETF大成,195803897.0,份,,,akshare:szse_daily
2026-08-31,akshare_fund_scale_daily_szse,SZ,159049,有色ETF工银,35073319.0,份,,,akshare:szse_daily
2026-08-31,akshare_fund_scale_daily_szse,SZ,159050,机器人ETF广发,658703612.0,份,,,akshare:szse_daily
2026-08-31,akshare_fund_scale_daily_szse,SZ,159051,医疗器械ETF易方达,88117894.0,份,,,akshare:szse_daily
2026-08-31,akshare_fund_scale_daily_szse,SZ,159052,新能源电池ETF嘉实,193926092.0,份,,,akshare:szse_daily
2026-08-31,akshare_fund_scale_daily_szse,SZ,159053,稀有金属ETF华夏,160698132.0,份,,,akshare:szse_daily
2026-08-31,akshare_fund_scale_daily_szse,SZ,159055,稀有金属ETF富国,120293952.0,份,,,akshare:szse_daily
2026-08-31,akshare_fund_scale_daily_szse,SZ,159056,医疗器械ETF富国,64934358.0,份,,,akshare:szse_daily
2026-08-31,akshare_fund_scale_daily_szse,SZ,159057,医疗器械ETF鹏华,28715334.0,份,,,akshare:szse_daily
2026-08-31,akshare_fund_scale_daily_szse,SZ,159058,证券ETF大成,91331247.0,份,,,akshare:szse_daily
2026-08-31,akshare_fund_scale_daily_szse,SZ,159059,电力ETF大成,56830063.0,份,,,akshare:szse_daily
2026-08-31,akshare_fund_scale_daily_szse,SZ,159060,粮食ETF浦银,26483423.0,份,,,akshare:szse_daily
2026-08-31,akshare_fund_scale_daily_szse,SZ,159061,绿色电力ETF南方,214840230.0,份,,,akshare:szse_daily
2026-08-31,akshare_fund_scale_daily_szse,SZ,159062,稀有金属ETF南方,114701256.0,份,,,akshare:szse_daily
2026-08-31,akshare_fund_scale_daily_szse,SZ,159063,粮食ETF南方,52486647.0,份,,,akshare:szse_daily
2026-08-31,akshare_fund_scale_daily_szse,SZ,159065,工程机械ETF景顺,108350818.0,份,,,akshare:szse_daily
2026-08-31,akshare_fund_scale_daily_szse,SZ,159066,A股ETF建信,210733027.0,份,,,akshare:szse_daily
2026-08-31,akshare_fund_scale_daily_szse,SZ,159067,绿色电力ETF鹏华,18908737.0,份,,,akshare:szse_daily
2026-08-31,akshare_fund_scale_daily_szse,SZ,159068,软件ETF华夏,64336570.0,份,,,akshare:szse_daily
2026-08-31,akshare_fund_scale_daily_szse,SZ,159069,创业板新能源ETF华泰柏瑞,40770440.0,份,,,akshare:szse_daily
2026-08-31,akshare_fund_scale_daily_szse,SZ,159070,工程机械ETF嘉实,104366883.0,份,,,akshare:szse_daily
2026-08-31,akshare_fund_scale_daily_szse,SZ,159071,新能源电池ETF华宝,120911738.0,份,,,akshare:szse_daily
2026-08-31,akshare_fund_scale_daily_szse,SZ,159072,粮食ETF景顺,39285157.0,份,,,akshare:szse_daily
2026-08-31,akshare_fund_scale_daily_szse,SZ,159073,粮食ETF汇添富,65173864.0,份,,,akshare:szse_daily
2026-08-31,akshare_fund_scale_daily_szse,SZ,159075,工业互联网ETF华夏,176197165.0,份,,,akshare:szse_daily
2026-08-31,akshare_fund_scale_daily_szse,SZ,159076,创业板新能源ETF华宝,250373015.0,份,,,akshare:szse_daily
2026-08-31,akshare_fund_scale_daily_szse,SZ,159077,电池ETF鑫元,34242574.0,份,,,akshare:szse_daily
2026-08-31,akshare_fund_scale_daily_szse,SZ,159078,A股ETF富国,172262460.0,份,,,akshare:szse_daily
2026-08-31,akshare_fund_scale_daily_szse,SZ,159079,价值ETF兴全,89806830.0,份,,,akshare:szse_daily
2026-08-31,akshare_fund_scale_daily_szse,SZ,159082,化工ETF华夏,81531212.0,份,,,akshare:szse_daily
2026-08-31,akshare_fund_scale_daily_szse,SZ,159083,红利低波100ETF嘉实,189370472.0,份,,,akshare:szse_daily
2026-08-31,akshare_fund_scale_daily_szse,SZ,159085,价值ETF永赢,31535454.0,份,,,akshare:szse_daily
2026-08-31,akshare_fund_scale_daily_szse,SZ,159086,金融科技ETF广发,30399823.0,份,,,akshare:szse_daily
2026-08-31,akshare_fund_scale_daily_szse,SZ,159087,化工ETF万家,35992150.0,份,,,akshare:szse_daily
2026-08-31,akshare_fund_scale_daily_szse,SZ,159091,港股通金融ETF易方达,26374196.0,份,,,akshare:szse_daily
2026-08-31,akshare_fund_scale_daily_szse,SZ,159093,化工ETF汇添富,28681470.0,份,,,akshare:szse_daily
2026-08-31,akshare_fund_scale_daily_szse,SZ,159095,云计算ETF银华,218468139.0,份,,,akshare:szse_daily
2026-08-31,akshare_fund_scale_daily_szse,SZ,159096,价值ETF华夏,236631305.0,份,,,akshare:szse_daily
2026-08-31,akshare_fund_scale_daily_szse,SZ,159098,价值ETF招商,120891589.0,份,,,akshare:szse_daily
2026-08-31,akshare_fund_scale_daily_szse,SZ,159099,云计算ETF华宝,107610546.0,份,,,akshare:szse_daily
2026-08-31,akshare_fund_scale_daily_szse,SZ,159100,巴西ETF华夏,476546935.0,份,,,akshare:szse_daily
2026-08-31,akshare_fund_scale_daily_szse,SZ,159101,港股通科技ETF华夏,2874311457.0,份,,,akshare:szse_daily
2026-08-31,akshare_fund_scale_daily_szse,SZ,159102,港股通生物科技ETF华安,660622004.0,份,,,akshare:szse_daily
2026-08-31,akshare_fund_scale_daily_szse,SZ,159103,金融科技ETF汇添富,315406771.0,份,,,akshare:szse_daily
2026-08-31,akshare_fund_scale_daily_szse,SZ,159105,恒生生物科技ETF易方达,182272984.0,份,,,akshare:szse_daily
2026-08-31,akshare_fund_scale_daily_szse,SZ,159106,民企300ETF前海开源,39579488.0,份,,,akshare:szse_daily
2026-08-31,akshare_fund_scale_daily_szse,SZ,159107,创业板软件ETF富国,770823006.0,份,,,akshare:szse_daily
2026-08-31,akshare_fund_scale_daily_szse,SZ,159108,工业软件ETF博时,117738511.0,份,,,akshare:szse_daily
2026-08-31,akshare_fund_scale_daily_szse,SZ,159109,恒生50ETF景顺,570163854.0,份,,,akshare:szse_daily
2026-08-31,akshare_fund_scale_daily_szse,SZ,159110,科创债ETF万家,22627093.0,份,,,akshare:szse_daily
2026-08-31,akshare_fund_scale_daily_szse,SZ,159111,科创债ETF天弘,144276676.0,份,,,akshare:szse_daily
2026-08-31,akshare_fund_scale_daily_szse,SZ,159112,科创债ETF银华,222037830.0,份,,,akshare:szse_daily
2026-08-31,akshare_fund_scale_daily_szse,SZ,159113,科创债ETF大成,90206237.0,份,,,akshare:szse_daily
2026-08-31,akshare_fund_scale_daily_szse,SZ,159115,科创债ETF华安,52743487.0,份,,,akshare:szse_daily
2026-08-31,akshare_fund_scale_daily_szse,SZ,159116,科创债ETF工银,113902743.0,份,,,akshare:szse_daily
2026-08-31,akshare_fund_scale_daily_szse,SZ,159117,港股通红利低波ETF鹏华,61401153.0,份,,,akshare:szse_daily
2026-08-31,akshare_fund_scale_daily_szse,SZ,159118,港股通红利低波ETF华夏,69677020.0,份,,,akshare:szse_daily
2026-08-31,akshare_fund_scale_daily_szse,SZ,159119,800现金流ETF招商,144054229.0,份,,,akshare:szse_daily
2026-08-31,akshare_fund_scale_daily_szse,SZ,159120,港股通科技ETF国联安,148024466.0,份,,,akshare:szse_daily
2026-08-31,akshare_fund_scale_daily_szse,SZ,159121,港股通汽车ETF易方达,144481127.0,份,,,akshare:szse_daily
2026-08-31,akshare_fund_scale_daily_szse,SZ,159122,创业板新能源ETF富国,67160935.0,份,,,akshare:szse_daily
2026-08-31,akshare_fund_scale_daily_szse,SZ,159123,光伏ETF嘉实,387047026.0,份,,,akshare:szse_daily
2026-08-31,akshare_fund_scale_daily_szse,SZ,159125,港股通科技ETF招商,840245883.0,份,,,akshare:szse_daily
2026-08-31,akshare_fund_scale_daily_szse,SZ,159126,港股通50ETF南方,227616546.0,份,,,akshare:szse_daily
2026-08-31,akshare_fund_scale_daily_szse,SZ,159127,港股通红利ETF南方,152344268.0,份,,,akshare:szse_daily
2026-08-31,akshare_fund_scale_daily_szse,SZ,159128,港股科技ETF天弘,1891760841.0,份,,,akshare:szse_daily
2026-08-31,akshare_fund_scale_daily_szse,SZ,159129,化工ETF嘉实,1117406595.0,份,,,akshare:szse_daily
2026-08-31,akshare_fund_scale_daily_szse,SZ,159130,恒生生物科技ETF鹏华,199389466.0,份,,,akshare:szse_daily
2026-08-31,akshare_fund_scale_daily_szse,SZ,159131,港股通信息技术ETF华宝,2260919902.0,份,,,akshare:szse_daily
2026-08-31,akshare_fund_scale_daily_szse,SZ,159132,恒生生物科技ETF富国,122963558.0,份,,,akshare:szse_daily
2026-08-31,akshare_fund_scale_daily_szse,SZ,159133,化工ETF天弘,1557913345.0,份,,,akshare:szse_daily
2026-08-31,akshare_fund_scale_daily_szse,SZ,159135,港股通科技ETF前海开源,618466376.0,份,,,akshare:szse_daily
2026-08-31,akshare_fund_scale_daily_szse,SZ,159136,A50ETF广发,109414074.0,份,,,akshare:szse_daily
2026-08-31,akshare_fund_scale_daily_szse,SZ,159137,港股通医疗ETF华宝,163632607.0,份,,,akshare:szse_daily
2026-08-31,akshare_fund_scale_daily_szse,SZ,159138,工程机械ETF易方达,295767924.0,份,,,akshare:szse_daily
2026-08-31,akshare_fund_scale_daily_szse,SZ,159139,科创创业人工智能ETF华泰柏瑞,202109210.0,份,,,akshare:szse_daily
2026-08-31,akshare_fund_scale_daily_szse,SZ,159140,科创创业人工智能ETF易方达,501936834.0,份,,,akshare:szse_daily
2026-08-31,akshare_fund_scale_daily_szse,SZ,159141,科创创业人工智能ETF永赢,1319060730.0,份,,,akshare:szse_daily
2026-08-31,akshare_fund_scale_daily_szse,SZ,159142,科创创业人工智能ETF景顺,1165260142.0,份,,,akshare:szse_daily
2026-08-31,akshare_fund_scale_daily_szse,SZ,159143,港股通央企红利ETF平安,53554456.0,份,,,akshare:szse_daily
2026-08-31,akshare_fund_scale_daily_szse,SZ,159145,工业软件ETF广发,68581845.0,份,,,akshare:szse_daily
2026-08-31,akshare_fund_scale_daily_szse,SZ,159146,电力ETF华宝,719940849.0,份,,,akshare:szse_daily
2026-08-31,akshare_fund_scale_daily_szse,SZ,159147,电池ETF南方,2093409552.0,份,,,akshare:szse_daily
2026-08-31,akshare_fund_scale_daily_szse,SZ,159148,石油ETF富国,240466601.0,份,,,akshare:szse_daily
2026-08-31,akshare_fund_scale_daily_szse,SZ,159149,创业板新能源ETF工银,54515298.0,份,,,akshare:szse_daily
2026-08-31,akshare_fund_scale_daily_szse,SZ,159150,深证50ETF易方达,98997623.0,份,,,akshare:szse_daily
2026-08-31,akshare_fund_scale_daily_szse,SZ,159151,食品ETF华夏,181051063.0,份,,,akshare:szse_daily
2026-08-31,akshare_fund_scale_daily_szse,SZ,159152,港股通科技ETF平安,818556093.0,份,,,akshare:szse_daily
2026-08-31,akshare_fund_scale_daily_szse,SZ,159153,消费电子ETF鹏华,91225988.0,份,,,akshare:szse_daily
2026-08-31,akshare_fund_scale_daily_szse,SZ,159155,电池ETF大成,625513298.0,份,,,akshare:szse_daily
2026-08-31,akshare_fund_scale_daily_szse,SZ,159156,电池ETF万家,213461253.0,份,,,akshare:szse_daily
2026-08-31,akshare_fund_scale_daily_szse,SZ,159157,有色金属ETF天弘,8038758760.0,份,,,akshare:szse_daily
2026-08-31,akshare_fund_scale_daily_szse,SZ,159158,电力ETF景顺,884535344.0,份,,,akshare:szse_daily
2026-08-31,akshare_fund_scale_daily_szse,SZ,159159,公用事业ETF国投瑞银,118318582.0,份,,,akshare:szse_daily
2026-08-31,akshare_fund_scale_daily_szse,SZ,159160,电池ETF东财,225819254.0,份,,,akshare:szse_daily
2026-08-31,akshare_fund_scale_daily_szse,SZ,159161,工程机械ETF东财,68331260.0,份,,,akshare:szse_daily
2026-08-31,akshare_fund_scale_daily_szse,SZ,159162,工业有色ETF鹏华,418939837.0,份,,,akshare:szse_daily
2026-08-31,akshare_fund_scale_daily_szse,SZ,159163,有色ETF泰康,260807013.0,份,,,akshare:szse_daily
2026-08-31,akshare_fund_scale_daily_szse,SZ,159165,养殖ETF永赢,106571257.0,份,,,akshare:szse_daily
2026-08-31,akshare_fund_scale_daily_szse,SZ,159166,现金流ETF长城,555816059.0,份,,,akshare:szse_daily
2026-08-31,akshare_fund_scale_daily_szse,SZ,159167,港股通医疗ETF工银,176549164.0,份,,,akshare:szse_daily
2026-08-31,akshare_fund_scale_daily_szse,SZ,159168,有色ETF富国,513455060.0,份,,,akshare:szse_daily
2026-08-31,akshare_fund_scale_daily_szse,SZ,159169,恒生生物科技ETF广发,130874485.0,份,,,akshare:szse_daily
2026-08-31,akshare_fund_scale_daily_szse,SZ,159170,港股通互联网ETF永赢,392638357.0,份,,,akshare:szse_daily
2026-08-31,akshare_fund_scale_daily_szse,SZ,159171,工业有色ETF博时,214532934.0,份,,,akshare:szse_daily
2026-08-31,akshare_fund_scale_daily_szse,SZ,159172,养殖ETF汇添富,386829293.0,份,,,akshare:szse_daily
2026-08-31,akshare_fund_scale_daily_szse,SZ,159173,农牧ETF南方,50455388.0,份,,,akshare:szse_daily
2026-08-31,akshare_fund_scale_daily_szse,SZ,159175,电池ETF易方达,490270382.0,份,,,akshare:szse_daily
2026-08-31,akshare_fund_scale_daily_szse,SZ,159176,家电ETF华宝,21303341.0,份,,,akshare:szse_daily
2026-08-31,akshare_fund_scale_daily_szse,SZ,159177,工程机械ETF鹏华,47619279.0,份,,,akshare:szse_daily
2026-08-31,akshare_fund_scale_daily_szse,SZ,159178,消费电子ETF汇添富,91432994.0,份,,,akshare:szse_daily
2026-08-31,akshare_fund_scale_daily_szse,SZ,159179,港股通互联网ETF工银,102903568.0,份,,,akshare:szse_daily
2026-08-31,akshare_fund_scale_daily_szse,SZ,159180,软件ETF银华,33155926.0,份,,,akshare:szse_daily
2026-08-31,akshare_fund_scale_daily_szse,SZ,159181,石油ETF易方达,129405335.0,份,,,akshare:szse_daily
2026-08-31,akshare_fund_scale_daily_szse,SZ,159182,家电ETF南方,36485663.0,份,,,akshare:szse_daily
2026-08-31,akshare_fund_scale_daily_szse,SZ,159183,新能源车ETF招商,45387793.0,份,,,akshare:szse_daily
2026-08-31,akshare_fund_scale_daily_szse,SZ,159185,港股通信息技术ETF鹏华,194099035.0,份,,,akshare:szse_daily
2026-08-31,akshare_fund_scale_daily_szse,SZ,159186,港股通汽车ETF鹏华,84869245.0,份,,,akshare:szse_daily
2026-08-31,akshare_fund_scale_daily_szse,SZ,159187,创业板新能源ETF景顺,70176266.0,份,,,akshare:szse_daily
2026-08-31,akshare_fund_scale_daily_szse,SZ,159188,红利100ETF景顺,66601882.0,份,,,akshare:szse_daily
2026-08-31,akshare_fund_scale_daily_szse,SZ,159189,石油ETF华夏,110083187.0,份,,,akshare:szse_daily
2026-08-31,akshare_fund_scale_daily_szse,SZ,159190,创业板新能源ETF天弘,74069299.0,份,,,akshare:szse_daily
2026-08-31,akshare_fund_scale_daily_szse,SZ,159191,港股通科技ETF易方达,69104851.0,份,,,akshare:szse_daily
2026-08-31,akshare_fund_scale_daily_szse,SZ,159192,家电ETF汇添富,17987065.0,份,,,akshare:szse_daily
2026-08-31,akshare_fund_scale_daily_szse,SZ,159193,新能源电池ETF银华,225080335.0,份,,,akshare:szse_daily
2026-08-31,akshare_fund_scale_daily_szse,SZ,159195,石油ETF华安,76490164.0,份,,,akshare:szse_daily
2026-08-31,akshare_fund_scale_daily_szse,SZ,159196,港股通信息技术ETF易方达,221530324.0,份,,,akshare:szse_daily
2026-08-31,akshare_fund_scale_daily_szse,SZ,159197,石油ETF招商,43388290.0,份,,,akshare:szse_daily
2026-08-31,akshare_fund_scale_daily_szse,SZ,159198,港股通信息技术ETF富国,85344347.0,份,,,akshare:szse_daily
2026-08-31,akshare_fund_scale_daily_szse,SZ,159199,石油ETF平安,66154938.0,份,,,akshare:szse_daily
2026-08-31,akshare_fund_scale_daily_szse,SZ,159200,科创债ETF富国,151902633.0,份,,,akshare:szse_daily
2026-08-31,akshare_fund_scale_daily_szse,SZ,159201,自由现金流ETF华夏,13811275939.0,份,,,akshare:szse_daily
2026-08-31,akshare_fund_scale_daily_szse,SZ,159202,恒生互联网ETF万家,1219401900.0,份,,,akshare:szse_daily
2026-08-31,akshare_fund_scale_daily_szse,SZ,159203,大盘成长ETF博时,9791913.0,份,,,akshare:szse_daily
2026-08-31,akshare_fund_scale_daily_szse,SZ,159205,创业板ETF东财,583056064.0,份,,,akshare:szse_daily
2026-08-31,akshare_fund_scale_daily_szse,SZ,159206,卫星ETF永赢,9442953365.0,份,,,akshare:szse_daily
2026-08-31,akshare_fund_scale_daily_szse,SZ,159207,高股息ETF广发,2237483345.0,份,,,akshare:szse_daily
2026-08-31,akshare_fund_scale_daily_szse,SZ,159208,航空航天ETF万家,330462783.0,份,,,akshare:szse_daily
2026-08-31,akshare_fund_scale_daily_szse,SZ,159209,红利质量ETF招商,2229635053.0,份,,,akshare:szse_daily
2026-08-31,akshare_fund_scale_daily_szse,SZ,159210,港股通汽车ETF汇添富,34549802.0,份,,,akshare:szse_daily
2026-08-31,akshare_fund_scale_daily_szse,SZ,159211,深证100ETF富国,21683294.0,份,,,akshare:szse_daily
2026-08-31,akshare_fund_scale_daily_szse,SZ,159212,深100ETF南方,85204367.0,份,,,akshare:szse_daily
2026-08-31,akshare_fund_scale_daily_szse,SZ,159213,机器人ETF汇添富,493237566.0,份,,,akshare:szse_daily
2026-08-31,akshare_fund_scale_daily_szse,SZ,159215,A500ETF平安,955582803.0,份,,,akshare:szse_daily
2026-08-31,akshare_fund_scale_daily_szse,SZ,159216,深证100ETF大成,14048250.0,份,,,akshare:szse_daily
2026-08-31,akshare_fund_scale_daily_szse,SZ,159217,港股通创新药ETF工银,5952157596.0,份,,,akshare:szse_daily
2026-08-31,akshare_fund_scale_daily_szse,SZ,159218,卫星ETF招商,2037616390.0,份,,,akshare:szse_daily
2026-08-31,akshare_fund_scale_daily_szse,SZ,159219,深证100ETF融通,8388018.0,份,,,akshare:szse_daily
2026-08-31,akshare_fund_scale_daily_szse,SZ,159220,港股通红利低波ETF华宝,513569526.0,份,,,akshare:szse_daily
2026-08-31,akshare_fund_scale_daily_szse,SZ,159221,现金流ETF嘉实,1131013233.0,份,,,akshare:szse_daily
2026-08-31,akshare_fund_scale_daily_szse,SZ,159222,自由现金流ETF易方达,1737370402.0,份,,,akshare:szse_daily
2026-08-31,akshare_fund_scale_daily_szse,SZ,159223,现金流ETF永赢,180844755.0,份,,,akshare:szse_daily
2026-08-31,akshare_fund_scale_daily_szse,SZ,159225,现金流ETF银华,264744804.0,份,,,akshare:szse_daily
2026-08-31,akshare_fund_scale_daily_szse,SZ,159226,中证A500增强ETF国泰,84094840.0,份,,,akshare:szse_daily
2026-08-31,akshare_fund_scale_daily_szse,SZ,159227,航空航天ETF华夏,4681911199.0,份,,,akshare:szse_daily
2026-08-31,akshare_fund_scale_daily_szse,SZ,159228,红利低波ETF长城,105212692.0,份,,,akshare:szse_daily
2026-08-31,akshare_fund_scale_daily_szse,SZ,159229,自由现金流ETF广发,144056022.0,份,,,akshare:szse_daily
2026-08-31,akshare_fund_scale_daily_szse,SZ,159230,通用航空ETF华夏,312304228.0,份,,,akshare:szse_daily
2026-08-31,akshare_fund_scale_daily_szse,SZ,159231,通用航空ETF华宝,336091860.0,份,,,akshare:szse_daily
2026-08-31,akshare_fund_scale_daily_szse,SZ,159232,自由现金流ETF南方,2130948566.0,份,,,akshare:szse_daily
2026-08-31,akshare_fund_scale_daily_szse,SZ,159233,自由现金流ETF平安,623623418.0,份,,,akshare:szse_daily
2026-08-31,akshare_fund_scale_daily_szse,SZ,159235,中证现金流ETF大成,1892729545.0,份,,,akshare:szse_daily
2026-08-31,akshare_fund_scale_daily_szse,SZ,159236,自由现金流ETF工银,38722161.0,份,,,akshare:szse_daily
2026-08-31,akshare_fund_scale_daily_szse,SZ,159237,港股汽车ETF工银,43334226.0,份,,,akshare:szse_daily
2026-08-31,akshare_fund_scale_daily_szse,SZ,159238,沪深300增强ETF景顺,55016186.0,份,,,akshare:szse_daily
2026-08-31,akshare_fund_scale_daily_szse,SZ,159239,港股通汽车ETF富国,88780753.0,份,,,akshare:szse_daily
2026-08-31,akshare_fund_scale_daily_szse,SZ,159240,A500增强ETF天弘,20619776.0,份,,,akshare:szse_daily
2026-08-31,akshare_fund_scale_daily_szse,SZ,159241,航空航天ETF天弘,1336074265.0,份,,,akshare:szse_daily
2026-08-31,akshare_fund_scale_daily_szse,SZ,159242,创业板人工智能ETF大成,413278583.0,份,,,akshare:szse_daily
2026-08-31,akshare_fund_scale_daily_szse,SZ,159243,创业板人工智能ETF招商,139030224.0,份,,,akshare:szse_daily
2026-08-31,akshare_fund_scale_daily_szse,SZ,159245,港股通消费ETF富国,70113296.0,份,,,akshare:szse_daily
2026-08-31,akshare_fund_scale_daily_szse,SZ,159246,创业板人工智能ETF富国,3385655606.0,份,,,akshare:szse_daily
2026-08-31,akshare_fund_scale_daily_szse,SZ,159247,创业板ETF汇添富,465984966.0,份,,,akshare:szse_daily
2026-08-31,akshare_fund_scale_daily_szse,SZ,159248,人工智能ETF万家,135095652.0,份,,,akshare:szse_daily
2026-08-31,akshare_fund_scale_daily_szse,SZ,159249,A500增强ETF工银,108191923.0,份,,,akshare:szse_daily
2026-08-31,akshare_fund_scale_daily_szse,SZ,159251,港股通科技ETF万家,243787744.0,份,,,akshare:szse_daily
2026-08-31,akshare_fund_scale_daily_szse,SZ,159253,银行ETF博时,527304979.0,份,,,akshare:szse_daily
2026-08-31,akshare_fund_scale_daily_szse,SZ,159255,通用航空ETF易方达,69338868.0,份,,,akshare:szse_daily
2026-08-31,akshare_fund_scale_daily_szse,SZ,159256,创业板软件ETF华夏,581183766.0,份,,,akshare:szse_daily
2026-08-31,akshare_fund_scale_daily_szse,SZ,159257,航空ETF汇添富,149416949.0,份,,,akshare:szse_daily
2026-08-31,akshare_fund_scale_daily_szse,SZ,159258,机器人ETF南方,1331765664.0,份,,,akshare:szse_daily
2026-08-31,akshare_fund_scale_daily_szse,SZ,159259,成长ETF易方达,4769696403.0,份,,,akshare:szse_daily
2026-08-31,akshare_fund_scale_daily_szse,SZ,159260,证券ETF博时,1024713576.0,份,,,akshare:szse_daily
2026-08-31,akshare_fund_scale_daily_szse,SZ,159261,创业板新能源ETF鹏华,47814904.0,份,,,akshare:szse_daily
2026-08-31,akshare_fund_scale_daily_szse,SZ,159262,港股通科技ETF广发,5520220485.0,份,,,akshare:szse_daily
2026-08-31,akshare_fund_scale_daily_szse,SZ,159263,价值ETF易方达,6177105126.0,份,,,akshare:szse_daily
2026-08-31,akshare_fund_scale_daily_szse,SZ,159265,港股消费ETF鹏华,177950894.0,份,,,akshare:szse_daily
2026-08-31,akshare_fund_scale_daily_szse,SZ,159266,港股央企红利ETF永赢,343710088.0,份,,,akshare:szse_daily
2026-08-31,akshare_fund_scale_daily_szse,SZ,159267,航天ETF华安,2649506126.0,份,,,akshare:szse_daily
2026-08-31,akshare_fund_scale_daily_szse,SZ,159268,港股通消费ETF汇添富,389055027.0,份,,,akshare:szse_daily
2026-08-31,akshare_fund_scale_daily_szse,SZ,159269,港股通科技ETF南方,1770311712.0,份,,,akshare:szse_daily
2026-08-31,akshare_fund_scale_daily_szse,SZ,159270,创业板200ETF南方,90763649.0,份,,,akshare:szse_daily
2026-08-31,akshare_fund_scale_daily_szse,SZ,159271,恒生ETF鹏华,246386731.0,份,,,akshare:szse_daily
2026-08-31,akshare_fund_scale_daily_szse,SZ,159272,机器人ETF富国,3705164690.0,份,,,akshare:szse_daily
2026-08-31,akshare_fund_scale_daily_szse,SZ,159273,云计算ETF汇添富,711777501.0,份,,,akshare:szse_daily
2026-08-31,akshare_fund_scale_daily_szse,SZ,159275,农牧渔ETF华宝,254302909.0,份,,,akshare:szse_daily
2026-08-31,akshare_fund_scale_daily_szse,SZ,159276,现金流ETF汇添富,555696658.0,份,,,akshare:szse_daily
2026-08-31,akshare_fund_scale_daily_szse,SZ,159277,港股通红利ETF富国,37557011.0,份,,,akshare:szse_daily
2026-08-31,akshare_fund_scale_daily_szse,SZ,159278,机器人ETF鹏华,2040545853.0,份,,,akshare:szse_daily
2026-08-31,akshare_fund_scale_daily_szse,SZ,159279,创业板人工智能ETF华安,156387534.0,份,,,akshare:szse_daily
2026-08-31,akshare_fund_scale_daily_szse,SZ,159280,港股通互联网ETF汇添富,100717171.0,份,,,akshare:szse_daily
2026-08-31,akshare_fund_scale_daily_szse,SZ,159281,港股央企红利ETF天弘,244233059.0,份,,,akshare:szse_daily
2026-08-31,akshare_fund_scale_daily_szse,SZ,159283,通用航空ETF南方,300437981.0,份,,,akshare:szse_daily
2026-08-31,akshare_fund_scale_daily_szse,SZ,159285,港股通消费ETF华安,248486680.0,份,,,akshare:szse_daily
2026-08-31,akshare_fund_scale_daily_szse,SZ,159286,港股通创新药ETF鹏华,722785402.0,份,,,akshare:szse_daily
2026-08-31,akshare_fund_scale_daily_szse,SZ,159287,创业板综ETF博时,109568753.0,份,,,akshare:szse_daily
2026-08-31,akshare_fund_scale_daily_szse,SZ,159288,创业板综ETF银华,92174931.0,份,,,akshare:szse_daily
2026-08-31,akshare_fund_scale_daily_szse,SZ,159289,创业板综指ETF鹏华,33902640.0,份,,,akshare:szse_daily
2026-08-31,akshare_fund_scale_daily_szse,SZ,159290,创业板综指增强ETF东财,45100396.0,份,,,akshare:szse_daily
2026-08-31,akshare_fund_scale_daily_szse,SZ,159291,创业板综增强ETF招商,17457388.0,份,,,akshare:szse_daily
2026-08-31,akshare_fund_scale_daily_szse,SZ,159292,创业板综增强ETF华宝,175189531.0,份,,,akshare:szse_daily
2026-08-31,akshare_fund_scale_daily_szse,SZ,159293,创业板综增强ETF建信,23159397.0,份,,,akshare:szse_daily
2026-08-31,akshare_fund_scale_daily_szse,SZ,159295,创业综指ETF西部利得,78958239.0,份,,,akshare:szse_daily
2026-08-31,akshare_fund_scale_daily_szse,SZ,159296,A500红利低波ETF华宝,45042941.0,份,,,akshare:szse_daily
2026-08-31,akshare_fund_scale_daily_szse,SZ,159297,港股通创新药ETF南方,3834418642.0,份,,,akshare:szse_daily
2026-08-31,akshare_fund_scale_daily_szse,SZ,159298,创业板50ETF大成,159281082.0,份,,,akshare:szse_daily
2026-08-31,akshare_fund_scale_daily_szse,SZ,159299,金融科技ETF易方达,671472981.0,份,,,akshare:szse_daily
2026-08-31,akshare_fund_scale_daily_szse,SZ,159300,沪深300ETF富国,375358097.0,份,,,akshare:szse_daily
2026-08-31,akshare_fund_scale_daily_szse,SZ,159301,公用事业ETF华夏,121458357.0,份,,,akshare:szse_daily
2026-08-31,akshare_fund_scale_daily_szse,SZ,159302,港股高股息ETF银华,49297609.0,份,,,akshare:szse_daily
2026-08-31,akshare_fund_scale_daily_szse,SZ,159303,恒生医疗ETF大成,73991693.0,份,,,akshare:szse_daily
2026-08-31,akshare_fund_scale_daily_szse,SZ,159305,储能电池ETF广发,1187640302.0,份,,,akshare:szse_daily
2026-08-31,akshare_fund_scale_daily_szse,SZ,159306,汽车零部件ETF平安,22244616.0,份,,,akshare:szse_daily
2026-08-31,akshare_fund_scale_daily_szse,SZ,159307,红利低波100ETF博时,7086903552.0,份,,,akshare:szse_daily
2026-08-31,akshare_fund_scale_daily_szse,SZ,159309,油气ETF汇添富,536371736.0,份,,,akshare:szse_daily
2026-08-31,akshare_fund_scale_daily_szse,SZ,159310,芯片ETF天弘,498981080.0,份,,,akshare:szse_daily
2026-08-31,akshare_fund_scale_daily_szse,SZ,159311,数字经济ETF易方达,39383993.0,份,,,akshare:szse_daily
2026-08-31,akshare_fund_scale_daily_szse,SZ,159312,恒指港股通ETF广发,32224353.0,份,,,akshare:szse_daily
2026-08-31,akshare_fund_scale_daily_szse,SZ,159315,黄金股ETF工银,183089621.0,份,,,akshare:szse_daily
2026-08-31,akshare_fund_scale_daily_szse,SZ,159316,港股通创新药ETF易方达,5326336139.0,份,,,akshare:szse_daily
2026-08-31,akshare_fund_scale_daily_szse,SZ,159318,恒指港股通ETF银华,13601647.0,份,,,akshare:szse_daily
2026-08-31,akshare_fund_scale_daily_szse,SZ,159320,电网设备ETF广发,1658235519.0,份,,,akshare:szse_daily
2026-08-31,akshare_fund_scale_daily_szse,SZ,159321,黄金股ETF华安,388900397.0,份,,,akshare:szse_daily
2026-08-31,akshare_fund_scale_daily_szse,SZ,159322,黄金股ETF平安,115411691.0,份,,,akshare:szse_daily
2026-08-31,akshare_fund_scale_daily_szse,SZ,159323,港股通汽车ETF华夏,97097378.0,份,,,akshare:szse_daily
2026-08-31,akshare_fund_scale_daily_szse,SZ,159325,半导体ETF南方,512460528.0,份,,,akshare:szse_daily
2026-08-31,akshare_fund_scale_daily_szse,SZ,159326,电网设备ETF华夏,11825265525.0,份,,,akshare:szse_daily
2026-08-31,akshare_fund_scale_daily_szse,SZ,159327,半导体设备ETF万家,2872574091.0,份,,,akshare:szse_daily
2026-08-31,akshare_fund_scale_daily_szse,SZ,159328,家电ETF易方达,91556700.0,份,,,akshare:szse_daily
2026-08-31,akshare_fund_scale_daily_szse,SZ,159329,沙特ETF南方,1158689188.0,份,,,akshare:szse_daily
2026-08-31,akshare_fund_scale_daily_szse,SZ,159330,沪深300ETF东财,419801009.0,份,,,akshare:szse_daily
2026-08-31,akshare_fund_scale_daily_szse,SZ,159331,红利港股ETF国泰,146694179.0,份,,,akshare:szse_daily
2026-08-31,akshare_fund_scale_daily_szse,SZ,159332,央企红利ETF富国,87521477.0,份,,,akshare:szse_daily
2026-08-31,akshare_fund_scale_daily_szse,SZ,159333,港股央企红利ETF万家,200952835.0,份,,,akshare:szse_daily
2026-08-31,akshare_fund_scale_daily_szse,SZ,159335,央企科创ETF融通,63283689.0,份,,,akshare:szse_daily
2026-08-31,akshare_fund_scale_daily_szse,SZ,159336,央企红利ETF融通,306905090.0,份,,,akshare:szse_daily
2026-08-31,akshare_fund_scale_daily_szse,SZ,159337,中证500ETF东财,279710611.0,份,,,akshare:szse_daily
2026-08-31,akshare_fund_scale_daily_szse,SZ,159338,中证A500ETF国泰,21341086664.0,份,,,akshare:szse_daily
2026-08-31,akshare_fund_scale_daily_szse,SZ,159339,A500ETF银华,1916086841.0,份,,,akshare:szse_daily
2026-08-31,akshare_fund_scale_daily_szse,SZ,159350,深证50ETF富国,138009642.0,份,,,akshare:szse_daily
2026-08-31,akshare_fund_scale_daily_szse,SZ,159351,A500ETF嘉实,7241123357.0,份,,,akshare:szse_daily
2026-08-31,akshare_fund_scale_daily_szse,SZ,159352,A500ETF南方,26880101746.0,份,,,akshare:szse_daily
2026-08-31,akshare_fund_scale_daily_szse,SZ,159353,中证A500ETF景顺,4370161812.0,份,,,akshare:szse_daily
2026-08-31,akshare_fund_scale_daily_szse,SZ,159355,800红利低波ETF华宝,84234277.0,份,,,akshare:szse_daily
2026-08-31,akshare_fund_scale_daily_szse,SZ,159356,A500ETF万家,734120647.0,份,,,akshare:szse_daily
2026-08-31,akshare_fund_scale_daily_szse,SZ,159357,A500ETF博时,1222833841.0,份,,,akshare:szse_daily
2026-08-31,akshare_fund_scale_daily_szse,SZ,159358,中证A500ETF大成,890106420.0,份,,,akshare:szse_daily
2026-08-31,akshare_fund_scale_daily_szse,SZ,159359,A500ETF华安,695140424.0,份,,,akshare:szse_daily
2026-08-31,akshare_fund_scale_daily_szse,SZ,159360,A500ETF天弘,1283184526.0,份,,,akshare:szse_daily
2026-08-31,akshare_fund_scale_daily_szse,SZ,159361,A500ETF易方达,23423090279.0,份,,,akshare:szse_daily
2026-08-31,akshare_fund_scale_daily_szse,SZ,159362,A500ETF工银,1604180191.0,份,,,akshare:szse_daily
2026-08-31,akshare_fund_scale_daily_szse,SZ,159363,创业板人工智能ETF华宝,5656169924.0,份,,,akshare:szse_daily
2026-08-31,akshare_fund_scale_daily_szse,SZ,159365,恒指港股通ETF富国,46162398.0,份,,,akshare:szse_daily
2026-08-31,akshare_fund_scale_daily_szse,SZ,159366,港股医疗ETF永赢,372333072.0,份,,,akshare:szse_daily
2026-08-31,akshare_fund_scale_daily_szse,SZ,159367,创业板50ETF华夏,172079029.0,份,,,akshare:szse_daily
2026-08-31,akshare_fund_scale_daily_szse,SZ,159368,创业板新能源ETF华夏,994579682.0,份,,,akshare:szse_daily
2026-08-31,akshare_fund_scale_daily_szse,SZ,159369,创业板50ETF易方达,392753492.0,份,,,akshare:szse_daily
2026-08-31,akshare_fund_scale_daily_szse,SZ,159370,创50ETF工银,234316009.0,份,,,akshare:szse_daily
2026-08-31,akshare_fund_scale_daily_szse,SZ,159371,创业板50ETF富国,184221172.0,份,,,akshare:szse_daily
2026-08-31,akshare_fund_scale_daily_szse,SZ,159372,创业板50ETF万家,62451588.0,份,,,akshare:szse_daily
2026-08-31,akshare_fund_scale_daily_szse,SZ,159373,创业板50ETF嘉实,139557494.0,份,,,akshare:szse_daily
2026-08-31,akshare_fund_scale_daily_szse,SZ,159375,创业板50ETF国泰,375595350.0,份,,,akshare:szse_daily
2026-08-31,akshare_fund_scale_daily_szse,SZ,159376,A500ETF浦银,45922317.0,份,,,akshare:szse_daily
2026-08-31,akshare_fund_scale_daily_szse,SZ,159377,创业板医药ETF国泰,124129399.0,份,,,akshare:szse_daily
2026-08-31,akshare_fund_scale_daily_szse,SZ,159378,通用航空ETF永赢,560271072.0,份,,,akshare:szse_daily
2026-08-31,akshare_fund_scale_daily_szse,SZ,159379,A500ETF融通,158821471.0,份,,,akshare:szse_daily
2026-08-31,akshare_fund_scale_daily_szse,SZ,159380,A500ETF东财,157804337.0,份,,,akshare:szse_daily
2026-08-31,akshare_fund_scale_daily_szse,SZ,159381,创业板人工智能ETF华夏,1761153206.0,份,,,akshare:szse_daily
2026-08-31,akshare_fund_scale_daily_szse,SZ,159382,创业板人工智能ETF南方,800055714.0,份,,,akshare:szse_daily
2026-08-31,akshare_fund_scale_daily_szse,SZ,159383,创业板50ETF华泰柏瑞,50092486.0,份,,,akshare:szse_daily
2026-08-31,akshare_fund_scale_daily_szse,SZ,159385,数字经济ETF富国,49002525.0,份,,,akshare:szse_daily
2026-08-31,akshare_fund_scale_daily_szse,SZ,159386,A500ETF永赢,60869559.0,份,,,akshare:szse_daily
2026-08-31,akshare_fund_scale_daily_szse,SZ,159387,创业板新能源ETF国泰,1423189648.0,份,,,akshare:szse_daily
2026-08-31,akshare_fund_scale_daily_szse,SZ,159388,创业板人工智能ETF国泰,870736984.0,份,,,akshare:szse_daily
2026-08-31,akshare_fund_scale_daily_szse,SZ,159389,数字经济ETF嘉实,134093364.0,份,,,akshare:szse_daily
2026-08-31,akshare_fund_scale_daily_szse,SZ,159390,中证A50ETF国联,109268771.0,份,,,akshare:szse_daily
2026-08-31,akshare_fund_scale_daily_szse,SZ,159391,大盘价值ETF博时,85076398.0,份,,,akshare:szse_daily
2026-08-31,akshare_fund_scale_daily_szse,SZ,159392,航空ETF富国,185785500.0,份,,,akshare:szse_daily
2026-08-31,akshare_fund_scale_daily_szse,SZ,159393,沪深300ETF万家,90646342.0,份,,,akshare:szse_daily
2026-08-31,akshare_fund_scale_daily_szse,SZ,159395,信用债ETF大成,134004202.0,份,,,akshare:szse_daily
2026-08-31,akshare_fund_scale_daily_szse,SZ,159396,信用债ETF博时,89727129.0,份,,,akshare:szse_daily
2026-08-31,akshare_fund_scale_daily_szse,SZ,159397,信用债ETF广发,166247657.0,份,,,akshare:szse_daily
2026-08-31,akshare_fund_scale_daily_szse,SZ,159398,信用债ETF天弘,91072310.0,份,,,akshare:szse_daily
2026-08-31,akshare_fund_scale_daily_szse,SZ,159399,现金流ETF国泰,4409194835.0,份,,,akshare:szse_daily
2026-08-31,akshare_fund_scale_daily_szse,SZ,159400,科创债ETF景顺,71577356.0,份,,,akshare:szse_daily
2026-08-31,akshare_fund_scale_daily_szse,SZ,159500,中证500ETF富国,213338865.0,份,,,akshare:szse_daily
2026-08-31,akshare_fund_scale_daily_szse,SZ,159501,纳指ETF嘉实,6773986575.0,份,,,akshare:szse_daily
2026-08-31,akshare_fund_scale_daily_szse,SZ,159502,标普生物科技ETF嘉实,1124323019.0,份,,,akshare:szse_daily
2026-08-31,akshare_fund_scale_daily_szse,SZ,159505,国证2000ETF博时,19104786.0,份,,,akshare:szse_daily
2026-08-31,akshare_fund_scale_daily_szse,SZ,159506,港股通创新药医疗ETF富国,2592536979.0,份,,,akshare:szse_daily
2026-08-31,akshare_fund_scale_daily_szse,SZ,159507,通信ETF广发,839830902.0,份,,,akshare:szse_daily
2026-08-31,akshare_fund_scale_daily_szse,SZ,159508,生物医药ETF华安,93431598.0,份,,,akshare:szse_daily
2026-08-31,akshare_fund_scale_daily_szse,SZ,159509,纳指科技ETF景顺,6621564118.0,份,,,akshare:szse_daily
2026-08-31,akshare_fund_scale_daily_szse,SZ,159510,沪深300价值ETF华夏,66128342.0,份,,,akshare:szse_daily
2026-08-31,akshare_fund_scale_daily_szse,SZ,159511,通信ETF南方,146444573.0,份,,,akshare:szse_daily
2026-08-31,akshare_fund_scale_daily_szse,SZ,159512,汽车ETF广发,109264855.0,份,,,akshare:szse_daily
2026-08-31,akshare_fund_scale_daily_szse,SZ,159513,纳斯达克100ETF大成,4555549100.0,份,,,akshare:szse_daily
2026-08-31,akshare_fund_scale_daily_szse,SZ,159515,国企红利ETF鹏扬,33386631.0,份,,,akshare:szse_daily
2026-08-31,akshare_fund_scale_daily_szse,SZ,159516,半导体设备ETF国泰,61190359972.0,份,,,akshare:szse_daily
2026-08-31,akshare_fund_scale_daily_szse,SZ,159517,中证800增强ETF银华,8742624.0,份,,,akshare:szse_daily
2026-08-31,akshare_fund_scale_daily_szse,SZ,159518,标普油气ETF嘉实,1657325369.0,份,,,akshare:szse_daily
2026-08-31,akshare_fund_scale_daily_szse,SZ,159519,港股国企ETF国泰,58157854.0,份,,,akshare:szse_daily
2026-08-31,akshare_fund_scale_daily_szse,SZ,159520,消费龙头ETF工银,153177649.0,份,,,akshare:szse_daily
2026-08-31,akshare_fund_scale_daily_szse,SZ,159521,国证2000ETF平安,18274435.0,份,,,akshare:szse_daily
2026-08-31,akshare_fund_scale_daily_szse,SZ,159523,沪深300成长ETF华夏,70517348.0,份,,,akshare:szse_daily
2026-08-31,akshare_fund_scale_daily_szse,SZ,159525,红利低波ETF富国,454743741.0,份,,,akshare:szse_daily
2026-08-31,akshare_fund_scale_daily_szse,SZ,159526,机器人ETF嘉实,576962964.0,份,,,akshare:szse_daily
2026-08-31,akshare_fund_scale_daily_szse,SZ,159527,云计算ETF广发,454301350.0,份,,,akshare:szse_daily
2026-08-31,akshare_fund_scale_daily_szse,SZ,159528,国企改革ETF富国,7320773.0,份,,,akshare:szse_daily
2026-08-31,akshare_fund_scale_daily_szse,SZ,159529,标普消费ETF景顺,811536791.0,份,,,akshare:szse_daily
2026-08-31,akshare_fund_scale_daily_szse,SZ,159530,机器人ETF易方达,12670613169.0,份,,,akshare:szse_daily
2026-08-31,akshare_fund_scale_daily_szse,SZ,159531,中证2000ETF南方,1048608406.0,份,,,akshare:szse_daily
2026-08-31,akshare_fund_scale_daily_szse,SZ,159532,中证2000ETF易方达,161564791.0,份,,,akshare:szse_daily
2026-08-31,akshare_fund_scale_daily_szse,SZ,159533,中证2000ETF博时,14458785.0,份,,,akshare:szse_daily
2026-08-31,akshare_fund_scale_daily_szse,SZ,159535,中证2000ETF嘉实,25981088.0,份,,,akshare:szse_daily
2026-08-31,akshare_fund_scale_daily_szse,SZ,159536,中证2000ETF汇添富,51261589.0,份,,,akshare:szse_daily
2026-08-31,akshare_fund_scale_daily_szse,SZ,159537,信创ETF国泰,150285204.0,份,,,akshare:szse_daily
2026-08-31,akshare_fund_scale_daily_szse,SZ,159538,信创ETF富国,216608966.0,份,,,akshare:szse_daily
2026-08-31,akshare_fund_scale_daily_szse,SZ,159539,信创ETF广发,50565182.0,份,,,akshare:szse_daily
2026-08-31,akshare_fund_scale_daily_szse,SZ,159540,信创ETF易方达,119505191.0,份,,,akshare:szse_daily
2026-08-31,akshare_fund_scale_daily_szse,SZ,159541,创业板综ETF万家,64593326.0,份,,,akshare:szse_daily
2026-08-31,akshare_fund_scale_daily_szse,SZ,159542,工程机械ETF大成,14592850.0,份,,,akshare:szse_daily
2026-08-31,akshare_fund_scale_daily_szse,SZ,159543,国证2000ETF工银,42196551.0,份,,,akshare:szse_daily
2026-08-31,akshare_fund_scale_daily_szse,SZ,159545,恒生红利低波ETF易方达,5326603689.0,份,,,akshare:szse_daily
2026-08-31,akshare_fund_scale_daily_szse,SZ,159546,集成电路ETF国泰,729927822.0,份,,,akshare:szse_daily
2026-08-31,akshare_fund_scale_daily_szse,SZ,159547,红利低波ETF华夏,1267786075.0,份,,,akshare:szse_daily
2026-08-31,akshare_fund_scale_daily_szse,SZ,159549,红利低波ETF天弘,4775523884.0,份,,,akshare:szse_daily
2026-08-31,akshare_fund_scale_daily_szse,SZ,159550,互联网ETF东财,195828785.0,份,,,akshare:szse_daily
2026-08-31,akshare_fund_scale_daily_szse,SZ,159551,机器人ETF国泰,303920923.0,份,,,akshare:szse_daily
2026-08-31,akshare_fund_scale_daily_szse,SZ,159552,中证2000增强ETF招商,687290319.0,份,,,akshare:szse_daily
2026-08-31,akshare_fund_scale_daily_szse,SZ,159553,中证2000增强ETF海富通,15326751.0,份,,,akshare:szse_daily
2026-08-31,akshare_fund_scale_daily_szse,SZ,159555,中证2000增强ETF银华,37462705.0,份,,,akshare:szse_daily
2026-08-31,akshare_fund_scale_daily_szse,SZ,159556,中证2000增强ETF平安,15556089.0,份,,,akshare:szse_daily
2026-08-31,akshare_fund_scale_daily_szse,SZ,159557,恒生医疗ETF嘉实,134894955.0,份,,,akshare:szse_daily
2026-08-31,akshare_fund_scale_daily_szse,SZ,159558,半导体设备ETF易方达,18947563923.0,份,,,akshare:szse_daily
2026-08-31,akshare_fund_scale_daily_szse,SZ,159559,机器人ETF景顺,1938576622.0,份,,,akshare:szse_daily
2026-08-31,akshare_fund_scale_daily_szse,SZ,159560,芯片ETF景顺,194916460.0,份,,,akshare:szse_daily
2026-08-31,akshare_fund_scale_daily_szse,SZ,159561,德国ETF嘉实,1324499489.0,份,,,akshare:szse_daily
2026-08-31,akshare_fund_scale_daily_szse,SZ,159562,黄金股ETF华夏,2602130504.0,份,,,akshare:szse_daily
2026-08-31,akshare_fund_scale_daily_szse,SZ,159563,创业板综ETF华夏,27360773.0,份,,,akshare:szse_daily
2026-08-31,akshare_fund_scale_daily_szse,SZ,159565,汽车零部件ETF易方达,137627231.0,份,,,akshare:szse_daily
2026-08-31,akshare_fund_scale_daily_szse,SZ,159566,储能电池ETF易方达,2596739776.0,份,,,akshare:szse_daily
2026-08-31,akshare_fund_scale_daily_szse,SZ,159567,港股创新药ETF银华,10390729726.0,份,,,akshare:szse_daily
2026-08-31,akshare_fund_scale_daily_szse,SZ,159568,港股互联网ETF博时,352857901.0,份,,,akshare:szse_daily
2026-08-31,akshare_fund_scale_daily_szse,SZ,159569,港股红利低波ETF景顺,364147241.0,份,,,akshare:szse_daily
2026-08-31,akshare_fund_scale_daily_szse,SZ,159570,港股通创新药ETF汇添富,15953597142.0,份,,,akshare:szse_daily
2026-08-31,akshare_fund_scale_daily_szse,SZ,159571,创业板200ETF富国,17981814.0,份,,,akshare:szse_daily
2026-08-31,akshare_fund_scale_daily_szse,SZ,159572,创业板200ETF易方达,189749107.0,份,,,akshare:szse_daily
2026-08-31,akshare_fund_scale_daily_szse,SZ,159573,创业板200ETF华夏,79456297.0,份,,,akshare:szse_daily
2026-08-31,akshare_fund_scale_daily_szse,SZ,159575,创业板200ETF银华,11410425.0,份,,,akshare:szse_daily
2026-08-31,akshare_fund_scale_daily_szse,SZ,159576,深证100ETF广发,37509612.0,份,,,akshare:szse_daily
2026-08-31,akshare_fund_scale_daily_szse,SZ,159577,美国50ETF汇添富,814665791.0,份,,,akshare:szse_daily
2026-08-31,akshare_fund_scale_daily_szse,SZ,159578,深证主板50ETF南方,19998831.0,份,,,akshare:szse_daily
2026-08-31,akshare_fund_scale_daily_szse,SZ,159581,红利ETF万家,1268225708.0,份,,,akshare:szse_daily
2026-08-31,akshare_fund_scale_daily_szse,SZ,159582,半导体ETF博时,1010608105.0,份,,,akshare:szse_daily
2026-08-31,akshare_fund_scale_daily_szse,SZ,159583,通信ETF富国,2438592902.0,份,,,akshare:szse_daily
2026-08-31,akshare_fund_scale_daily_szse,SZ,159586,计算机ETF南方,256525923.0,份,,,akshare:szse_daily
2026-08-31,akshare_fund_scale_daily_szse,SZ,159587,粮食ETF广发,260447031.0,份,,,akshare:szse_daily
2026-08-31,akshare_fund_scale_daily_szse,SZ,159588,石油ETF景顺,429284857.0,份,,,akshare:szse_daily
2026-08-31,akshare_fund_scale_daily_szse,SZ,159589,红利ETF广发,241590005.0,份,,,akshare:szse_daily
2026-08-31,akshare_fund_scale_daily_szse,SZ,159590,软件ETF汇添富,774361746.0,份,,,akshare:szse_daily
2026-08-31,akshare_fund_scale_daily_szse,SZ,159591,A50ETF富国,330905682.0,份,,,akshare:szse_daily
2026-08-31,akshare_fund_scale_daily_szse,SZ,159592,A50ETF银华,592310460.0,份,,,akshare:szse_daily
2026-08-31,akshare_fund_scale_daily_szse,SZ,159593,中证A50ETF平安,1857696040.0,份,,,akshare:szse_daily
2026-08-31,akshare_fund_scale_daily_szse,SZ,159595,中证A50ETF大成,926113255.0,份,,,akshare:szse_daily
2026-08-31,akshare_fund_scale_daily_szse,SZ,159596,A50ETF华宝,515683040.0,份,,,akshare:szse_daily
2026-08-31,akshare_fund_scale_daily_szse,SZ,159597,创业板成长ETF易方达,1100257137.0,份,,,akshare:szse_daily
2026-08-31,akshare_fund_scale_daily_szse,SZ,159599,芯片ETF东财,707822066.0,份,,,akshare:szse_daily
2026-08-31,akshare_fund_scale_daily_szse,SZ,159600,科创债ETF嘉实,303648913.0,份,,,akshare:szse_daily
2026-08-31,akshare_fund_scale_daily_szse,SZ,159601,A50ETF华夏,1406388073.0,份,,,akshare:szse_daily
2026-08-31,akshare_fund_scale_daily_szse,SZ,159602,中国A50ETF南方,402542944.0,份,,,akshare:szse_daily
2026-08-31,akshare_fund_scale_daily_szse,SZ,159603,科创创业ETF天弘,2622071922.0,份,,,akshare:szse_daily
2026-08-31,akshare_fund_scale_daily_szse,SZ,159605,中概互联ETF广发,4097486155.0,份,,,akshare:szse_daily
2026-08-31,akshare_fund_scale_daily_szse,SZ,159606,中证500成长ETF易方达,396222838.0,份,,,akshare:szse_daily
2026-08-31,akshare_fund_scale_daily_szse,SZ,159607,中概互联网ETF嘉实,1215829139.0,份,,,akshare:szse_daily
2026-08-31,akshare_fund_scale_daily_szse,SZ,159608,稀有金属ETF广发,3404010066.0,份,,,akshare:szse_daily
2026-08-31,akshare_fund_scale_daily_szse,SZ,159609,光伏ETF浦银,312903414.0,份,,,akshare:szse_daily
2026-08-31,akshare_fund_scale_daily_szse,SZ,159610,中证500增强ETF景顺,162568207.0,份,,,akshare:szse_daily
2026-08-31,akshare_fund_scale_daily_szse,SZ,159611,电力ETF广发,9422362900.0,份,,,akshare:szse_daily
2026-08-31,akshare_fund_scale_daily_szse,SZ,159612,标普500ETF国泰,474898651.0,份,,,akshare:szse_daily
2026-08-31,akshare_fund_scale_daily_szse,SZ,159613,信息安全ETF嘉实,108590217.0,份,,,akshare:szse_daily
2026-08-31,akshare_fund_scale_daily_szse,SZ,159615,恒生生物科技ETF南方,335054898.0,份,,,akshare:szse_daily
2026-08-31,akshare_fund_scale_daily_szse,SZ,159616,农牧ETF建信,66561112.0,份,,,akshare:szse_daily
2026-08-31,akshare_fund_scale_daily_szse,SZ,159617,中证500价值ETF华夏,30418382.0,份,,,akshare:szse_daily
2026-08-31,akshare_fund_scale_daily_szse,SZ,159618,光伏ETF华安,77131407.0,份,,,akshare:szse_daily
2026-08-31,akshare_fund_scale_daily_szse,SZ,159619,基建ETF国泰,75981007.0,份,,,akshare:szse_daily
2026-08-31,akshare_fund_scale_daily_szse,SZ,159620,中证500成长ETF华夏,29140934.0,份,,,akshare:szse_daily
2026-08-31,akshare_fund_scale_daily_szse,SZ,159621,ESGETF国泰,14434717.0,份,,,akshare:szse_daily
2026-08-31,akshare_fund_scale_daily_szse,SZ,159622,创新药ETF东财,1152603238.0,份,,,akshare:szse_daily
2026-08-31,akshare_fund_scale_daily_szse,SZ,159623,成渝经济圈ETF博时,3089271695.0,份,,,akshare:szse_daily
2026-08-31,akshare_fund_scale_daily_szse,SZ,159625,绿色电力ETF嘉实,2014913777.0,份,,,akshare:szse_daily
2026-08-31,akshare_fund_scale_daily_szse,SZ,159627,A100ETF华夏,19116776.0,份,,,akshare:szse_daily
2026-08-31,akshare_fund_scale_daily_szse,SZ,159628,国证2000ETF万家,323283250.0,份,,,akshare:szse_daily
2026-08-31,akshare_fund_scale_daily_szse,SZ,159629,中证1000ETF富国,923252663.0,份,,,akshare:szse_daily
2026-08-31,akshare_fund_scale_daily_szse,SZ,159630,A100ETF汇添富,15113744.0,份,,,akshare:szse_daily
2026-08-31,akshare_fund_scale_daily_szse,SZ,159631,A100ETF招商,39332605.0,份,,,akshare:szse_daily
2026-08-31,akshare_fund_scale_daily_szse,SZ,159632,纳斯达克ETF华安,4986720640.0,份,,,akshare:szse_daily
2026-08-31,akshare_fund_scale_daily_szse,SZ,159633,中证1000ETF易方达,1062162658.0,份,,,akshare:szse_daily
2026-08-31,akshare_fund_scale_daily_szse,SZ,159635,基建ETF华夏,139846980.0,份,,,akshare:szse_daily
2026-08-31,akshare_fund_scale_daily_szse,SZ,159636,港股通科技30ETF工银,21862501206.0,份,,,akshare:szse_daily
2026-08-31,akshare_fund_scale_daily_szse,SZ,159637,新能源车ETF东财,615768094.0,份,,,akshare:szse_daily
2026-08-31,akshare_fund_scale_daily_szse,SZ,159638,航空航天ETF嘉实,1456341932.0,份,,,akshare:szse_daily
2026-08-31,akshare_fund_scale_daily_szse,SZ,159639,碳中和ETF南方,203290171.0,份,,,akshare:szse_daily
2026-08-31,akshare_fund_scale_daily_szse,SZ,159640,碳中和龙头ETF工银,59845198.0,份,,,akshare:szse_daily
2026-08-31,akshare_fund_scale_daily_szse,SZ,159641,碳中和ETF招商,86719131.0,份,,,akshare:szse_daily
2026-08-31,akshare_fund_scale_daily_szse,SZ,159642,碳中和ETF大成,22439923.0,份,,,akshare:szse_daily
2026-08-31,akshare_fund_scale_daily_szse,SZ,159643,疫苗ETF国泰,301390617.0,份,,,akshare:szse_daily
2026-08-31,akshare_fund_scale_daily_szse,SZ,159645,疫苗ETF富国,73540740.0,份,,,akshare:szse_daily
2026-08-31,akshare_fund_scale_daily_szse,SZ,159647,中药ETF鹏华,1016461752.0,份,,,akshare:szse_daily
2026-08-31,akshare_fund_scale_daily_szse,SZ,159649,国开债ETF华安,38851877.0,份,,,akshare:szse_daily
2026-08-31,akshare_fund_scale_daily_szse,SZ,159650,国开债ETF博时,49052196.0,份,,,akshare:szse_daily
2026-08-31,akshare_fund_scale_daily_szse,SZ,159651,国开债ETF平安,9658448.0,份,,,akshare:szse_daily
2026-08-31,akshare_fund_scale_daily_szse,SZ,159652,有色ETF汇添富,1769320287.0,份,,,akshare:szse_daily
2026-08-31,akshare_fund_scale_daily_szse,SZ,159653,ESG300ETF国联安,52972068.0,份,,,akshare:szse_daily
2026-08-31,akshare_fund_scale_daily_szse,SZ,159655,标普500ETF华夏,2168143045.0,份,,,akshare:szse_daily
2026-08-31,akshare_fund_scale_daily_szse,SZ,159656,沪深300成长ETF万家,228238451.0,份,,,akshare:szse_daily
2026-08-31,akshare_fund_scale_daily_szse,SZ,159657,疫苗ETF鹏华,164514819.0,份,,,akshare:szse_daily
2026-08-31,akshare_fund_scale_daily_szse,SZ,159658,数字经济ETF华安,44394877.0,份,,,akshare:szse_daily
2026-08-31,akshare_fund_scale_daily_szse,SZ,159659,纳斯达克100ETF招商,4561744064.0,份,,,akshare:szse_daily
2026-08-31,akshare_fund_scale_daily_szse,SZ,159660,纳指ETF汇添富,2265151363.0,份,,,akshare:szse_daily
2026-08-31,akshare_fund_scale_daily_szse,SZ,159661,A100ETF嘉实,27208213.0,份,,,akshare:szse_daily
2026-08-31,akshare_fund_scale_daily_szse,SZ,159662,交运ETF南方,81113946.0,份,,,akshare:szse_daily
2026-08-31,akshare_fund_scale_daily_szse,SZ,159663,机床ETF华夏,443035170.0,份,,,akshare:szse_daily
2026-08-31,akshare_fund_scale_daily_szse,SZ,159665,半导体龙头ETF工银,247576860.0,份,,,akshare:szse_daily
2026-08-31,akshare_fund_scale_daily_szse,SZ,159666,交通运输ETF华夏,126832905.0,份,,,akshare:szse_daily
2026-08-31,akshare_fund_scale_daily_szse,SZ,159667,工业母机ETF国泰,3600050718.0,份,,,akshare:szse_daily
2026-08-31,akshare_fund_scale_daily_szse,SZ,159669,绿色电力ETF国泰,202254781.0,份,,,akshare:szse_daily
2026-08-31,akshare_fund_scale_daily_szse,SZ,159670,消费50ETF国联安,55706921.0,份,,,akshare:szse_daily
2026-08-31,akshare_fund_scale_daily_szse,SZ,159671,稀有金属ETF工银,893551737.0,份,,,akshare:szse_daily
2026-08-31,akshare_fund_scale_daily_szse,SZ,159672,消费ETF博时,129887409.0,份,,,akshare:szse_daily
2026-08-31,akshare_fund_scale_daily_szse,SZ,159673,沪深300ETF鹏华,1769528385.0,份,,,akshare:szse_daily
2026-08-31,akshare_fund_scale_daily_szse,SZ,159675,创业板增强ETF嘉实,63846691.0,份,,,akshare:szse_daily
2026-08-31,akshare_fund_scale_daily_szse,SZ,159676,创业板增强ETF富国,130564183.0,份,,,akshare:szse_daily
2026-08-31,akshare_fund_scale_daily_szse,SZ,159677,中证1000增强ETF银华,26904091.0,份,,,akshare:szse_daily
2026-08-31,akshare_fund_scale_daily_szse,SZ,159678,500增强ETF博时,89143694.0,份,,,akshare:szse_daily
2026-08-31,akshare_fund_scale_daily_szse,SZ,159679,中证1000增强ETF国泰,55289156.0,份,,,akshare:szse_daily
2026-08-31,akshare_fund_scale_daily_szse,SZ,159680,中证1000增强ETF招商,1026438087.0,份,,,akshare:szse_daily
2026-08-31,akshare_fund_scale_daily_szse,SZ,159681,创业板50ETF鹏华,1051772337.0,份,,,akshare:szse_daily
2026-08-31,akshare_fund_scale_daily_szse,SZ,159682,创业板50ETF景顺,3284307670.0,份,,,akshare:szse_daily
2026-08-31,akshare_fund_scale_daily_szse,SZ,159685,1000增强ETF天弘,19440067.0,份,,,akshare:szse_daily
2026-08-31,akshare_fund_scale_daily_szse,SZ,159686,A100ETF易方达,77815386.0,份,,,akshare:szse_daily
2026-08-31,akshare_fund_scale_daily_szse,SZ,159687,亚太精选ETF南方,1632128658.0,份,,,akshare:szse_daily
2026-08-31,akshare_fund_scale_daily_szse,SZ,159688,恒生互联网ETF华安,1339278480.0,份,,,akshare:szse_daily
2026-08-31,akshare_fund_scale_daily_szse,SZ,159689,消费ETF南方,88147787.0,份,,,akshare:szse_daily
2026-08-31,akshare_fund_scale_daily_szse,SZ,159690,有色矿业ETF招商,273163978.0,份,,,akshare:szse_daily
2026-08-31,akshare_fund_scale_daily_szse,SZ,159691,港股红利ETF工银,3757301386.0,份,,,akshare:szse_daily
2026-08-31,akshare_fund_scale_daily_szse,SZ,159692,证券ETF东财,1486455969.0,份,,,akshare:szse_daily
2026-08-31,akshare_fund_scale_daily_szse,SZ,159695,通信ETF嘉实,853436258.0,份,,,akshare:szse_daily
2026-08-31,akshare_fund_scale_daily_szse,SZ,159696,纳指ETF易方达,2832824034.0,份,,,akshare:szse_daily
2026-08-31,akshare_fund_scale_daily_szse,SZ,159697,石油ETF鹏华,1022022006.0,份,,,akshare:szse_daily
2026-08-31,akshare_fund_scale_daily_szse,SZ,159698,粮食ETF鹏华,1606944378.0,份,,,akshare:szse_daily
2026-08-31,akshare_fund_scale_daily_szse,SZ,159699,恒生消费ETF广发,492164255.0,份,,,akshare:szse_daily
2026-08-31,akshare_fund_scale_daily_szse,SZ,159700,科创债ETF南方,139559191.0,份,,,akshare:szse_daily
2026-08-31,akshare_fund_scale_daily_szse,SZ,159701,物联网ETF招商,5705601.0,份,,,akshare:szse_daily
2026-08-31,akshare_fund_scale_daily_szse,SZ,159703,新材料ETF天弘,57781591.0,份,,,akshare:szse_daily
2026-08-31,akshare_fund_scale_daily_szse,SZ,159706,深证100ETF华安,40386800.0,份,,,akshare:szse_daily
2026-08-31,akshare_fund_scale_daily_szse,SZ,159707,地产ETF华宝,1240048214.0,份,,,akshare:szse_daily
2026-08-31,akshare_fund_scale_daily_szse,SZ,159708,红利ETF西部利得,178528306.0,份,,,akshare:szse_daily
2026-08-31,akshare_fund_scale_daily_szse,SZ,159709,物联网ETF工银,20484060.0,份,,,akshare:szse_daily
2026-08-31,akshare_fund_scale_daily_szse,SZ,159711,港股通50ETF华夏,30465157.0,份,,,akshare:szse_daily
2026-08-31,akshare_fund_scale_daily_szse,SZ,159712,港股通50ETF国泰,84778813.0,份,,,akshare:szse_daily
2026-08-31,akshare_fund_scale_daily_szse,SZ,159713,稀土ETF富国,516255051.0,份,,,akshare:szse_daily
2026-08-31,akshare_fund_scale_daily_szse,SZ,159715,稀土ETF易方达,514530274.0,份,,,akshare:szse_daily
2026-08-31,akshare_fund_scale_daily_szse,SZ,159716,深证100ETF华宝,55666732.0,份,,,akshare:szse_daily
2026-08-31,akshare_fund_scale_daily_szse,SZ,159717,ESGETF鹏华,27873183.0,份,,,akshare:szse_daily
2026-08-31,akshare_fund_scale_daily_szse,SZ,159718,港股医药ETF平安,183832634.0,份,,,akshare:szse_daily
2026-08-31,akshare_fund_scale_daily_szse,SZ,159719,国企ETF平安,25195986.0,份,,,akshare:szse_daily
2026-08-31,akshare_fund_scale_daily_szse,SZ,159720,智能车ETF泰康,45812357.0,份,,,akshare:szse_daily
2026-08-31,akshare_fund_scale_daily_szse,SZ,159721,深证100ETF永赢,67431696.0,份,,,akshare:szse_daily
2026-08-31,akshare_fund_scale_daily_szse,SZ,159723,科技龙头ETF汇添富,29025575.0,份,,,akshare:szse_daily
2026-08-31,akshare_fund_scale_daily_szse,SZ,159725,线上消费ETF工银,123424924.0,份,,,akshare:szse_daily
2026-08-31,akshare_fund_scale_daily_szse,SZ,159726,港股通高股息ETF华夏,250911380.0,份,,,akshare:szse_daily
2026-08-31,akshare_fund_scale_daily_szse,SZ,159728,在线消费ETF南方,47410129.0,份,,,akshare:szse_daily
2026-08-31,akshare_fund_scale_daily_szse,SZ,159729,互联网ETF汇添富,66760633.0,份,,,akshare:szse_daily
2026-08-31,akshare_fund_scale_daily_szse,SZ,159730,家电ETF博时,42571340.0,份,,,akshare:szse_daily
2026-08-31,akshare_fund_scale_daily_szse,SZ,159731,石化ETF华夏,727375802.0,份,,,akshare:szse_daily
2026-08-31,akshare_fund_scale_daily_szse,SZ,159732,消费电子ETF华夏,2330447904.0,份,,,akshare:szse_daily
2026-08-31,akshare_fund_scale_daily_szse,SZ,159735,港股消费ETF银华,627561371.0,份,,,akshare:szse_daily
2026-08-31,akshare_fund_scale_daily_szse,SZ,159736,食品饮料ETF天弘,7504394457.0,份,,,akshare:szse_daily
2026-08-31,akshare_fund_scale_daily_szse,SZ,159738,云计算ETF华泰柏瑞,130992667.0,份,,,akshare:szse_daily
2026-08-31,akshare_fund_scale_daily_szse,SZ,159739,云计算ETF鹏华,415561230.0,份,,,akshare:szse_daily
2026-08-31,akshare_fund_scale_daily_szse,SZ,159740,恒生科技ETF大成,25207120448.0,份,,,akshare:szse_daily
2026-08-31,akshare_fund_scale_daily_szse,SZ,159741,恒生科技ETF嘉实,1371796712.0,份,,,akshare:szse_daily
2026-08-31,akshare_fund_scale_daily_szse,SZ,159742,恒生科技ETF博时,6256928292.0,份,,,akshare:szse_daily
2026-08-31,akshare_fund_scale_daily_szse,SZ,159743,湖北ETF博时,109941100.0,份,,,akshare:szse_daily
2026-08-31,akshare_fund_scale_daily_szse,SZ,159745,建材ETF国泰,1398688265.0,份,,,akshare:szse_daily
2026-08-31,akshare_fund_scale_daily_szse,SZ,159747,香港科技ETF南方,312712278.0,份,,,akshare:szse_daily
2026-08-31,akshare_fund_scale_daily_szse,SZ,159748,创新药ETF富国,1463692128.0,份,,,akshare:szse_daily
2026-08-31,akshare_fund_scale_daily_szse,SZ,159750,港股科技50ETF招商,1255618251.0,份,,,akshare:szse_daily
2026-08-31,akshare_fund_scale_daily_szse,SZ,159751,港股通科技ETF鹏华,882629628.0,份,,,akshare:szse_daily
2026-08-31,akshare_fund_scale_daily_szse,SZ,159752,新能源ETF申万菱信,354958917.0,份,,,akshare:szse_daily
2026-08-31,akshare_fund_scale_daily_szse,SZ,159755,电池ETF广发,7934646746.0,份,,,akshare:szse_daily
2026-08-31,akshare_fund_scale_daily_szse,SZ,159757,电池ETF景顺,243931891.0,份,,,akshare:szse_daily
2026-08-31,akshare_fund_scale_daily_szse,SZ,159758,红利质量ETF华夏,1338290777.0,份,,,akshare:szse_daily
2026-08-31,akshare_fund_scale_daily_szse,SZ,159760,医疗健康ETF泰康,132360223.0,份,,,akshare:szse_daily
2026-08-31,akshare_fund_scale_daily_szse,SZ,159761,新材料ETF国泰,197734117.0,份,,,akshare:szse_daily
2026-08-31,akshare_fund_scale_daily_szse,SZ,159763,新材料ETF建信,89707747.0,份,,,akshare:szse_daily
2026-08-31,akshare_fund_scale_daily_szse,SZ,159766,旅游ETF富国,5605140963.0,份,,,akshare:szse_daily
2026-08-31,akshare_fund_scale_daily_szse,SZ,159767,电池龙头ETF兴银,242873672.0,份,,,akshare:szse_daily
2026-08-31,akshare_fund_scale_daily_szse,SZ,159768,房地产ETF银华,895950311.0,份,,,akshare:szse_daily
2026-08-31,akshare_fund_scale_daily_szse,SZ,159770,机器人ETF天弘,6059587762.0,份,,,akshare:szse_daily
2026-08-31,akshare_fund_scale_daily_szse,SZ,159773,创业板科技ETF华泰柏瑞,144303120.0,份,,,akshare:szse_daily
2026-08-31,akshare_fund_scale_daily_szse,SZ,159775,电池ETF建信,676648961.0,份,,,akshare:szse_daily
2026-08-31,akshare_fund_scale_daily_szse,SZ,159776,港股医药ETF银华,78968765.0,份,,,akshare:szse_daily
2026-08-31,akshare_fund_scale_daily_szse,SZ,159777,创科技ETF国联安,28280565.0,份,,,akshare:szse_daily
2026-08-31,akshare_fund_scale_daily_szse,SZ,159778,工业互联网ETF鹏华,40255382.0,份,,,akshare:szse_daily
2026-08-31,akshare_fund_scale_daily_szse,SZ,159779,消费电子ETF招商,137869337.0,份,,,akshare:szse_daily
2026-08-31,akshare_fund_scale_daily_szse,SZ,159780,科创创业50ETF南方,3566648583.0,份,,,akshare:szse_daily
2026-08-31,akshare_fund_scale_daily_szse,SZ,159781,科创创业ETF易方达,15739860533.0,份,,,akshare:szse_daily
2026-08-31,akshare_fund_scale_daily_szse,SZ,159782,双创50ETF银华,576190267.0,份,,,akshare:szse_daily
2026-08-31,akshare_fund_scale_daily_szse,SZ,159783,科创创业50ETF华夏,5251659442.0,份,,,akshare:szse_daily
2026-08-31,akshare_fund_scale_daily_szse,SZ,159786,VRETF银华,85701174.0,份,,,akshare:szse_daily
2026-08-31,akshare_fund_scale_daily_szse,SZ,159787,建材ETF易方达,131521633.0,份,,,akshare:szse_daily
2026-08-31,akshare_fund_scale_daily_szse,SZ,159788,港股通100ETF易方达,70424965.0,份,,,akshare:szse_daily
2026-08-31,akshare_fund_scale_daily_szse,SZ,159790,碳中和ETF华夏,1545528485.0,份,,,akshare:szse_daily
2026-08-31,akshare_fund_scale_daily_szse,SZ,159791,300ESGETF华夏,31083347.0,份,,,akshare:szse_daily
2026-08-31,akshare_fund_scale_daily_szse,SZ,159792,港股通互联网ETF富国,64922855237.0,份,,,akshare:szse_daily
2026-08-31,akshare_fund_scale_daily_szse,SZ,159793,线上消费ETF平安,43758908.0,份,,,akshare:szse_daily
2026-08-31,akshare_fund_scale_daily_szse,SZ,159795,智能汽车ETF汇添富,28169473.0,份,,,akshare:szse_daily
2026-08-31,akshare_fund_scale_daily_szse,SZ,159796,电池ETF汇添富,6131467550.0,份,,,akshare:szse_daily
2026-08-31,akshare_fund_scale_daily_szse,SZ,159797,医疗器械ETF汇添富,392989247.0,份,,,akshare:szse_daily
2026-08-31,akshare_fund_scale_daily_szse,SZ,159798,消费ETF易方达,171245390.0,份,,,akshare:szse_daily
2026-08-31,akshare_fund_scale_daily_szse,SZ,159800,中证800ETF鹏华,26736802.0,份,,,akshare:szse_daily
2026-08-31,akshare_fund_scale_daily_szse,SZ,159801,芯片ETF广发,4517120172.0,份,,,akshare:szse_daily
2026-08-31,akshare_fund_scale_daily_szse,SZ,159804,创中盘88ETF国寿,15899676.0,份,,,akshare:szse_daily
2026-08-31,akshare_fund_scale_daily_szse,SZ,159805,传媒ETF鹏华,313452480.0,份,,,akshare:szse_daily
2026-08-31,akshare_fund_scale_daily_szse,SZ,159806,新能源车ETF国泰,862089446.0,份,,,akshare:szse_daily
2026-08-31,akshare_fund_scale_daily_szse,SZ,159807,科技ETF易方达,915051428.0,份,,,akshare:szse_daily
2026-08-31,akshare_fund_scale_daily_szse,SZ,159808,创100ETF融通,49484790.0,份,,,akshare:szse_daily
2026-08-31,akshare_fund_scale_daily_szse,SZ,159810,创业板ETF浦银,57475458.0,份,,,akshare:szse_daily
2026-08-31,akshare_fund_scale_daily_szse,SZ,159811,5GETF博时,74743393.0,份,,,akshare:szse_daily
2026-08-31,akshare_fund_scale_daily_szse,SZ,159812,黄金ETF前海开源,161713149.0,份,,,akshare:szse_daily
2026-08-31,akshare_fund_scale_daily_szse,SZ,159813,半导体ETF鹏华,8878724820.0,份,,,akshare:szse_daily
2026-08-31,akshare_fund_scale_daily_szse,SZ,159814,创业大盘ETF西部利得,512246520.0,份,,,akshare:szse_daily
2026-08-31,akshare_fund_scale_daily_szse,SZ,159816,0-4年地方债ETF鹏华,97147484.0,份,,,akshare:szse_daily
2026-08-31,akshare_fund_scale_daily_szse,SZ,159819,人工智能ETF易方达,12079229669.0,份,,,akshare:szse_daily
2026-08-31,akshare_fund_scale_daily_szse,SZ,159820,中证500ETF天弘,1356408470.0,份,,,akshare:szse_daily
2026-08-31,akshare_fund_scale_daily_szse,SZ,159821,创业板ETF中银证券,65920000.0,份,,,akshare:szse_daily
2026-08-31,akshare_fund_scale_daily_szse,SZ,159822,新经济ETF银华,292134315.0,份,,,akshare:szse_daily
2026-08-31,akshare_fund_scale_daily_szse,SZ,159824,新能源车ETF博时,82135070.0,份,,,akshare:szse_daily
2026-08-31,akshare_fund_scale_daily_szse,SZ,159825,农业ETF富国,2481077407.0,份,,,akshare:szse_daily
2026-08-31,akshare_fund_scale_daily_szse,SZ,159827,农业ETF银华,86716463.0,份,,,akshare:szse_daily
2026-08-31,akshare_fund_scale_daily_szse,SZ,159828,医疗ETF国泰,4644439464.0,份,,,akshare:szse_daily
2026-08-31,akshare_fund_scale_daily_szse,SZ,159830,金ETF天弘,348514066.0,份,,,akshare:szse_daily
2026-08-31,akshare_fund_scale_daily_szse,SZ,159831,金ETF嘉实,245456243.0,份,,,akshare:szse_daily
2026-08-31,akshare_fund_scale_daily_szse,SZ,159834,金ETF南方,230761376.0,份,,,akshare:szse_daily
2026-08-31,akshare_fund_scale_daily_szse,SZ,159835,创新药ETF建信,365504143.0,份,,,akshare:szse_daily
2026-08-31,akshare_fund_scale_daily_szse,SZ,159836,创业板300ETF天弘,117747113.0,份,,,akshare:szse_daily
2026-08-31,akshare_fund_scale_daily_szse,SZ,159837,生物科技ETF易方达,2813152837.0,份,,,akshare:szse_daily
2026-08-31,akshare_fund_scale_daily_szse,SZ,159838,医药50ETF博时,225763462.0,份,,,akshare:szse_daily
2026-08-31,akshare_fund_scale_daily_szse,SZ,159839,生物医药ETF汇添富,2619735165.0,份,,,akshare:szse_daily
2026-08-31,akshare_fund_scale_daily_szse,SZ,159840,锂电池ETF工银,1945574851.0,份,,,akshare:szse_daily
2026-08-31,akshare_fund_scale_daily_szse,SZ,159841,证券ETF天弘,12011838465.0,份,,,akshare:szse_daily
2026-08-31,akshare_fund_scale_daily_szse,SZ,159842,券商ETF银华,9084250631.0,份,,,akshare:szse_daily
2026-08-31,akshare_fund_scale_daily_szse,SZ,159843,食品饮料ETF招商,610455141.0,份,,,akshare:szse_daily
2026-08-31,akshare_fund_scale_daily_szse,SZ,159845,中证1000ETF华夏,2133425606.0,份,,,akshare:szse_daily
2026-08-31,akshare_fund_scale_daily_szse,SZ,159847,医疗ETF易方达,3857825354.0,份,,,akshare:szse_daily
2026-08-31,akshare_fund_scale_daily_szse,SZ,159848,证券ETF国联安,154811239.0,份,,,akshare:szse_daily
2026-08-31,akshare_fund_scale_daily_szse,SZ,159849,生物科技ETF招商,158372396.0,份,,,akshare:szse_daily
2026-08-31,akshare_fund_scale_daily_szse,SZ,159850,恒生国企ETF华夏,420706498.0,份,,,akshare:szse_daily
2026-08-31,akshare_fund_scale_daily_szse,SZ,159851,金融科技ETF华宝,10004904148.0,份,,,akshare:szse_daily
2026-08-31,akshare_fund_scale_daily_szse,SZ,159852,软件ETF嘉实,14045623921.0,份,,,akshare:szse_daily
2026-08-31,akshare_fund_scale_daily_szse,SZ,159855,影视ETF银华,268925236.0,份,,,akshare:szse_daily
2026-08-31,akshare_fund_scale_daily_szse,SZ,159856,互联网龙头ETF工银,347372474.0,份,,,akshare:szse_daily
2026-08-31,akshare_fund_scale_daily_szse,SZ,159857,光伏ETF天弘,2221515725.0,份,,,akshare:szse_daily
2026-08-31,akshare_fund_scale_daily_szse,SZ,159858,创新药ETF南方,1029098318.0,份,,,akshare:szse_daily
2026-08-31,akshare_fund_scale_daily_szse,SZ,159859,生物医药ETF天弘,10388240054.0,份,,,akshare:szse_daily
2026-08-31,akshare_fund_scale_daily_szse,SZ,159861,碳中和50ETF国泰,97117535.0,份,,,akshare:szse_daily
2026-08-31,akshare_fund_scale_daily_szse,SZ,159862,食品饮料ETF银华,309000623.0,份,,,akshare:szse_daily
2026-08-31,akshare_fund_scale_daily_szse,SZ,159863,光伏ETF鹏华,294729352.0,份,,,akshare:szse_daily
2026-08-31,akshare_fund_scale_daily_szse,SZ,159864,光伏ETF国泰,633526827.0,份,,,akshare:szse_daily
2026-08-31,akshare_fund_scale_daily_szse,SZ,159865,养殖ETF国泰,12297455659.0,份,,,akshare:szse_daily
2026-08-31,akshare_fund_scale_daily_szse,SZ,159866,日经ETF工银,1122479377.0,份,,,akshare:szse_daily
2026-08-31,akshare_fund_scale_daily_szse,SZ,159867,养殖ETF鹏华,1597643594.0,份,,,akshare:szse_daily
2026-08-31,akshare_fund_scale_daily_szse,SZ,159869,游戏ETF华夏,8085082127.0,份,,,akshare:szse_daily
2026-08-31,akshare_fund_scale_daily_szse,SZ,159870,化工ETF鹏华,16789607019.0,份,,,akshare:szse_daily
2026-08-31,akshare_fund_scale_daily_szse,SZ,159871,有色ETF银华,1136232506.0,份,,,akshare:szse_daily
2026-08-31,akshare_fund_scale_daily_szse,SZ,159872,智能网联汽车ETF鹏华,58799732.0,份,,,akshare:szse_daily
2026-08-31,akshare_fund_scale_daily_szse,SZ,159873,医疗设备ETF天弘,471920000.0,份,,,akshare:szse_daily
2026-08-31,akshare_fund_scale_daily_szse,SZ,159875,新能源ETF嘉实,2451162899.0,份,,,akshare:szse_daily
2026-08-31,akshare_fund_scale_daily_szse,SZ,159876,有色ETF华宝,1686577018.0,份,,,akshare:szse_daily
2026-08-31,akshare_fund_scale_daily_szse,SZ,159877,医疗ETF南方,246792292.0,份,,,akshare:szse_daily
2026-08-31,akshare_fund_scale_daily_szse,SZ,159880,有色ETF鹏华,1281103036.0,份,,,akshare:szse_daily
2026-08-31,akshare_fund_scale_daily_szse,SZ,159881,有色金属ETF国泰,191499166.0,份,,,akshare:szse_daily
2026-08-31,akshare_fund_scale_daily_szse,SZ,159883,医疗器械ETF永赢,9012037843.0,份,,,akshare:szse_daily
2026-08-31,akshare_fund_scale_daily_szse,SZ,159885,碳中和ETF鹏华,247467316.0,份,,,akshare:szse_daily
2026-08-31,akshare_fund_scale_daily_szse,SZ,159886,机械ETF富国,71442555.0,份,,,akshare:szse_daily
2026-08-31,akshare_fund_scale_daily_szse,SZ,159887,银行ETF富国,575115950.0,份,,,akshare:szse_daily
2026-08-31,akshare_fund_scale_daily_szse,SZ,159888,智能汽车ETF华夏,70446068.0,份,,,akshare:szse_daily
2026-08-31,akshare_fund_scale_daily_szse,SZ,159889,智能汽车ETF国泰,27400796.0,份,,,akshare:szse_daily
2026-08-31,akshare_fund_scale_daily_szse,SZ,159890,云计算ETF招商,231590688.0,份,,,akshare:szse_daily
2026-08-31,akshare_fund_scale_daily_szse,SZ,159891,医疗ETF建信,349024837.0,份,,,akshare:szse_daily
2026-08-31,akshare_fund_scale_daily_szse,SZ,159892,恒生医药ETF华夏,5400266022.0,份,,,akshare:szse_daily
2026-08-31,akshare_fund_scale_daily_szse,SZ,159895,物联网ETF易方达,75241864.0,份,,,akshare:szse_daily
2026-08-31,akshare_fund_scale_daily_szse,SZ,159896,物联网ETF南方,38055960.0,份,,,akshare:szse_daily
2026-08-31,akshare_fund_scale_daily_szse,SZ,159898,医疗器械ETF招商,899098825.0,份,,,akshare:szse_daily
2026-08-31,akshare_fund_scale_daily_szse,SZ,159899,软件ETF招商,979977729.0,份,,,akshare:szse_daily
2026-08-31,akshare_fund_scale_daily_szse,SZ,159901,深证100ETF易方达,978534930.0,份,,,akshare:szse_daily
2026-08-31,akshare_fund_scale_daily_szse,SZ,159902,中小100ETF华夏,75960849.0,份,,,akshare:szse_daily
2026-08-31,akshare_fund_scale_daily_szse,SZ,159903,深成ETF南方,439154507.0,份,,,akshare:szse_daily
2026-08-31,akshare_fund_scale_daily_szse,SZ,159905,红利ETF工银,987443951.0,份,,,akshare:szse_daily
2026-08-31,akshare_fund_scale_daily_szse,SZ,159906,深成长ETF大成,141639725.0,份,,,akshare:szse_daily
2026-08-31,akshare_fund_scale_daily_szse,SZ,159907,国证2000ETF广发,173197694.0,份,,,akshare:szse_daily
2026-08-31,akshare_fund_scale_daily_szse,SZ,159908,创业板ETF博时,317229029.0,份,,,akshare:szse_daily
2026-08-31,akshare_fund_scale_daily_szse,SZ,159909,TMT50ETF招商,531561992.0,份,,,akshare:szse_daily
2026-08-31,akshare_fund_scale_daily_szse,SZ,159910,基本面120ETF嘉实,82906143.0,份,,,akshare:szse_daily
2026-08-31,akshare_fund_scale_daily_szse,SZ,159912,深300ETF汇添富,68448991.0,份,,,akshare:szse_daily
2026-08-31,akshare_fund_scale_daily_szse,SZ,159913,深价值ETF交银,22329693.0,份,,,akshare:szse_daily
2026-08-31,akshare_fund_scale_daily_szse,SZ,159915,创业板ETF易方达,18916454936.0,份,,,akshare:szse_daily
2026-08-31,akshare_fund_scale_daily_szse,SZ,159916,基本面ETF建信,42566039.0,份,,,akshare:szse_daily
2026-08-31,akshare_fund_scale_daily_szse,SZ,159918,中创400ETF嘉实,30561264.0,份,,,akshare:szse_daily
2026-08-31,akshare_fund_scale_daily_szse,SZ,159919,沪深300ETF嘉实,6298416676.0,份,,,akshare:szse_daily
2026-08-31,akshare_fund_scale_daily_szse,SZ,159920,恒生ETF华夏,5721559219.0,份,,,akshare:szse_daily
2026-08-31,akshare_fund_scale_daily_szse,SZ,159922,中证500ETF嘉实,2788676765.0,份,,,akshare:szse_daily
2026-08-31,akshare_fund_scale_daily_szse,SZ,159923,中证A100ETF大成,13285812.0,份,,,akshare:szse_daily
2026-08-31,akshare_fund_scale_daily_szse,SZ,159925,沪深300ETF南方,637520856.0,份,,,akshare:szse_daily
2026-08-31,akshare_fund_scale_daily_szse,SZ,159928,消费ETF汇添富,23066629040.0,份,,,akshare:szse_daily
2026-08-31,akshare_fund_scale_daily_szse,SZ,159929,医药ETF汇添富,1651704203.0,份,,,akshare:szse_daily
2026-08-31,akshare_fund_scale_daily_szse,SZ,159930,能源ETF汇添富,559898150.0,份,,,akshare:szse_daily
2026-08-31,akshare_fund_scale_daily_szse,SZ,159931,金融地产ETF汇添富,18328511.0,份,,,akshare:szse_daily
2026-08-31,akshare_fund_scale_daily_szse,SZ,159933,金融地产ETF国投瑞银,36378943.0,份,,,akshare:szse_daily
2026-08-31,akshare_fund_scale_daily_szse,SZ,159934,黄金ETF易方达,3918408998.0,份,,,akshare:szse_daily
2026-08-31,akshare_fund_scale_daily_szse,SZ,159935,中证500ETF景顺,26572956.0,份,,,akshare:szse_daily
2026-08-31,akshare_fund_scale_daily_szse,SZ,159936,可选消费ETF广发,108156094.0,份,,,akshare:szse_daily
2026-08-31,akshare_fund_scale_daily_szse,SZ,159937,黄金ETF博时,4733621977.0,份,,,akshare:szse_daily
2026-08-31,akshare_fund_scale_daily_szse,SZ,159938,医药ETF广发,7239567236.0,份,,,akshare:szse_daily
2026-08-31,akshare_fund_scale_daily_szse,SZ,159939,信息技术ETF广发,797656106.0,份,,,akshare:szse_daily
2026-08-31,akshare_fund_scale_daily_szse,SZ,159940,金融地产ETF广发,284059983.0,份,,,akshare:szse_daily
2026-08-31,akshare_fund_scale_daily_szse,SZ,159941,纳指ETF广发,22541010164.0,份,,,akshare:szse_daily
2026-08-31,akshare_fund_scale_daily_szse,SZ,159943,深证成指ETF大成,200229922.0,份,,,akshare:szse_daily
2026-08-31,akshare_fund_scale_daily_szse,SZ,159944,材料ETF广发,31608342.0,份,,,akshare:szse_daily
2026-08-31,akshare_fund_scale_daily_szse,SZ,159945,能源ETF广发,60072327.0,份,,,akshare:szse_daily
2026-08-31,akshare_fund_scale_daily_szse,SZ,159948,创业板ETF南方,1176697720.0,份,,,akshare:szse_daily
2026-08-31,akshare_fund_scale_daily_szse,SZ,159949,创业板50ETF华安,15515785113.0,份,,,akshare:szse_daily
2026-08-31,akshare_fund_scale_daily_szse,SZ,159952,创业板ETF广发,5424184929.0,份,,,akshare:szse_daily
2026-08-31,akshare_fund_scale_daily_szse,SZ,159954,恒生中国企业ETF南方,189105083.0,份,,,akshare:szse_daily
2026-08-31,akshare_fund_scale_daily_szse,SZ,159956,创业板ETF建信,47978674.0,份,,,akshare:szse_daily
2026-08-31,akshare_fund_scale_daily_szse,SZ,159957,创业板ETF华夏,1172784560.0,份,,,akshare:szse_daily
2026-08-31,akshare_fund_scale_daily_szse,SZ,159958,创业板ETF工银,238511448.0,份,,,akshare:szse_daily
2026-08-31,akshare_fund_scale_daily_szse,SZ,159959,央企ETF银华,1826891780.0,份,,,akshare:szse_daily
2026-08-31,akshare_fund_scale_daily_szse,SZ,159960,恒生中国企业ETF平安,70573960.0,份,,,akshare:szse_daily
2026-08-31,akshare_fund_scale_daily_szse,SZ,159961,深100ETF方正富邦,99245196.0,份,,,akshare:szse_daily
2026-08-31,akshare_fund_scale_daily_szse,SZ,159964,创业板ETF平安,173481881.0,份,,,akshare:szse_daily
2026-08-31,akshare_fund_scale_daily_szse,SZ,159965,央视50ETF国联,21426953.0,份,,,akshare:szse_daily
2026-08-31,akshare_fund_scale_daily_szse,SZ,159966,创业板价值ETF华夏,645299521.0,份,,,akshare:szse_daily
2026-08-31,akshare_fund_scale_daily_szse,SZ,159967,创业板成长ETF华夏,7371305811.0,份,,,akshare:szse_daily
2026-08-31,akshare_fund_scale_daily_szse,SZ,159968,中证500ETF博时,65295098.0,份,,,akshare:szse_daily
2026-08-31,akshare_fund_scale_daily_szse,SZ,159970,深100ETF工银,10468704.0,份,,,akshare:szse_daily
2026-08-31,akshare_fund_scale_daily_szse,SZ,159971,创业板ETF富国,1738020288.0,份,,,akshare:szse_daily
2026-08-31,akshare_fund_scale_daily_szse,SZ,159972,5年地方债ETF鹏华,66575910.0,份,,,akshare:szse_daily
2026-08-31,akshare_fund_scale_daily_szse,SZ,159973,民企ETF弘毅远方,199976423.0,份,,,akshare:szse_daily
2026-08-31,akshare_fund_scale_daily_szse,SZ,159974,央企创新ETF富国,40432422.0,份,,,akshare:szse_daily
2026-08-31,akshare_fund_scale_daily_szse,SZ,159975,深100ETF招商,51937760.0,份,,,akshare:szse_daily
2026-08-31,akshare_fund_scale_daily_szse,SZ,159976,湾创ETF工银,63885872.0,份,,,akshare:szse_daily
2026-08-31,akshare_fund_scale_daily_szse,SZ,159977,创业板ETF天弘,3639872820.0,份,,,akshare:szse_daily
2026-08-31,akshare_fund_scale_daily_szse,SZ,159980,有色ETF大成,2927824777.0,份,,,akshare:szse_daily
2026-08-31,akshare_fund_scale_daily_szse,SZ,159981,能源化工ETF建信,1861536957.0,份,,,akshare:szse_daily
2026-08-31,akshare_fund_scale_daily_szse,SZ,159982,中证500ETF鹏华,204211253.0,份,,,akshare:szse_daily
2026-08-31,akshare_fund_scale_daily_szse,SZ,159985,豆粕ETF华夏,1561924066.0,份,,,akshare:szse_daily
2026-08-31,akshare_fund_scale_daily_szse,SZ,159991,创业板大盘ETF招商,102663172.0,份,,,akshare:szse_daily
2026-08-31,akshare_fund_scale_daily_szse,SZ,159992,创新药ETF银华,19634381217.0,份,,,akshare:szse_daily
2026-08-31,akshare_fund_scale_daily_szse,SZ,159993,证券ETF鹏华,3228697982.0,份,,,akshare:szse_daily
2026-08-31,akshare_fund_scale_daily_szse,SZ,159994,通信ETF银华,3885003358.0,份,,,akshare:szse_daily
2026-08-31,akshare_fund_scale_daily_szse,SZ,159995,芯片ETF华夏,24166126012.0,份,,,akshare:szse_daily
2026-08-31,akshare_fund_scale_daily_szse,SZ,159996,家电ETF国泰,540554846.0,份,,,akshare:szse_daily
2026-08-31,akshare_fund_scale_daily_szse,SZ,159997,电子ETF天弘,707306634.0,份,,,akshare:szse_daily
2026-08-31,akshare_fund_scale_daily_szse,SZ,159998,计算机ETF天弘,1599455354.0,份,,,akshare:szse_daily
2026-08-28,akshare_fund_scale_daily_szse,SZ,158000,港股通金融ETF鹏华,154925835.0,份,,,akshare:szse_daily
2026-08-28,akshare_fund_scale_daily_szse,SZ,158001,价值ETF嘉实,197392624.0,份,,,akshare:szse_daily
2026-08-28,akshare_fund_scale_daily_szse,SZ,158003,港股通医疗ETF嘉实,124654396.0,份,,,akshare:szse_daily
2026-08-28,akshare_fund_scale_daily_szse,SZ,158005,工程机械ETF博时,175061376.0,份,,,akshare:szse_daily
2026-08-28,akshare_fund_scale_daily_szse,SZ,158006,化工ETF博时,41046012.0,份,,,akshare:szse_daily
2026-08-28,akshare_fund_scale_daily_szse,SZ,158008,新能源电池ETF华夏,250413126.0,份,,,akshare:szse_daily
2026-08-28,akshare_fund_scale_daily_szse,SZ,158009,航空航天ETF南方,40373819.0,份,,,akshare:szse_daily
2026-08-28,akshare_fund_scale_daily_szse,SZ,158010,医疗ETF嘉实,232213319.0,份,,,akshare:szse_daily
2026-08-28,akshare_fund_scale_daily_szse,SZ,158012,云计算ETF南方,283825566.0,份,,,akshare:szse_daily
2026-08-28,akshare_fund_scale_daily_szse,SZ,158017,化工ETF易方达,147594582.0,份,,,akshare:szse_daily
2026-08-28,akshare_fund_scale_daily_szse,SZ,158019,电池ETF永赢,282281913.0,份,,,akshare:szse_daily
2026-08-28,akshare_fund_scale_daily_szse,SZ,159001,货币ETF易方达,32570931.0,份,,,akshare:szse_daily
2026-08-28,akshare_fund_scale_daily_szse,SZ,159003,招商快线ETF,2075624.0,份,,,akshare:szse_daily
2026-08-28,akshare_fund_scale_daily_szse,SZ,159005,快钱ETF汇添富,1170456.0,份,,,akshare:szse_daily
2026-08-28,akshare_fund_scale_daily_szse,SZ,159007,养殖ETF华泰柏瑞,188603274.0,份,,,akshare:szse_daily
2026-08-28,akshare_fund_scale_daily_szse,SZ,159008,证券ETF景顺,110784531.0,份,,,akshare:szse_daily
2026-08-28,akshare_fund_scale_daily_szse,SZ,159009,创业板新能源ETF易方达,59392703.0,份,,,akshare:szse_daily
2026-08-28,akshare_fund_scale_daily_szse,SZ,159010,港股通科技ETF博时,200097611.0,份,,,akshare:szse_daily
2026-08-28,akshare_fund_scale_daily_szse,SZ,159011,养殖ETF华安,28505168.0,份,,,akshare:szse_daily
2026-08-28,akshare_fund_scale_daily_szse,SZ,159012,科创创业50ETF鹏华,116881148.0,份,,,akshare:szse_daily
2026-08-28,akshare_fund_scale_daily_szse,SZ,159013,工业互联网ETF大成,39578881.0,份,,,akshare:szse_daily
2026-08-28,akshare_fund_scale_daily_szse,SZ,159015,恒生港股通科技ETF国联,110352934.0,份,,,akshare:szse_daily
2026-08-28,akshare_fund_scale_daily_szse,SZ,159016,证券ETF广发,344540154.0,份,,,akshare:szse_daily
2026-08-28,akshare_fund_scale_daily_szse,SZ,159017,石油ETF工银,151256813.0,份,,,akshare:szse_daily
2026-08-28,akshare_fund_scale_daily_szse,SZ,159018,石油ETF广发,25904203.0,份,,,akshare:szse_daily
2026-08-28,akshare_fund_scale_daily_szse,SZ,159019,石油ETF华宝,48327711.0,份,,,akshare:szse_daily
2026-08-28,akshare_fund_scale_daily_szse,SZ,159020,养殖ETF易方达,127567082.0,份,,,akshare:szse_daily
2026-08-28,akshare_fund_scale_daily_szse,SZ,159021,大盘价值ETF华夏,91907712.0,份,,,akshare:szse_daily
2026-08-28,akshare_fund_scale_daily_szse,SZ,159022,科创创业人工智能ETF富国,177630967.0,份,,,akshare:szse_daily
2026-08-28,akshare_fund_scale_daily_szse,SZ,159023,养殖ETF万家,41777943.0,份,,,akshare:szse_daily
2026-08-28,akshare_fund_scale_daily_szse,SZ,159026,石油ETF南方,45513446.0,份,,,akshare:szse_daily
2026-08-28,akshare_fund_scale_daily_szse,SZ,159027,畜牧养殖ETF大成,112472283.0,份,,,akshare:szse_daily
2026-08-28,akshare_fund_scale_daily_szse,SZ,159028,港股汽车ETF天弘,125449016.0,份,,,akshare:szse_daily
2026-08-28,akshare_fund_scale_daily_szse,SZ,159029,有色ETF广发,293127717.0,份,,,akshare:szse_daily
2026-08-28,akshare_fund_scale_daily_szse,SZ,159030,粮食ETF华夏,371468176.0,份,,,akshare:szse_daily
2026-08-28,akshare_fund_scale_daily_szse,SZ,159031,粮食ETF博时,525028624.0,份,,,akshare:szse_daily
2026-08-28,akshare_fund_scale_daily_szse,SZ,159032,工业有色ETF易方达,253845019.0,份,,,akshare:szse_daily
2026-08-28,akshare_fund_scale_daily_szse,SZ,159033,粮食ETF国泰,111323473.0,份,,,akshare:szse_daily
2026-08-28,akshare_fund_scale_daily_szse,SZ,159035,软件ETF天弘,606859726.0,份,,,akshare:szse_daily
2026-08-28,akshare_fund_scale_daily_szse,SZ,159036,软件开发ETF华宝,289740164.0,份,,,akshare:szse_daily
2026-08-28,akshare_fund_scale_daily_szse,SZ,159037,价值ETF鹏华,70249832.0,份,,,akshare:szse_daily
2026-08-28,akshare_fund_scale_daily_szse,SZ,159038,粮食ETF易方达,202026939.0,份,,,akshare:szse_daily
2026-08-28,akshare_fund_scale_daily_szse,SZ,159039,机器人ETF华安,1004461422.0,份,,,akshare:szse_daily
2026-08-28,akshare_fund_scale_daily_szse,SZ,159040,港股通互联网ETF鹏华,32481087.0,份,,,akshare:szse_daily
2026-08-28,akshare_fund_scale_daily_szse,SZ,159041,农业ETF鹏华,59471832.0,份,,,akshare:szse_daily
2026-08-28,akshare_fund_scale_daily_szse,SZ,159042,价值ETF汇添富,98801105.0,份,,,akshare:szse_daily
2026-08-28,akshare_fund_scale_daily_szse,SZ,159043,食品ETF华安,92770695.0,份,,,akshare:szse_daily
2026-08-28,akshare_fund_scale_daily_szse,SZ,159045,稀有金属ETF大成,167330213.0,份,,,akshare:szse_daily
2026-08-28,akshare_fund_scale_daily_szse,SZ,159046,绿电ETF天弘,485976854.0,份,,,akshare:szse_daily
2026-08-28,akshare_fund_scale_daily_szse,SZ,159048,机器人ETF大成,196803897.0,份,,,akshare:szse_daily
2026-08-28,akshare_fund_scale_daily_szse,SZ,159049,有色ETF工银,35073319.0,份,,,akshare:szse_daily
2026-08-28,akshare_fund_scale_daily_szse,SZ,159050,机器人ETF广发,662703612.0,份,,,akshare:szse_daily
2026-08-28,akshare_fund_scale_daily_szse,SZ,159051,医疗器械ETF易方达,88117894.0,份,,,akshare:szse_daily
2026-08-28,akshare_fund_scale_daily_szse,SZ,159052,新能源电池ETF嘉实,193926092.0,份,,,akshare:szse_daily
2026-08-28,akshare_fund_scale_daily_szse,SZ,159053,稀有金属ETF华夏,161198132.0,份,,,akshare:szse_daily
2026-08-28,akshare_fund_scale_daily_szse,SZ,159055,稀有金属ETF富国,121293952.0,份,,,akshare:szse_daily
2026-08-28,akshare_fund_scale_daily_szse,SZ,159056,医疗器械ETF富国,64934358.0,份,,,akshare:szse_daily
2026-08-28,akshare_fund_scale_daily_szse,SZ,159057,医疗器械ETF鹏华,28715334.0,份,,,akshare:szse_daily
2026-08-28,akshare_fund_scale_daily_szse,SZ,159058,证券ETF大成,92331247.0,份,,,akshare:szse_daily
2026-08-28,akshare_fund_scale_daily_szse,SZ,159059,电力ETF大成,56830063.0,份,,,akshare:szse_daily
2026-08-28,akshare_fund_scale_daily_szse,SZ,159060,粮食ETF浦银,27483423.0,份,,,akshare:szse_daily
2026-08-28,akshare_fund_scale_daily_szse,SZ,159061,绿色电力ETF南方,215240230.0,份,,,akshare:szse_daily
2026-08-28,akshare_fund_scale_daily_szse,SZ,159062,稀有金属ETF南方,114201256.0,份,,,akshare:szse_daily
2026-08-28,akshare_fund_scale_daily_szse,SZ,159063,粮食ETF南方,50486647.0,份,,,akshare:szse_daily
2026-08-28,akshare_fund_scale_daily_szse,SZ,159065,工程机械ETF景顺,108350818.0,份,,,akshare:szse_daily
2026-08-28,akshare_fund_scale_daily_szse,SZ,159066,A股ETF建信,210733027.0,份,,,akshare:szse_daily
2026-08-28,akshare_fund_scale_daily_szse,SZ,159067,绿色电力ETF鹏华,20908737.0,份,,,akshare:szse_daily
2026-08-28,akshare_fund_scale_daily_szse,SZ,159068,软件ETF华夏,66336570.0,份,,,akshare:szse_daily
2026-08-28,akshare_fund_scale_daily_szse,SZ,159069,创业板新能源ETF华泰柏瑞,40770440.0,份,,,akshare:szse_daily
2026-08-28,akshare_fund_scale_daily_szse,SZ,159070,工程机械ETF嘉实,104366883.0,份,,,akshare:szse_daily
2026-08-28,akshare_fund_scale_daily_szse,SZ,159071,新能源电池ETF华宝,119911738.0,份,,,akshare:szse_daily
2026-08-28,akshare_fund_scale_daily_szse,SZ,159072,粮食ETF景顺,40285157.0,份,,,akshare:szse_daily
2026-08-28,akshare_fund_scale_daily_szse,SZ,159073,粮食ETF汇添富,75173864.0,份,,,akshare:szse_daily
2026-08-28,akshare_fund_scale_daily_szse,SZ,159075,工业互联网ETF华夏,177197165.0,份,,,akshare:szse_daily
2026-08-28,akshare_fund_scale_daily_szse,SZ,159076,创业板新能源ETF华宝,252373015.0,份,,,akshare:szse_daily
2026-08-28,akshare_fund_scale_daily_szse,SZ,159077,电池ETF鑫元,34242574.0,份,,,akshare:szse_daily
2026-08-28,akshare_fund_scale_daily_szse,SZ,159078,A股ETF富国,172262460.0,份,,,akshare:szse_daily
2026-08-28,akshare_fund_scale_daily_szse,SZ,159079,价值ETF兴全,91806830.0,份,,,akshare:szse_daily
2026-08-28,akshare_fund_scale_daily_szse,SZ,159082,化工ETF华夏,82531212.0,份,,,akshare:szse_daily
2026-08-28,akshare_fund_scale_daily_szse,SZ,159083,红利低波100ETF嘉实,189370472.0,份,,,akshare:szse_daily
2026-08-28,akshare_fund_scale_daily_szse,SZ,159085,价值ETF永赢,34535454.0,份,,,akshare:szse_daily
2026-08-28,akshare_fund_scale_daily_szse,SZ,159086,金融科技ETF广发,30399823.0,份,,,akshare:szse_daily
2026-08-28,akshare_fund_scale_daily_szse,SZ,159087,化工ETF万家,35992150.0,份,,,akshare:szse_daily
2026-08-28,akshare_fund_scale_daily_szse,SZ,159091,港股通金融ETF易方达,27374196.0,份,,,akshare:szse_daily
2026-08-28,akshare_fund_scale_daily_szse,SZ,159093,化工ETF汇添富,28681470.0,份,,,akshare:szse_daily
2026-08-28,akshare_fund_scale_daily_szse,SZ,159095,云计算ETF银华,225468139.0,份,,,akshare:szse_daily
2026-08-28,akshare_fund_scale_daily_szse,SZ,159096,价值ETF华夏,243631305.0,份,,,akshare:szse_daily
2026-08-28,akshare_fund_scale_daily_szse,SZ,159098,价值ETF招商,123891589.0,份,,,akshare:szse_daily
2026-08-28,akshare_fund_scale_daily_szse,SZ,159099,云计算ETF华宝,109610546.0,份,,,akshare:szse_daily
2026-08-28,akshare_fund_scale_daily_szse,SZ,159100,巴西ETF华夏,474546935.0,份,,,akshare:szse_daily
2026-08-28,akshare_fund_scale_daily_szse,SZ,159101,港股通科技ETF华夏,2874311457.0,份,,,akshare:szse_daily
2026-08-28,akshare_fund_scale_daily_szse,SZ,159102,港股通生物科技ETF华安,660622004.0,份,,,akshare:szse_daily
2026-08-28,akshare_fund_scale_daily_szse,SZ,159103,金融科技ETF汇添富,312406771.0,份,,,akshare:szse_daily
2026-08-28,akshare_fund_scale_daily_szse,SZ,159105,恒生生物科技ETF易方达,182272984.0,份,,,akshare:szse_daily
2026-08-28,akshare_fund_scale_daily_szse,SZ,159106,民企300ETF前海开源,39579488.0,份,,,akshare:szse_daily
2026-08-28,akshare_fund_scale_daily_szse,SZ,159107,创业板软件ETF富国,774823006.0,份,,,akshare:szse_daily
2026-08-28,akshare_fund_scale_daily_szse,SZ,159108,工业软件ETF博时,125738511.0,份,,,akshare:szse_daily
2026-08-28,akshare_fund_scale_daily_szse,SZ,159109,恒生50ETF景顺,571163854.0,份,,,akshare:szse_daily
2026-08-28,akshare_fund_scale_daily_szse,SZ,159110,科创债ETF万家,22627093.0,份,,,akshare:szse_daily
2026-08-28,akshare_fund_scale_daily_szse,SZ,159111,科创债ETF天弘,144276676.0,份,,,akshare:szse_daily
2026-08-28,akshare_fund_scale_daily_szse,SZ,159112,科创债ETF银华,221987830.0,份,,,akshare:szse_daily
2026-08-28,akshare_fund_scale_daily_szse,SZ,159113,科创债ETF大成,86896237.0,份,,,akshare:szse_daily
2026-08-28,akshare_fund_scale_daily_szse,SZ,159115,科创债ETF华安,52593487.0,份,,,akshare:szse_daily
2026-08-28,akshare_fund_scale_daily_szse,SZ,159116,科创债ETF工银,113902743.0,份,,,akshare:szse_daily
2026-08-28,akshare_fund_scale_daily_szse,SZ,159117,港股通红利低波ETF鹏华,61401153.0,份,,,akshare:szse_daily
2026-08-28,akshare_fund_scale_daily_szse,SZ,159118,港股通红利低波ETF华夏,69677020.0,份,,,akshare:szse_daily
2026-08-28,akshare_fund_scale_daily_szse,SZ,159119,800现金流ETF招商,144054229.0,份,,,akshare:szse_daily
2026-08-28,akshare_fund_scale_daily_szse,SZ,159120,港股通科技ETF国联安,148024466.0,份,,,akshare:szse_daily
2026-08-28,akshare_fund_scale_daily_szse,SZ,159121,港股通汽车ETF易方达,144481127.0,份,,,akshare:szse_daily
2026-08-28,akshare_fund_scale_daily_szse,SZ,159122,创业板新能源ETF富国,67160935.0,份,,,akshare:szse_daily
2026-08-28,akshare_fund_scale_daily_szse,SZ,159123,光伏ETF嘉实,387047026.0,份,,,akshare:szse_daily
2026-08-28,akshare_fund_scale_daily_szse,SZ,159125,港股通科技ETF招商,840245883.0,份,,,akshare:szse_daily
2026-08-28,akshare_fund_scale_daily_szse,SZ,159126,港股通50ETF南方,227616546.0,份,,,akshare:szse_daily
2026-08-28,akshare_fund_scale_daily_szse,SZ,159127,港股通红利ETF南方,152844268.0,份,,,akshare:szse_daily
2026-08-28,akshare_fund_scale_daily_szse,SZ,159128,港股科技ETF天弘,1891760841.0,份,,,akshare:szse_daily
2026-08-28,akshare_fund_scale_daily_szse,SZ,159129,化工ETF嘉实,1141406595.0,份,,,akshare:szse_daily
2026-08-28,akshare_fund_scale_daily_szse,SZ,159130,恒生生物科技ETF鹏华,199389466.0,份,,,akshare:szse_daily
2026-08-28,akshare_fund_scale_daily_szse,SZ,159131,港股通信息技术ETF华宝,2260919902.0,份,,,akshare:szse_daily
2026-08-28,akshare_fund_scale_daily_szse,SZ,159132,恒生生物科技ETF富国,122963558.0,份,,,akshare:szse_daily
2026-08-28,akshare_fund_scale_daily_szse,SZ,159133,化工ETF天弘,1568413345.0,份,,,akshare:szse_daily
2026-08-28,akshare_fund_scale_daily_szse,SZ,159135,港股通科技ETF前海开源,618466376.0,份,,,akshare:szse_daily
2026-08-28,akshare_fund_scale_daily_szse,SZ,159136,A50ETF广发,109414074.0,份,,,akshare:szse_daily
2026-08-28,akshare_fund_scale_daily_szse,SZ,159137,港股通医疗ETF华宝,163632607.0,份,,,akshare:szse_daily
2026-08-28,akshare_fund_scale_daily_szse,SZ,159138,工程机械ETF易方达,295267924.0,份,,,akshare:szse_daily
2026-08-28,akshare_fund_scale_daily_szse,SZ,159139,科创创业人工智能ETF华泰柏瑞,186109210.0,份,,,akshare:szse_daily
2026-08-28,akshare_fund_scale_daily_szse,SZ,159140,科创创业人工智能ETF易方达,501936834.0,份,,,akshare:szse_daily
2026-08-28,akshare_fund_scale_daily_szse,SZ,159141,科创创业人工智能ETF永赢,1335060730.0,份,,,akshare:szse_daily
2026-08-28,akshare_fund_scale_daily_szse,SZ,159142,科创创业人工智能ETF景顺,1177260142.0,份,,,akshare:szse_daily
2026-08-28,akshare_fund_scale_daily_szse,SZ,159143,港股通央企红利ETF平安,53554456.0,份,,,akshare:szse_daily
2026-08-28,akshare_fund_scale_daily_szse,SZ,159145,工业软件ETF广发,68581845.0,份,,,akshare:szse_daily
2026-08-28,akshare_fund_scale_daily_szse,SZ,159146,电力ETF华宝,721940849.0,份,,,akshare:szse_daily
2026-08-28,akshare_fund_scale_daily_szse,SZ,159147,电池ETF南方,2087409552.0,份,,,akshare:szse_daily
2026-08-28,akshare_fund_scale_daily_szse,SZ,159148,石油ETF富国,240466601.0,份,,,akshare:szse_daily
2026-08-28,akshare_fund_scale_daily_szse,SZ,159149,创业板新能源ETF工银,53515298.0,份,,,akshare:szse_daily
2026-08-28,akshare_fund_scale_daily_szse,SZ,159150,深证50ETF易方达,97997623.0,份,,,akshare:szse_daily
2026-08-28,akshare_fund_scale_daily_szse,SZ,159151,食品ETF华夏,181651063.0,份,,,akshare:szse_daily
2026-08-28,akshare_fund_scale_daily_szse,SZ,159152,港股通科技ETF平安,818556093.0,份,,,akshare:szse_daily
2026-08-28,akshare_fund_scale_daily_szse,SZ,159153,消费电子ETF鹏华,91225988.0,份,,,akshare:szse_daily
2026-08-28,akshare_fund_scale_daily_szse,SZ,159155,电池ETF大成,600513298.0,份,,,akshare:szse_daily
2026-08-28,akshare_fund_scale_daily_szse,SZ,159156,电池ETF万家,213461253.0,份,,,akshare:szse_daily
2026-08-28,akshare_fund_scale_daily_szse,SZ,159157,有色金属ETF天弘,8072758760.0,份,,,akshare:szse_daily
2026-08-28,akshare_fund_scale_daily_szse,SZ,159158,电力ETF景顺,887535344.0,份,,,akshare:szse_daily
2026-08-28,akshare_fund_scale_daily_szse,SZ,159159,公用事业ETF国投瑞银,118318582.0,份,,,akshare:szse_daily
2026-08-28,akshare_fund_scale_daily_szse,SZ,159160,电池ETF东财,213819254.0,份,,,akshare:szse_daily
2026-08-28,akshare_fund_scale_daily_szse,SZ,159161,工程机械ETF东财,68331260.0,份,,,akshare:szse_daily
2026-08-28,akshare_fund_scale_daily_szse,SZ,159162,工业有色ETF鹏华,418939837.0,份,,,akshare:szse_daily
2026-08-28,akshare_fund_scale_daily_szse,SZ,159163,有色ETF泰康,260807013.0,份,,,akshare:szse_daily
2026-08-28,akshare_fund_scale_daily_szse,SZ,159165,养殖ETF永赢,106571257.0,份,,,akshare:szse_daily
2026-08-28,akshare_fund_scale_daily_szse,SZ,159166,现金流ETF长城,556816059.0,份,,,akshare:szse_daily
2026-08-28,akshare_fund_scale_daily_szse,SZ,159167,港股通医疗ETF工银,176549164.0,份,,,akshare:szse_daily
2026-08-28,akshare_fund_scale_daily_szse,SZ,159168,有色ETF富国,514455060.0,份,,,akshare:szse_daily
2026-08-28,akshare_fund_scale_daily_szse,SZ,159169,恒生生物科技ETF广发,130874485.0,份,,,akshare:szse_daily
2026-08-28,akshare_fund_scale_daily_szse,SZ,159170,港股通互联网ETF永赢,394638357.0,份,,,akshare:szse_daily
2026-08-28,akshare_fund_scale_daily_szse,SZ,159171,工业有色ETF博时,214532934.0,份,,,akshare:szse_daily
2026-08-28,akshare_fund_scale_daily_szse,SZ,159172,养殖ETF汇添富,387829293.0,份,,,akshare:szse_daily
2026-08-28,akshare_fund_scale_daily_szse,SZ,159173,农牧ETF南方,50455388.0,份,,,akshare:szse_daily
2026-08-28,akshare_fund_scale_daily_szse,SZ,159175,电池ETF易方达,483270382.0,份,,,akshare:szse_daily
2026-08-28,akshare_fund_scale_daily_szse,SZ,159176,家电ETF华宝,21303341.0,份,,,akshare:szse_daily
2026-08-28,akshare_fund_scale_daily_szse,SZ,159177,工程机械ETF鹏华,47619279.0,份,,,akshare:szse_daily
2026-08-28,akshare_fund_scale_daily_szse,SZ,159178,消费电子ETF汇添富,86432994.0,份,,,akshare:szse_daily
2026-08-28,akshare_fund_scale_daily_szse,SZ,159179,港股通互联网ETF工银,102903568.0,份,,,akshare:szse_daily
2026-08-28,akshare_fund_scale_daily_szse,SZ,159180,软件ETF银华,33155926.0,份,,,akshare:szse_daily
2026-08-28,akshare_fund_scale_daily_szse,SZ,159181,石油ETF易方达,129405335.0,份,,,akshare:szse_daily
2026-08-28,akshare_fund_scale_daily_szse,SZ,159182,家电ETF南方,36485663.0,份,,,akshare:szse_daily
2026-08-28,akshare_fund_scale_daily_szse,SZ,159183,新能源车ETF招商,46387793.0,份,,,akshare:szse_daily
2026-08-28,akshare_fund_scale_daily_szse,SZ,159185,港股通信息技术ETF鹏华,194099035.0,份,,,akshare:szse_daily
2026-08-28,akshare_fund_scale_daily_szse,SZ,159186,港股通汽车ETF鹏华,84869245.0,份,,,akshare:szse_daily
2026-08-28,akshare_fund_scale_daily_szse,SZ,159187,创业板新能源ETF景顺,75176266.0,份,,,akshare:szse_daily
2026-08-28,akshare_fund_scale_daily_szse,SZ,159188,红利100ETF景顺,66601882.0,份,,,akshare:szse_daily
2026-08-28,akshare_fund_scale_daily_szse,SZ,159189,石油ETF华夏,110083187.0,份,,,akshare:szse_daily
2026-08-28,akshare_fund_scale_daily_szse,SZ,159190,创业板新能源ETF天弘,74069299.0,份,,,akshare:szse_daily
2026-08-28,akshare_fund_scale_daily_szse,SZ,159191,港股通科技ETF易方达,69104851.0,份,,,akshare:szse_daily
2026-08-28,akshare_fund_scale_daily_szse,SZ,159192,家电ETF汇添富,17987065.0,份,,,akshare:szse_daily
2026-08-28,akshare_fund_scale_daily_szse,SZ,159193,新能源电池ETF银华,222080335.0,份,,,akshare:szse_daily
2026-08-28,akshare_fund_scale_daily_szse,SZ,159195,石油ETF华安,76490164.0,份,,,akshare:szse_daily
2026-08-28,akshare_fund_scale_daily_szse,SZ,159196,港股通信息技术ETF易方达,221530324.0,份,,,akshare:szse_daily
2026-08-28,akshare_fund_scale_daily_szse,SZ,159197,石油ETF招商,43388290.0,份,,,akshare:szse_daily
2026-08-28,akshare_fund_scale_daily_szse,SZ,159198,港股通信息技术ETF富国,85344347.0,份,,,akshare:szse_daily
2026-08-28,akshare_fund_scale_daily_szse,SZ,159199,石油ETF平安,66154938.0,份,,,akshare:szse_daily
2026-08-28,akshare_fund_scale_daily_szse,SZ,159200,科创债ETF富国,151652633.0,份,,,akshare:szse_daily
2026-08-28,akshare_fund_scale_daily_szse,SZ,159201,自由现金流ETF华夏,13756275939.0,份,,,akshare:szse_daily
2026-08-28,akshare_fund_scale_daily_szse,SZ,159202,恒生互联网ETF万家,1219401900.0,份,,,akshare:szse_daily
2026-08-28,akshare_fund_scale_daily_szse,SZ,159203,大盘成长ETF博时,9791913.0,份,,,akshare:szse_daily
2026-08-28,akshare_fund_scale_daily_szse,SZ,159205,创业板ETF东财,581056064.0,份,,,akshare:szse_daily
2026-08-28,akshare_fund_scale_daily_szse,SZ,159206,卫星ETF永赢,9503953365.0,份,,,akshare:szse_daily
2026-08-28,akshare_fund_scale_daily_szse,SZ,159207,高股息ETF广发,2222483345.0,份,,,akshare:szse_daily
2026-08-28,akshare_fund_scale_daily_szse,SZ,159208,航空航天ETF万家,331462783.0,份,,,akshare:szse_daily
2026-08-28,akshare_fund_scale_daily_szse,SZ,159209,红利质量ETF招商,2209635053.0,份,,,akshare:szse_daily
2026-08-28,akshare_fund_scale_daily_szse,SZ,159210,港股通汽车ETF汇添富,33749802.0,份,,,akshare:szse_daily
2026-08-28,akshare_fund_scale_daily_szse,SZ,159211,深证100ETF富国,21683294.0,份,,,akshare:szse_daily
2026-08-28,akshare_fund_scale_daily_szse,SZ,159212,深100ETF南方,85204367.0,份,,,akshare:szse_daily
2026-08-28,akshare_fund_scale_daily_szse,SZ,159213,机器人ETF汇添富,491737566.0,份,,,akshare:szse_daily
2026-08-28,akshare_fund_scale_daily_szse,SZ,159215,A500ETF平安,955582803.0,份,,,akshare:szse_daily
2026-08-28,akshare_fund_scale_daily_szse,SZ,159216,深证100ETF大成,14048250.0,份,,,akshare:szse_daily
2026-08-28,akshare_fund_scale_daily_szse,SZ,159217,港股通创新药ETF工银,5955157596.0,份,,,akshare:szse_daily
2026-08-28,akshare_fund_scale_daily_szse,SZ,159218,卫星ETF招商,2050616390.0,份,,,akshare:szse_daily
2026-08-28,akshare_fund_scale_daily_szse,SZ,159219,深证100ETF融通,8388018.0,份,,,akshare:szse_daily
2026-08-28,akshare_fund_scale_daily_szse,SZ,159220,港股通红利低波ETF华宝,513569526.0,份,,,akshare:szse_daily
2026-08-28,akshare_fund_scale_daily_szse,SZ,159221,现金流ETF嘉实,1131013233.0,份,,,akshare:szse_daily
2026-08-28,akshare_fund_scale_daily_szse,SZ,159222,自由现金流ETF易方达,1704370402.0,份,,,akshare:szse_daily
2026-08-28,akshare_fund_scale_daily_szse,SZ,159223,现金流ETF永赢,180844755.0,份,,,akshare:szse_daily
2026-08-28,akshare_fund_scale_daily_szse,SZ,159225,现金流ETF银华,264744804.0,份,,,akshare:szse_daily
2026-08-28,akshare_fund_scale_daily_szse,SZ,159226,中证A500增强ETF国泰,84094840.0,份,,,akshare:szse_daily
2026-08-28,akshare_fund_scale_daily_szse,SZ,159227,航空航天ETF华夏,4720911199.0,份,,,akshare:szse_daily
2026-08-28,akshare_fund_scale_daily_szse,SZ,159228,红利低波ETF长城,105212692.0,份,,,akshare:szse_daily
2026-08-28,akshare_fund_scale_daily_szse,SZ,159229,自由现金流ETF广发,145056022.0,份,,,akshare:szse_daily
2026-08-28,akshare_fund_scale_daily_szse,SZ,159230,通用航空ETF华夏,312304228.0,份,,,akshare:szse_daily
2026-08-28,akshare_fund_scale_daily_szse,SZ,159231,通用航空ETF华宝,338091860.0,份,,,akshare:szse_daily
2026-08-28,akshare_fund_scale_daily_szse,SZ,159232,自由现金流ETF南方,2130948566.0,份,,,akshare:szse_daily
2026-08-28,akshare_fund_scale_daily_szse,SZ,159233,自由现金流ETF平安,623623418.0,份,,,akshare:szse_daily
2026-08-28,akshare_fund_scale_daily_szse,SZ,159235,中证现金流ETF大成,1892729545.0,份,,,akshare:szse_daily
2026-08-28,akshare_fund_scale_daily_szse,SZ,159236,自由现金流ETF工银,38722161.0,份,,,akshare:szse_daily
2026-08-28,akshare_fund_scale_daily_szse,SZ,159237,港股汽车ETF工银,43334226.0,份,,,akshare:szse_daily
2026-08-28,akshare_fund_scale_daily_szse,SZ,159238,沪深300增强ETF景顺,55016186.0,份,,,akshare:szse_daily
2026-08-28,akshare_fund_scale_daily_szse,SZ,159239,港股通汽车ETF富国,88780753.0,份,,,akshare:szse_daily
2026-08-28,akshare_fund_scale_daily_szse,SZ,159240,A500增强ETF天弘,20619776.0,份,,,akshare:szse_daily
2026-08-28,akshare_fund_scale_daily_szse,SZ,159241,航空航天ETF天弘,1343074265.0,份,,,akshare:szse_daily
2026-08-28,akshare_fund_scale_daily_szse,SZ,159242,创业板人工智能ETF大成,417278583.0,份,,,akshare:szse_daily
2026-08-28,akshare_fund_scale_daily_szse,SZ,159243,创业板人工智能ETF招商,143030224.0,份,,,akshare:szse_daily
2026-08-28,akshare_fund_scale_daily_szse,SZ,159245,港股通消费ETF富国,71113296.0,份,,,akshare:szse_daily
2026-08-28,akshare_fund_scale_daily_szse,SZ,159246,创业板人工智能ETF富国,3395655606.0,份,,,akshare:szse_daily
2026-08-28,akshare_fund_scale_daily_szse,SZ,159247,创业板ETF汇添富,457984966.0,份,,,akshare:szse_daily
2026-08-28,akshare_fund_scale_daily_szse,SZ,159248,人工智能ETF万家,136095652.0,份,,,akshare:szse_daily
2026-08-28,akshare_fund_scale_daily_szse,SZ,159249,A500增强ETF工银,108191923.0,份,,,akshare:szse_daily
2026-08-28,akshare_fund_scale_daily_szse,SZ,159251,港股通科技ETF万家,243787744.0,份,,,akshare:szse_daily
2026-08-28,akshare_fund_scale_daily_szse,SZ,159253,银行ETF博时,531804979.0,份,,,akshare:szse_daily
2026-08-28,akshare_fund_scale_daily_szse,SZ,159255,通用航空ETF易方达,69338868.0,份,,,akshare:szse_daily
2026-08-28,akshare_fund_scale_daily_szse,SZ,159256,创业板软件ETF华夏,588183766.0,份,,,akshare:szse_daily
2026-08-28,akshare_fund_scale_daily_szse,SZ,159257,航空ETF汇添富,149416949.0,份,,,akshare:szse_daily
2026-08-28,akshare_fund_scale_daily_szse,SZ,159258,机器人ETF南方,1337765664.0,份,,,akshare:szse_daily
2026-08-28,akshare_fund_scale_daily_szse,SZ,159259,成长ETF易方达,4763696403.0,份,,,akshare:szse_daily
2026-08-28,akshare_fund_scale_daily_szse,SZ,159260,证券ETF博时,1025213576.0,份,,,akshare:szse_daily
2026-08-28,akshare_fund_scale_daily_szse,SZ,159261,创业板新能源ETF鹏华,49814904.0,份,,,akshare:szse_daily
2026-08-28,akshare_fund_scale_daily_szse,SZ,159262,港股通科技ETF广发,5596220485.0,份,,,akshare:szse_daily
2026-08-28,akshare_fund_scale_daily_szse,SZ,159263,价值ETF易方达,6121105126.0,份,,,akshare:szse_daily
2026-08-28,akshare_fund_scale_daily_szse,SZ,159265,港股消费ETF鹏华,177950894.0,份,,,akshare:szse_daily
2026-08-28,akshare_fund_scale_daily_szse,SZ,159266,港股央企红利ETF永赢,343710088.0,份,,,akshare:szse_daily
2026-08-28,akshare_fund_scale_daily_szse,SZ,159267,航天ETF华安,2658506126.0,份,,,akshare:szse_daily
2026-08-28,akshare_fund_scale_daily_szse,SZ,159268,港股通消费ETF汇添富,390055027.0,份,,,akshare:szse_daily
2026-08-28,akshare_fund_scale_daily_szse,SZ,159269,港股通科技ETF南方,1876311712.0,份,,,akshare:szse_daily
2026-08-28,akshare_fund_scale_daily_szse,SZ,159270,创业板200ETF南方,90763649.0,份,,,akshare:szse_daily
2026-08-28,akshare_fund_scale_daily_szse,SZ,159271,恒生ETF鹏华,249386731.0,份,,,akshare:szse_daily
2026-08-28,akshare_fund_scale_daily_szse,SZ,159272,机器人ETF富国,3734164690.0,份,,,akshare:szse_daily
2026-08-28,akshare_fund_scale_daily_szse,SZ,159273,云计算ETF汇添富,711777501.0,份,,,akshare:szse_daily
2026-08-28,akshare_fund_scale_daily_szse,SZ,159275,农牧渔ETF华宝,254302909.0,份,,,akshare:szse_daily
2026-08-28,akshare_fund_scale_daily_szse,SZ,159276,现金流ETF汇添富,556696658.0,份,,,akshare:szse_daily
2026-08-28,akshare_fund_scale_daily_szse,SZ,159277,港股通红利ETF富国,37557011.0,份,,,akshare:szse_daily
2026-08-28,akshare_fund_scale_daily_szse,SZ,159278,机器人ETF鹏华,2062545853.0,份,,,akshare:szse_daily
2026-08-28,akshare_fund_scale_daily_szse,SZ,159279,创业板人工智能ETF华安,164387534.0,份,,,akshare:szse_daily
2026-08-28,akshare_fund_scale_daily_szse,SZ,159280,港股通互联网ETF汇添富,100717171.0,份,,,akshare:szse_daily
2026-08-28,akshare_fund_scale_daily_szse,SZ,159281,港股央企红利ETF天弘,246233059.0,份,,,akshare:szse_daily
2026-08-28,akshare_fund_scale_daily_szse,SZ,159283,通用航空ETF南方,300437981.0,份,,,akshare:szse_daily
2026-08-28,akshare_fund_scale_daily_szse,SZ,159285,港股通消费ETF华安,248486680.0,份,,,akshare:szse_daily
2026-08-28,akshare_fund_scale_daily_szse,SZ,159286,港股通创新药ETF鹏华,722785402.0,份,,,akshare:szse_daily
2026-08-28,akshare_fund_scale_daily_szse,SZ,159287,创业板综ETF博时,109568753.0,份,,,akshare:szse_daily
2026-08-28,akshare_fund_scale_daily_szse,SZ,159288,创业板综ETF银华,92174931.0,份,,,akshare:szse_daily
2026-08-28,akshare_fund_scale_daily_szse,SZ,159289,创业板综指ETF鹏华,38902640.0,份,,,akshare:szse_daily
2026-08-28,akshare_fund_scale_daily_szse,SZ,159290,创业板综指增强ETF东财,45100396.0,份,,,akshare:szse_daily
2026-08-28,akshare_fund_scale_daily_szse,SZ,159291,创业板综增强ETF招商,17457388.0,份,,,akshare:szse_daily
2026-08-28,akshare_fund_scale_daily_szse,SZ,159292,创业板综增强ETF华宝,175189531.0,份,,,akshare:szse_daily
2026-08-28,akshare_fund_scale_daily_szse,SZ,159293,创业板综增强ETF建信,23159397.0,份,,,akshare:szse_daily
2026-08-28,akshare_fund_scale_daily_szse,SZ,159295,创业综指ETF西部利得,82958239.0,份,,,akshare:szse_daily
2026-08-28,akshare_fund_scale_daily_szse,SZ,159296,A500红利低波ETF华宝,45042941.0,份,,,akshare:szse_daily
2026-08-28,akshare_fund_scale_daily_szse,SZ,159297,港股通创新药ETF南方,3834418642.0,份,,,akshare:szse_daily
2026-08-28,akshare_fund_scale_daily_szse,SZ,159298,创业板50ETF大成,159281082.0,份,,,akshare:szse_daily
2026-08-28,akshare_fund_scale_daily_szse,SZ,159299,金融科技ETF易方达,673472981.0,份,,,akshare:szse_daily
2026-08-28,akshare_fund_scale_daily_szse,SZ,159300,沪深300ETF富国,371758097.0,份,,,akshare:szse_daily
2026-08-28,akshare_fund_scale_daily_szse,SZ,159301,公用事业ETF华夏,121458357.0,份,,,akshare:szse_daily
2026-08-28,akshare_fund_scale_daily_szse,SZ,159302,港股高股息ETF银华,50297609.0,份,,,akshare:szse_daily
2026-08-28,akshare_fund_scale_daily_szse,SZ,159303,恒生医疗ETF大成,73991693.0,份,,,akshare:szse_daily
2026-08-28,akshare_fund_scale_daily_szse,SZ,159305,储能电池ETF广发,1185640302.0,份,,,akshare:szse_daily
2026-08-28,akshare_fund_scale_daily_szse,SZ,159306,汽车零部件ETF平安,22244616.0,份,,,akshare:szse_daily
2026-08-28,akshare_fund_scale_daily_szse,SZ,159307,红利低波100ETF博时,7090903552.0,份,,,akshare:szse_daily
2026-08-28,akshare_fund_scale_daily_szse,SZ,159309,油气ETF汇添富,530371736.0,份,,,akshare:szse_daily
2026-08-28,akshare_fund_scale_daily_szse,SZ,159310,芯片ETF天弘,498981080.0,份,,,akshare:szse_daily
2026-08-28,akshare_fund_scale_daily_szse,SZ,159311,数字经济ETF易方达,39383993.0,份,,,akshare:szse_daily
2026-08-28,akshare_fund_scale_daily_szse,SZ,159312,恒指港股通ETF广发,32224353.0,份,,,akshare:szse_daily
2026-08-28,akshare_fund_scale_daily_szse,SZ,159315,黄金股ETF工银,184589621.0,份,,,akshare:szse_daily
2026-08-28,akshare_fund_scale_daily_szse,SZ,159316,港股通创新药ETF易方达,5326336139.0,份,,,akshare:szse_daily
2026-08-28,akshare_fund_scale_daily_szse,SZ,159318,恒指港股通ETF银华,13601647.0,份,,,akshare:szse_daily
2026-08-28,akshare_fund_scale_daily_szse,SZ,159320,电网设备ETF广发,1661235519.0,份,,,akshare:szse_daily
2026-08-28,akshare_fund_scale_daily_szse,SZ,159321,黄金股ETF华安,381900397.0,份,,,akshare:szse_daily
2026-08-28,akshare_fund_scale_daily_szse,SZ,159322,黄金股ETF平安,114411691.0,份,,,akshare:szse_daily
2026-08-28,akshare_fund_scale_daily_szse,SZ,159323,港股通汽车ETF华夏,97097378.0,份,,,akshare:szse_daily
2026-08-28,akshare_fund_scale_daily_szse,SZ,159325,半导体ETF南方,516460528.0,份,,,akshare:szse_daily
2026-08-28,akshare_fund_scale_daily_szse,SZ,159326,电网设备ETF华夏,11933265525.0,份,,,akshare:szse_daily
2026-08-28,akshare_fund_scale_daily_szse,SZ,159327,半导体设备ETF万家,2875574091.0,份,,,akshare:szse_daily
2026-08-28,akshare_fund_scale_daily_szse,SZ,159328,家电ETF易方达,91556700.0,份,,,akshare:szse_daily
2026-08-28,akshare_fund_scale_daily_szse,SZ,159329,沙特ETF南方,1159189188.0,份,,,akshare:szse_daily
2026-08-28,akshare_fund_scale_daily_szse,SZ,159330,沪深300ETF东财,419801009.0,份,,,akshare:szse_daily
2026-08-28,akshare_fund_scale_daily_szse,SZ,159331,红利港股ETF国泰,148694179.0,份,,,akshare:szse_daily
2026-08-28,akshare_fund_scale_daily_szse,SZ,159332,央企红利ETF富国,88521477.0,份,,,akshare:szse_daily
2026-08-28,akshare_fund_scale_daily_szse,SZ,159333,港股央企红利ETF万家,200952835.0,份,,,akshare:szse_daily
2026-08-28,akshare_fund_scale_daily_szse,SZ,159335,央企科创ETF融通,63283689.0,份,,,akshare:szse_daily
2026-08-28,akshare_fund_scale_daily_szse,SZ,159336,央企红利ETF融通,306905090.0,份,,,akshare:szse_daily
2026-08-28,akshare_fund_scale_daily_szse,SZ,159337,中证500ETF东财,279710611.0,份,,,akshare:szse_daily
2026-08-28,akshare_fund_scale_daily_szse,SZ,159338,中证A500ETF国泰,21359086664.0,份,,,akshare:szse_daily
2026-08-28,akshare_fund_scale_daily_szse,SZ,159339,A500ETF银华,1973086841.0,份,,,akshare:szse_daily
2026-08-28,akshare_fund_scale_daily_szse,SZ,159350,深证50ETF富国,133009642.0,份,,,akshare:szse_daily
2026-08-28,akshare_fund_scale_daily_szse,SZ,159351,A500ETF嘉实,7223123357.0,份,,,akshare:szse_daily
2026-08-28,akshare_fund_scale_daily_szse,SZ,159352,A500ETF南方,26880101746.0,份,,,akshare:szse_daily
2026-08-28,akshare_fund_scale_daily_szse,SZ,159353,中证A500ETF景顺,4376161812.0,份,,,akshare:szse_daily
2026-08-28,akshare_fund_scale_daily_szse,SZ,159355,800红利低波ETF华宝,84234277.0,份,,,akshare:szse_daily
2026-08-28,akshare_fund_scale_daily_szse,SZ,159356,A500ETF万家,761120647.0,份,,,akshare:szse_daily
2026-08-28,akshare_fund_scale_daily_szse,SZ,159357,A500ETF博时,1219833841.0,份,,,akshare:szse_daily
2026-08-28,akshare_fund_scale_daily_szse,SZ,159358,中证A500ETF大成,905106420.0,份,,,akshare:szse_daily
2026-08-28,akshare_fund_scale_daily_szse,SZ,159359,A500ETF华安,689140424.0,份,,,akshare:szse_daily
2026-08-28,akshare_fund_scale_daily_szse,SZ,159360,A500ETF天弘,1310184526.0,份,,,akshare:szse_daily
2026-08-28,akshare_fund_scale_daily_szse,SZ,159361,A500ETF易方达,23372090279.0,份,,,akshare:szse_daily
2026-08-28,akshare_fund_scale_daily_szse,SZ,159362,A500ETF工银,1610180191.0,份,,,akshare:szse_daily
2026-08-28,akshare_fund_scale_daily_szse,SZ,159363,创业板人工智能ETF华宝,5620169924.0,份,,,akshare:szse_daily
2026-08-28,akshare_fund_scale_daily_szse,SZ,159365,恒指港股通ETF富国,46162398.0,份,,,akshare:szse_daily
2026-08-28,akshare_fund_scale_daily_szse,SZ,159366,港股医疗ETF永赢,349333072.0,份,,,akshare:szse_daily
2026-08-28,akshare_fund_scale_daily_szse,SZ,159367,创业板50ETF华夏,172079029.0,份,,,akshare:szse_daily
2026-08-28,akshare_fund_scale_daily_szse,SZ,159368,创业板新能源ETF华夏,980579682.0,份,,,akshare:szse_daily
2026-08-28,akshare_fund_scale_daily_szse,SZ,159369,创业板50ETF易方达,388753492.0,份,,,akshare:szse_daily
2026-08-28,akshare_fund_scale_daily_szse,SZ,159370,创50ETF工银,232316009.0,份,,,akshare:szse_daily
2026-08-28,akshare_fund_scale_daily_szse,SZ,159371,创业板50ETF富国,180221172.0,份,,,akshare:szse_daily
2026-08-28,akshare_fund_scale_daily_szse,SZ,159372,创业板50ETF万家,62451588.0,份,,,akshare:szse_daily
2026-08-28,akshare_fund_scale_daily_szse,SZ,159373,创业板50ETF嘉实,142557494.0,份,,,akshare:szse_daily
2026-08-28,akshare_fund_scale_daily_szse,SZ,159375,创业板50ETF国泰,367595350.0,份,,,akshare:szse_daily
2026-08-28,akshare_fund_scale_daily_szse,SZ,159376,A500ETF浦银,45922317.0,份,,,akshare:szse_daily
2026-08-28,akshare_fund_scale_daily_szse,SZ,159377,创业板医药ETF国泰,123129399.0,份,,,akshare:szse_daily
2026-08-28,akshare_fund_scale_daily_szse,SZ,159378,通用航空ETF永赢,559271072.0,份,,,akshare:szse_daily
2026-08-28,akshare_fund_scale_daily_szse,SZ,159379,A500ETF融通,158821471.0,份,,,akshare:szse_daily
2026-08-28,akshare_fund_scale_daily_szse,SZ,159380,A500ETF东财,160804337.0,份,,,akshare:szse_daily
2026-08-28,akshare_fund_scale_daily_szse,SZ,159381,创业板人工智能ETF华夏,1779153206.0,份,,,akshare:szse_daily
2026-08-28,akshare_fund_scale_daily_szse,SZ,159382,创业板人工智能ETF南方,800055714.0,份,,,akshare:szse_daily
2026-08-28,akshare_fund_scale_daily_szse,SZ,159383,创业板50ETF华泰柏瑞,50092486.0,份,,,akshare:szse_daily
2026-08-28,akshare_fund_scale_daily_szse,SZ,159385,数字经济ETF富国,49002525.0,份,,,akshare:szse_daily
2026-08-28,akshare_fund_scale_daily_szse,SZ,159386,A500ETF永赢,60869559.0,份,,,akshare:szse_daily
2026-08-28,akshare_fund_scale_daily_szse,SZ,159387,创业板新能源ETF国泰,1451189648.0,份,,,akshare:szse_daily
2026-08-28,akshare_fund_scale_daily_szse,SZ,159388,创业板人工智能ETF国泰,884736984.0,份,,,akshare:szse_daily
2026-08-28,akshare_fund_scale_daily_szse,SZ,159389,数字经济ETF嘉实,134093364.0,份,,,akshare:szse_daily
2026-08-28,akshare_fund_scale_daily_szse,SZ,159390,中证A50ETF国联,109268771.0,份,,,akshare:szse_daily
2026-08-28,akshare_fund_scale_daily_szse,SZ,159391,大盘价值ETF博时,85076398.0,份,,,akshare:szse_daily
2026-08-28,akshare_fund_scale_daily_szse,SZ,159392,航空ETF富国,186285500.0,份,,,akshare:szse_daily
2026-08-28,akshare_fund_scale_daily_szse,SZ,159393,沪深300ETF万家,95146342.0,份,,,akshare:szse_daily
2026-08-28,akshare_fund_scale_daily_szse,SZ,159395,信用债ETF大成,134004202.0,份,,,akshare:szse_daily
2026-08-28,akshare_fund_scale_daily_szse,SZ,159396,信用债ETF博时,89727129.0,份,,,akshare:szse_daily
2026-08-28,akshare_fund_scale_daily_szse,SZ,159397,信用债ETF广发,166247657.0,份,,,akshare:szse_daily
2026-08-28,akshare_fund_scale_daily_szse,SZ,159398,信用债ETF天弘,88122310.0,份,,,akshare:szse_daily
2026-08-28,akshare_fund_scale_daily_szse,SZ,159399,现金流ETF国泰,4415194835.0,份,,,akshare:szse_daily
2026-08-28,akshare_fund_scale_daily_szse,SZ,159400,科创债ETF景顺,71277356.0,份,,,akshare:szse_daily
2026-08-28,akshare_fund_scale_daily_szse,SZ,159500,中证500ETF富国,218938865.0,份,,,akshare:szse_daily
2026-08-28,akshare_fund_scale_daily_szse,SZ,159501,纳指ETF嘉实,6772986575.0,份,,,akshare:szse_daily
2026-08-28,akshare_fund_scale_daily_szse,SZ,159502,标普生物科技ETF嘉实,1123323019.0,份,,,akshare:szse_daily
2026-08-28,akshare_fund_scale_daily_szse,SZ,159505,国证2000ETF博时,19104786.0,份,,,akshare:szse_daily
2026-08-28,akshare_fund_scale_daily_szse,SZ,159506,港股通创新药医疗ETF富国,2590536979.0,份,,,akshare:szse_daily
2026-08-28,akshare_fund_scale_daily_szse,SZ,159507,通信ETF广发,845830902.0,份,,,akshare:szse_daily
2026-08-28,akshare_fund_scale_daily_szse,SZ,159508,生物医药ETF华安,90431598.0,份,,,akshare:szse_daily
2026-08-28,akshare_fund_scale_daily_szse,SZ,159509,纳指科技ETF景顺,6621564118.0,份,,,akshare:szse_daily
2026-08-28,akshare_fund_scale_daily_szse,SZ,159510,沪深300价值ETF华夏,66128342.0,份,,,akshare:szse_daily
2026-08-28,akshare_fund_scale_daily_szse,SZ,159511,通信ETF南方,147444573.0,份,,,akshare:szse_daily
2026-08-28,akshare_fund_scale_daily_szse,SZ,159512,汽车ETF广发,107264855.0,份,,,akshare:szse_daily
2026-08-28,akshare_fund_scale_daily_szse,SZ,159513,纳斯达克100ETF大成,4549549100.0,份,,,akshare:szse_daily
2026-08-28,akshare_fund_scale_daily_szse,SZ,159515,国企红利ETF鹏扬,33386631.0,份,,,akshare:szse_daily
2026-08-28,akshare_fund_scale_daily_szse,SZ,159516,半导体设备ETF国泰,61901359972.0,份,,,akshare:szse_daily
2026-08-28,akshare_fund_scale_daily_szse,SZ,159517,中证800增强ETF银华,8742624.0,份,,,akshare:szse_daily
2026-08-28,akshare_fund_scale_daily_szse,SZ,159518,标普油气ETF嘉实,1656325369.0,份,,,akshare:szse_daily
2026-08-28,akshare_fund_scale_daily_szse,SZ,159519,港股国企ETF国泰,58157854.0,份,,,akshare:szse_daily
2026-08-28,akshare_fund_scale_daily_szse,SZ,159520,消费龙头ETF工银,153177649.0,份,,,akshare:szse_daily
2026-08-28,akshare_fund_scale_daily_szse,SZ,159521,国证2000ETF平安,18274435.0,份,,,akshare:szse_daily
2026-08-28,akshare_fund_scale_daily_szse,SZ,159523,沪深300成长ETF华夏,70517348.0,份,,,akshare:szse_daily
2026-08-28,akshare_fund_scale_daily_szse,SZ,159525,红利低波ETF富国,456243741.0,份,,,akshare:szse_daily
2026-08-28,akshare_fund_scale_daily_szse,SZ,159526,机器人ETF嘉实,582962964.0,份,,,akshare:szse_daily
2026-08-28,akshare_fund_scale_daily_szse,SZ,159527,云计算ETF广发,456301350.0,份,,,akshare:szse_daily
2026-08-28,akshare_fund_scale_daily_szse,SZ,159528,国企改革ETF富国,7320773.0,份,,,akshare:szse_daily
2026-08-28,akshare_fund_scale_daily_szse,SZ,159529,标普消费ETF景顺,811536791.0,份,,,akshare:szse_daily
2026-08-28,akshare_fund_scale_daily_szse,SZ,159530,机器人ETF易方达,12736613169.0,份,,,akshare:szse_daily
2026-08-28,akshare_fund_scale_daily_szse,SZ,159531,中证2000ETF南方,1030608406.0,份,,,akshare:szse_daily
2026-08-28,akshare_fund_scale_daily_szse,SZ,159532,中证2000ETF易方达,169564791.0,份,,,akshare:szse_daily
2026-08-28,akshare_fund_scale_daily_szse,SZ,159533,中证2000ETF博时,14458785.0,份,,,akshare:szse_daily
2026-08-28,akshare_fund_scale_daily_szse,SZ,159535,中证2000ETF嘉实,25981088.0,份,,,akshare:szse_daily
2026-08-28,akshare_fund_scale_daily_szse,SZ,159536,中证2000ETF汇添富,53261589.0,份,,,akshare:szse_daily
2026-08-28,akshare_fund_scale_daily_szse,SZ,159537,信创ETF国泰,150285204.0,份,,,akshare:szse_daily
2026-08-28,akshare_fund_scale_daily_szse,SZ,159538,信创ETF富国,216608966.0,份,,,akshare:szse_daily
2026-08-28,akshare_fund_scale_daily_szse,SZ,159539,信创ETF广发,50565182.0,份,,,akshare:szse_daily
2026-08-28,akshare_fund_scale_daily_szse,SZ,159540,信创ETF易方达,120505191.0,份,,,akshare:szse_daily
2026-08-28,akshare_fund_scale_daily_szse,SZ,159541,创业板综ETF万家,61593326.0,份,,,akshare:szse_daily
2026-08-28,akshare_fund_scale_daily_szse,SZ,159542,工程机械ETF大成,14592850.0,份,,,akshare:szse_daily
2026-08-28,akshare_fund_scale_daily_szse,SZ,159543,国证2000ETF工银,42196551.0,份,,,akshare:szse_daily
2026-08-28,akshare_fund_scale_daily_szse,SZ,159545,恒生红利低波ETF易方达,5326603689.0,份,,,akshare:szse_daily
2026-08-28,akshare_fund_scale_daily_szse,SZ,159546,集成电路ETF国泰,734927822.0,份,,,akshare:szse_daily
2026-08-28,akshare_fund_scale_daily_szse,SZ,159547,红利低波ETF华夏,1269286075.0,份,,,akshare:szse_daily
2026-08-28,akshare_fund_scale_daily_szse,SZ,159549,红利低波ETF天弘,4775523884.0,份,,,akshare:szse_daily
2026-08-28,akshare_fund_scale_daily_szse,SZ,159550,互联网ETF东财,195828785.0,份,,,akshare:szse_daily
2026-08-28,akshare_fund_scale_daily_szse,SZ,159551,机器人ETF国泰,301920923.0,份,,,akshare:szse_daily
2026-08-28,akshare_fund_scale_daily_szse,SZ,159552,中证2000增强ETF招商,684290319.0,份,,,akshare:szse_daily
2026-08-28,akshare_fund_scale_daily_szse,SZ,159553,中证2000增强ETF海富通,15326751.0,份,,,akshare:szse_daily
2026-08-28,akshare_fund_scale_daily_szse,SZ,159555,中证2000增强ETF银华,37462705.0,份,,,akshare:szse_daily
2026-08-28,akshare_fund_scale_daily_szse,SZ,159556,中证2000增强ETF平安,15556089.0,份,,,akshare:szse_daily
2026-08-28,akshare_fund_scale_daily_szse,SZ,159557,恒生医疗ETF嘉实,134894955.0,份,,,akshare:szse_daily
2026-08-28,akshare_fund_scale_daily_szse,SZ,159558,半导体设备ETF易方达,19178563923.0,份,,,akshare:szse_daily
2026-08-28,akshare_fund_scale_daily_szse,SZ,159559,机器人ETF景顺,1951576622.0,份,,,akshare:szse_daily
2026-08-28,akshare_fund_scale_daily_szse,SZ,159560,芯片ETF景顺,196416460.0,份,,,akshare:szse_daily
2026-08-28,akshare_fund_scale_daily_szse,SZ,159561,德国ETF嘉实,1323499489.0,份,,,akshare:szse_daily
2026-08-28,akshare_fund_scale_daily_szse,SZ,159562,黄金股ETF华夏,2591130504.0,份,,,akshare:szse_daily
2026-08-28,akshare_fund_scale_daily_szse,SZ,159563,创业板综ETF华夏,27360773.0,份,,,akshare:szse_daily
2026-08-28,akshare_fund_scale_daily_szse,SZ,159565,汽车零部件ETF易方达,137627231.0,份,,,akshare:szse_daily
2026-08-28,akshare_fund_scale_daily_szse,SZ,159566,储能电池ETF易方达,2698739776.0,份,,,akshare:szse_daily
2026-08-28,akshare_fund_scale_daily_szse,SZ,159567,港股创新药ETF银华,10390729726.0,份,,,akshare:szse_daily
2026-08-28,akshare_fund_scale_daily_szse,SZ,159568,港股互联网ETF博时,354857901.0,份,,,akshare:szse_daily
2026-08-28,akshare_fund_scale_daily_szse,SZ,159569,港股红利低波ETF景顺,364147241.0,份,,,akshare:szse_daily
2026-08-28,akshare_fund_scale_daily_szse,SZ,159570,港股通创新药ETF汇添富,16093597142.0,份,,,akshare:szse_daily
2026-08-28,akshare_fund_scale_daily_szse,SZ,159571,创业板200ETF富国,17981814.0,份,,,akshare:szse_daily
2026-08-28,akshare_fund_scale_daily_szse,SZ,159572,创业板200ETF易方达,189749107.0,份,,,akshare:szse_daily
2026-08-28,akshare_fund_scale_daily_szse,SZ,159573,创业板200ETF华夏,79456297.0,份,,,akshare:szse_daily
2026-08-28,akshare_fund_scale_daily_szse,SZ,159575,创业板200ETF银华,11410425.0,份,,,akshare:szse_daily
2026-08-28,akshare_fund_scale_daily_szse,SZ,159576,深证100ETF广发,37509612.0,份,,,akshare:szse_daily
2026-08-28,akshare_fund_scale_daily_szse,SZ,159577,美国50ETF汇添富,811665791.0,份,,,akshare:szse_daily
2026-08-28,akshare_fund_scale_daily_szse,SZ,159578,深证主板50ETF南方,19998831.0,份,,,akshare:szse_daily
2026-08-28,akshare_fund_scale_daily_szse,SZ,159581,红利ETF万家,1270225708.0,份,,,akshare:szse_daily
2026-08-28,akshare_fund_scale_daily_szse,SZ,159582,半导体ETF博时,1010608105.0,份,,,akshare:szse_daily
2026-08-28,akshare_fund_scale_daily_szse,SZ,159583,通信ETF富国,2466592902.0,份,,,akshare:szse_daily
2026-08-28,akshare_fund_scale_daily_szse,SZ,159586,计算机ETF南方,259525923.0,份,,,akshare:szse_daily
2026-08-28,akshare_fund_scale_daily_szse,SZ,159587,粮食ETF广发,253447031.0,份,,,akshare:szse_daily
2026-08-28,akshare_fund_scale_daily_szse,SZ,159588,石油ETF景顺,429284857.0,份,,,akshare:szse_daily
2026-08-28,akshare_fund_scale_daily_szse,SZ,159589,红利ETF广发,241590005.0,份,,,akshare:szse_daily
2026-08-28,akshare_fund_scale_daily_szse,SZ,159590,软件ETF汇添富,781861746.0,份,,,akshare:szse_daily
2026-08-28,akshare_fund_scale_daily_szse,SZ,159591,A50ETF富国,330905682.0,份,,,akshare:szse_daily
2026-08-28,akshare_fund_scale_daily_szse,SZ,159592,A50ETF银华,592310460.0,份,,,akshare:szse_daily
2026-08-28,akshare_fund_scale_daily_szse,SZ,159593,中证A50ETF平安,1857696040.0,份,,,akshare:szse_daily
2026-08-28,akshare_fund_scale_daily_szse,SZ,159595,中证A50ETF大成,918113255.0,份,,,akshare:szse_daily
2026-08-28,akshare_fund_scale_daily_szse,SZ,159596,A50ETF华宝,515683040.0,份,,,akshare:szse_daily
2026-08-28,akshare_fund_scale_daily_szse,SZ,159597,创业板成长ETF易方达,1073257137.0,份,,,akshare:szse_daily
2026-08-28,akshare_fund_scale_daily_szse,SZ,159599,芯片ETF东财,707822066.0,份,,,akshare:szse_daily
2026-08-28,akshare_fund_scale_daily_szse,SZ,159600,科创债ETF嘉实,303648913.0,份,,,akshare:szse_daily
2026-08-28,akshare_fund_scale_daily_szse,SZ,159601,A50ETF华夏,1395988073.0,份,,,akshare:szse_daily
2026-08-28,akshare_fund_scale_daily_szse,SZ,159602,中国A50ETF南方,402542944.0,份,,,akshare:szse_daily
2026-08-28,akshare_fund_scale_daily_szse,SZ,159603,科创创业ETF天弘,2620071922.0,份,,,akshare:szse_daily
2026-08-28,akshare_fund_scale_daily_szse,SZ,159605,中概互联ETF广发,4075486155.0,份,,,akshare:szse_daily
2026-08-28,akshare_fund_scale_daily_szse,SZ,159606,中证500成长ETF易方达,397222838.0,份,,,akshare:szse_daily
2026-08-28,akshare_fund_scale_daily_szse,SZ,159607,中概互联网ETF嘉实,1215829139.0,份,,,akshare:szse_daily
2026-08-28,akshare_fund_scale_daily_szse,SZ,159608,稀有金属ETF广发,3417610066.0,份,,,akshare:szse_daily
2026-08-28,akshare_fund_scale_daily_szse,SZ,159609,光伏ETF浦银,307903414.0,份,,,akshare:szse_daily
2026-08-28,akshare_fund_scale_daily_szse,SZ,159610,中证500增强ETF景顺,162568207.0,份,,,akshare:szse_daily
2026-08-28,akshare_fund_scale_daily_szse,SZ,159611,电力ETF广发,9478362900.0,份,,,akshare:szse_daily
2026-08-28,akshare_fund_scale_daily_szse,SZ,159612,标普500ETF国泰,469898651.0,份,,,akshare:szse_daily
2026-08-28,akshare_fund_scale_daily_szse,SZ,159613,信息安全ETF嘉实,110590217.0,份,,,akshare:szse_daily
2026-08-28,akshare_fund_scale_daily_szse,SZ,159615,恒生生物科技ETF南方,335054898.0,份,,,akshare:szse_daily
2026-08-28,akshare_fund_scale_daily_szse,SZ,159616,农牧ETF建信,68561112.0,份,,,akshare:szse_daily
2026-08-28,akshare_fund_scale_daily_szse,SZ,159617,中证500价值ETF华夏,30418382.0,份,,,akshare:szse_daily
2026-08-28,akshare_fund_scale_daily_szse,SZ,159618,光伏ETF华安,76131407.0,份,,,akshare:szse_daily
2026-08-28,akshare_fund_scale_daily_szse,SZ,159619,基建ETF国泰,75981007.0,份,,,akshare:szse_daily
2026-08-28,akshare_fund_scale_daily_szse,SZ,159620,中证500成长ETF华夏,29140934.0,份,,,akshare:szse_daily
2026-08-28,akshare_fund_scale_daily_szse,SZ,159621,ESGETF国泰,14434717.0,份,,,akshare:szse_daily
2026-08-28,akshare_fund_scale_daily_szse,SZ,159622,创新药ETF东财,1126603238.0,份,,,akshare:szse_daily
2026-08-28,akshare_fund_scale_daily_szse,SZ,159623,成渝经济圈ETF博时,3090271695.0,份,,,akshare:szse_daily
2026-08-28,akshare_fund_scale_daily_szse,SZ,159625,绿色电力ETF嘉实,2015313777.0,份,,,akshare:szse_daily
2026-08-28,akshare_fund_scale_daily_szse,SZ,159627,A100ETF华夏,19116776.0,份,,,akshare:szse_daily
2026-08-28,akshare_fund_scale_daily_szse,SZ,159628,国证2000ETF万家,323283250.0,份,,,akshare:szse_daily
2026-08-28,akshare_fund_scale_daily_szse,SZ,159629,中证1000ETF富国,905252663.0,份,,,akshare:szse_daily
2026-08-28,akshare_fund_scale_daily_szse,SZ,159630,A100ETF汇添富,15113744.0,份,,,akshare:szse_daily
2026-08-28,akshare_fund_scale_daily_szse,SZ,159631,A100ETF招商,39332605.0,份,,,akshare:szse_daily
2026-08-28,akshare_fund_scale_daily_szse,SZ,159632,纳斯达克ETF华安,4982720640.0,份,,,akshare:szse_daily
2026-08-28,akshare_fund_scale_daily_szse,SZ,159633,中证1000ETF易方达,1070162658.0,份,,,akshare:szse_daily
2026-08-28,akshare_fund_scale_daily_szse,SZ,159635,基建ETF华夏,136846980.0,份,,,akshare:szse_daily
2026-08-28,akshare_fund_scale_daily_szse,SZ,159636,港股通科技30ETF工银,21862501206.0,份,,,akshare:szse_daily
2026-08-28,akshare_fund_scale_daily_szse,SZ,159637,新能源车ETF东财,615768094.0,份,,,akshare:szse_daily
2026-08-28,akshare_fund_scale_daily_szse,SZ,159638,航空航天ETF嘉实,1460341932.0,份,,,akshare:szse_daily
2026-08-28,akshare_fund_scale_daily_szse,SZ,159639,碳中和ETF南方,203290171.0,份,,,akshare:szse_daily
2026-08-28,akshare_fund_scale_daily_szse,SZ,159640,碳中和龙头ETF工银,59845198.0,份,,,akshare:szse_daily
2026-08-28,akshare_fund_scale_daily_szse,SZ,159641,碳中和ETF招商,86719131.0,份,,,akshare:szse_daily
2026-08-28,akshare_fund_scale_daily_szse,SZ,159642,碳中和ETF大成,22439923.0,份,,,akshare:szse_daily
2026-08-28,akshare_fund_scale_daily_szse,SZ,159643,疫苗ETF国泰,307390617.0,份,,,akshare:szse_daily
2026-08-28,akshare_fund_scale_daily_szse,SZ,159645,疫苗ETF富国,73540740.0,份,,,akshare:szse_daily
2026-08-28,akshare_fund_scale_daily_szse,SZ,159647,中药ETF鹏华,1016961752.0,份,,,akshare:szse_daily
2026-08-28,akshare_fund_scale_daily_szse,SZ,159649,国开债ETF华安,38711877.0,份,,,akshare:szse_daily
2026-08-28,akshare_fund_scale_daily_szse,SZ,159650,国开债ETF博时,49018196.0,份,,,akshare:szse_daily
2026-08-28,akshare_fund_scale_daily_szse,SZ,159651,国开债ETF平安,9658448.0,份,,,akshare:szse_daily
2026-08-28,akshare_fund_scale_daily_szse,SZ,159652,有色ETF汇添富,1777320287.0,份,,,akshare:szse_daily
2026-08-28,akshare_fund_scale_daily_szse,SZ,159653,ESG300ETF国联安,52972068.0,份,,,akshare:szse_daily
2026-08-28,akshare_fund_scale_daily_szse,SZ,159655,标普500ETF华夏,2167143045.0,份,,,akshare:szse_daily
2026-08-28,akshare_fund_scale_daily_szse,SZ,159656,沪深300成长ETF万家,228238451.0,份,,,akshare:szse_daily
2026-08-28,akshare_fund_scale_daily_szse,SZ,159657,疫苗ETF鹏华,164514819.0,份,,,akshare:szse_daily
2026-08-28,akshare_fund_scale_daily_szse,SZ,159658,数字经济ETF华安,44394877.0,份,,,akshare:szse_daily
2026-08-28,akshare_fund_scale_daily_szse,SZ,159659,纳斯达克100ETF招商,4559744064.0,份,,,akshare:szse_daily
2026-08-28,akshare_fund_scale_daily_szse,SZ,159660,纳指ETF汇添富,2263151363.0,份,,,akshare:szse_daily
2026-08-28,akshare_fund_scale_daily_szse,SZ,159661,A100ETF嘉实,27208213.0,份,,,akshare:szse_daily
2026-08-28,akshare_fund_scale_daily_szse,SZ,159662,交运ETF南方,81613946.0,份,,,akshare:szse_daily
2026-08-28,akshare_fund_scale_daily_szse,SZ,159663,机床ETF华夏,437035170.0,份,,,akshare:szse_daily
2026-08-28,akshare_fund_scale_daily_szse,SZ,159665,半导体龙头ETF工银,248576860.0,份,,,akshare:szse_daily
2026-08-28,akshare_fund_scale_daily_szse,SZ,159666,交通运输ETF华夏,140832905.0,份,,,akshare:szse_daily
2026-08-28,akshare_fund_scale_daily_szse,SZ,159667,工业母机ETF国泰,3639050718.0,份,,,akshare:szse_daily
2026-08-28,akshare_fund_scale_daily_szse,SZ,159669,绿色电力ETF国泰,202254781.0,份,,,akshare:szse_daily
2026-08-28,akshare_fund_scale_daily_szse,SZ,159670,消费50ETF国联安,55706921.0,份,,,akshare:szse_daily
2026-08-28,akshare_fund_scale_daily_szse,SZ,159671,稀有金属ETF工银,893551737.0,份,,,akshare:szse_daily
2026-08-28,akshare_fund_scale_daily_szse,SZ,159672,消费ETF博时,129887409.0,份,,,akshare:szse_daily
2026-08-28,akshare_fund_scale_daily_szse,SZ,159673,沪深300ETF鹏华,1777528385.0,份,,,akshare:szse_daily
2026-08-28,akshare_fund_scale_daily_szse,SZ,159675,创业板增强ETF嘉实,63846691.0,份,,,akshare:szse_daily
2026-08-28,akshare_fund_scale_daily_szse,SZ,159676,创业板增强ETF富国,130564183.0,份,,,akshare:szse_daily
2026-08-28,akshare_fund_scale_daily_szse,SZ,159677,中证1000增强ETF银华,26904091.0,份,,,akshare:szse_daily
2026-08-28,akshare_fund_scale_daily_szse,SZ,159678,500增强ETF博时,89143694.0,份,,,akshare:szse_daily
2026-08-28,akshare_fund_scale_daily_szse,SZ,159679,中证1000增强ETF国泰,55289156.0,份,,,akshare:szse_daily
2026-08-28,akshare_fund_scale_daily_szse,SZ,159680,中证1000增强ETF招商,1026438087.0,份,,,akshare:szse_daily
2026-08-28,akshare_fund_scale_daily_szse,SZ,159681,创业板50ETF鹏华,1037772337.0,份,,,akshare:szse_daily
2026-08-28,akshare_fund_scale_daily_szse,SZ,159682,创业板50ETF景顺,3284307670.0,份,,,akshare:szse_daily
2026-08-28,akshare_fund_scale_daily_szse,SZ,159685,1000增强ETF天弘,19440067.0,份,,,akshare:szse_daily
2026-08-28,akshare_fund_scale_daily_szse,SZ,159686,A100ETF易方达,77815386.0,份,,,akshare:szse_daily
2026-08-28,akshare_fund_scale_daily_szse,SZ,159687,亚太精选ETF南方,1631828658.0,份,,,akshare:szse_daily
2026-08-28,akshare_fund_scale_daily_szse,SZ,159688,恒生互联网ETF华安,1338278480.0,份,,,akshare:szse_daily
2026-08-28,akshare_fund_scale_daily_szse,SZ,159689,消费ETF南方,88147787.0,份,,,akshare:szse_daily
2026-08-28,akshare_fund_scale_daily_szse,SZ,159690,有色矿业ETF招商,273163978.0,份,,,akshare:szse_daily
2026-08-28,akshare_fund_scale_daily_szse,SZ,159691,港股红利ETF工银,3762301386.0,份,,,akshare:szse_daily
2026-08-28,akshare_fund_scale_daily_szse,SZ,159692,证券ETF东财,1501455969.0,份,,,akshare:szse_daily
2026-08-28,akshare_fund_scale_daily_szse,SZ,159695,通信ETF嘉实,855436258.0,份,,,akshare:szse_daily
2026-08-28,akshare_fund_scale_daily_szse,SZ,159696,纳指ETF易方达,2827824034.0,份,,,akshare:szse_daily
2026-08-28,akshare_fund_scale_daily_szse,SZ,159697,石油ETF鹏华,1023022006.0,份,,,akshare:szse_daily
2026-08-28,akshare_fund_scale_daily_szse,SZ,159698,粮食ETF鹏华,1602444378.0,份,,,akshare:szse_daily
2026-08-28,akshare_fund_scale_daily_szse,SZ,159699,恒生消费ETF广发,492664255.0,份,,,akshare:szse_daily
2026-08-28,akshare_fund_scale_daily_szse,SZ,159700,科创债ETF南方,139159191.0,份,,,akshare:szse_daily
2026-08-28,akshare_fund_scale_daily_szse,SZ,159701,物联网ETF招商,5705601.0,份,,,akshare:szse_daily
2026-08-28,akshare_fund_scale_daily_szse,SZ,159703,新材料ETF天弘,58381591.0,份,,,akshare:szse_daily
2026-08-28,akshare_fund_scale_daily_szse,SZ,159706,深证100ETF华安,40386800.0,份,,,akshare:szse_daily
2026-08-28,akshare_fund_scale_daily_szse,SZ,159707,地产ETF华宝,1145548214.0,份,,,akshare:szse_daily
2026-08-28,akshare_fund_scale_daily_szse,SZ,159708,红利ETF西部利得,178528306.0,份,,,akshare:szse_daily
2026-08-28,akshare_fund_scale_daily_szse,SZ,159709,物联网ETF工银,20484060.0,份,,,akshare:szse_daily
2026-08-28,akshare_fund_scale_daily_szse,SZ,159711,港股通50ETF华夏,30465157.0,份,,,akshare:szse_daily
2026-08-28,akshare_fund_scale_daily_szse,SZ,159712,港股通50ETF国泰,84778813.0,份,,,akshare:szse_daily
2026-08-28,akshare_fund_scale_daily_szse,SZ,159713,稀土ETF富国,518255051.0,份,,,akshare:szse_daily
2026-08-28,akshare_fund_scale_daily_szse,SZ,159715,稀土ETF易方达,513030274.0,份,,,akshare:szse_daily
2026-08-28,akshare_fund_scale_daily_szse,SZ,159716,深证100ETF华宝,55666732.0,份,,,akshare:szse_daily
2026-08-28,akshare_fund_scale_daily_szse,SZ,159717,ESGETF鹏华,27873183.0,份,,,akshare:szse_daily
2026-08-28,akshare_fund_scale_daily_szse,SZ,159718,港股医药ETF平安,183832634.0,份,,,akshare:szse_daily
2026-08-28,akshare_fund_scale_daily_szse,SZ,159719,国企ETF平安,25195986.0,份,,,akshare:szse_daily
2026-08-28,akshare_fund_scale_daily_szse,SZ,159720,智能车ETF泰康,45812357.0,份,,,akshare:szse_daily
2026-08-28,akshare_fund_scale_daily_szse,SZ,159721,深证100ETF永赢,67431696.0,份,,,akshare:szse_daily
2026-08-28,akshare_fund_scale_daily_szse,SZ,159723,科技龙头ETF汇添富,31025575.0,份,,,akshare:szse_daily
2026-08-28,akshare_fund_scale_daily_szse,SZ,159725,线上消费ETF工银,123424924.0,份,,,akshare:szse_daily
2026-08-28,akshare_fund_scale_daily_szse,SZ,159726,港股通高股息ETF华夏,251911380.0,份,,,akshare:szse_daily
2026-08-28,akshare_fund_scale_daily_szse,SZ,159728,在线消费ETF南方,47410129.0,份,,,akshare:szse_daily
2026-08-28,akshare_fund_scale_daily_szse,SZ,159729,互联网ETF汇添富,66760633.0,份,,,akshare:szse_daily
2026-08-28,akshare_fund_scale_daily_szse,SZ,159730,家电ETF博时,42571340.0,份,,,akshare:szse_daily
2026-08-28,akshare_fund_scale_daily_szse,SZ,159731,石化ETF华夏,741375802.0,份,,,akshare:szse_daily
2026-08-28,akshare_fund_scale_daily_szse,SZ,159732,消费电子ETF华夏,2358447904.0,份,,,akshare:szse_daily
2026-08-28,akshare_fund_scale_daily_szse,SZ,159735,港股消费ETF银华,627561371.0,份,,,akshare:szse_daily
2026-08-28,akshare_fund_scale_daily_szse,SZ,159736,食品饮料ETF天弘,7504394457.0,份,,,akshare:szse_daily
2026-08-28,akshare_fund_scale_daily_szse,SZ,159738,云计算ETF华泰柏瑞,130992667.0,份,,,akshare:szse_daily
2026-08-28,akshare_fund_scale_daily_szse,SZ,159739,云计算ETF鹏华,417161230.0,份,,,akshare:szse_daily
2026-08-28,akshare_fund_scale_daily_szse,SZ,159740,恒生科技ETF大成,25207120448.0,份,,,akshare:szse_daily
2026-08-28,akshare_fund_scale_daily_szse,SZ,159741,恒生科技ETF嘉实,1371796712.0,份,,,akshare:szse_daily
2026-08-28,akshare_fund_scale_daily_szse,SZ,159742,恒生科技ETF博时,6270928292.0,份,,,akshare:szse_daily
2026-08-28,akshare_fund_scale_daily_szse,SZ,159743,湖北ETF博时,109941100.0,份,,,akshare:szse_daily
2026-08-28,akshare_fund_scale_daily_szse,SZ,159745,建材ETF国泰,1402688265.0,份,,,akshare:szse_daily
2026-08-28,akshare_fund_scale_daily_szse,SZ,159747,香港科技ETF南方,312712278.0,份,,,akshare:szse_daily
2026-08-28,akshare_fund_scale_daily_szse,SZ,159748,创新药ETF富国,1469692128.0,份,,,akshare:szse_daily
2026-08-28,akshare_fund_scale_daily_szse,SZ,159750,港股科技50ETF招商,1247618251.0,份,,,akshare:szse_daily
2026-08-28,akshare_fund_scale_daily_szse,SZ,159751,港股通科技ETF鹏华,882629628.0,份,,,akshare:szse_daily
2026-08-28,akshare_fund_scale_daily_szse,SZ,159752,新能源ETF申万菱信,409958917.0,份,,,akshare:szse_daily
2026-08-28,akshare_fund_scale_daily_szse,SZ,159755,电池ETF广发,7978646746.0,份,,,akshare:szse_daily
2026-08-28,akshare_fund_scale_daily_szse,SZ,159757,电池ETF景顺,247931891.0,份,,,akshare:szse_daily
2026-08-28,akshare_fund_scale_daily_szse,SZ,159758,红利质量ETF华夏,1344290777.0,份,,,akshare:szse_daily
2026-08-28,akshare_fund_scale_daily_szse,SZ,159760,医疗健康ETF泰康,132360223.0,份,,,akshare:szse_daily
2026-08-28,akshare_fund_scale_daily_szse,SZ,159761,新材料ETF国泰,197734117.0,份,,,akshare:szse_daily
2026-08-28,akshare_fund_scale_daily_szse,SZ,159763,新材料ETF建信,89707747.0,份,,,akshare:szse_daily
2026-08-28,akshare_fund_scale_daily_szse,SZ,159766,旅游ETF富国,5548140963.0,份,,,akshare:szse_daily
2026-08-28,akshare_fund_scale_daily_szse,SZ,159767,电池龙头ETF兴银,241873672.0,份,,,akshare:szse_daily
2026-08-28,akshare_fund_scale_daily_szse,SZ,159768,房地产ETF银华,814950311.0,份,,,akshare:szse_daily
2026-08-28,akshare_fund_scale_daily_szse,SZ,159770,机器人ETF天弘,6080587762.0,份,,,akshare:szse_daily
2026-08-28,akshare_fund_scale_daily_szse,SZ,159773,创业板科技ETF华泰柏瑞,145103120.0,份,,,akshare:szse_daily
2026-08-28,akshare_fund_scale_daily_szse,SZ,159775,电池ETF建信,675648961.0,份,,,akshare:szse_daily
2026-08-28,akshare_fund_scale_daily_szse,SZ,159776,港股医药ETF银华,78968765.0,份,,,akshare:szse_daily
2026-08-28,akshare_fund_scale_daily_szse,SZ,159777,创科技ETF国联安,28280565.0,份,,,akshare:szse_daily
2026-08-28,akshare_fund_scale_daily_szse,SZ,159778,工业互联网ETF鹏华,40255382.0,份,,,akshare:szse_daily
2026-08-28,akshare_fund_scale_daily_szse,SZ,159779,消费电子ETF招商,135869337.0,份,,,akshare:szse_daily
2026-08-28,akshare_fund_scale_daily_szse,SZ,159780,科创创业50ETF南方,3564048583.0,份,,,akshare:szse_daily
2026-08-28,akshare_fund_scale_daily_szse,SZ,159781,科创创业ETF易方达,15835860533.0,份,,,akshare:szse_daily
2026-08-28,akshare_fund_scale_daily_szse,SZ,159782,双创50ETF银华,570190267.0,份,,,akshare:szse_daily
2026-08-28,akshare_fund_scale_daily_szse,SZ,159783,科创创业50ETF华夏,5256859442.0,份,,,akshare:szse_daily
2026-08-28,akshare_fund_scale_daily_szse,SZ,159786,VRETF银华,85701174.0,份,,,akshare:szse_daily
2026-08-28,akshare_fund_scale_daily_szse,SZ,159787,建材ETF易方达,131021633.0,份,,,akshare:szse_daily
2026-08-28,akshare_fund_scale_daily_szse,SZ,159788,港股通100ETF易方达,70424965.0,份,,,akshare:szse_daily
2026-08-28,akshare_fund_scale_daily_szse,SZ,159790,碳中和ETF华夏,1541528485.0,份,,,akshare:szse_daily
2026-08-28,akshare_fund_scale_daily_szse,SZ,159791,300ESGETF华夏,31083347.0,份,,,akshare:szse_daily
2026-08-28,akshare_fund_scale_daily_szse,SZ,159792,港股通互联网ETF富国,65189855237.0,份,,,akshare:szse_daily
2026-08-28,akshare_fund_scale_daily_szse,SZ,159793,线上消费ETF平安,43758908.0,份,,,akshare:szse_daily
2026-08-28,akshare_fund_scale_daily_szse,SZ,159795,智能汽车ETF汇添富,28169473.0,份,,,akshare:szse_daily
2026-08-28,akshare_fund_scale_daily_szse,SZ,159796,电池ETF汇添富,6210467550.0,份,,,akshare:szse_daily
2026-08-28,akshare_fund_scale_daily_szse,SZ,159797,医疗器械ETF汇添富,394989247.0,份,,,akshare:szse_daily
2026-08-28,akshare_fund_scale_daily_szse,SZ,159798,消费ETF易方达,173245390.0,份,,,akshare:szse_daily
2026-08-28,akshare_fund_scale_daily_szse,SZ,159800,中证800ETF鹏华,26736802.0,份,,,akshare:szse_daily
2026-08-28,akshare_fund_scale_daily_szse,SZ,159801,芯片ETF广发,4526120172.0,份,,,akshare:szse_daily
2026-08-28,akshare_fund_scale_daily_szse,SZ,159804,创中盘88ETF国寿,15899676.0,份,,,akshare:szse_daily
2026-08-28,akshare_fund_scale_daily_szse,SZ,159805,传媒ETF鹏华,250452480.0,份,,,akshare:szse_daily
2026-08-28,akshare_fund_scale_daily_szse,SZ,159806,新能源车ETF国泰,867089446.0,份,,,akshare:szse_daily
2026-08-28,akshare_fund_scale_daily_szse,SZ,159807,科技ETF易方达,911051428.0,份,,,akshare:szse_daily
2026-08-28,akshare_fund_scale_daily_szse,SZ,159808,创100ETF融通,49484790.0,份,,,akshare:szse_daily
2026-08-28,akshare_fund_scale_daily_szse,SZ,159810,创业板ETF浦银,57475458.0,份,,,akshare:szse_daily
2026-08-28,akshare_fund_scale_daily_szse,SZ,159811,5GETF博时,75543393.0,份,,,akshare:szse_daily
2026-08-28,akshare_fund_scale_daily_szse,SZ,159812,黄金ETF前海开源,163513149.0,份,,,akshare:szse_daily
2026-08-28,akshare_fund_scale_daily_szse,SZ,159813,半导体ETF鹏华,8973724820.0,份,,,akshare:szse_daily
2026-08-28,akshare_fund_scale_daily_szse,SZ,159814,创业大盘ETF西部利得,512246520.0,份,,,akshare:szse_daily
2026-08-28,akshare_fund_scale_daily_szse,SZ,159816,0-4年地方债ETF鹏华,97147484.0,份,,,akshare:szse_daily
2026-08-28,akshare_fund_scale_daily_szse,SZ,159819,人工智能ETF易方达,12093229669.0,份,,,akshare:szse_daily
2026-08-28,akshare_fund_scale_daily_szse,SZ,159820,中证500ETF天弘,1356408470.0,份,,,akshare:szse_daily
2026-08-28,akshare_fund_scale_daily_szse,SZ,159821,创业板ETF中银证券,64620000.0,份,,,akshare:szse_daily
2026-08-28,akshare_fund_scale_daily_szse,SZ,159822,新经济ETF银华,292134315.0,份,,,akshare:szse_daily
2026-08-28,akshare_fund_scale_daily_szse,SZ,159824,新能源车ETF博时,82135070.0,份,,,akshare:szse_daily
2026-08-28,akshare_fund_scale_daily_szse,SZ,159825,农业ETF富国,2469077407.0,份,,,akshare:szse_daily
2026-08-28,akshare_fund_scale_daily_szse,SZ,159827,农业ETF银华,86716463.0,份,,,akshare:szse_daily
2026-08-28,akshare_fund_scale_daily_szse,SZ,159828,医疗ETF国泰,4652439464.0,份,,,akshare:szse_daily
2026-08-28,akshare_fund_scale_daily_szse,SZ,159830,金ETF天弘,348514066.0,份,,,akshare:szse_daily
2026-08-28,akshare_fund_scale_daily_szse,SZ,159831,金ETF嘉实,237656243.0,份,,,akshare:szse_daily
2026-08-28,akshare_fund_scale_daily_szse,SZ,159834,金ETF南方,231461376.0,份,,,akshare:szse_daily
2026-08-28,akshare_fund_scale_daily_szse,SZ,159835,创新药ETF建信,362504143.0,份,,,akshare:szse_daily
2026-08-28,akshare_fund_scale_daily_szse,SZ,159836,创业板300ETF天弘,117747113.0,份,,,akshare:szse_daily
2026-08-28,akshare_fund_scale_daily_szse,SZ,159837,生物科技ETF易方达,2805152837.0,份,,,akshare:szse_daily
2026-08-28,akshare_fund_scale_daily_szse,SZ,159838,医药50ETF博时,225763462.0,份,,,akshare:szse_daily
2026-08-28,akshare_fund_scale_daily_szse,SZ,159839,生物医药ETF汇添富,2573235165.0,份,,,akshare:szse_daily
2026-08-28,akshare_fund_scale_daily_szse,SZ,159840,锂电池ETF工银,1967574851.0,份,,,akshare:szse_daily
2026-08-28,akshare_fund_scale_daily_szse,SZ,159841,证券ETF天弘,12032238465.0,份,,,akshare:szse_daily
2026-08-28,akshare_fund_scale_daily_szse,SZ,159842,券商ETF银华,9092250631.0,份,,,akshare:szse_daily
2026-08-28,akshare_fund_scale_daily_szse,SZ,159843,食品饮料ETF招商,608955141.0,份,,,akshare:szse_daily
2026-08-28,akshare_fund_scale_daily_szse,SZ,159845,中证1000ETF华夏,2127425606.0,份,,,akshare:szse_daily
2026-08-28,akshare_fund_scale_daily_szse,SZ,159847,医疗ETF易方达,3844825354.0,份,,,akshare:szse_daily
2026-08-28,akshare_fund_scale_daily_szse,SZ,159848,证券ETF国联安,155311239.0,份,,,akshare:szse_daily
2026-08-28,akshare_fund_scale_daily_szse,SZ,159849,生物科技ETF招商,156372396.0,份,,,akshare:szse_daily
2026-08-28,akshare_fund_scale_daily_szse,SZ,159850,恒生国企ETF华夏,420706498.0,份,,,akshare:szse_daily
2026-08-28,akshare_fund_scale_daily_szse,SZ,159851,金融科技ETF华宝,10099904148.0,份,,,akshare:szse_daily
2026-08-28,akshare_fund_scale_daily_szse,SZ,159852,软件ETF嘉实,14025623921.0,份,,,akshare:szse_daily
2026-08-28,akshare_fund_scale_daily_szse,SZ,159855,影视ETF银华,184925236.0,份,,,akshare:szse_daily
2026-08-28,akshare_fund_scale_daily_szse,SZ,159856,互联网龙头ETF工银,347372474.0,份,,,akshare:szse_daily
2026-08-28,akshare_fund_scale_daily_szse,SZ,159857,光伏ETF天弘,2209515725.0,份,,,akshare:szse_daily
2026-08-28,akshare_fund_scale_daily_szse,SZ,159858,创新药ETF南方,1022098318.0,份,,,akshare:szse_daily
2026-08-28,akshare_fund_scale_daily_szse,SZ,159859,生物医药ETF天弘,10233440054.0,份,,,akshare:szse_daily
2026-08-28,akshare_fund_scale_daily_szse,SZ,159861,碳中和50ETF国泰,97117535.0,份,,,akshare:szse_daily
2026-08-28,akshare_fund_scale_daily_szse,SZ,159862,食品饮料ETF银华,307500623.0,份,,,akshare:szse_daily
2026-08-28,akshare_fund_scale_daily_szse,SZ,159863,光伏ETF鹏华,294729352.0,份,,,akshare:szse_daily
2026-08-28,akshare_fund_scale_daily_szse,SZ,159864,光伏ETF国泰,630526827.0,份,,,akshare:szse_daily
2026-08-28,akshare_fund_scale_daily_szse,SZ,159865,养殖ETF国泰,12312455659.0,份,,,akshare:szse_daily
2026-08-28,akshare_fund_scale_daily_szse,SZ,159866,日经ETF工银,1119979377.0,份,,,akshare:szse_daily
2026-08-28,akshare_fund_scale_daily_szse,SZ,159867,养殖ETF鹏华,1603643594.0,份,,,akshare:szse_daily
2026-08-28,akshare_fund_scale_daily_szse,SZ,159869,游戏ETF华夏,8087082127.0,份,,,akshare:szse_daily
2026-08-28,akshare_fund_scale_daily_szse,SZ,159870,化工ETF鹏华,16776107019.0,份,,,akshare:szse_daily
2026-08-28,akshare_fund_scale_daily_szse,SZ,159871,有色ETF银华,1141732506.0,份,,,akshare:szse_daily
2026-08-28,akshare_fund_scale_daily_szse,SZ,159872,智能网联汽车ETF鹏华,58799732.0,份,,,akshare:szse_daily
2026-08-28,akshare_fund_scale_daily_szse,SZ,159873,医疗设备ETF天弘,471920000.0,份,,,akshare:szse_daily
2026-08-28,akshare_fund_scale_daily_szse,SZ,159875,新能源ETF嘉实,2479662899.0,份,,,akshare:szse_daily
2026-08-28,akshare_fund_scale_daily_szse,SZ,159876,有色ETF华宝,1715377018.0,份,,,akshare:szse_daily
2026-08-28,akshare_fund_scale_daily_szse,SZ,159877,医疗ETF南方,247792292.0,份,,,akshare:szse_daily
2026-08-28,akshare_fund_scale_daily_szse,SZ,159880,有色ETF鹏华,1270103036.0,份,,,akshare:szse_daily
2026-08-28,akshare_fund_scale_daily_szse,SZ,159881,有色金属ETF国泰,192499166.0,份,,,akshare:szse_daily
2026-08-28,akshare_fund_scale_daily_szse,SZ,159883,医疗器械ETF永赢,9024037843.0,份,,,akshare:szse_daily
2026-08-28,akshare_fund_scale_daily_szse,SZ,159885,碳中和ETF鹏华,247467316.0,份,,,akshare:szse_daily
2026-08-28,akshare_fund_scale_daily_szse,SZ,159886,机械ETF富国,67842555.0,份,,,akshare:szse_daily
2026-08-28,akshare_fund_scale_daily_szse,SZ,159887,银行ETF富国,578415950.0,份,,,akshare:szse_daily
2026-08-28,akshare_fund_scale_daily_szse,SZ,159888,智能汽车ETF华夏,69446068.0,份,,,akshare:szse_daily
2026-08-28,akshare_fund_scale_daily_szse,SZ,159889,智能汽车ETF国泰,27400796.0,份,,,akshare:szse_daily
2026-08-28,akshare_fund_scale_daily_szse,SZ,159890,云计算ETF招商,232590688.0,份,,,akshare:szse_daily
2026-08-28,akshare_fund_scale_daily_szse,SZ,159891,医疗ETF建信,349024837.0,份,,,akshare:szse_daily
2026-08-28,akshare_fund_scale_daily_szse,SZ,159892,恒生医药ETF华夏,5400266022.0,份,,,akshare:szse_daily
2026-08-28,akshare_fund_scale_daily_szse,SZ,159895,物联网ETF易方达,75241864.0,份,,,akshare:szse_daily
2026-08-28,akshare_fund_scale_daily_szse,SZ,159896,物联网ETF南方,38055960.0,份,,,akshare:szse_daily
2026-08-28,akshare_fund_scale_daily_szse,SZ,159898,医疗器械ETF招商,899098825.0,份,,,akshare:szse_daily
2026-08-28,akshare_fund_scale_daily_szse,SZ,159899,软件ETF招商,974977729.0,份,,,akshare:szse_daily
2026-08-28,akshare_fund_scale_daily_szse,SZ,159901,深证100ETF易方达,972934930.0,份,,,akshare:szse_daily
2026-08-28,akshare_fund_scale_daily_szse,SZ,159902,中小100ETF华夏,75960849.0,份,,,akshare:szse_daily
2026-08-28,akshare_fund_scale_daily_szse,SZ,159903,深成ETF南方,442154507.0,份,,,akshare:szse_daily
2026-08-28,akshare_fund_scale_daily_szse,SZ,159905,红利ETF工银,988943951.0,份,,,akshare:szse_daily
2026-08-28,akshare_fund_scale_daily_szse,SZ,159906,深成长ETF大成,141639725.0,份,,,akshare:szse_daily
2026-08-28,akshare_fund_scale_daily_szse,SZ,159907,国证2000ETF广发,173197694.0,份,,,akshare:szse_daily
2026-08-28,akshare_fund_scale_daily_szse,SZ,159908,创业板ETF博时,317229029.0,份,,,akshare:szse_daily
2026-08-28,akshare_fund_scale_daily_szse,SZ,159909,TMT50ETF招商,531561992.0,份,,,akshare:szse_daily
2026-08-28,akshare_fund_scale_daily_szse,SZ,159910,基本面120ETF嘉实,82906143.0,份,,,akshare:szse_daily
2026-08-28,akshare_fund_scale_daily_szse,SZ,159912,深300ETF汇添富,68448991.0,份,,,akshare:szse_daily
2026-08-28,akshare_fund_scale_daily_szse,SZ,159913,深价值ETF交银,22329693.0,份,,,akshare:szse_daily
2026-08-28,akshare_fund_scale_daily_szse,SZ,159915,创业板ETF易方达,18762454936.0,份,,,akshare:szse_daily
2026-08-28,akshare_fund_scale_daily_szse,SZ,159916,基本面ETF建信,42566039.0,份,,,akshare:szse_daily
2026-08-28,akshare_fund_scale_daily_szse,SZ,159918,中创400ETF嘉实,30561264.0,份,,,akshare:szse_daily
2026-08-28,akshare_fund_scale_daily_szse,SZ,159919,沪深300ETF嘉实,6262416676.0,份,,,akshare:szse_daily
2026-08-28,akshare_fund_scale_daily_szse,SZ,159920,恒生ETF华夏,5779559219.0,份,,,akshare:szse_daily
2026-08-28,akshare_fund_scale_daily_szse,SZ,159922,中证500ETF嘉实,2791676765.0,份,,,akshare:szse_daily
2026-08-28,akshare_fund_scale_daily_szse,SZ,159923,中证A100ETF大成,12285812.0,份,,,akshare:szse_daily
2026-08-28,akshare_fund_scale_daily_szse,SZ,159925,沪深300ETF南方,633020856.0,份,,,akshare:szse_daily
2026-08-28,akshare_fund_scale_daily_szse,SZ,159928,消费ETF汇添富,23052629040.0,份,,,akshare:szse_daily
2026-08-28,akshare_fund_scale_daily_szse,SZ,159929,医药ETF汇添富,1651704203.0,份,,,akshare:szse_daily
2026-08-28,akshare_fund_scale_daily_szse,SZ,159930,能源ETF汇添富,550398150.0,份,,,akshare:szse_daily
2026-08-28,akshare_fund_scale_daily_szse,SZ,159931,金融地产ETF汇添富,17828511.0,份,,,akshare:szse_daily
2026-08-28,akshare_fund_scale_daily_szse,SZ,159933,金融地产ETF国投瑞银,36378943.0,份,,,akshare:szse_daily
2026-08-28,akshare_fund_scale_daily_szse,SZ,159934,黄金ETF易方达,3901708998.0,份,,,akshare:szse_daily
2026-08-28,akshare_fund_scale_daily_szse,SZ,159935,中证500ETF景顺,26572956.0,份,,,akshare:szse_daily
2026-08-28,akshare_fund_scale_daily_szse,SZ,159936,可选消费ETF广发,108156094.0,份,,,akshare:szse_daily
2026-08-28,akshare_fund_scale_daily_szse,SZ,159937,黄金ETF博时,4738121977.0,份,,,akshare:szse_daily
2026-08-28,akshare_fund_scale_daily_szse,SZ,159938,医药ETF广发,7237067236.0,份,,,akshare:szse_daily
2026-08-28,akshare_fund_scale_daily_szse,SZ,159939,信息技术ETF广发,781656106.0,份,,,akshare:szse_daily
2026-08-28,akshare_fund_scale_daily_szse,SZ,159940,金融地产ETF广发,283059983.0,份,,,akshare:szse_daily
2026-08-28,akshare_fund_scale_daily_szse,SZ,159941,纳指ETF广发,22539710164.0,份,,,akshare:szse_daily
2026-08-28,akshare_fund_scale_daily_szse,SZ,159943,深证成指ETF大成,203229922.0,份,,,akshare:szse_daily
2026-08-28,akshare_fund_scale_daily_szse,SZ,159944,材料ETF广发,31608342.0,份,,,akshare:szse_daily
2026-08-28,akshare_fund_scale_daily_szse,SZ,159945,能源ETF广发,60072327.0,份,,,akshare:szse_daily
2026-08-28,akshare_fund_scale_daily_szse,SZ,159948,创业板ETF南方,1178697720.0,份,,,akshare:szse_daily
2026-08-28,akshare_fund_scale_daily_szse,SZ,159949,创业板50ETF华安,15474785113.0,份,,,akshare:szse_daily
2026-08-28,akshare_fund_scale_daily_szse,SZ,159952,创业板ETF广发,5439484929.0,份,,,akshare:szse_daily
2026-08-28,akshare_fund_scale_daily_szse,SZ,159954,恒生中国企业ETF南方,189105083.0,份,,,akshare:szse_daily
2026-08-28,akshare_fund_scale_daily_szse,SZ,159956,创业板ETF建信,47978674.0,份,,,akshare:szse_daily
2026-08-28,akshare_fund_scale_daily_szse,SZ,159957,创业板ETF华夏,1178784560.0,份,,,akshare:szse_daily
2026-08-28,akshare_fund_scale_daily_szse,SZ,159958,创业板ETF工银,238511448.0,份,,,akshare:szse_daily
2026-08-28,akshare_fund_scale_daily_szse,SZ,159959,央企ETF银华,1826891780.0,份,,,akshare:szse_daily
2026-08-28,akshare_fund_scale_daily_szse,SZ,159960,恒生中国企业ETF平安,71573960.0,份,,,akshare:szse_daily
2026-08-28,akshare_fund_scale_daily_szse,SZ,159961,深100ETF方正富邦,99245196.0,份,,,akshare:szse_daily
2026-08-28,akshare_fund_scale_daily_szse,SZ,159964,创业板ETF平安,169481881.0,份,,,akshare:szse_daily
2026-08-28,akshare_fund_scale_daily_szse,SZ,159965,央视50ETF国联,21426953.0,份,,,akshare:szse_daily
2026-08-28,akshare_fund_scale_daily_szse,SZ,159966,创业板价值ETF华夏,641999521.0,份,,,akshare:szse_daily
2026-08-28,akshare_fund_scale_daily_szse,SZ,159967,创业板成长ETF华夏,7361105811.0,份,,,akshare:szse_daily
2026-08-28,akshare_fund_scale_daily_szse,SZ,159968,中证500ETF博时,65295098.0,份,,,akshare:szse_daily
2026-08-28,akshare_fund_scale_daily_szse,SZ,159970,深100ETF工银,10468704.0,份,,,akshare:szse_daily
2026-08-28,akshare_fund_scale_daily_szse,SZ,159971,创业板ETF富国,1734020288.0,份,,,akshare:szse_daily
2026-08-28,akshare_fund_scale_daily_szse,SZ,159972,5年地方债ETF鹏华,66575910.0,份,,,akshare:szse_daily
2026-08-28,akshare_fund_scale_daily_szse,SZ,159973,民企ETF弘毅远方,199976423.0,份,,,akshare:szse_daily
2026-08-28,akshare_fund_scale_daily_szse,SZ,159974,央企创新ETF富国,40432422.0,份,,,akshare:szse_daily
2026-08-28,akshare_fund_scale_daily_szse,SZ,159975,深100ETF招商,51937760.0,份,,,akshare:szse_daily
2026-08-28,akshare_fund_scale_daily_szse,SZ,159976,湾创ETF工银,63885872.0,份,,,akshare:szse_daily
2026-08-28,akshare_fund_scale_daily_szse,SZ,159977,创业板ETF天弘,3645872820.0,份,,,akshare:szse_daily
2026-08-28,akshare_fund_scale_daily_szse,SZ,159980,有色ETF大成,2933824777.0,份,,,akshare:szse_daily
2026-08-28,akshare_fund_scale_daily_szse,SZ,159981,能源化工ETF建信,1846536957.0,份,,,akshare:szse_daily
2026-08-28,akshare_fund_scale_daily_szse,SZ,159982,中证500ETF鹏华,204211253.0,份,,,akshare:szse_daily
2026-08-28,akshare_fund_scale_daily_szse,SZ,159985,豆粕ETF华夏,1560724066.0,份,,,akshare:szse_daily
2026-08-28,akshare_fund_scale_daily_szse,SZ,159991,创业板大盘ETF招商,102663172.0,份,,,akshare:szse_daily
2026-08-28,akshare_fund_scale_daily_szse,SZ,159992,创新药ETF银华,19225781217.0,份,,,akshare:szse_daily
2026-08-28,akshare_fund_scale_daily_szse,SZ,159993,证券ETF鹏华,3245697982.0,份,,,akshare:szse_daily
2026-08-28,akshare_fund_scale_daily_szse,SZ,159994,通信ETF银华,3925003358.0,份,,,akshare:szse_daily
2026-08-28,akshare_fund_scale_daily_szse,SZ,159995,芯片ETF华夏,24171126012.0,份,,,akshare:szse_daily
2026-08-28,akshare_fund_scale_daily_szse,SZ,159996,家电ETF国泰,476554846.0,份,,,akshare:szse_daily
2026-08-28,akshare_fund_scale_daily_szse,SZ,159997,电子ETF天弘,696306634.0,份,,,akshare:szse_daily
2026-08-28,akshare_fund_scale_daily_szse,SZ,159998,计算机ETF天弘,1583855354.0,份,,,akshare:szse_daily
2026-08-27,akshare_fund_scale_daily_szse,SZ,158000,港股通金融ETF鹏华,169925835.0,份,,,akshare:szse_daily
2026-08-27,akshare_fund_scale_daily_szse,SZ,158001,价值ETF嘉实,214392624.0,份,,,akshare:szse_daily
2026-08-27,akshare_fund_scale_daily_szse,SZ,158003,港股通医疗ETF嘉实,129654396.0,份,,,akshare:szse_daily
2026-08-27,akshare_fund_scale_daily_szse,SZ,158005,工程机械ETF博时,179061376.0,份,,,akshare:szse_daily
2026-08-27,akshare_fund_scale_daily_szse,SZ,158006,化工ETF博时,41046012.0,份,,,akshare:szse_daily
2026-08-27,akshare_fund_scale_daily_szse,SZ,158008,新能源电池ETF华夏,273413126.0,份,,,akshare:szse_daily
2026-08-27,akshare_fund_scale_daily_szse,SZ,158009,航空航天ETF南方,45373819.0,份,,,akshare:szse_daily
2026-08-27,akshare_fund_scale_daily_szse,SZ,158010,医疗ETF嘉实,232213319.0,份,,,akshare:szse_daily
2026-08-27,akshare_fund_scale_daily_szse,SZ,158012,云计算ETF南方,285325566.0,份,,,akshare:szse_daily
2026-08-27,akshare_fund_scale_daily_szse,SZ,158017,化工ETF易方达,245594582.0,份,,,akshare:szse_daily
2026-08-27,akshare_fund_scale_daily_szse,SZ,158019,电池ETF永赢,287281913.0,份,,,akshare:szse_daily
2026-08-27,akshare_fund_scale_daily_szse,SZ,159001,货币ETF易方达,27624522.0,份,,,akshare:szse_daily
2026-08-27,akshare_fund_scale_daily_szse,SZ,159003,招商快线ETF,2125403.0,份,,,akshare:szse_daily
2026-08-27,akshare_fund_scale_daily_szse,SZ,159005,快钱ETF汇添富,1161176.0,份,,,akshare:szse_daily
2026-08-27,akshare_fund_scale_daily_szse,SZ,159007,养殖ETF华泰柏瑞,188603274.0,份,,,akshare:szse_daily
2026-08-27,akshare_fund_scale_daily_szse,SZ,159008,证券ETF景顺,111284531.0,份,,,akshare:szse_daily
2026-08-27,akshare_fund_scale_daily_szse,SZ,159009,创业板新能源ETF易方达,59392703.0,份,,,akshare:szse_daily
2026-08-27,akshare_fund_scale_daily_szse,SZ,159010,港股通科技ETF博时,200097611.0,份,,,akshare:szse_daily
2026-08-27,akshare_fund_scale_daily_szse,SZ,159011,养殖ETF华安,28505168.0,份,,,akshare:szse_daily
2026-08-27,akshare_fund_scale_daily_szse,SZ,159012,科创创业50ETF鹏华,119881148.0,份,,,akshare:szse_daily
2026-08-27,akshare_fund_scale_daily_szse,SZ,159013,工业互联网ETF大成,40578881.0,份,,,akshare:szse_daily
2026-08-27,akshare_fund_scale_daily_szse,SZ,159015,恒生港股通科技ETF国联,110352934.0,份,,,akshare:szse_daily
2026-08-27,akshare_fund_scale_daily_szse,SZ,159016,证券ETF广发,353040154.0,份,,,akshare:szse_daily
2026-08-27,akshare_fund_scale_daily_szse,SZ,159017,石油ETF工银,151256813.0,份,,,akshare:szse_daily
2026-08-27,akshare_fund_scale_daily_szse,SZ,159018,石油ETF广发,25904203.0,份,,,akshare:szse_daily
2026-08-27,akshare_fund_scale_daily_szse,SZ,159019,石油ETF华宝,48327711.0,份,,,akshare:szse_daily
2026-08-27,akshare_fund_scale_daily_szse,SZ,159020,养殖ETF易方达,129567082.0,份,,,akshare:szse_daily
2026-08-27,akshare_fund_scale_daily_szse,SZ,159021,大盘价值ETF华夏,91907712.0,份,,,akshare:szse_daily
2026-08-27,akshare_fund_scale_daily_szse,SZ,159022,科创创业人工智能ETF富国,177630967.0,份,,,akshare:szse_daily
2026-08-27,akshare_fund_scale_daily_szse,SZ,159023,养殖ETF万家,42777943.0,份,,,akshare:szse_daily
2026-08-27,akshare_fund_scale_daily_szse,SZ,159026,石油ETF南方,45513446.0,份,,,akshare:szse_daily
2026-08-27,akshare_fund_scale_daily_szse,SZ,159027,畜牧养殖ETF大成,112472283.0,份,,,akshare:szse_daily
2026-08-27,akshare_fund_scale_daily_szse,SZ,159028,港股汽车ETF天弘,125449016.0,份,,,akshare:szse_daily
2026-08-27,akshare_fund_scale_daily_szse,SZ,159029,有色ETF广发,300127717.0,份,,,akshare:szse_daily
2026-08-27,akshare_fund_scale_daily_szse,SZ,159030,粮食ETF华夏,361468176.0,份,,,akshare:szse_daily
2026-08-27,akshare_fund_scale_daily_szse,SZ,159031,粮食ETF博时,549028624.0,份,,,akshare:szse_daily
2026-08-27,akshare_fund_scale_daily_szse,SZ,159032,工业有色ETF易方达,255845019.0,份,,,akshare:szse_daily
2026-08-27,akshare_fund_scale_daily_szse,SZ,159033,粮食ETF国泰,126323473.0,份,,,akshare:szse_daily
2026-08-27,akshare_fund_scale_daily_szse,SZ,159035,软件ETF天弘,599859726.0,份,,,akshare:szse_daily
2026-08-27,akshare_fund_scale_daily_szse,SZ,159036,软件开发ETF华宝,290740164.0,份,,,akshare:szse_daily
2026-08-27,akshare_fund_scale_daily_szse,SZ,159037,价值ETF鹏华,71249832.0,份,,,akshare:szse_daily
2026-08-27,akshare_fund_scale_daily_szse,SZ,159038,粮食ETF易方达,206026939.0,份,,,akshare:szse_daily
2026-08-27,akshare_fund_scale_daily_szse,SZ,159039,机器人ETF华安,986461422.0,份,,,akshare:szse_daily
2026-08-27,akshare_fund_scale_daily_szse,SZ,159040,港股通互联网ETF鹏华,32481087.0,份,,,akshare:szse_daily
2026-08-27,akshare_fund_scale_daily_szse,SZ,159041,农业ETF鹏华,62471832.0,份,,,akshare:szse_daily
2026-08-27,akshare_fund_scale_daily_szse,SZ,159042,价值ETF汇添富,98801105.0,份,,,akshare:szse_daily
2026-08-27,akshare_fund_scale_daily_szse,SZ,159043,食品ETF华安,99770695.0,份,,,akshare:szse_daily
2026-08-27,akshare_fund_scale_daily_szse,SZ,159045,稀有金属ETF大成,167330213.0,份,,,akshare:szse_daily
2026-08-27,akshare_fund_scale_daily_szse,SZ,159046,绿电ETF天弘,483476854.0,份,,,akshare:szse_daily
2026-08-27,akshare_fund_scale_daily_szse,SZ,159048,机器人ETF大成,196803897.0,份,,,akshare:szse_daily
2026-08-27,akshare_fund_scale_daily_szse,SZ,159049,有色ETF工银,37073319.0,份,,,akshare:szse_daily
2026-08-27,akshare_fund_scale_daily_szse,SZ,159050,机器人ETF广发,663703612.0,份,,,akshare:szse_daily
2026-08-27,akshare_fund_scale_daily_szse,SZ,159051,医疗器械ETF易方达,88117894.0,份,,,akshare:szse_daily
2026-08-27,akshare_fund_scale_daily_szse,SZ,159052,新能源电池ETF嘉实,191926092.0,份,,,akshare:szse_daily
2026-08-27,akshare_fund_scale_daily_szse,SZ,159053,稀有金属ETF华夏,163198132.0,份,,,akshare:szse_daily
2026-08-27,akshare_fund_scale_daily_szse,SZ,159055,稀有金属ETF富国,121293952.0,份,,,akshare:szse_daily
2026-08-27,akshare_fund_scale_daily_szse,SZ,159056,医疗器械ETF富国,65934358.0,份,,,akshare:szse_daily
2026-08-27,akshare_fund_scale_daily_szse,SZ,159057,医疗器械ETF鹏华,29715334.0,份,,,akshare:szse_daily
2026-08-27,akshare_fund_scale_daily_szse,SZ,159058,证券ETF大成,107331247.0,份,,,akshare:szse_daily
2026-08-27,akshare_fund_scale_daily_szse,SZ,159059,电力ETF大成,56830063.0,份,,,akshare:szse_daily
2026-08-27,akshare_fund_scale_daily_szse,SZ,159060,粮食ETF浦银,32483423.0,份,,,akshare:szse_daily
2026-08-27,akshare_fund_scale_daily_szse,SZ,159061,绿色电力ETF南方,215240230.0,份,,,akshare:szse_daily
2026-08-27,akshare_fund_scale_daily_szse,SZ,159062,稀有金属ETF南方,118201256.0,份,,,akshare:szse_daily
2026-08-27,akshare_fund_scale_daily_szse,SZ,159063,粮食ETF南方,51986647.0,份,,,akshare:szse_daily
2026-08-27,akshare_fund_scale_daily_szse,SZ,159065,工程机械ETF景顺,109350818.0,份,,,akshare:szse_daily
2026-08-27,akshare_fund_scale_daily_szse,SZ,159066,A股ETF建信,210733027.0,份,,,akshare:szse_daily
2026-08-27,akshare_fund_scale_daily_szse,SZ,159067,绿色电力ETF鹏华,20908737.0,份,,,akshare:szse_daily
2026-08-27,akshare_fund_scale_daily_szse,SZ,159068,软件ETF华夏,65336570.0,份,,,akshare:szse_daily
2026-08-27,akshare_fund_scale_daily_szse,SZ,159069,创业板新能源ETF华泰柏瑞,40770440.0,份,,,akshare:szse_daily
2026-08-27,akshare_fund_scale_daily_szse,SZ,159070,工程机械ETF嘉实,104366883.0,份,,,akshare:szse_daily
2026-08-27,akshare_fund_scale_daily_szse,SZ,159071,新能源电池ETF华宝,119911738.0,份,,,akshare:szse_daily
2026-08-27,akshare_fund_scale_daily_szse,SZ,159072,粮食ETF景顺,40285157.0,份,,,akshare:szse_daily
2026-08-27,akshare_fund_scale_daily_szse,SZ,159073,粮食ETF汇添富,90173864.0,份,,,akshare:szse_daily
2026-08-27,akshare_fund_scale_daily_szse,SZ,159075,工业互联网ETF华夏,178197165.0,份,,,akshare:szse_daily
2026-08-27,akshare_fund_scale_daily_szse,SZ,159076,创业板新能源ETF华宝,252373015.0,份,,,akshare:szse_daily
2026-08-27,akshare_fund_scale_daily_szse,SZ,159077,电池ETF鑫元,38242574.0,份,,,akshare:szse_daily
2026-08-27,akshare_fund_scale_daily_szse,SZ,159078,A股ETF富国,177262460.0,份,,,akshare:szse_daily
2026-08-27,akshare_fund_scale_daily_szse,SZ,159079,价值ETF兴全,93806830.0,份,,,akshare:szse_daily
2026-08-27,akshare_fund_scale_daily_szse,SZ,159082,化工ETF华夏,103531212.0,份,,,akshare:szse_daily
2026-08-27,akshare_fund_scale_daily_szse,SZ,159083,红利低波100ETF嘉实,192370472.0,份,,,akshare:szse_daily
2026-08-27,akshare_fund_scale_daily_szse,SZ,159085,价值ETF永赢,35535454.0,份,,,akshare:szse_daily
2026-08-27,akshare_fund_scale_daily_szse,SZ,159086,金融科技ETF广发,30399823.0,份,,,akshare:szse_daily
2026-08-27,akshare_fund_scale_daily_szse,SZ,159087,化工ETF万家,39992150.0,份,,,akshare:szse_daily
2026-08-27,akshare_fund_scale_daily_szse,SZ,159091,港股通金融ETF易方达,27374196.0,份,,,akshare:szse_daily
2026-08-27,akshare_fund_scale_daily_szse,SZ,159093,化工ETF汇添富,29681470.0,份,,,akshare:szse_daily
2026-08-27,akshare_fund_scale_daily_szse,SZ,159095,云计算ETF银华,228468139.0,份,,,akshare:szse_daily
2026-08-27,akshare_fund_scale_daily_szse,SZ,159096,价值ETF华夏,279631305.0,份,,,akshare:szse_daily
2026-08-27,akshare_fund_scale_daily_szse,SZ,159098,价值ETF招商,129891589.0,份,,,akshare:szse_daily
2026-08-27,akshare_fund_scale_daily_szse,SZ,159099,云计算ETF华宝,109610546.0,份,,,akshare:szse_daily
2026-08-27,akshare_fund_scale_daily_szse,SZ,159100,巴西ETF华夏,474046935.0,份,,,akshare:szse_daily
2026-08-27,akshare_fund_scale_daily_szse,SZ,159101,港股通科技ETF华夏,2874311457.0,份,,,akshare:szse_daily
2026-08-27,akshare_fund_scale_daily_szse,SZ,159102,港股通生物科技ETF华安,660622004.0,份,,,akshare:szse_daily
2026-08-27,akshare_fund_scale_daily_szse,SZ,159103,金融科技ETF汇添富,314406771.0,份,,,akshare:szse_daily
2026-08-27,akshare_fund_scale_daily_szse,SZ,159105,恒生生物科技ETF易方达,182272984.0,份,,,akshare:szse_daily
2026-08-27,akshare_fund_scale_daily_szse,SZ,159106,民企300ETF前海开源,39579488.0,份,,,akshare:szse_daily
2026-08-27,akshare_fund_scale_daily_szse,SZ,159107,创业板软件ETF富国,769823006.0,份,,,akshare:szse_daily
2026-08-27,akshare_fund_scale_daily_szse,SZ,159108,工业软件ETF博时,123738511.0,份,,,akshare:szse_daily
2026-08-27,akshare_fund_scale_daily_szse,SZ,159109,恒生50ETF景顺,571163854.0,份,,,akshare:szse_daily
2026-08-27,akshare_fund_scale_daily_szse,SZ,159110,科创债ETF万家,22627093.0,份,,,akshare:szse_daily
2026-08-27,akshare_fund_scale_daily_szse,SZ,159111,科创债ETF天弘,144276676.0,份,,,akshare:szse_daily
2026-08-27,akshare_fund_scale_daily_szse,SZ,159112,科创债ETF银华,221987830.0,份,,,akshare:szse_daily
2026-08-27,akshare_fund_scale_daily_szse,SZ,159113,科创债ETF大成,86896237.0,份,,,akshare:szse_daily
2026-08-27,akshare_fund_scale_daily_szse,SZ,159115,科创债ETF华安,52593487.0,份,,,akshare:szse_daily
2026-08-27,akshare_fund_scale_daily_szse,SZ,159116,科创债ETF工银,113952743.0,份,,,akshare:szse_daily
2026-08-27,akshare_fund_scale_daily_szse,SZ,159117,港股通红利低波ETF鹏华,61401153.0,份,,,akshare:szse_daily
2026-08-27,akshare_fund_scale_daily_szse,SZ,159118,港股通红利低波ETF华夏,69677020.0,份,,,akshare:szse_daily
2026-08-27,akshare_fund_scale_daily_szse,SZ,159119,800现金流ETF招商,144054229.0,份,,,akshare:szse_daily
2026-08-27,akshare_fund_scale_daily_szse,SZ,159120,港股通科技ETF国联安,148024466.0,份,,,akshare:szse_daily
2026-08-27,akshare_fund_scale_daily_szse,SZ,159121,港股通汽车ETF易方达,144481127.0,份,,,akshare:szse_daily
2026-08-27,akshare_fund_scale_daily_szse,SZ,159122,创业板新能源ETF富国,67160935.0,份,,,akshare:szse_daily
2026-08-27,akshare_fund_scale_daily_szse,SZ,159123,光伏ETF嘉实,387047026.0,份,,,akshare:szse_daily
2026-08-27,akshare_fund_scale_daily_szse,SZ,159125,港股通科技ETF招商,840245883.0,份,,,akshare:szse_daily
2026-08-27,akshare_fund_scale_daily_szse,SZ,159126,港股通50ETF南方,227616546.0,份,,,akshare:szse_daily
2026-08-27,akshare_fund_scale_daily_szse,SZ,159127,港股通红利ETF南方,152844268.0,份,,,akshare:szse_daily
2026-08-27,akshare_fund_scale_daily_szse,SZ,159128,港股科技ETF天弘,1891760841.0,份,,,akshare:szse_daily
2026-08-27,akshare_fund_scale_daily_szse,SZ,159129,化工ETF嘉实,1145906595.0,份,,,akshare:szse_daily
2026-08-27,akshare_fund_scale_daily_szse,SZ,159130,恒生生物科技ETF鹏华,199389466.0,份,,,akshare:szse_daily
2026-08-27,akshare_fund_scale_daily_szse,SZ,159131,港股通信息技术ETF华宝,2260919902.0,份,,,akshare:szse_daily
2026-08-27,akshare_fund_scale_daily_szse,SZ,159132,恒生生物科技ETF富国,122963558.0,份,,,akshare:szse_daily
2026-08-27,akshare_fund_scale_daily_szse,SZ,159133,化工ETF天弘,1576913345.0,份,,,akshare:szse_daily
2026-08-27,akshare_fund_scale_daily_szse,SZ,159135,港股通科技ETF前海开源,618466376.0,份,,,akshare:szse_daily
2026-08-27,akshare_fund_scale_daily_szse,SZ,159136,A50ETF广发,109414074.0,份,,,akshare:szse_daily
2026-08-27,akshare_fund_scale_daily_szse,SZ,159137,港股通医疗ETF华宝,162632607.0,份,,,akshare:szse_daily
2026-08-27,akshare_fund_scale_daily_szse,SZ,159138,工程机械ETF易方达,295267924.0,份,,,akshare:szse_daily
2026-08-27,akshare_fund_scale_daily_szse,SZ,159139,科创创业人工智能ETF华泰柏瑞,190109210.0,份,,,akshare:szse_daily
2026-08-27,akshare_fund_scale_daily_szse,SZ,159140,科创创业人工智能ETF易方达,503936834.0,份,,,akshare:szse_daily
2026-08-27,akshare_fund_scale_daily_szse,SZ,159141,科创创业人工智能ETF永赢,1343060730.0,份,,,akshare:szse_daily
2026-08-27,akshare_fund_scale_daily_szse,SZ,159142,科创创业人工智能ETF景顺,1189260142.0,份,,,akshare:szse_daily
2026-08-27,akshare_fund_scale_daily_szse,SZ,159143,港股通央企红利ETF平安,53554456.0,份,,,akshare:szse_daily
2026-08-27,akshare_fund_scale_daily_szse,SZ,159145,工业软件ETF广发,67581845.0,份,,,akshare:szse_daily
2026-08-27,akshare_fund_scale_daily_szse,SZ,159146,电力ETF华宝,723440849.0,份,,,akshare:szse_daily
2026-08-27,akshare_fund_scale_daily_szse,SZ,159147,电池ETF南方,2087409552.0,份,,,akshare:szse_daily
2026-08-27,akshare_fund_scale_daily_szse,SZ,159148,石油ETF富国,240466601.0,份,,,akshare:szse_daily
2026-08-27,akshare_fund_scale_daily_szse,SZ,159149,创业板新能源ETF工银,53515298.0,份,,,akshare:szse_daily
2026-08-27,akshare_fund_scale_daily_szse,SZ,159150,深证50ETF易方达,97997623.0,份,,,akshare:szse_daily
2026-08-27,akshare_fund_scale_daily_szse,SZ,159151,食品ETF华夏,181651063.0,份,,,akshare:szse_daily
2026-08-27,akshare_fund_scale_daily_szse,SZ,159152,港股通科技ETF平安,818556093.0,份,,,akshare:szse_daily
2026-08-27,akshare_fund_scale_daily_szse,SZ,159153,消费电子ETF鹏华,91225988.0,份,,,akshare:szse_daily
2026-08-27,akshare_fund_scale_daily_szse,SZ,159155,电池ETF大成,587513298.0,份,,,akshare:szse_daily
2026-08-27,akshare_fund_scale_daily_szse,SZ,159156,电池ETF万家,214461253.0,份,,,akshare:szse_daily
2026-08-27,akshare_fund_scale_daily_szse,SZ,159157,有色金属ETF天弘,8088758760.0,份,,,akshare:szse_daily
2026-08-27,akshare_fund_scale_daily_szse,SZ,159158,电力ETF景顺,889535344.0,份,,,akshare:szse_daily
2026-08-27,akshare_fund_scale_daily_szse,SZ,159159,公用事业ETF国投瑞银,119818582.0,份,,,akshare:szse_daily
2026-08-27,akshare_fund_scale_daily_szse,SZ,159160,电池ETF东财,213819254.0,份,,,akshare:szse_daily
2026-08-27,akshare_fund_scale_daily_szse,SZ,159161,工程机械ETF东财,68331260.0,份,,,akshare:szse_daily
2026-08-27,akshare_fund_scale_daily_szse,SZ,159162,工业有色ETF鹏华,422939837.0,份,,,akshare:szse_daily
2026-08-27,akshare_fund_scale_daily_szse,SZ,159163,有色ETF泰康,261807013.0,份,,,akshare:szse_daily
2026-08-27,akshare_fund_scale_daily_szse,SZ,159165,养殖ETF永赢,106571257.0,份,,,akshare:szse_daily
2026-08-27,akshare_fund_scale_daily_szse,SZ,159166,现金流ETF长城,557816059.0,份,,,akshare:szse_daily
2026-08-27,akshare_fund_scale_daily_szse,SZ,159167,港股通医疗ETF工银,176549164.0,份,,,akshare:szse_daily
2026-08-27,akshare_fund_scale_daily_szse,SZ,159168,有色ETF富国,520455060.0,份,,,akshare:szse_daily
2026-08-27,akshare_fund_scale_daily_szse,SZ,159169,恒生生物科技ETF广发,130874485.0,份,,,akshare:szse_daily
2026-08-27,akshare_fund_scale_daily_szse,SZ,159170,港股通互联网ETF永赢,394638357.0,份,,,akshare:szse_daily
2026-08-27,akshare_fund_scale_daily_szse,SZ,159171,工业有色ETF博时,214532934.0,份,,,akshare:szse_daily
2026-08-27,akshare_fund_scale_daily_szse,SZ,159172,养殖ETF汇添富,390829293.0,份,,,akshare:szse_daily
2026-08-27,akshare_fund_scale_daily_szse,SZ,159173,农牧ETF南方,50455388.0,份,,,akshare:szse_daily
2026-08-27,akshare_fund_scale_daily_szse,SZ,159175,电池ETF易方达,483270382.0,份,,,akshare:szse_daily
2026-08-27,akshare_fund_scale_daily_szse,SZ,159176,家电ETF华宝,21303341.0,份,,,akshare:szse_daily
2026-08-27,akshare_fund_scale_daily_szse,SZ,159177,工程机械ETF鹏华,47619279.0,份,,,akshare:szse_daily
2026-08-27,akshare_fund_scale_daily_szse,SZ,159178,消费电子ETF汇添富,86432994.0,份,,,akshare:szse_daily
2026-08-27,akshare_fund_scale_daily_szse,SZ,159179,港股通互联网ETF工银,102903568.0,份,,,akshare:szse_daily
2026-08-27,akshare_fund_scale_daily_szse,SZ,159180,软件ETF银华,33155926.0,份,,,akshare:szse_daily
2026-08-27,akshare_fund_scale_daily_szse,SZ,159181,石油ETF易方达,129405335.0,份,,,akshare:szse_daily
2026-08-27,akshare_fund_scale_daily_szse,SZ,159182,家电ETF南方,36485663.0,份,,,akshare:szse_daily
2026-08-27,akshare_fund_scale_daily_szse,SZ,159183,新能源车ETF招商,44387793.0,份,,,akshare:szse_daily
2026-08-27,akshare_fund_scale_daily_szse,SZ,159185,港股通信息技术ETF鹏华,194099035.0,份,,,akshare:szse_daily
2026-08-27,akshare_fund_scale_daily_szse,SZ,159186,港股通汽车ETF鹏华,84869245.0,份,,,akshare:szse_daily
2026-08-27,akshare_fund_scale_daily_szse,SZ,159187,创业板新能源ETF景顺,71176266.0,份,,,akshare:szse_daily
2026-08-27,akshare_fund_scale_daily_szse,SZ,159188,红利100ETF景顺,66601882.0,份,,,akshare:szse_daily
2026-08-27,akshare_fund_scale_daily_szse,SZ,159189,石油ETF华夏,110083187.0,份,,,akshare:szse_daily
2026-08-27,akshare_fund_scale_daily_szse,SZ,159190,创业板新能源ETF天弘,72069299.0,份,,,akshare:szse_daily
2026-08-27,akshare_fund_scale_daily_szse,SZ,159191,港股通科技ETF易方达,69104851.0,份,,,akshare:szse_daily
2026-08-27,akshare_fund_scale_daily_szse,SZ,159192,家电ETF汇添富,17987065.0,份,,,akshare:szse_daily
2026-08-27,akshare_fund_scale_daily_szse,SZ,159193,新能源电池ETF银华,222080335.0,份,,,akshare:szse_daily
2026-08-27,akshare_fund_scale_daily_szse,SZ,159195,石油ETF华安,76490164.0,份,,,akshare:szse_daily
2026-08-27,akshare_fund_scale_daily_szse,SZ,159196,港股通信息技术ETF易方达,221530324.0,份,,,akshare:szse_daily
2026-08-27,akshare_fund_scale_daily_szse,SZ,159197,石油ETF招商,43388290.0,份,,,akshare:szse_daily
2026-08-27,akshare_fund_scale_daily_szse,SZ,159198,港股通信息技术ETF富国,85344347.0,份,,,akshare:szse_daily
2026-08-27,akshare_fund_scale_daily_szse,SZ,159199,石油ETF平安,66154938.0,份,,,akshare:szse_daily
2026-08-27,akshare_fund_scale_daily_szse,SZ,159200,科创债ETF富国,151652633.0,份,,,akshare:szse_daily
2026-08-27,akshare_fund_scale_daily_szse,SZ,159201,自由现金流ETF华夏,13718275939.0,份,,,akshare:szse_daily
2026-08-27,akshare_fund_scale_daily_szse,SZ,159202,恒生互联网ETF万家,1219401900.0,份,,,akshare:szse_daily
2026-08-27,akshare_fund_scale_daily_szse,SZ,159203,大盘成长ETF博时,9791913.0,份,,,akshare:szse_daily
2026-08-27,akshare_fund_scale_daily_szse,SZ,159205,创业板ETF东财,579056064.0,份,,,akshare:szse_daily
2026-08-27,akshare_fund_scale_daily_szse,SZ,159206,卫星ETF永赢,9539953365.0,份,,,akshare:szse_daily
2026-08-27,akshare_fund_scale_daily_szse,SZ,159207,高股息ETF广发,2216983345.0,份,,,akshare:szse_daily
2026-08-27,akshare_fund_scale_daily_szse,SZ,159208,航空航天ETF万家,333462783.0,份,,,akshare:szse_daily
2026-08-27,akshare_fund_scale_daily_szse,SZ,159209,红利质量ETF招商,2199635053.0,份,,,akshare:szse_daily
2026-08-27,akshare_fund_scale_daily_szse,SZ,159210,港股通汽车ETF汇添富,33749802.0,份,,,akshare:szse_daily
2026-08-27,akshare_fund_scale_daily_szse,SZ,159211,深证100ETF富国,21683294.0,份,,,akshare:szse_daily
2026-08-27,akshare_fund_scale_daily_szse,SZ,159212,深100ETF南方,85204367.0,份,,,akshare:szse_daily
2026-08-27,akshare_fund_scale_daily_szse,SZ,159213,机器人ETF汇添富,493237566.0,份,,,akshare:szse_daily
2026-08-27,akshare_fund_scale_daily_szse,SZ,159215,A500ETF平安,958582803.0,份,,,akshare:szse_daily
2026-08-27,akshare_fund_scale_daily_szse,SZ,159216,深证100ETF大成,14048250.0,份,,,akshare:szse_daily
2026-08-27,akshare_fund_scale_daily_szse,SZ,159217,港股通创新药ETF工银,5955157596.0,份,,,akshare:szse_daily
2026-08-27,akshare_fund_scale_daily_szse,SZ,159218,卫星ETF招商,2056616390.0,份,,,akshare:szse_daily
2026-08-27,akshare_fund_scale_daily_szse,SZ,159219,深证100ETF融通,8388018.0,份,,,akshare:szse_daily
2026-08-27,akshare_fund_scale_daily_szse,SZ,159220,港股通红利低波ETF华宝,487569526.0,份,,,akshare:szse_daily
2026-08-27,akshare_fund_scale_daily_szse,SZ,159221,现金流ETF嘉实,1135013233.0,份,,,akshare:szse_daily
2026-08-27,akshare_fund_scale_daily_szse,SZ,159222,自由现金流ETF易方达,1695370402.0,份,,,akshare:szse_daily
2026-08-27,akshare_fund_scale_daily_szse,SZ,159223,现金流ETF永赢,180844755.0,份,,,akshare:szse_daily
2026-08-27,akshare_fund_scale_daily_szse,SZ,159225,现金流ETF银华,264744804.0,份,,,akshare:szse_daily
2026-08-27,akshare_fund_scale_daily_szse,SZ,159226,中证A500增强ETF国泰,84094840.0,份,,,akshare:szse_daily
2026-08-27,akshare_fund_scale_daily_szse,SZ,159227,航空航天ETF华夏,4752911199.0,份,,,akshare:szse_daily
2026-08-27,akshare_fund_scale_daily_szse,SZ,159228,红利低波ETF长城,105212692.0,份,,,akshare:szse_daily
2026-08-27,akshare_fund_scale_daily_szse,SZ,159229,自由现金流ETF广发,145556022.0,份,,,akshare:szse_daily
2026-08-27,akshare_fund_scale_daily_szse,SZ,159230,通用航空ETF华夏,314304228.0,份,,,akshare:szse_daily
2026-08-27,akshare_fund_scale_daily_szse,SZ,159231,通用航空ETF华宝,342091860.0,份,,,akshare:szse_daily
2026-08-27,akshare_fund_scale_daily_szse,SZ,159232,自由现金流ETF南方,2112948566.0,份,,,akshare:szse_daily
2026-08-27,akshare_fund_scale_daily_szse,SZ,159233,自由现金流ETF平安,623623418.0,份,,,akshare:szse_daily
2026-08-27,akshare_fund_scale_daily_szse,SZ,159235,中证现金流ETF大成,1896729545.0,份,,,akshare:szse_daily
2026-08-27,akshare_fund_scale_daily_szse,SZ,159236,自由现金流ETF工银,39722161.0,份,,,akshare:szse_daily
2026-08-27,akshare_fund_scale_daily_szse,SZ,159237,港股汽车ETF工银,43334226.0,份,,,akshare:szse_daily
2026-08-27,akshare_fund_scale_daily_szse,SZ,159238,沪深300增强ETF景顺,55016186.0,份,,,akshare:szse_daily
2026-08-27,akshare_fund_scale_daily_szse,SZ,159239,港股通汽车ETF富国,88780753.0,份,,,akshare:szse_daily
2026-08-27,akshare_fund_scale_daily_szse,SZ,159240,A500增强ETF天弘,20619776.0,份,,,akshare:szse_daily
2026-08-27,akshare_fund_scale_daily_szse,SZ,159241,航空航天ETF天弘,1368074265.0,份,,,akshare:szse_daily
2026-08-27,akshare_fund_scale_daily_szse,SZ,159242,创业板人工智能ETF大成,419278583.0,份,,,akshare:szse_daily
2026-08-27,akshare_fund_scale_daily_szse,SZ,159243,创业板人工智能ETF招商,147030224.0,份,,,akshare:szse_daily
2026-08-27,akshare_fund_scale_daily_szse,SZ,159245,港股通消费ETF富国,72113296.0,份,,,akshare:szse_daily
2026-08-27,akshare_fund_scale_daily_szse,SZ,159246,创业板人工智能ETF富国,3401655606.0,份,,,akshare:szse_daily
2026-08-27,akshare_fund_scale_daily_szse,SZ,159247,创业板ETF汇添富,451984966.0,份,,,akshare:szse_daily
2026-08-27,akshare_fund_scale_daily_szse,SZ,159248,人工智能ETF万家,136095652.0,份,,,akshare:szse_daily
2026-08-27,akshare_fund_scale_daily_szse,SZ,159249,A500增强ETF工银,108191923.0,份,,,akshare:szse_daily
2026-08-27,akshare_fund_scale_daily_szse,SZ,159251,港股通科技ETF万家,243787744.0,份,,,akshare:szse_daily
2026-08-27,akshare_fund_scale_daily_szse,SZ,159253,银行ETF博时,539004979.0,份,,,akshare:szse_daily
2026-08-27,akshare_fund_scale_daily_szse,SZ,159255,通用航空ETF易方达,69338868.0,份,,,akshare:szse_daily
2026-08-27,akshare_fund_scale_daily_szse,SZ,159256,创业板软件ETF华夏,592183766.0,份,,,akshare:szse_daily
2026-08-27,akshare_fund_scale_daily_szse,SZ,159257,航空ETF汇添富,149416949.0,份,,,akshare:szse_daily
2026-08-27,akshare_fund_scale_daily_szse,SZ,159258,机器人ETF南方,1340765664.0,份,,,akshare:szse_daily
2026-08-27,akshare_fund_scale_daily_szse,SZ,159259,成长ETF易方达,4551696403.0,份,,,akshare:szse_daily
2026-08-27,akshare_fund_scale_daily_szse,SZ,159260,证券ETF博时,1026713576.0,份,,,akshare:szse_daily
2026-08-27,akshare_fund_scale_daily_szse,SZ,159261,创业板新能源ETF鹏华,49814904.0,份,,,akshare:szse_daily
2026-08-27,akshare_fund_scale_daily_szse,SZ,159262,港股通科技ETF广发,5596720485.0,份,,,akshare:szse_daily
2026-08-27,akshare_fund_scale_daily_szse,SZ,159263,价值ETF易方达,6226105126.0,份,,,akshare:szse_daily
2026-08-27,akshare_fund_scale_daily_szse,SZ,159265,港股消费ETF鹏华,177950894.0,份,,,akshare:szse_daily
2026-08-27,akshare_fund_scale_daily_szse,SZ,159266,港股央企红利ETF永赢,346710088.0,份,,,akshare:szse_daily
2026-08-27,akshare_fund_scale_daily_szse,SZ,159267,航天ETF华安,2671506126.0,份,,,akshare:szse_daily
2026-08-27,akshare_fund_scale_daily_szse,SZ,159268,港股通消费ETF汇添富,390055027.0,份,,,akshare:szse_daily
2026-08-27,akshare_fund_scale_daily_szse,SZ,159269,港股通科技ETF南方,1893311712.0,份,,,akshare:szse_daily
2026-08-27,akshare_fund_scale_daily_szse,SZ,159270,创业板200ETF南方,90763649.0,份,,,akshare:szse_daily
2026-08-27,akshare_fund_scale_daily_szse,SZ,159271,恒生ETF鹏华,249386731.0,份,,,akshare:szse_daily
2026-08-27,akshare_fund_scale_daily_szse,SZ,159272,机器人ETF富国,3741164690.0,份,,,akshare:szse_daily
2026-08-27,akshare_fund_scale_daily_szse,SZ,159273,云计算ETF汇添富,707777501.0,份,,,akshare:szse_daily
2026-08-27,akshare_fund_scale_daily_szse,SZ,159275,农牧渔ETF华宝,255302909.0,份,,,akshare:szse_daily
2026-08-27,akshare_fund_scale_daily_szse,SZ,159276,现金流ETF汇添富,556696658.0,份,,,akshare:szse_daily
2026-08-27,akshare_fund_scale_daily_szse,SZ,159277,港股通红利ETF富国,37557011.0,份,,,akshare:szse_daily
2026-08-27,akshare_fund_scale_daily_szse,SZ,159278,机器人ETF鹏华,2067545853.0,份,,,akshare:szse_daily
2026-08-27,akshare_fund_scale_daily_szse,SZ,159279,创业板人工智能ETF华安,166387534.0,份,,,akshare:szse_daily
2026-08-27,akshare_fund_scale_daily_szse,SZ,159280,港股通互联网ETF汇添富,100717171.0,份,,,akshare:szse_daily
2026-08-27,akshare_fund_scale_daily_szse,SZ,159281,港股央企红利ETF天弘,246233059.0,份,,,akshare:szse_daily
2026-08-27,akshare_fund_scale_daily_szse,SZ,159283,通用航空ETF南方,298437981.0,份,,,akshare:szse_daily
2026-08-27,akshare_fund_scale_daily_szse,SZ,159285,港股通消费ETF华安,248486680.0,份,,,akshare:szse_daily
2026-08-27,akshare_fund_scale_daily_szse,SZ,159286,港股通创新药ETF鹏华,722785402.0,份,,,akshare:szse_daily
2026-08-27,akshare_fund_scale_daily_szse,SZ,159287,创业板综ETF博时,109568753.0,份,,,akshare:szse_daily
2026-08-27,akshare_fund_scale_daily_szse,SZ,159288,创业板综ETF银华,92174931.0,份,,,akshare:szse_daily
2026-08-27,akshare_fund_scale_daily_szse,SZ,159289,创业板综指ETF鹏华,38902640.0,份,,,akshare:szse_daily
2026-08-27,akshare_fund_scale_daily_szse,SZ,159290,创业板综指增强ETF东财,45100396.0,份,,,akshare:szse_daily
2026-08-27,akshare_fund_scale_daily_szse,SZ,159291,创业板综增强ETF招商,17457388.0,份,,,akshare:szse_daily
2026-08-27,akshare_fund_scale_daily_szse,SZ,159292,创业板综增强ETF华宝,175189531.0,份,,,akshare:szse_daily
2026-08-27,akshare_fund_scale_daily_szse,SZ,159293,创业板综增强ETF建信,23159397.0,份,,,akshare:szse_daily
2026-08-27,akshare_fund_scale_daily_szse,SZ,159295,创业综指ETF西部利得,74958239.0,份,,,akshare:szse_daily
2026-08-27,akshare_fund_scale_daily_szse,SZ,159296,A500红利低波ETF华宝,45042941.0,份,,,akshare:szse_daily
2026-08-27,akshare_fund_scale_daily_szse,SZ,159297,港股通创新药ETF南方,3834418642.0,份,,,akshare:szse_daily
2026-08-27,akshare_fund_scale_daily_szse,SZ,159298,创业板50ETF大成,159281082.0,份,,,akshare:szse_daily
2026-08-27,akshare_fund_scale_daily_szse,SZ,159299,金融科技ETF易方达,674472981.0,份,,,akshare:szse_daily
2026-08-27,akshare_fund_scale_daily_szse,SZ,159300,沪深300ETF富国,368158097.0,份,,,akshare:szse_daily
2026-08-27,akshare_fund_scale_daily_szse,SZ,159301,公用事业ETF华夏,121458357.0,份,,,akshare:szse_daily
2026-08-27,akshare_fund_scale_daily_szse,SZ,159302,港股高股息ETF银华,50797609.0,份,,,akshare:szse_daily
2026-08-27,akshare_fund_scale_daily_szse,SZ,159303,恒生医疗ETF大成,73991693.0,份,,,akshare:szse_daily
2026-08-27,akshare_fund_scale_daily_szse,SZ,159305,储能电池ETF广发,1181640302.0,份,,,akshare:szse_daily
2026-08-27,akshare_fund_scale_daily_szse,SZ,159306,汽车零部件ETF平安,22244616.0,份,,,akshare:szse_daily
2026-08-27,akshare_fund_scale_daily_szse,SZ,159307,红利低波100ETF博时,7118903552.0,份,,,akshare:szse_daily
2026-08-27,akshare_fund_scale_daily_szse,SZ,159309,油气ETF汇添富,530371736.0,份,,,akshare:szse_daily
2026-08-27,akshare_fund_scale_daily_szse,SZ,159310,芯片ETF天弘,498981080.0,份,,,akshare:szse_daily
2026-08-27,akshare_fund_scale_daily_szse,SZ,159311,数字经济ETF易方达,39383993.0,份,,,akshare:szse_daily
2026-08-27,akshare_fund_scale_daily_szse,SZ,159312,恒指港股通ETF广发,32224353.0,份,,,akshare:szse_daily
2026-08-27,akshare_fund_scale_daily_szse,SZ,159315,黄金股ETF工银,187089621.0,份,,,akshare:szse_daily
2026-08-27,akshare_fund_scale_daily_szse,SZ,159316,港股通创新药ETF易方达,5381336139.0,份,,,akshare:szse_daily
2026-08-27,akshare_fund_scale_daily_szse,SZ,159318,恒指港股通ETF银华,13601647.0,份,,,akshare:szse_daily
2026-08-27,akshare_fund_scale_daily_szse,SZ,159320,电网设备ETF广发,1718235519.0,份,,,akshare:szse_daily
2026-08-27,akshare_fund_scale_daily_szse,SZ,159321,黄金股ETF华安,386400397.0,份,,,akshare:szse_daily
2026-08-27,akshare_fund_scale_daily_szse,SZ,159322,黄金股ETF平安,117411691.0,份,,,akshare:szse_daily
2026-08-27,akshare_fund_scale_daily_szse,SZ,159323,港股通汽车ETF华夏,97097378.0,份,,,akshare:szse_daily
2026-08-27,akshare_fund_scale_daily_szse,SZ,159325,半导体ETF南方,512460528.0,份,,,akshare:szse_daily
2026-08-27,akshare_fund_scale_daily_szse,SZ,159326,电网设备ETF华夏,12016265525.0,份,,,akshare:szse_daily
2026-08-27,akshare_fund_scale_daily_szse,SZ,159327,半导体设备ETF万家,2857574091.0,份,,,akshare:szse_daily
2026-08-27,akshare_fund_scale_daily_szse,SZ,159328,家电ETF易方达,91556700.0,份,,,akshare:szse_daily
2026-08-27,akshare_fund_scale_daily_szse,SZ,159329,沙特ETF南方,1159189188.0,份,,,akshare:szse_daily
2026-08-27,akshare_fund_scale_daily_szse,SZ,159330,沪深300ETF东财,422801009.0,份,,,akshare:szse_daily
2026-08-27,akshare_fund_scale_daily_szse,SZ,159331,红利港股ETF国泰,148694179.0,份,,,akshare:szse_daily
2026-08-27,akshare_fund_scale_daily_szse,SZ,159332,央企红利ETF富国,88521477.0,份,,,akshare:szse_daily
2026-08-27,akshare_fund_scale_daily_szse,SZ,159333,港股央企红利ETF万家,201952835.0,份,,,akshare:szse_daily
2026-08-27,akshare_fund_scale_daily_szse,SZ,159335,央企科创ETF融通,63283689.0,份,,,akshare:szse_daily
2026-08-27,akshare_fund_scale_daily_szse,SZ,159336,央企红利ETF融通,307905090.0,份,,,akshare:szse_daily
2026-08-27,akshare_fund_scale_daily_szse,SZ,159337,中证500ETF东财,279710611.0,份,,,akshare:szse_daily
2026-08-27,akshare_fund_scale_daily_szse,SZ,159338,中证A500ETF国泰,21473086664.0,份,,,akshare:szse_daily
2026-08-27,akshare_fund_scale_daily_szse,SZ,159339,A500ETF银华,1976086841.0,份,,,akshare:szse_daily
2026-08-27,akshare_fund_scale_daily_szse,SZ,159350,深证50ETF富国,139009642.0,份,,,akshare:szse_daily
2026-08-27,akshare_fund_scale_daily_szse,SZ,159351,A500ETF嘉实,7217123357.0,份,,,akshare:szse_daily
2026-08-27,akshare_fund_scale_daily_szse,SZ,159352,A500ETF南方,26910101746.0,份,,,akshare:szse_daily
2026-08-27,akshare_fund_scale_daily_szse,SZ,159353,中证A500ETF景顺,4388161812.0,份,,,akshare:szse_daily
2026-08-27,akshare_fund_scale_daily_szse,SZ,159355,800红利低波ETF华宝,84234277.0,份,,,akshare:szse_daily
2026-08-27,akshare_fund_scale_daily_szse,SZ,159356,A500ETF万家,761120647.0,份,,,akshare:szse_daily
2026-08-27,akshare_fund_scale_daily_szse,SZ,159357,A500ETF博时,1219833841.0,份,,,akshare:szse_daily
2026-08-27,akshare_fund_scale_daily_szse,SZ,159358,中证A500ETF大成,908106420.0,份,,,akshare:szse_daily
2026-08-27,akshare_fund_scale_daily_szse,SZ,159359,A500ETF华安,689140424.0,份,,,akshare:szse_daily
2026-08-27,akshare_fund_scale_daily_szse,SZ,159360,A500ETF天弘,1310184526.0,份,,,akshare:szse_daily
2026-08-27,akshare_fund_scale_daily_szse,SZ,159361,A500ETF易方达,23459090279.0,份,,,akshare:szse_daily
2026-08-27,akshare_fund_scale_daily_szse,SZ,159362,A500ETF工银,1610180191.0,份,,,akshare:szse_daily
2026-08-27,akshare_fund_scale_daily_szse,SZ,159363,创业板人工智能ETF华宝,5752169924.0,份,,,akshare:szse_daily
2026-08-27,akshare_fund_scale_daily_szse,SZ,159365,恒指港股通ETF富国,46162398.0,份,,,akshare:szse_daily
2026-08-27,akshare_fund_scale_daily_szse,SZ,159366,港股医疗ETF永赢,350333072.0,份,,,akshare:szse_daily
2026-08-27,akshare_fund_scale_daily_szse,SZ,159367,创业板50ETF华夏,172079029.0,份,,,akshare:szse_daily
2026-08-27,akshare_fund_scale_daily_szse,SZ,159368,创业板新能源ETF华夏,1048579682.0,份,,,akshare:szse_daily
2026-08-27,akshare_fund_scale_daily_szse,SZ,159369,创业板50ETF易方达,386753492.0,份,,,akshare:szse_daily
2026-08-27,akshare_fund_scale_daily_szse,SZ,159370,创50ETF工银,232316009.0,份,,,akshare:szse_daily
2026-08-27,akshare_fund_scale_daily_szse,SZ,159371,创业板50ETF富国,182221172.0,份,,,akshare:szse_daily
2026-08-27,akshare_fund_scale_daily_szse,SZ,159372,创业板50ETF万家,62451588.0,份,,,akshare:szse_daily
2026-08-27,akshare_fund_scale_daily_szse,SZ,159373,创业板50ETF嘉实,144557494.0,份,,,akshare:szse_daily
2026-08-27,akshare_fund_scale_daily_szse,SZ,159375,创业板50ETF国泰,365595350.0,份,,,akshare:szse_daily
2026-08-27,akshare_fund_scale_daily_szse,SZ,159376,A500ETF浦银,45922317.0,份,,,akshare:szse_daily
2026-08-27,akshare_fund_scale_daily_szse,SZ,159377,创业板医药ETF国泰,125129399.0,份,,,akshare:szse_daily
2026-08-27,akshare_fund_scale_daily_szse,SZ,159378,通用航空ETF永赢,560271072.0,份,,,akshare:szse_daily
2026-08-27,akshare_fund_scale_daily_szse,SZ,159379,A500ETF融通,158821471.0,份,,,akshare:szse_daily
2026-08-27,akshare_fund_scale_daily_szse,SZ,159380,A500ETF东财,160804337.0,份,,,akshare:szse_daily
2026-08-27,akshare_fund_scale_daily_szse,SZ,159381,创业板人工智能ETF华夏,1751153206.0,份,,,akshare:szse_daily
2026-08-27,akshare_fund_scale_daily_szse,SZ,159382,创业板人工智能ETF南方,800055714.0,份,,,akshare:szse_daily
2026-08-27,akshare_fund_scale_daily_szse,SZ,159383,创业板50ETF华泰柏瑞,50092486.0,份,,,akshare:szse_daily
2026-08-27,akshare_fund_scale_daily_szse,SZ,159385,数字经济ETF富国,49002525.0,份,,,akshare:szse_daily
2026-08-27,akshare_fund_scale_daily_szse,SZ,159386,A500ETF永赢,60869559.0,份,,,akshare:szse_daily
2026-08-27,akshare_fund_scale_daily_szse,SZ,159387,创业板新能源ETF国泰,1481189648.0,份,,,akshare:szse_daily
2026-08-27,akshare_fund_scale_daily_szse,SZ,159388,创业板人工智能ETF国泰,892736984.0,份,,,akshare:szse_daily
2026-08-27,akshare_fund_scale_daily_szse,SZ,159389,数字经济ETF嘉实,134093364.0,份,,,akshare:szse_daily
2026-08-27,akshare_fund_scale_daily_szse,SZ,159390,中证A50ETF国联,109268771.0,份,,,akshare:szse_daily
2026-08-27,akshare_fund_scale_daily_szse,SZ,159391,大盘价值ETF博时,85076398.0,份,,,akshare:szse_daily
2026-08-27,akshare_fund_scale_daily_szse,SZ,159392,航空ETF富国,186285500.0,份,,,akshare:szse_daily
2026-08-27,akshare_fund_scale_daily_szse,SZ,159393,沪深300ETF万家,95146342.0,份,,,akshare:szse_daily
2026-08-27,akshare_fund_scale_daily_szse,SZ,159395,信用债ETF大成,134004202.0,份,,,akshare:szse_daily
2026-08-27,akshare_fund_scale_daily_szse,SZ,159396,信用债ETF博时,89727129.0,份,,,akshare:szse_daily
2026-08-27,akshare_fund_scale_daily_szse,SZ,159397,信用债ETF广发,166247657.0,份,,,akshare:szse_daily
2026-08-27,akshare_fund_scale_daily_szse,SZ,159398,信用债ETF天弘,88132310.0,份,,,akshare:szse_daily
2026-08-27,akshare_fund_scale_daily_szse,SZ,159399,现金流ETF国泰,4446194835.0,份,,,akshare:szse_daily
2026-08-27,akshare_fund_scale_daily_szse,SZ,159400,科创债ETF景顺,74277356.0,份,,,akshare:szse_daily
2026-08-27,akshare_fund_scale_daily_szse,SZ,159500,中证500ETF富国,218938865.0,份,,,akshare:szse_daily
2026-08-27,akshare_fund_scale_daily_szse,SZ,159501,纳指ETF嘉实,6771986575.0,份,,,akshare:szse_daily
2026-08-27,akshare_fund_scale_daily_szse,SZ,159502,标普生物科技ETF嘉实,1122323019.0,份,,,akshare:szse_daily
2026-08-27,akshare_fund_scale_daily_szse,SZ,159505,国证2000ETF博时,19104786.0,份,,,akshare:szse_daily
2026-08-27,akshare_fund_scale_daily_szse,SZ,159506,港股通创新药医疗ETF富国,2586536979.0,份,,,akshare:szse_daily
2026-08-27,akshare_fund_scale_daily_szse,SZ,159507,通信ETF广发,845830902.0,份,,,akshare:szse_daily
2026-08-27,akshare_fund_scale_daily_szse,SZ,159508,生物医药ETF华安,88631598.0,份,,,akshare:szse_daily
2026-08-27,akshare_fund_scale_daily_szse,SZ,159509,纳指科技ETF景顺,6621564118.0,份,,,akshare:szse_daily
2026-08-27,akshare_fund_scale_daily_szse,SZ,159510,沪深300价值ETF华夏,66128342.0,份,,,akshare:szse_daily
2026-08-27,akshare_fund_scale_daily_szse,SZ,159511,通信ETF南方,146944573.0,份,,,akshare:szse_daily
2026-08-27,akshare_fund_scale_daily_szse,SZ,159512,汽车ETF广发,107264855.0,份,,,akshare:szse_daily
2026-08-27,akshare_fund_scale_daily_szse,SZ,159513,纳斯达克100ETF大成,4543549100.0,份,,,akshare:szse_daily
2026-08-27,akshare_fund_scale_daily_szse,SZ,159515,国企红利ETF鹏扬,33086631.0,份,,,akshare:szse_daily
2026-08-27,akshare_fund_scale_daily_szse,SZ,159516,半导体设备ETF国泰,60491359972.0,份,,,akshare:szse_daily
2026-08-27,akshare_fund_scale_daily_szse,SZ,159517,中证800增强ETF银华,8742624.0,份,,,akshare:szse_daily
2026-08-27,akshare_fund_scale_daily_szse,SZ,159518,标普油气ETF嘉实,1664325369.0,份,,,akshare:szse_daily
2026-08-27,akshare_fund_scale_daily_szse,SZ,159519,港股国企ETF国泰,58157854.0,份,,,akshare:szse_daily
2026-08-27,akshare_fund_scale_daily_szse,SZ,159520,消费龙头ETF工银,153177649.0,份,,,akshare:szse_daily
2026-08-27,akshare_fund_scale_daily_szse,SZ,159521,国证2000ETF平安,18274435.0,份,,,akshare:szse_daily
2026-08-27,akshare_fund_scale_daily_szse,SZ,159523,沪深300成长ETF华夏,70517348.0,份,,,akshare:szse_daily
2026-08-27,akshare_fund_scale_daily_szse,SZ,159525,红利低波ETF富国,456243741.0,份,,,akshare:szse_daily
2026-08-27,akshare_fund_scale_daily_szse,SZ,159526,机器人ETF嘉实,587462964.0,份,,,akshare:szse_daily
2026-08-27,akshare_fund_scale_daily_szse,SZ,159527,云计算ETF广发,450301350.0,份,,,akshare:szse_daily
2026-08-27,akshare_fund_scale_daily_szse,SZ,159528,国企改革ETF富国,7320773.0,份,,,akshare:szse_daily
2026-08-27,akshare_fund_scale_daily_szse,SZ,159529,标普消费ETF景顺,811536791.0,份,,,akshare:szse_daily
2026-08-27,akshare_fund_scale_daily_szse,SZ,159530,机器人ETF易方达,12752613169.0,份,,,akshare:szse_daily
2026-08-27,akshare_fund_scale_daily_szse,SZ,159531,中证2000ETF南方,1038608406.0,份,,,akshare:szse_daily
2026-08-27,akshare_fund_scale_daily_szse,SZ,159532,中证2000ETF易方达,171564791.0,份,,,akshare:szse_daily
2026-08-27,akshare_fund_scale_daily_szse,SZ,159533,中证2000ETF博时,14458785.0,份,,,akshare:szse_daily
2026-08-27,akshare_fund_scale_daily_szse,SZ,159535,中证2000ETF嘉实,25981088.0,份,,,akshare:szse_daily
2026-08-27,akshare_fund_scale_daily_szse,SZ,159536,中证2000ETF汇添富,53261589.0,份,,,akshare:szse_daily
2026-08-27,akshare_fund_scale_daily_szse,SZ,159537,信创ETF国泰,150285204.0,份,,,akshare:szse_daily
2026-08-27,akshare_fund_scale_daily_szse,SZ,159538,信创ETF富国,216608966.0,份,,,akshare:szse_daily
2026-08-27,akshare_fund_scale_daily_szse,SZ,159539,信创ETF广发,50565182.0,份,,,akshare:szse_daily
2026-08-27,akshare_fund_scale_daily_szse,SZ,159540,信创ETF易方达,121505191.0,份,,,akshare:szse_daily
2026-08-27,akshare_fund_scale_daily_szse,SZ,159541,创业板综ETF万家,61593326.0,份,,,akshare:szse_daily
2026-08-27,akshare_fund_scale_daily_szse,SZ,159542,工程机械ETF大成,14592850.0,份,,,akshare:szse_daily
2026-08-27,akshare_fund_scale_daily_szse,SZ,159543,国证2000ETF工银,42196551.0,份,,,akshare:szse_daily
2026-08-27,akshare_fund_scale_daily_szse,SZ,159545,恒生红利低波ETF易方达,5326603689.0,份,,,akshare:szse_daily
2026-08-27,akshare_fund_scale_daily_szse,SZ,159546,集成电路ETF国泰,744927822.0,份,,,akshare:szse_daily
2026-08-27,akshare_fund_scale_daily_szse,SZ,159547,红利低波ETF华夏,1270786075.0,份,,,akshare:szse_daily
2026-08-27,akshare_fund_scale_daily_szse,SZ,159549,红利低波ETF天弘,4776523884.0,份,,,akshare:szse_daily
2026-08-27,akshare_fund_scale_daily_szse,SZ,159550,互联网ETF东财,195828785.0,份,,,akshare:szse_daily
2026-08-27,akshare_fund_scale_daily_szse,SZ,159551,机器人ETF国泰,304920923.0,份,,,akshare:szse_daily
2026-08-27,akshare_fund_scale_daily_szse,SZ,159552,中证2000增强ETF招商,687290319.0,份,,,akshare:szse_daily
2026-08-27,akshare_fund_scale_daily_szse,SZ,159553,中证2000增强ETF海富通,15326751.0,份,,,akshare:szse_daily
2026-08-27,akshare_fund_scale_daily_szse,SZ,159555,中证2000增强ETF银华,37462705.0,份,,,akshare:szse_daily
2026-08-27,akshare_fund_scale_daily_szse,SZ,159556,中证2000增强ETF平安,15556089.0,份,,,akshare:szse_daily
2026-08-27,akshare_fund_scale_daily_szse,SZ,159557,恒生医疗ETF嘉实,134894955.0,份,,,akshare:szse_daily
2026-08-27,akshare_fund_scale_daily_szse,SZ,159558,半导体设备ETF易方达,18938563923.0,份,,,akshare:szse_daily
2026-08-27,akshare_fund_scale_daily_szse,SZ,159559,机器人ETF景顺,1958576622.0,份,,,akshare:szse_daily
2026-08-27,akshare_fund_scale_daily_szse,SZ,159560,芯片ETF景顺,194916460.0,份,,,akshare:szse_daily
2026-08-27,akshare_fund_scale_daily_szse,SZ,159561,德国ETF嘉实,1322499489.0,份,,,akshare:szse_daily
2026-08-27,akshare_fund_scale_daily_szse,SZ,159562,黄金股ETF华夏,2624130504.0,份,,,akshare:szse_daily
2026-08-27,akshare_fund_scale_daily_szse,SZ,159563,创业板综ETF华夏,29360773.0,份,,,akshare:szse_daily
2026-08-27,akshare_fund_scale_daily_szse,SZ,159565,汽车零部件ETF易方达,137627231.0,份,,,akshare:szse_daily
2026-08-27,akshare_fund_scale_daily_szse,SZ,159566,储能电池ETF易方达,2719739776.0,份,,,akshare:szse_daily
2026-08-27,akshare_fund_scale_daily_szse,SZ,159567,港股创新药ETF银华,10433729726.0,份,,,akshare:szse_daily
2026-08-27,akshare_fund_scale_daily_szse,SZ,159568,港股互联网ETF博时,364857901.0,份,,,akshare:szse_daily
2026-08-27,akshare_fund_scale_daily_szse,SZ,159569,港股红利低波ETF景顺,364147241.0,份,,,akshare:szse_daily
2026-08-27,akshare_fund_scale_daily_szse,SZ,159570,港股通创新药ETF汇添富,16177597142.0,份,,,akshare:szse_daily
2026-08-27,akshare_fund_scale_daily_szse,SZ,159571,创业板200ETF富国,17981814.0,份,,,akshare:szse_daily
2026-08-27,akshare_fund_scale_daily_szse,SZ,159572,创业板200ETF易方达,189749107.0,份,,,akshare:szse_daily
2026-08-27,akshare_fund_scale_daily_szse,SZ,159573,创业板200ETF华夏,79456297.0,份,,,akshare:szse_daily
2026-08-27,akshare_fund_scale_daily_szse,SZ,159575,创业板200ETF银华,11410425.0,份,,,akshare:szse_daily
2026-08-27,akshare_fund_scale_daily_szse,SZ,159576,深证100ETF广发,37509612.0,份,,,akshare:szse_daily
2026-08-27,akshare_fund_scale_daily_szse,SZ,159577,美国50ETF汇添富,808665791.0,份,,,akshare:szse_daily
2026-08-27,akshare_fund_scale_daily_szse,SZ,159578,深证主板50ETF南方,19998831.0,份,,,akshare:szse_daily
2026-08-27,akshare_fund_scale_daily_szse,SZ,159581,红利ETF万家,1275225708.0,份,,,akshare:szse_daily
2026-08-27,akshare_fund_scale_daily_szse,SZ,159582,半导体ETF博时,1005608105.0,份,,,akshare:szse_daily
2026-08-27,akshare_fund_scale_daily_szse,SZ,159583,通信ETF富国,2516592902.0,份,,,akshare:szse_daily
2026-08-27,akshare_fund_scale_daily_szse,SZ,159586,计算机ETF南方,261025923.0,份,,,akshare:szse_daily
2026-08-27,akshare_fund_scale_daily_szse,SZ,159587,粮食ETF广发,249447031.0,份,,,akshare:szse_daily
2026-08-27,akshare_fund_scale_daily_szse,SZ,159588,石油ETF景顺,429284857.0,份,,,akshare:szse_daily
2026-08-27,akshare_fund_scale_daily_szse,SZ,159589,红利ETF广发,242590005.0,份,,,akshare:szse_daily
2026-08-27,akshare_fund_scale_daily_szse,SZ,159590,软件ETF汇添富,779361746.0,份,,,akshare:szse_daily
2026-08-27,akshare_fund_scale_daily_szse,SZ,159591,A50ETF富国,330905682.0,份,,,akshare:szse_daily
2026-08-27,akshare_fund_scale_daily_szse,SZ,159592,A50ETF银华,592310460.0,份,,,akshare:szse_daily
2026-08-27,akshare_fund_scale_daily_szse,SZ,159593,中证A50ETF平安,1850196040.0,份,,,akshare:szse_daily
2026-08-27,akshare_fund_scale_daily_szse,SZ,159595,中证A50ETF大成,916113255.0,份,,,akshare:szse_daily
2026-08-27,akshare_fund_scale_daily_szse,SZ,159596,A50ETF华宝,515683040.0,份,,,akshare:szse_daily
2026-08-27,akshare_fund_scale_daily_szse,SZ,159597,创业板成长ETF易方达,1077757137.0,份,,,akshare:szse_daily
2026-08-27,akshare_fund_scale_daily_szse,SZ,159599,芯片ETF东财,712322066.0,份,,,akshare:szse_daily
2026-08-27,akshare_fund_scale_daily_szse,SZ,159600,科创债ETF嘉实,303648913.0,份,,,akshare:szse_daily
2026-08-27,akshare_fund_scale_daily_szse,SZ,159601,A50ETF华夏,1393388073.0,份,,,akshare:szse_daily
2026-08-27,akshare_fund_scale_daily_szse,SZ,159602,中国A50ETF南方,406542944.0,份,,,akshare:szse_daily
2026-08-27,akshare_fund_scale_daily_szse,SZ,159603,科创创业ETF天弘,2622071922.0,份,,,akshare:szse_daily
2026-08-27,akshare_fund_scale_daily_szse,SZ,159605,中概互联ETF广发,4073486155.0,份,,,akshare:szse_daily
2026-08-27,akshare_fund_scale_daily_szse,SZ,159606,中证500成长ETF易方达,397222838.0,份,,,akshare:szse_daily
2026-08-27,akshare_fund_scale_daily_szse,SZ,159607,中概互联网ETF嘉实,1215829139.0,份,,,akshare:szse_daily
2026-08-27,akshare_fund_scale_daily_szse,SZ,159608,稀有金属ETF广发,3400810066.0,份,,,akshare:szse_daily
2026-08-27,akshare_fund_scale_daily_szse,SZ,159609,光伏ETF浦银,307903414.0,份,,,akshare:szse_daily
2026-08-27,akshare_fund_scale_daily_szse,SZ,159610,中证500增强ETF景顺,162568207.0,份,,,akshare:szse_daily
2026-08-27,akshare_fund_scale_daily_szse,SZ,159611,电力ETF广发,9552762900.0,份,,,akshare:szse_daily
2026-08-27,akshare_fund_scale_daily_szse,SZ,159612,标普500ETF国泰,464898651.0,份,,,akshare:szse_daily
2026-08-27,akshare_fund_scale_daily_szse,SZ,159613,信息安全ETF嘉实,109590217.0,份,,,akshare:szse_daily
2026-08-27,akshare_fund_scale_daily_szse,SZ,159615,恒生生物科技ETF南方,335054898.0,份,,,akshare:szse_daily
2026-08-27,akshare_fund_scale_daily_szse,SZ,159616,农牧ETF建信,68561112.0,份,,,akshare:szse_daily
2026-08-27,akshare_fund_scale_daily_szse,SZ,159617,中证500价值ETF华夏,30418382.0,份,,,akshare:szse_daily
2026-08-27,akshare_fund_scale_daily_szse,SZ,159618,光伏ETF华安,76131407.0,份,,,akshare:szse_daily
2026-08-27,akshare_fund_scale_daily_szse,SZ,159619,基建ETF国泰,75981007.0,份,,,akshare:szse_daily
2026-08-27,akshare_fund_scale_daily_szse,SZ,159620,中证500成长ETF华夏,28140934.0,份,,,akshare:szse_daily
2026-08-27,akshare_fund_scale_daily_szse,SZ,159621,ESGETF国泰,14434717.0,份,,,akshare:szse_daily
2026-08-27,akshare_fund_scale_daily_szse,SZ,159622,创新药ETF东财,1120603238.0,份,,,akshare:szse_daily
2026-08-27,akshare_fund_scale_daily_szse,SZ,159623,成渝经济圈ETF博时,3093271695.0,份,,,akshare:szse_daily
2026-08-27,akshare_fund_scale_daily_szse,SZ,159625,绿色电力ETF嘉实,2015313777.0,份,,,akshare:szse_daily
2026-08-27,akshare_fund_scale_daily_szse,SZ,159627,A100ETF华夏,19116776.0,份,,,akshare:szse_daily
2026-08-27,akshare_fund_scale_daily_szse,SZ,159628,国证2000ETF万家,344283250.0,份,,,akshare:szse_daily
2026-08-27,akshare_fund_scale_daily_szse,SZ,159629,中证1000ETF富国,913252663.0,份,,,akshare:szse_daily
2026-08-27,akshare_fund_scale_daily_szse,SZ,159630,A100ETF汇添富,15113744.0,份,,,akshare:szse_daily
2026-08-27,akshare_fund_scale_daily_szse,SZ,159631,A100ETF招商,39332605.0,份,,,akshare:szse_daily
2026-08-27,akshare_fund_scale_daily_szse,SZ,159632,纳斯达克ETF华安,4978720640.0,份,,,akshare:szse_daily
2026-08-27,akshare_fund_scale_daily_szse,SZ,159633,中证1000ETF易方达,1070162658.0,份,,,akshare:szse_daily
2026-08-27,akshare_fund_scale_daily_szse,SZ,159635,基建ETF华夏,136846980.0,份,,,akshare:szse_daily
2026-08-27,akshare_fund_scale_daily_szse,SZ,159636,港股通科技30ETF工银,21882501206.0,份,,,akshare:szse_daily
2026-08-27,akshare_fund_scale_daily_szse,SZ,159637,新能源车ETF东财,615768094.0,份,,,akshare:szse_daily
2026-08-27,akshare_fund_scale_daily_szse,SZ,159638,航空航天ETF嘉实,1459341932.0,份,,,akshare:szse_daily
2026-08-27,akshare_fund_scale_daily_szse,SZ,159639,碳中和ETF南方,203290171.0,份,,,akshare:szse_daily
2026-08-27,akshare_fund_scale_daily_szse,SZ,159640,碳中和龙头ETF工银,59845198.0,份,,,akshare:szse_daily
2026-08-27,akshare_fund_scale_daily_szse,SZ,159641,碳中和ETF招商,86719131.0,份,,,akshare:szse_daily
2026-08-27,akshare_fund_scale_daily_szse,SZ,159642,碳中和ETF大成,22439923.0,份,,,akshare:szse_daily
2026-08-27,akshare_fund_scale_daily_szse,SZ,159643,疫苗ETF国泰,313390617.0,份,,,akshare:szse_daily
2026-08-27,akshare_fund_scale_daily_szse,SZ,159645,疫苗ETF富国,73540740.0,份,,,akshare:szse_daily
2026-08-27,akshare_fund_scale_daily_szse,SZ,159647,中药ETF鹏华,1019461752.0,份,,,akshare:szse_daily
2026-08-27,akshare_fund_scale_daily_szse,SZ,159649,国开债ETF华安,38451877.0,份,,,akshare:szse_daily
2026-08-27,akshare_fund_scale_daily_szse,SZ,159650,国开债ETF博时,49018196.0,份,,,akshare:szse_daily
2026-08-27,akshare_fund_scale_daily_szse,SZ,159651,国开债ETF平安,9658448.0,份,,,akshare:szse_daily
2026-08-27,akshare_fund_scale_daily_szse,SZ,159652,有色ETF汇添富,1787320287.0,份,,,akshare:szse_daily
2026-08-27,akshare_fund_scale_daily_szse,SZ,159653,ESG300ETF国联安,52972068.0,份,,,akshare:szse_daily
2026-08-27,akshare_fund_scale_daily_szse,SZ,159655,标普500ETF华夏,2166143045.0,份,,,akshare:szse_daily
2026-08-27,akshare_fund_scale_daily_szse,SZ,159656,沪深300成长ETF万家,228238451.0,份,,,akshare:szse_daily
2026-08-27,akshare_fund_scale_daily_szse,SZ,159657,疫苗ETF鹏华,166514819.0,份,,,akshare:szse_daily
2026-08-27,akshare_fund_scale_daily_szse,SZ,159658,数字经济ETF华安,44394877.0,份,,,akshare:szse_daily
2026-08-27,akshare_fund_scale_daily_szse,SZ,159659,纳斯达克100ETF招商,4557744064.0,份,,,akshare:szse_daily
2026-08-27,akshare_fund_scale_daily_szse,SZ,159660,纳指ETF汇添富,2261151363.0,份,,,akshare:szse_daily
2026-08-27,akshare_fund_scale_daily_szse,SZ,159661,A100ETF嘉实,27208213.0,份,,,akshare:szse_daily
2026-08-27,akshare_fund_scale_daily_szse,SZ,159662,交运ETF南方,85113946.0,份,,,akshare:szse_daily
2026-08-27,akshare_fund_scale_daily_szse,SZ,159663,机床ETF华夏,447035170.0,份,,,akshare:szse_daily
2026-08-27,akshare_fund_scale_daily_szse,SZ,159665,半导体龙头ETF工银,247576860.0,份,,,akshare:szse_daily
2026-08-27,akshare_fund_scale_daily_szse,SZ,159666,交通运输ETF华夏,140832905.0,份,,,akshare:szse_daily
2026-08-27,akshare_fund_scale_daily_szse,SZ,159667,工业母机ETF国泰,3636050718.0,份,,,akshare:szse_daily
2026-08-27,akshare_fund_scale_daily_szse,SZ,159669,绿色电力ETF国泰,202754781.0,份,,,akshare:szse_daily
2026-08-27,akshare_fund_scale_daily_szse,SZ,159670,消费50ETF国联安,55706921.0,份,,,akshare:szse_daily
2026-08-27,akshare_fund_scale_daily_szse,SZ,159671,稀有金属ETF工银,890551737.0,份,,,akshare:szse_daily
2026-08-27,akshare_fund_scale_daily_szse,SZ,159672,消费ETF博时,129887409.0,份,,,akshare:szse_daily
2026-08-27,akshare_fund_scale_daily_szse,SZ,159673,沪深300ETF鹏华,1777528385.0,份,,,akshare:szse_daily
2026-08-27,akshare_fund_scale_daily_szse,SZ,159675,创业板增强ETF嘉实,63846691.0,份,,,akshare:szse_daily
2026-08-27,akshare_fund_scale_daily_szse,SZ,159676,创业板增强ETF富国,132564183.0,份,,,akshare:szse_daily
2026-08-27,akshare_fund_scale_daily_szse,SZ,159677,中证1000增强ETF银华,26904091.0,份,,,akshare:szse_daily
2026-08-27,akshare_fund_scale_daily_szse,SZ,159678,500增强ETF博时,89143694.0,份,,,akshare:szse_daily
2026-08-27,akshare_fund_scale_daily_szse,SZ,159679,中证1000增强ETF国泰,55289156.0,份,,,akshare:szse_daily
2026-08-27,akshare_fund_scale_daily_szse,SZ,159680,中证1000增强ETF招商,1023438087.0,份,,,akshare:szse_daily
2026-08-27,akshare_fund_scale_daily_szse,SZ,159681,创业板50ETF鹏华,1045772337.0,份,,,akshare:szse_daily
2026-08-27,akshare_fund_scale_daily_szse,SZ,159682,创业板50ETF景顺,3271307670.0,份,,,akshare:szse_daily
2026-08-27,akshare_fund_scale_daily_szse,SZ,159685,1000增强ETF天弘,19440067.0,份,,,akshare:szse_daily
2026-08-27,akshare_fund_scale_daily_szse,SZ,159686,A100ETF易方达,77815386.0,份,,,akshare:szse_daily
2026-08-27,akshare_fund_scale_daily_szse,SZ,159687,亚太精选ETF南方,1632028658.0,份,,,akshare:szse_daily
2026-08-27,akshare_fund_scale_daily_szse,SZ,159688,恒生互联网ETF华安,1338278480.0,份,,,akshare:szse_daily
2026-08-27,akshare_fund_scale_daily_szse,SZ,159689,消费ETF南方,88147787.0,份,,,akshare:szse_daily
2026-08-27,akshare_fund_scale_daily_szse,SZ,159690,有色矿业ETF招商,275163978.0,份,,,akshare:szse_daily
2026-08-27,akshare_fund_scale_daily_szse,SZ,159691,港股红利ETF工银,3802301386.0,份,,,akshare:szse_daily
2026-08-27,akshare_fund_scale_daily_szse,SZ,159692,证券ETF东财,1502455969.0,份,,,akshare:szse_daily
2026-08-27,akshare_fund_scale_daily_szse,SZ,159695,通信ETF嘉实,851436258.0,份,,,akshare:szse_daily
2026-08-27,akshare_fund_scale_daily_szse,SZ,159696,纳指ETF易方达,2822824034.0,份,,,akshare:szse_daily
2026-08-27,akshare_fund_scale_daily_szse,SZ,159697,石油ETF鹏华,1020022006.0,份,,,akshare:szse_daily
2026-08-27,akshare_fund_scale_daily_szse,SZ,159698,粮食ETF鹏华,1559944378.0,份,,,akshare:szse_daily
2026-08-27,akshare_fund_scale_daily_szse,SZ,159699,恒生消费ETF广发,492664255.0,份,,,akshare:szse_daily
2026-08-27,akshare_fund_scale_daily_szse,SZ,159700,科创债ETF南方,139639191.0,份,,,akshare:szse_daily
2026-08-27,akshare_fund_scale_daily_szse,SZ,159701,物联网ETF招商,4705601.0,份,,,akshare:szse_daily
2026-08-27,akshare_fund_scale_daily_szse,SZ,159703,新材料ETF天弘,58381591.0,份,,,akshare:szse_daily
2026-08-27,akshare_fund_scale_daily_szse,SZ,159706,深证100ETF华安,40386800.0,份,,,akshare:szse_daily
2026-08-27,akshare_fund_scale_daily_szse,SZ,159707,地产ETF华宝,1140548214.0,份,,,akshare:szse_daily
2026-08-27,akshare_fund_scale_daily_szse,SZ,159708,红利ETF西部利得,178528306.0,份,,,akshare:szse_daily
2026-08-27,akshare_fund_scale_daily_szse,SZ,159709,物联网ETF工银,20484060.0,份,,,akshare:szse_daily
2026-08-27,akshare_fund_scale_daily_szse,SZ,159711,港股通50ETF华夏,30465157.0,份,,,akshare:szse_daily
2026-08-27,akshare_fund_scale_daily_szse,SZ,159712,港股通50ETF国泰,84778813.0,份,,,akshare:szse_daily
2026-08-27,akshare_fund_scale_daily_szse,SZ,159713,稀土ETF富国,518255051.0,份,,,akshare:szse_daily
2026-08-27,akshare_fund_scale_daily_szse,SZ,159715,稀土ETF易方达,516530274.0,份,,,akshare:szse_daily
2026-08-27,akshare_fund_scale_daily_szse,SZ,159716,深证100ETF华宝,55666732.0,份,,,akshare:szse_daily
2026-08-27,akshare_fund_scale_daily_szse,SZ,159717,ESGETF鹏华,27873183.0,份,,,akshare:szse_daily
2026-08-27,akshare_fund_scale_daily_szse,SZ,159718,港股医药ETF平安,183832634.0,份,,,akshare:szse_daily
2026-08-27,akshare_fund_scale_daily_szse,SZ,159719,国企ETF平安,25195986.0,份,,,akshare:szse_daily
2026-08-27,akshare_fund_scale_daily_szse,SZ,159720,智能车ETF泰康,45812357.0,份,,,akshare:szse_daily
2026-08-27,akshare_fund_scale_daily_szse,SZ,159721,深证100ETF永赢,67431696.0,份,,,akshare:szse_daily
2026-08-27,akshare_fund_scale_daily_szse,SZ,159723,科技龙头ETF汇添富,29025575.0,份,,,akshare:szse_daily
2026-08-27,akshare_fund_scale_daily_szse,SZ,159725,线上消费ETF工银,124424924.0,份,,,akshare:szse_daily
2026-08-27,akshare_fund_scale_daily_szse,SZ,159726,港股通高股息ETF华夏,251911380.0,份,,,akshare:szse_daily
2026-08-27,akshare_fund_scale_daily_szse,SZ,159728,在线消费ETF南方,47410129.0,份,,,akshare:szse_daily
2026-08-27,akshare_fund_scale_daily_szse,SZ,159729,互联网ETF汇添富,66760633.0,份,,,akshare:szse_daily
2026-08-27,akshare_fund_scale_daily_szse,SZ,159730,家电ETF博时,42571340.0,份,,,akshare:szse_daily
2026-08-27,akshare_fund_scale_daily_szse,SZ,159731,石化ETF华夏,744375802.0,份,,,akshare:szse_daily
2026-08-27,akshare_fund_scale_daily_szse,SZ,159732,消费电子ETF华夏,2358447904.0,份,,,akshare:szse_daily
2026-08-27,akshare_fund_scale_daily_szse,SZ,159735,港股消费ETF银华,627561371.0,份,,,akshare:szse_daily
2026-08-27,akshare_fund_scale_daily_szse,SZ,159736,食品饮料ETF天弘,7504394457.0,份,,,akshare:szse_daily
2026-08-27,akshare_fund_scale_daily_szse,SZ,159738,云计算ETF华泰柏瑞,130992667.0,份,,,akshare:szse_daily
2026-08-27,akshare_fund_scale_daily_szse,SZ,159739,云计算ETF鹏华,417161230.0,份,,,akshare:szse_daily
2026-08-27,akshare_fund_scale_daily_szse,SZ,159740,恒生科技ETF大成,25264120448.0,份,,,akshare:szse_daily
2026-08-27,akshare_fund_scale_daily_szse,SZ,159741,恒生科技ETF嘉实,1371796712.0,份,,,akshare:szse_daily
2026-08-27,akshare_fund_scale_daily_szse,SZ,159742,恒生科技ETF博时,6273928292.0,份,,,akshare:szse_daily
2026-08-27,akshare_fund_scale_daily_szse,SZ,159743,湖北ETF博时,109941100.0,份,,,akshare:szse_daily
2026-08-27,akshare_fund_scale_daily_szse,SZ,159745,建材ETF国泰,1392688265.0,份,,,akshare:szse_daily
2026-08-27,akshare_fund_scale_daily_szse,SZ,159747,香港科技ETF南方,312712278.0,份,,,akshare:szse_daily
2026-08-27,akshare_fund_scale_daily_szse,SZ,159748,创新药ETF富国,1469692128.0,份,,,akshare:szse_daily
2026-08-27,akshare_fund_scale_daily_szse,SZ,159750,港股科技50ETF招商,1247618251.0,份,,,akshare:szse_daily
2026-08-27,akshare_fund_scale_daily_szse,SZ,159751,港股通科技ETF鹏华,882629628.0,份,,,akshare:szse_daily
2026-08-27,akshare_fund_scale_daily_szse,SZ,159752,新能源ETF申万菱信,407958917.0,份,,,akshare:szse_daily
2026-08-27,akshare_fund_scale_daily_szse,SZ,159755,电池ETF广发,8028646746.0,份,,,akshare:szse_daily
2026-08-27,akshare_fund_scale_daily_szse,SZ,159757,电池ETF景顺,244931891.0,份,,,akshare:szse_daily
2026-08-27,akshare_fund_scale_daily_szse,SZ,159758,红利质量ETF华夏,1336290777.0,份,,,akshare:szse_daily
2026-08-27,akshare_fund_scale_daily_szse,SZ,159760,医疗健康ETF泰康,132360223.0,份,,,akshare:szse_daily
2026-08-27,akshare_fund_scale_daily_szse,SZ,159761,新材料ETF国泰,197734117.0,份,,,akshare:szse_daily
2026-08-27,akshare_fund_scale_daily_szse,SZ,159763,新材料ETF建信,89707747.0,份,,,akshare:szse_daily
2026-08-27,akshare_fund_scale_daily_szse,SZ,159766,旅游ETF富国,5519640963.0,份,,,akshare:szse_daily
2026-08-27,akshare_fund_scale_daily_szse,SZ,159767,电池龙头ETF兴银,241873672.0,份,,,akshare:szse_daily
2026-08-27,akshare_fund_scale_daily_szse,SZ,159768,房地产ETF银华,813450311.0,份,,,akshare:szse_daily
2026-08-27,akshare_fund_scale_daily_szse,SZ,159770,机器人ETF天弘,6089587762.0,份,,,akshare:szse_daily
2026-08-27,akshare_fund_scale_daily_szse,SZ,159773,创业板科技ETF华泰柏瑞,150703120.0,份,,,akshare:szse_daily
2026-08-27,akshare_fund_scale_daily_szse,SZ,159775,电池ETF建信,675648961.0,份,,,akshare:szse_daily
2026-08-27,akshare_fund_scale_daily_szse,SZ,159776,港股医药ETF银华,80968765.0,份,,,akshare:szse_daily
2026-08-27,akshare_fund_scale_daily_szse,SZ,159777,创科技ETF国联安,28280565.0,份,,,akshare:szse_daily
2026-08-27,akshare_fund_scale_daily_szse,SZ,159778,工业互联网ETF鹏华,40255382.0,份,,,akshare:szse_daily
2026-08-27,akshare_fund_scale_daily_szse,SZ,159779,消费电子ETF招商,134869337.0,份,,,akshare:szse_daily
2026-08-27,akshare_fund_scale_daily_szse,SZ,159780,科创创业50ETF南方,3566648583.0,份,,,akshare:szse_daily
2026-08-27,akshare_fund_scale_daily_szse,SZ,159781,科创创业ETF易方达,15868860533.0,份,,,akshare:szse_daily
2026-08-27,akshare_fund_scale_daily_szse,SZ,159782,双创50ETF银华,567190267.0,份,,,akshare:szse_daily
2026-08-27,akshare_fund_scale_daily_szse,SZ,159783,科创创业50ETF华夏,5249059442.0,份,,,akshare:szse_daily
2026-08-27,akshare_fund_scale_daily_szse,SZ,159786,VRETF银华,85701174.0,份,,,akshare:szse_daily
2026-08-27,akshare_fund_scale_daily_szse,SZ,159787,建材ETF易方达,131021633.0,份,,,akshare:szse_daily
2026-08-27,akshare_fund_scale_daily_szse,SZ,159788,港股通100ETF易方达,70424965.0,份,,,akshare:szse_daily
2026-08-27,akshare_fund_scale_daily_szse,SZ,159790,碳中和ETF华夏,1539528485.0,份,,,akshare:szse_daily
2026-08-27,akshare_fund_scale_daily_szse,SZ,159791,300ESGETF华夏,31083347.0,份,,,akshare:szse_daily
2026-08-27,akshare_fund_scale_daily_szse,SZ,159792,港股通互联网ETF富国,66101855237.0,份,,,akshare:szse_daily
2026-08-27,akshare_fund_scale_daily_szse,SZ,159793,线上消费ETF平安,43758908.0,份,,,akshare:szse_daily
2026-08-27,akshare_fund_scale_daily_szse,SZ,159795,智能汽车ETF汇添富,28169473.0,份,,,akshare:szse_daily
2026-08-27,akshare_fund_scale_daily_szse,SZ,159796,电池ETF汇添富,6218467550.0,份,,,akshare:szse_daily
2026-08-27,akshare_fund_scale_daily_szse,SZ,159797,医疗器械ETF汇添富,394989247.0,份,,,akshare:szse_daily
2026-08-27,akshare_fund_scale_daily_szse,SZ,159798,消费ETF易方达,173245390.0,份,,,akshare:szse_daily
2026-08-27,akshare_fund_scale_daily_szse,SZ,159800,中证800ETF鹏华,26736802.0,份,,,akshare:szse_daily
2026-08-27,akshare_fund_scale_daily_szse,SZ,159801,芯片ETF广发,4520120172.0,份,,,akshare:szse_daily
2026-08-27,akshare_fund_scale_daily_szse,SZ,159804,创中盘88ETF国寿,15899676.0,份,,,akshare:szse_daily
2026-08-27,akshare_fund_scale_daily_szse,SZ,159805,传媒ETF鹏华,247452480.0,份,,,akshare:szse_daily
2026-08-27,akshare_fund_scale_daily_szse,SZ,159806,新能源车ETF国泰,865089446.0,份,,,akshare:szse_daily
2026-08-27,akshare_fund_scale_daily_szse,SZ,159807,科技ETF易方达,911051428.0,份,,,akshare:szse_daily
2026-08-27,akshare_fund_scale_daily_szse,SZ,159808,创100ETF融通,49484790.0,份,,,akshare:szse_daily
2026-08-27,akshare_fund_scale_daily_szse,SZ,159810,创业板ETF浦银,56475458.0,份,,,akshare:szse_daily
2026-08-27,akshare_fund_scale_daily_szse,SZ,159811,5GETF博时,75543393.0,份,,,akshare:szse_daily
2026-08-27,akshare_fund_scale_daily_szse,SZ,159812,黄金ETF前海开源,163813149.0,份,,,akshare:szse_daily
2026-08-27,akshare_fund_scale_daily_szse,SZ,159813,半导体ETF鹏华,8937724820.0,份,,,akshare:szse_daily
2026-08-27,akshare_fund_scale_daily_szse,SZ,159814,创业大盘ETF西部利得,514246520.0,份,,,akshare:szse_daily
2026-08-27,akshare_fund_scale_daily_szse,SZ,159816,0-4年地方债ETF鹏华,97147484.0,份,,,akshare:szse_daily
2026-08-27,akshare_fund_scale_daily_szse,SZ,159819,人工智能ETF易方达,12131229669.0,份,,,akshare:szse_daily
2026-08-27,akshare_fund_scale_daily_szse,SZ,159820,中证500ETF天弘,1361408470.0,份,,,akshare:szse_daily
2026-08-27,akshare_fund_scale_daily_szse,SZ,159821,创业板ETF中银证券,64620000.0,份,,,akshare:szse_daily
2026-08-27,akshare_fund_scale_daily_szse,SZ,159822,新经济ETF银华,293634315.0,份,,,akshare:szse_daily
2026-08-27,akshare_fund_scale_daily_szse,SZ,159824,新能源车ETF博时,82135070.0,份,,,akshare:szse_daily
2026-08-27,akshare_fund_scale_daily_szse,SZ,159825,农业ETF富国,2483077407.0,份,,,akshare:szse_daily
2026-08-27,akshare_fund_scale_daily_szse,SZ,159827,农业ETF银华,91716463.0,份,,,akshare:szse_daily
2026-08-27,akshare_fund_scale_daily_szse,SZ,159828,医疗ETF国泰,4622439464.0,份,,,akshare:szse_daily
2026-08-27,akshare_fund_scale_daily_szse,SZ,159830,金ETF天弘,350314066.0,份,,,akshare:szse_daily
2026-08-27,akshare_fund_scale_daily_szse,SZ,159831,金ETF嘉实,236756243.0,份,,,akshare:szse_daily
2026-08-27,akshare_fund_scale_daily_szse,SZ,159834,金ETF南方,230561376.0,份,,,akshare:szse_daily
2026-08-27,akshare_fund_scale_daily_szse,SZ,159835,创新药ETF建信,362504143.0,份,,,akshare:szse_daily
2026-08-27,akshare_fund_scale_daily_szse,SZ,159836,创业板300ETF天弘,117747113.0,份,,,akshare:szse_daily
2026-08-27,akshare_fund_scale_daily_szse,SZ,159837,生物科技ETF易方达,2802152837.0,份,,,akshare:szse_daily
2026-08-27,akshare_fund_scale_daily_szse,SZ,159838,医药50ETF博时,225763462.0,份,,,akshare:szse_daily
2026-08-27,akshare_fund_scale_daily_szse,SZ,159839,生物医药ETF汇添富,2550735165.0,份,,,akshare:szse_daily
2026-08-27,akshare_fund_scale_daily_szse,SZ,159840,锂电池ETF工银,1966574851.0,份,,,akshare:szse_daily
2026-08-27,akshare_fund_scale_daily_szse,SZ,159841,证券ETF天弘,12095838465.0,份,,,akshare:szse_daily
2026-08-27,akshare_fund_scale_daily_szse,SZ,159842,券商ETF银华,9143250631.0,份,,,akshare:szse_daily
2026-08-27,akshare_fund_scale_daily_szse,SZ,159843,食品饮料ETF招商,608955141.0,份,,,akshare:szse_daily
2026-08-27,akshare_fund_scale_daily_szse,SZ,159845,中证1000ETF华夏,2184425606.0,份,,,akshare:szse_daily
2026-08-27,akshare_fund_scale_daily_szse,SZ,159847,医疗ETF易方达,3843825354.0,份,,,akshare:szse_daily
2026-08-27,akshare_fund_scale_daily_szse,SZ,159848,证券ETF国联安,155311239.0,份,,,akshare:szse_daily
2026-08-27,akshare_fund_scale_daily_szse,SZ,159849,生物科技ETF招商,156372396.0,份,,,akshare:szse_daily
2026-08-27,akshare_fund_scale_daily_szse,SZ,159850,恒生国企ETF华夏,420706498.0,份,,,akshare:szse_daily
2026-08-27,akshare_fund_scale_daily_szse,SZ,159851,金融科技ETF华宝,10141904148.0,份,,,akshare:szse_daily
2026-08-27,akshare_fund_scale_daily_szse,SZ,159852,软件ETF嘉实,14012623921.0,份,,,akshare:szse_daily
2026-08-27,akshare_fund_scale_daily_szse,SZ,159855,影视ETF银华,186425236.0,份,,,akshare:szse_daily
2026-08-27,akshare_fund_scale_daily_szse,SZ,159856,互联网龙头ETF工银,347372474.0,份,,,akshare:szse_daily
2026-08-27,akshare_fund_scale_daily_szse,SZ,159857,光伏ETF天弘,2222515725.0,份,,,akshare:szse_daily
2026-08-27,akshare_fund_scale_daily_szse,SZ,159858,创新药ETF南方,1012098318.0,份,,,akshare:szse_daily
2026-08-27,akshare_fund_scale_daily_szse,SZ,159859,生物医药ETF天弘,10184840054.0,份,,,akshare:szse_daily
2026-08-27,akshare_fund_scale_daily_szse,SZ,159861,碳中和50ETF国泰,97117535.0,份,,,akshare:szse_daily
2026-08-27,akshare_fund_scale_daily_szse,SZ,159862,食品饮料ETF银华,307500623.0,份,,,akshare:szse_daily
2026-08-27,akshare_fund_scale_daily_szse,SZ,159863,光伏ETF鹏华,294729352.0,份,,,akshare:szse_daily
2026-08-27,akshare_fund_scale_daily_szse,SZ,159864,光伏ETF国泰,630526827.0,份,,,akshare:szse_daily
2026-08-27,akshare_fund_scale_daily_szse,SZ,159865,养殖ETF国泰,12297455659.0,份,,,akshare:szse_daily
2026-08-27,akshare_fund_scale_daily_szse,SZ,159866,日经ETF工银,1114979377.0,份,,,akshare:szse_daily
2026-08-27,akshare_fund_scale_daily_szse,SZ,159867,养殖ETF鹏华,1600643594.0,份,,,akshare:szse_daily
2026-08-27,akshare_fund_scale_daily_szse,SZ,159869,游戏ETF华夏,8101082127.0,份,,,akshare:szse_daily
2026-08-27,akshare_fund_scale_daily_szse,SZ,159870,化工ETF鹏华,16569107019.0,份,,,akshare:szse_daily
2026-08-27,akshare_fund_scale_daily_szse,SZ,159871,有色ETF银华,1144732506.0,份,,,akshare:szse_daily
2026-08-27,akshare_fund_scale_daily_szse,SZ,159872,智能网联汽车ETF鹏华,58799732.0,份,,,akshare:szse_daily
2026-08-27,akshare_fund_scale_daily_szse,SZ,159873,医疗设备ETF天弘,472920000.0,份,,,akshare:szse_daily
2026-08-27,akshare_fund_scale_daily_szse,SZ,159875,新能源ETF嘉实,2487162899.0,份,,,akshare:szse_daily
2026-08-27,akshare_fund_scale_daily_szse,SZ,159876,有色ETF华宝,1726177018.0,份,,,akshare:szse_daily
2026-08-27,akshare_fund_scale_daily_szse,SZ,159877,医疗ETF南方,249792292.0,份,,,akshare:szse_daily
2026-08-27,akshare_fund_scale_daily_szse,SZ,159880,有色ETF鹏华,1276103036.0,份,,,akshare:szse_daily
2026-08-27,akshare_fund_scale_daily_szse,SZ,159881,有色金属ETF国泰,194499166.0,份,,,akshare:szse_daily
2026-08-27,akshare_fund_scale_daily_szse,SZ,159883,医疗器械ETF永赢,9028037843.0,份,,,akshare:szse_daily
2026-08-27,akshare_fund_scale_daily_szse,SZ,159885,碳中和ETF鹏华,246467316.0,份,,,akshare:szse_daily
2026-08-27,akshare_fund_scale_daily_szse,SZ,159886,机械ETF富国,67842555.0,份,,,akshare:szse_daily
2026-08-27,akshare_fund_scale_daily_szse,SZ,159887,银行ETF富国,581115950.0,份,,,akshare:szse_daily
2026-08-27,akshare_fund_scale_daily_szse,SZ,159888,智能汽车ETF华夏,68446068.0,份,,,akshare:szse_daily
2026-08-27,akshare_fund_scale_daily_szse,SZ,159889,智能汽车ETF国泰,27400796.0,份,,,akshare:szse_daily
2026-08-27,akshare_fund_scale_daily_szse,SZ,159890,云计算ETF招商,233590688.0,份,,,akshare:szse_daily
2026-08-27,akshare_fund_scale_daily_szse,SZ,159891,医疗ETF建信,349024837.0,份,,,akshare:szse_daily
2026-08-27,akshare_fund_scale_daily_szse,SZ,159892,恒生医药ETF华夏,5424266022.0,份,,,akshare:szse_daily
2026-08-27,akshare_fund_scale_daily_szse,SZ,159895,物联网ETF易方达,76241864.0,份,,,akshare:szse_daily
2026-08-27,akshare_fund_scale_daily_szse,SZ,159896,物联网ETF南方,38055960.0,份,,,akshare:szse_daily
2026-08-27,akshare_fund_scale_daily_szse,SZ,159898,医疗器械ETF招商,900098825.0,份,,,akshare:szse_daily
2026-08-27,akshare_fund_scale_daily_szse,SZ,159899,软件ETF招商,969977729.0,份,,,akshare:szse_daily
2026-08-27,akshare_fund_scale_daily_szse,SZ,159901,深证100ETF易方达,977134930.0,份,,,akshare:szse_daily
2026-08-27,akshare_fund_scale_daily_szse,SZ,159902,中小100ETF华夏,75960849.0,份,,,akshare:szse_daily
2026-08-27,akshare_fund_scale_daily_szse,SZ,159903,深成ETF南方,445154507.0,份,,,akshare:szse_daily
2026-08-27,akshare_fund_scale_daily_szse,SZ,159905,红利ETF工银,989443951.0,份,,,akshare:szse_daily
2026-08-27,akshare_fund_scale_daily_szse,SZ,159906,深成长ETF大成,143639725.0,份,,,akshare:szse_daily
2026-08-27,akshare_fund_scale_daily_szse,SZ,159907,国证2000ETF广发,173197694.0,份,,,akshare:szse_daily
2026-08-27,akshare_fund_scale_daily_szse,SZ,159908,创业板ETF博时,318229029.0,份,,,akshare:szse_daily
2026-08-27,akshare_fund_scale_daily_szse,SZ,159909,TMT50ETF招商,531561992.0,份,,,akshare:szse_daily
2026-08-27,akshare_fund_scale_daily_szse,SZ,159910,基本面120ETF嘉实,82906143.0,份,,,akshare:szse_daily
2026-08-27,akshare_fund_scale_daily_szse,SZ,159912,深300ETF汇添富,68448991.0,份,,,akshare:szse_daily
2026-08-27,akshare_fund_scale_daily_szse,SZ,159913,深价值ETF交银,22329693.0,份,,,akshare:szse_daily
2026-08-27,akshare_fund_scale_daily_szse,SZ,159915,创业板ETF易方达,18791454936.0,份,,,akshare:szse_daily
2026-08-27,akshare_fund_scale_daily_szse,SZ,159916,基本面ETF建信,42566039.0,份,,,akshare:szse_daily
2026-08-27,akshare_fund_scale_daily_szse,SZ,159918,中创400ETF嘉实,30561264.0,份,,,akshare:szse_daily
2026-08-27,akshare_fund_scale_daily_szse,SZ,159919,沪深300ETF嘉实,6284916676.0,份,,,akshare:szse_daily
2026-08-27,akshare_fund_scale_daily_szse,SZ,159920,恒生ETF华夏,5779559219.0,份,,,akshare:szse_daily
2026-08-27,akshare_fund_scale_daily_szse,SZ,159922,中证500ETF嘉实,2816676765.0,份,,,akshare:szse_daily
2026-08-27,akshare_fund_scale_daily_szse,SZ,159923,中证A100ETF大成,12285812.0,份,,,akshare:szse_daily
2026-08-27,akshare_fund_scale_daily_szse,SZ,159925,沪深300ETF南方,629420856.0,份,,,akshare:szse_daily
2026-08-27,akshare_fund_scale_daily_szse,SZ,159928,消费ETF汇添富,23072629040.0,份,,,akshare:szse_daily
2026-08-27,akshare_fund_scale_daily_szse,SZ,159929,医药ETF汇添富,1651704203.0,份,,,akshare:szse_daily
2026-08-27,akshare_fund_scale_daily_szse,SZ,159930,能源ETF汇添富,553898150.0,份,,,akshare:szse_daily
2026-08-27,akshare_fund_scale_daily_szse,SZ,159931,金融地产ETF汇添富,17828511.0,份,,,akshare:szse_daily
2026-08-27,akshare_fund_scale_daily_szse,SZ,159933,金融地产ETF国投瑞银,36378943.0,份,,,akshare:szse_daily
2026-08-27,akshare_fund_scale_daily_szse,SZ,159934,黄金ETF易方达,3913108998.0,份,,,akshare:szse_daily
2026-08-27,akshare_fund_scale_daily_szse,SZ,159935,中证500ETF景顺,26572956.0,份,,,akshare:szse_daily
2026-08-27,akshare_fund_scale_daily_szse,SZ,159936,可选消费ETF广发,108156094.0,份,,,akshare:szse_daily
2026-08-27,akshare_fund_scale_daily_szse,SZ,159937,黄金ETF博时,4746121977.0,份,,,akshare:szse_daily
2026-08-27,akshare_fund_scale_daily_szse,SZ,159938,医药ETF广发,7244567236.0,份,,,akshare:szse_daily
2026-08-27,akshare_fund_scale_daily_szse,SZ,159939,信息技术ETF广发,781656106.0,份,,,akshare:szse_daily
2026-08-27,akshare_fund_scale_daily_szse,SZ,159940,金融地产ETF广发,283059983.0,份,,,akshare:szse_daily
2026-08-27,akshare_fund_scale_daily_szse,SZ,159941,纳指ETF广发,22538410164.0,份,,,akshare:szse_daily
2026-08-27,akshare_fund_scale_daily_szse,SZ,159943,深证成指ETF大成,203229922.0,份,,,akshare:szse_daily
2026-08-27,akshare_fund_scale_daily_szse,SZ,159944,材料ETF广发,31608342.0,份,,,akshare:szse_daily
2026-08-27,akshare_fund_scale_daily_szse,SZ,159945,能源ETF广发,60572327.0,份,,,akshare:szse_daily
2026-08-27,akshare_fund_scale_daily_szse,SZ,159948,创业板ETF南方,1168697720.0,份,,,akshare:szse_daily
2026-08-27,akshare_fund_scale_daily_szse,SZ,159949,创业板50ETF华安,15372785113.0,份,,,akshare:szse_daily
2026-08-27,akshare_fund_scale_daily_szse,SZ,159952,创业板ETF广发,5519384929.0,份,,,akshare:szse_daily
2026-08-27,akshare_fund_scale_daily_szse,SZ,159954,恒生中国企业ETF南方,189105083.0,份,,,akshare:szse_daily
2026-08-27,akshare_fund_scale_daily_szse,SZ,159956,创业板ETF建信,47978674.0,份,,,akshare:szse_daily
2026-08-27,akshare_fund_scale_daily_szse,SZ,159957,创业板ETF华夏,1170784560.0,份,,,akshare:szse_daily
2026-08-27,akshare_fund_scale_daily_szse,SZ,159958,创业板ETF工银,238511448.0,份,,,akshare:szse_daily
2026-08-27,akshare_fund_scale_daily_szse,SZ,159959,央企ETF银华,1826891780.0,份,,,akshare:szse_daily
2026-08-27,akshare_fund_scale_daily_szse,SZ,159960,恒生中国企业ETF平安,72573960.0,份,,,akshare:szse_daily
2026-08-27,akshare_fund_scale_daily_szse,SZ,159961,深100ETF方正富邦,99245196.0,份,,,akshare:szse_daily
2026-08-27,akshare_fund_scale_daily_szse,SZ,159964,创业板ETF平安,165481881.0,份,,,akshare:szse_daily
2026-08-27,akshare_fund_scale_daily_szse,SZ,159965,央视50ETF国联,21426953.0,份,,,akshare:szse_daily
2026-08-27,akshare_fund_scale_daily_szse,SZ,159966,创业板价值ETF华夏,641999521.0,份,,,akshare:szse_daily
2026-08-27,akshare_fund_scale_daily_szse,SZ,159967,创业板成长ETF华夏,7463105811.0,份,,,akshare:szse_daily
2026-08-27,akshare_fund_scale_daily_szse,SZ,159968,中证500ETF博时,65295098.0,份,,,akshare:szse_daily
2026-08-27,akshare_fund_scale_daily_szse,SZ,159970,深100ETF工银,10468704.0,份,,,akshare:szse_daily
2026-08-27,akshare_fund_scale_daily_szse,SZ,159971,创业板ETF富国,1676020288.0,份,,,akshare:szse_daily
2026-08-27,akshare_fund_scale_daily_szse,SZ,159972,5年地方债ETF鹏华,66575910.0,份,,,akshare:szse_daily
2026-08-27,akshare_fund_scale_daily_szse,SZ,159973,民企ETF弘毅远方,199976423.0,份,,,akshare:szse_daily
2026-08-27,akshare_fund_scale_daily_szse,SZ,159974,央企创新ETF富国,40432422.0,份,,,akshare:szse_daily
2026-08-27,akshare_fund_scale_daily_szse,SZ,159975,深100ETF招商,49437760.0,份,,,akshare:szse_daily
2026-08-27,akshare_fund_scale_daily_szse,SZ,159976,湾创ETF工银,63885872.0,份,,,akshare:szse_daily
2026-08-27,akshare_fund_scale_daily_szse,SZ,159977,创业板ETF天弘,3679872820.0,份,,,akshare:szse_daily
2026-08-27,akshare_fund_scale_daily_szse,SZ,159980,有色ETF大成,2946824777.0,份,,,akshare:szse_daily
2026-08-27,akshare_fund_scale_daily_szse,SZ,159981,能源化工ETF建信,1846536957.0,份,,,akshare:szse_daily
2026-08-27,akshare_fund_scale_daily_szse,SZ,159982,中证500ETF鹏华,204211253.0,份,,,akshare:szse_daily
2026-08-27,akshare_fund_scale_daily_szse,SZ,159985,豆粕ETF华夏,1559524066.0,份,,,akshare:szse_daily
2026-08-27,akshare_fund_scale_daily_szse,SZ,159991,创业板大盘ETF招商,102663172.0,份,,,akshare:szse_daily
2026-08-27,akshare_fund_scale_daily_szse,SZ,159992,创新药ETF银华,19049981217.0,份,,,akshare:szse_daily
2026-08-27,akshare_fund_scale_daily_szse,SZ,159993,证券ETF鹏华,3250197982.0,份,,,akshare:szse_daily
2026-08-27,akshare_fund_scale_daily_szse,SZ,159994,通信ETF银华,3941003358.0,份,,,akshare:szse_daily
2026-08-27,akshare_fund_scale_daily_szse,SZ,159995,芯片ETF华夏,24131126012.0,份,,,akshare:szse_daily
2026-08-27,akshare_fund_scale_daily_szse,SZ,159996,家电ETF国泰,498554846.0,份,,,akshare:szse_daily
2026-08-27,akshare_fund_scale_daily_szse,SZ,159997,电子ETF天弘,690306634.0,份,,,akshare:szse_daily
2026-08-27,akshare_fund_scale_daily_szse,SZ,159998,计算机ETF天弘,1595855354.0,份,,,akshare:szse_daily
2026-08-26,akshare_fund_scale_daily_szse,SZ,158000,港股通金融ETF鹏华,189925835.0,份,,,akshare:szse_daily
2026-08-26,akshare_fund_scale_daily_szse,SZ,158001,价值ETF嘉实,265392624.0,份,,,akshare:szse_daily
2026-08-26,akshare_fund_scale_daily_szse,SZ,158003,港股通医疗ETF嘉实,134654396.0,份,,,akshare:szse_daily
2026-08-26,akshare_fund_scale_daily_szse,SZ,158005,工程机械ETF博时,188061376.0,份,,,akshare:szse_daily
2026-08-26,akshare_fund_scale_daily_szse,SZ,158006,化工ETF博时,41046012.0,份,,,akshare:szse_daily
2026-08-26,akshare_fund_scale_daily_szse,SZ,158009,航空航天ETF南方,46373819.0,份,,,akshare:szse_daily
2026-08-26,akshare_fund_scale_daily_szse,SZ,158010,医疗ETF嘉实,230213319.0,份,,,akshare:szse_daily
2026-08-26,akshare_fund_scale_daily_szse,SZ,158012,云计算ETF南方,289825566.0,份,,,akshare:szse_daily
2026-08-26,akshare_fund_scale_daily_szse,SZ,158017,化工ETF易方达,341594582.0,份,,,akshare:szse_daily
2026-08-26,akshare_fund_scale_daily_szse,SZ,158019,电池ETF永赢,294281913.0,份,,,akshare:szse_daily
2026-08-26,akshare_fund_scale_daily_szse,SZ,159001,货币ETF易方达,28325767.0,份,,,akshare:szse_daily
2026-08-26,akshare_fund_scale_daily_szse,SZ,159003,招商快线ETF,2175403.0,份,,,akshare:szse_daily
2026-08-26,akshare_fund_scale_daily_szse,SZ,159005,快钱ETF汇添富,1156854.0,份,,,akshare:szse_daily
2026-08-26,akshare_fund_scale_daily_szse,SZ,159007,养殖ETF华泰柏瑞,188603274.0,份,,,akshare:szse_daily
2026-08-26,akshare_fund_scale_daily_szse,SZ,159008,证券ETF景顺,113784531.0,份,,,akshare:szse_daily
2026-08-26,akshare_fund_scale_daily_szse,SZ,159009,创业板新能源ETF易方达,59392703.0,份,,,akshare:szse_daily
2026-08-26,akshare_fund_scale_daily_szse,SZ,159010,港股通科技ETF博时,200097611.0,份,,,akshare:szse_daily
2026-08-26,akshare_fund_scale_daily_szse,SZ,159011,养殖ETF华安,28505168.0,份,,,akshare:szse_daily
2026-08-26,akshare_fund_scale_daily_szse,SZ,159012,科创创业50ETF鹏华,122881148.0,份,,,akshare:szse_daily
2026-08-26,akshare_fund_scale_daily_szse,SZ,159013,工业互联网ETF大成,40578881.0,份,,,akshare:szse_daily
2026-08-26,akshare_fund_scale_daily_szse,SZ,159015,恒生港股通科技ETF国联,110352934.0,份,,,akshare:szse_daily
2026-08-26,akshare_fund_scale_daily_szse,SZ,159016,证券ETF广发,363540154.0,份,,,akshare:szse_daily
2026-08-26,akshare_fund_scale_daily_szse,SZ,159017,石油ETF工银,151256813.0,份,,,akshare:szse_daily
2026-08-26,akshare_fund_scale_daily_szse,SZ,159018,石油ETF广发,25904203.0,份,,,akshare:szse_daily
2026-08-26,akshare_fund_scale_daily_szse,SZ,159019,石油ETF华宝,48327711.0,份,,,akshare:szse_daily
2026-08-26,akshare_fund_scale_daily_szse,SZ,159020,养殖ETF易方达,135567082.0,份,,,akshare:szse_daily
2026-08-26,akshare_fund_scale_daily_szse,SZ,159021,大盘价值ETF华夏,92907712.0,份,,,akshare:szse_daily
2026-08-26,akshare_fund_scale_daily_szse,SZ,159022,科创创业人工智能ETF富国,177630967.0,份,,,akshare:szse_daily
2026-08-26,akshare_fund_scale_daily_szse,SZ,159023,养殖ETF万家,41777943.0,份,,,akshare:szse_daily
2026-08-26,akshare_fund_scale_daily_szse,SZ,159026,石油ETF南方,45513446.0,份,,,akshare:szse_daily
2026-08-26,akshare_fund_scale_daily_szse,SZ,159027,畜牧养殖ETF大成,112472283.0,份,,,akshare:szse_daily
2026-08-26,akshare_fund_scale_daily_szse,SZ,159028,港股汽车ETF天弘,125449016.0,份,,,akshare:szse_daily
2026-08-26,akshare_fund_scale_daily_szse,SZ,159029,有色ETF广发,310127717.0,份,,,akshare:szse_daily
2026-08-26,akshare_fund_scale_daily_szse,SZ,159030,粮食ETF华夏,362468176.0,份,,,akshare:szse_daily
2026-08-26,akshare_fund_scale_daily_szse,SZ,159031,粮食ETF博时,552028624.0,份,,,akshare:szse_daily
2026-08-26,akshare_fund_scale_daily_szse,SZ,159032,工业有色ETF易方达,258845019.0,份,,,akshare:szse_daily
2026-08-26,akshare_fund_scale_daily_szse,SZ,159033,粮食ETF国泰,130323473.0,份,,,akshare:szse_daily
2026-08-26,akshare_fund_scale_daily_szse,SZ,159035,软件ETF天弘,600859726.0,份,,,akshare:szse_daily
2026-08-26,akshare_fund_scale_daily_szse,SZ,159036,软件开发ETF华宝,290740164.0,份,,,akshare:szse_daily
2026-08-26,akshare_fund_scale_daily_szse,SZ,159037,价值ETF鹏华,71249832.0,份,,,akshare:szse_daily
2026-08-26,akshare_fund_scale_daily_szse,SZ,159038,粮食ETF易方达,208026939.0,份,,,akshare:szse_daily
2026-08-26,akshare_fund_scale_daily_szse,SZ,159039,机器人ETF华安,977461422.0,份,,,akshare:szse_daily
2026-08-26,akshare_fund_scale_daily_szse,SZ,159040,港股通互联网ETF鹏华,32481087.0,份,,,akshare:szse_daily
2026-08-26,akshare_fund_scale_daily_szse,SZ,159041,农业ETF鹏华,65471832.0,份,,,akshare:szse_daily
2026-08-26,akshare_fund_scale_daily_szse,SZ,159042,价值ETF汇添富,98801105.0,份,,,akshare:szse_daily
2026-08-26,akshare_fund_scale_daily_szse,SZ,159043,食品ETF华安,110770695.0,份,,,akshare:szse_daily
2026-08-26,akshare_fund_scale_daily_szse,SZ,159045,稀有金属ETF大成,169330213.0,份,,,akshare:szse_daily
2026-08-26,akshare_fund_scale_daily_szse,SZ,159046,绿电ETF天弘,473476854.0,份,,,akshare:szse_daily
2026-08-26,akshare_fund_scale_daily_szse,SZ,159048,机器人ETF大成,198803897.0,份,,,akshare:szse_daily
2026-08-26,akshare_fund_scale_daily_szse,SZ,159049,有色ETF工银,40073319.0,份,,,akshare:szse_daily
2026-08-26,akshare_fund_scale_daily_szse,SZ,159050,机器人ETF广发,673703612.0,份,,,akshare:szse_daily
2026-08-26,akshare_fund_scale_daily_szse,SZ,159051,医疗器械ETF易方达,88117894.0,份,,,akshare:szse_daily
2026-08-26,akshare_fund_scale_daily_szse,SZ,159052,新能源电池ETF嘉实,192926092.0,份,,,akshare:szse_daily
2026-08-26,akshare_fund_scale_daily_szse,SZ,159053,稀有金属ETF华夏,164198132.0,份,,,akshare:szse_daily
2026-08-26,akshare_fund_scale_daily_szse,SZ,159055,稀有金属ETF富国,122293952.0,份,,,akshare:szse_daily
2026-08-26,akshare_fund_scale_daily_szse,SZ,159056,医疗器械ETF富国,67934358.0,份,,,akshare:szse_daily
2026-08-26,akshare_fund_scale_daily_szse,SZ,159057,医疗器械ETF鹏华,29715334.0,份,,,akshare:szse_daily
2026-08-26,akshare_fund_scale_daily_szse,SZ,159058,证券ETF大成,118331247.0,份,,,akshare:szse_daily
2026-08-26,akshare_fund_scale_daily_szse,SZ,159059,电力ETF大成,56830063.0,份,,,akshare:szse_daily
2026-08-26,akshare_fund_scale_daily_szse,SZ,159060,粮食ETF浦银,33483423.0,份,,,akshare:szse_daily
2026-08-26,akshare_fund_scale_daily_szse,SZ,159061,绿色电力ETF南方,216040230.0,份,,,akshare:szse_daily
2026-08-26,akshare_fund_scale_daily_szse,SZ,159062,稀有金属ETF南方,117701256.0,份,,,akshare:szse_daily
2026-08-26,akshare_fund_scale_daily_szse,SZ,159063,粮食ETF南方,52486647.0,份,,,akshare:szse_daily
2026-08-26,akshare_fund_scale_daily_szse,SZ,159065,工程机械ETF景顺,109350818.0,份,,,akshare:szse_daily
2026-08-26,akshare_fund_scale_daily_szse,SZ,159066,A股ETF建信,212733027.0,份,,,akshare:szse_daily
2026-08-26,akshare_fund_scale_daily_szse,SZ,159067,绿色电力ETF鹏华,20908737.0,份,,,akshare:szse_daily
2026-08-26,akshare_fund_scale_daily_szse,SZ,159068,软件ETF华夏,65336570.0,份,,,akshare:szse_daily
2026-08-26,akshare_fund_scale_daily_szse,SZ,159069,创业板新能源ETF华泰柏瑞,40770440.0,份,,,akshare:szse_daily
2026-08-26,akshare_fund_scale_daily_szse,SZ,159070,工程机械ETF嘉实,104366883.0,份,,,akshare:szse_daily
2026-08-26,akshare_fund_scale_daily_szse,SZ,159071,新能源电池ETF华宝,118911738.0,份,,,akshare:szse_daily
2026-08-26,akshare_fund_scale_daily_szse,SZ,159072,粮食ETF景顺,41285157.0,份,,,akshare:szse_daily
2026-08-26,akshare_fund_scale_daily_szse,SZ,159073,粮食ETF汇添富,105173864.0,份,,,akshare:szse_daily
2026-08-26,akshare_fund_scale_daily_szse,SZ,159075,工业互联网ETF华夏,181197165.0,份,,,akshare:szse_daily
2026-08-26,akshare_fund_scale_daily_szse,SZ,159076,创业板新能源ETF华宝,252373015.0,份,,,akshare:szse_daily
2026-08-26,akshare_fund_scale_daily_szse,SZ,159077,电池ETF鑫元,39242574.0,份,,,akshare:szse_daily
2026-08-26,akshare_fund_scale_daily_szse,SZ,159078,A股ETF富国,177262460.0,份,,,akshare:szse_daily
2026-08-26,akshare_fund_scale_daily_szse,SZ,159079,价值ETF兴全,95806830.0,份,,,akshare:szse_daily
2026-08-26,akshare_fund_scale_daily_szse,SZ,159082,化工ETF华夏,125531212.0,份,,,akshare:szse_daily
2026-08-26,akshare_fund_scale_daily_szse,SZ,159083,红利低波100ETF嘉实,193370472.0,份,,,akshare:szse_daily
2026-08-26,akshare_fund_scale_daily_szse,SZ,159085,价值ETF永赢,36535454.0,份,,,akshare:szse_daily
2026-08-26,akshare_fund_scale_daily_szse,SZ,159086,金融科技ETF广发,30399823.0,份,,,akshare:szse_daily
2026-08-26,akshare_fund_scale_daily_szse,SZ,159087,化工ETF万家,43992150.0,份,,,akshare:szse_daily
2026-08-26,akshare_fund_scale_daily_szse,SZ,159091,港股通金融ETF易方达,27374196.0,份,,,akshare:szse_daily
2026-08-26,akshare_fund_scale_daily_szse,SZ,159093,化工ETF汇添富,29681470.0,份,,,akshare:szse_daily
2026-08-26,akshare_fund_scale_daily_szse,SZ,159095,云计算ETF银华,231468139.0,份,,,akshare:szse_daily
2026-08-26,akshare_fund_scale_daily_szse,SZ,159098,价值ETF招商,133891589.0,份,,,akshare:szse_daily
2026-08-26,akshare_fund_scale_daily_szse,SZ,159099,云计算ETF华宝,109610546.0,份,,,akshare:szse_daily
2026-08-26,akshare_fund_scale_daily_szse,SZ,159100,巴西ETF华夏,474046935.0,份,,,akshare:szse_daily
2026-08-26,akshare_fund_scale_daily_szse,SZ,159101,港股通科技ETF华夏,2874311457.0,份,,,akshare:szse_daily
2026-08-26,akshare_fund_scale_daily_szse,SZ,159102,港股通生物科技ETF华安,660622004.0,份,,,akshare:szse_daily
2026-08-26,akshare_fund_scale_daily_szse,SZ,159103,金融科技ETF汇添富,321406771.0,份,,,akshare:szse_daily
2026-08-26,akshare_fund_scale_daily_szse,SZ,159105,恒生生物科技ETF易方达,182272984.0,份,,,akshare:szse_daily
2026-08-26,akshare_fund_scale_daily_szse,SZ,159106,民企300ETF前海开源,39579488.0,份,,,akshare:szse_daily
2026-08-26,akshare_fund_scale_daily_szse,SZ,159107,创业板软件ETF富国,781823006.0,份,,,akshare:szse_daily
2026-08-26,akshare_fund_scale_daily_szse,SZ,159108,工业软件ETF博时,123738511.0,份,,,akshare:szse_daily
2026-08-26,akshare_fund_scale_daily_szse,SZ,159109,恒生50ETF景顺,574163854.0,份,,,akshare:szse_daily
2026-08-26,akshare_fund_scale_daily_szse,SZ,159110,科创债ETF万家,22627093.0,份,,,akshare:szse_daily
2026-08-26,akshare_fund_scale_daily_szse,SZ,159111,科创债ETF天弘,144276676.0,份,,,akshare:szse_daily
2026-08-26,akshare_fund_scale_daily_szse,SZ,159112,科创债ETF银华,221987830.0,份,,,akshare:szse_daily
2026-08-26,akshare_fund_scale_daily_szse,SZ,159113,科创债ETF大成,86896237.0,份,,,akshare:szse_daily
2026-08-26,akshare_fund_scale_daily_szse,SZ,159115,科创债ETF华安,52583487.0,份,,,akshare:szse_daily
2026-08-26,akshare_fund_scale_daily_szse,SZ,159116,科创债ETF工银,113952743.0,份,,,akshare:szse_daily
2026-08-26,akshare_fund_scale_daily_szse,SZ,159117,港股通红利低波ETF鹏华,61401153.0,份,,,akshare:szse_daily
2026-08-26,akshare_fund_scale_daily_szse,SZ,159118,港股通红利低波ETF华夏,69677020.0,份,,,akshare:szse_daily
2026-08-26,akshare_fund_scale_daily_szse,SZ,159119,800现金流ETF招商,148054229.0,份,,,akshare:szse_daily
2026-08-26,akshare_fund_scale_daily_szse,SZ,159120,港股通科技ETF国联安,148024466.0,份,,,akshare:szse_daily
2026-08-26,akshare_fund_scale_daily_szse,SZ,159121,港股通汽车ETF易方达,144481127.0,份,,,akshare:szse_daily
2026-08-26,akshare_fund_scale_daily_szse,SZ,159122,创业板新能源ETF富国,67160935.0,份,,,akshare:szse_daily
2026-08-26,akshare_fund_scale_daily_szse,SZ,159123,光伏ETF嘉实,387047026.0,份,,,akshare:szse_daily
2026-08-26,akshare_fund_scale_daily_szse,SZ,159125,港股通科技ETF招商,840245883.0,份,,,akshare:szse_daily
2026-08-26,akshare_fund_scale_daily_szse,SZ,159126,港股通50ETF南方,227616546.0,份,,,akshare:szse_daily
2026-08-26,akshare_fund_scale_daily_szse,SZ,159127,港股通红利ETF南方,153344268.0,份,,,akshare:szse_daily
2026-08-26,akshare_fund_scale_daily_szse,SZ,159128,港股科技ETF天弘,1891760841.0,份,,,akshare:szse_daily
2026-08-26,akshare_fund_scale_daily_szse,SZ,159129,化工ETF嘉实,1145406595.0,份,,,akshare:szse_daily
2026-08-26,akshare_fund_scale_daily_szse,SZ,159130,恒生生物科技ETF鹏华,200389466.0,份,,,akshare:szse_daily
2026-08-26,akshare_fund_scale_daily_szse,SZ,159131,港股通信息技术ETF华宝,2290919902.0,份,,,akshare:szse_daily
2026-08-26,akshare_fund_scale_daily_szse,SZ,159132,恒生生物科技ETF富国,122963558.0,份,,,akshare:szse_daily
2026-08-26,akshare_fund_scale_daily_szse,SZ,159133,化工ETF天弘,1577413345.0,份,,,akshare:szse_daily
2026-08-26,akshare_fund_scale_daily_szse,SZ,159135,港股通科技ETF前海开源,618466376.0,份,,,akshare:szse_daily
2026-08-26,akshare_fund_scale_daily_szse,SZ,159136,A50ETF广发,109414074.0,份,,,akshare:szse_daily
2026-08-26,akshare_fund_scale_daily_szse,SZ,159137,港股通医疗ETF华宝,162632607.0,份,,,akshare:szse_daily
2026-08-26,akshare_fund_scale_daily_szse,SZ,159138,工程机械ETF易方达,295267924.0,份,,,akshare:szse_daily
2026-08-26,akshare_fund_scale_daily_szse,SZ,159139,科创创业人工智能ETF华泰柏瑞,196109210.0,份,,,akshare:szse_daily
2026-08-26,akshare_fund_scale_daily_szse,SZ,159140,科创创业人工智能ETF易方达,521936834.0,份,,,akshare:szse_daily
2026-08-26,akshare_fund_scale_daily_szse,SZ,159141,科创创业人工智能ETF永赢,1343060730.0,份,,,akshare:szse_daily
2026-08-26,akshare_fund_scale_daily_szse,SZ,159142,科创创业人工智能ETF景顺,1197260142.0,份,,,akshare:szse_daily
2026-08-26,akshare_fund_scale_daily_szse,SZ,159143,港股通央企红利ETF平安,53554456.0,份,,,akshare:szse_daily
2026-08-26,akshare_fund_scale_daily_szse,SZ,159145,工业软件ETF广发,67581845.0,份,,,akshare:szse_daily
2026-08-26,akshare_fund_scale_daily_szse,SZ,159146,电力ETF华宝,724940849.0,份,,,akshare:szse_daily
2026-08-26,akshare_fund_scale_daily_szse,SZ,159147,电池ETF南方,2087409552.0,份,,,akshare:szse_daily
2026-08-26,akshare_fund_scale_daily_szse,SZ,159148,石油ETF富国,240466601.0,份,,,akshare:szse_daily
2026-08-26,akshare_fund_scale_daily_szse,SZ,159149,创业板新能源ETF工银,53515298.0,份,,,akshare:szse_daily
2026-08-26,akshare_fund_scale_daily_szse,SZ,159150,深证50ETF易方达,97997623.0,份,,,akshare:szse_daily
2026-08-26,akshare_fund_scale_daily_szse,SZ,159151,食品ETF华夏,187051063.0,份,,,akshare:szse_daily
2026-08-26,akshare_fund_scale_daily_szse,SZ,159152,港股通科技ETF平安,818556093.0,份,,,akshare:szse_daily
2026-08-26,akshare_fund_scale_daily_szse,SZ,159153,消费电子ETF鹏华,92725988.0,份,,,akshare:szse_daily
2026-08-26,akshare_fund_scale_daily_szse,SZ,159155,电池ETF大成,583513298.0,份,,,akshare:szse_daily
2026-08-26,akshare_fund_scale_daily_szse,SZ,159156,电池ETF万家,214461253.0,份,,,akshare:szse_daily
2026-08-26,akshare_fund_scale_daily_szse,SZ,159157,有色金属ETF天弘,8072758760.0,份,,,akshare:szse_daily
2026-08-26,akshare_fund_scale_daily_szse,SZ,159158,电力ETF景顺,889535344.0,份,,,akshare:szse_daily
2026-08-26,akshare_fund_scale_daily_szse,SZ,159159,公用事业ETF国投瑞银,120318582.0,份,,,akshare:szse_daily
2026-08-26,akshare_fund_scale_daily_szse,SZ,159160,电池ETF东财,211819254.0,份,,,akshare:szse_daily
2026-08-26,akshare_fund_scale_daily_szse,SZ,159161,工程机械ETF东财,68331260.0,份,,,akshare:szse_daily
2026-08-26,akshare_fund_scale_daily_szse,SZ,159162,工业有色ETF鹏华,427939837.0,份,,,akshare:szse_daily
2026-08-26,akshare_fund_scale_daily_szse,SZ,159163,有色ETF泰康,265807013.0,份,,,akshare:szse_daily
2026-08-26,akshare_fund_scale_daily_szse,SZ,159165,养殖ETF永赢,109571257.0,份,,,akshare:szse_daily
2026-08-26,akshare_fund_scale_daily_szse,SZ,159166,现金流ETF长城,559816059.0,份,,,akshare:szse_daily
2026-08-26,akshare_fund_scale_daily_szse,SZ,159167,港股通医疗ETF工银,177549164.0,份,,,akshare:szse_daily
2026-08-26,akshare_fund_scale_daily_szse,SZ,159168,有色ETF富国,527455060.0,份,,,akshare:szse_daily
2026-08-26,akshare_fund_scale_daily_szse,SZ,159169,恒生生物科技ETF广发,130874485.0,份,,,akshare:szse_daily
2026-08-26,akshare_fund_scale_daily_szse,SZ,159170,港股通互联网ETF永赢,396638357.0,份,,,akshare:szse_daily
2026-08-26,akshare_fund_scale_daily_szse,SZ,159171,工业有色ETF博时,216532934.0,份,,,akshare:szse_daily
2026-08-26,akshare_fund_scale_daily_szse,SZ,159172,养殖ETF汇添富,392829293.0,份,,,akshare:szse_daily
2026-08-26,akshare_fund_scale_daily_szse,SZ,159173,农牧ETF南方,49455388.0,份,,,akshare:szse_daily
2026-08-26,akshare_fund_scale_daily_szse,SZ,159175,电池ETF易方达,483270382.0,份,,,akshare:szse_daily
2026-08-26,akshare_fund_scale_daily_szse,SZ,159176,家电ETF华宝,23303341.0,份,,,akshare:szse_daily
2026-08-26,akshare_fund_scale_daily_szse,SZ,159177,工程机械ETF鹏华,47619279.0,份,,,akshare:szse_daily
2026-08-26,akshare_fund_scale_daily_szse,SZ,159178,消费电子ETF汇添富,86432994.0,份,,,akshare:szse_daily
2026-08-26,akshare_fund_scale_daily_szse,SZ,159179,港股通互联网ETF工银,102903568.0,份,,,akshare:szse_daily
2026-08-26,akshare_fund_scale_daily_szse,SZ,159180,软件ETF银华,34155926.0,份,,,akshare:szse_daily
2026-08-26,akshare_fund_scale_daily_szse,SZ,159181,石油ETF易方达,129405335.0,份,,,akshare:szse_daily
2026-08-26,akshare_fund_scale_daily_szse,SZ,159182,家电ETF南方,36485663.0,份,,,akshare:szse_daily
2026-08-26,akshare_fund_scale_daily_szse,SZ,159183,新能源车ETF招商,46387793.0,份,,,akshare:szse_daily
2026-08-26,akshare_fund_scale_daily_szse,SZ,159185,港股通信息技术ETF鹏华,194099035.0,份,,,akshare:szse_daily
2026-08-26,akshare_fund_scale_daily_szse,SZ,159186,港股通汽车ETF鹏华,84869245.0,份,,,akshare:szse_daily
2026-08-26,akshare_fund_scale_daily_szse,SZ,159187,创业板新能源ETF景顺,66176266.0,份,,,akshare:szse_daily
2026-08-26,akshare_fund_scale_daily_szse,SZ,159188,红利100ETF景顺,66601882.0,份,,,akshare:szse_daily
2026-08-26,akshare_fund_scale_daily_szse,SZ,159189,石油ETF华夏,110083187.0,份,,,akshare:szse_daily
2026-08-26,akshare_fund_scale_daily_szse,SZ,159190,创业板新能源ETF天弘,72069299.0,份,,,akshare:szse_daily
2026-08-26,akshare_fund_scale_daily_szse,SZ,159191,港股通科技ETF易方达,69104851.0,份,,,akshare:szse_daily
2026-08-26,akshare_fund_scale_daily_szse,SZ,159192,家电ETF汇添富,17987065.0,份,,,akshare:szse_daily
2026-08-26,akshare_fund_scale_daily_szse,SZ,159193,新能源电池ETF银华,222080335.0,份,,,akshare:szse_daily
2026-08-26,akshare_fund_scale_daily_szse,SZ,159195,石油ETF华安,76490164.0,份,,,akshare:szse_daily
2026-08-26,akshare_fund_scale_daily_szse,SZ,159196,港股通信息技术ETF易方达,221530324.0,份,,,akshare:szse_daily
2026-08-26,akshare_fund_scale_daily_szse,SZ,159197,石油ETF招商,43388290.0,份,,,akshare:szse_daily
2026-08-26,akshare_fund_scale_daily_szse,SZ,159198,港股通信息技术ETF富国,85344347.0,份,,,akshare:szse_daily
2026-08-26,akshare_fund_scale_daily_szse,SZ,159199,石油ETF平安,66154938.0,份,,,akshare:szse_daily
2026-08-26,akshare_fund_scale_daily_szse,SZ,159200,科创债ETF富国,151642633.0,份,,,akshare:szse_daily
2026-08-26,akshare_fund_scale_daily_szse,SZ,159201,自由现金流ETF华夏,13760275939.0,份,,,akshare:szse_daily
2026-08-26,akshare_fund_scale_daily_szse,SZ,159202,恒生互联网ETF万家,1219401900.0,份,,,akshare:szse_daily
2026-08-26,akshare_fund_scale_daily_szse,SZ,159203,大盘成长ETF博时,9791913.0,份,,,akshare:szse_daily
2026-08-26,akshare_fund_scale_daily_szse,SZ,159205,创业板ETF东财,585056064.0,份,,,akshare:szse_daily
2026-08-26,akshare_fund_scale_daily_szse,SZ,159206,卫星ETF永赢,9620953365.0,份,,,akshare:szse_daily
2026-08-26,akshare_fund_scale_daily_szse,SZ,159207,高股息ETF广发,2200483345.0,份,,,akshare:szse_daily
2026-08-26,akshare_fund_scale_daily_szse,SZ,159208,航空航天ETF万家,337462783.0,份,,,akshare:szse_daily
2026-08-26,akshare_fund_scale_daily_szse,SZ,159209,红利质量ETF招商,2196635053.0,份,,,akshare:szse_daily
2026-08-26,akshare_fund_scale_daily_szse,SZ,159210,港股通汽车ETF汇添富,33749802.0,份,,,akshare:szse_daily
2026-08-26,akshare_fund_scale_daily_szse,SZ,159211,深证100ETF富国,21683294.0,份,,,akshare:szse_daily
2026-08-26,akshare_fund_scale_daily_szse,SZ,159212,深100ETF南方,71204367.0,份,,,akshare:szse_daily
2026-08-26,akshare_fund_scale_daily_szse,SZ,159213,机器人ETF汇添富,494737566.0,份,,,akshare:szse_daily
2026-08-26,akshare_fund_scale_daily_szse,SZ,159215,A500ETF平安,973582803.0,份,,,akshare:szse_daily
2026-08-26,akshare_fund_scale_daily_szse,SZ,159216,深证100ETF大成,11048250.0,份,,,akshare:szse_daily
2026-08-26,akshare_fund_scale_daily_szse,SZ,159217,港股通创新药ETF工银,5955157596.0,份,,,akshare:szse_daily
2026-08-26,akshare_fund_scale_daily_szse,SZ,159218,卫星ETF招商,2074616390.0,份,,,akshare:szse_daily
2026-08-26,akshare_fund_scale_daily_szse,SZ,159219,深证100ETF融通,8388018.0,份,,,akshare:szse_daily
2026-08-26,akshare_fund_scale_daily_szse,SZ,159220,港股通红利低波ETF华宝,487569526.0,份,,,akshare:szse_daily
2026-08-26,akshare_fund_scale_daily_szse,SZ,159221,现金流ETF嘉实,1135013233.0,份,,,akshare:szse_daily
2026-08-26,akshare_fund_scale_daily_szse,SZ,159222,自由现金流ETF易方达,1734370402.0,份,,,akshare:szse_daily
2026-08-26,akshare_fund_scale_daily_szse,SZ,159223,现金流ETF永赢,180844755.0,份,,,akshare:szse_daily
2026-08-26,akshare_fund_scale_daily_szse,SZ,159225,现金流ETF银华,264744804.0,份,,,akshare:szse_daily
2026-08-26,akshare_fund_scale_daily_szse,SZ,159226,中证A500增强ETF国泰,87094840.0,份,,,akshare:szse_daily
2026-08-26,akshare_fund_scale_daily_szse,SZ,159227,航空航天ETF华夏,4809911199.0,份,,,akshare:szse_daily
2026-08-26,akshare_fund_scale_daily_szse,SZ,159228,红利低波ETF长城,105212692.0,份,,,akshare:szse_daily
2026-08-26,akshare_fund_scale_daily_szse,SZ,159229,自由现金流ETF广发,146056022.0,份,,,akshare:szse_daily
2026-08-26,akshare_fund_scale_daily_szse,SZ,159230,通用航空ETF华夏,312304228.0,份,,,akshare:szse_daily
2026-08-26,akshare_fund_scale_daily_szse,SZ,159231,通用航空ETF华宝,341091860.0,份,,,akshare:szse_daily
2026-08-26,akshare_fund_scale_daily_szse,SZ,159232,自由现金流ETF南方,2084948566.0,份,,,akshare:szse_daily
2026-08-26,akshare_fund_scale_daily_szse,SZ,159233,自由现金流ETF平安,624623418.0,份,,,akshare:szse_daily
2026-08-26,akshare_fund_scale_daily_szse,SZ,159235,中证现金流ETF大成,1896729545.0,份,,,akshare:szse_daily
2026-08-26,akshare_fund_scale_daily_szse,SZ,159236,自由现金流ETF工银,39722161.0,份,,,akshare:szse_daily
2026-08-26,akshare_fund_scale_daily_szse,SZ,159237,港股汽车ETF工银,43334226.0,份,,,akshare:szse_daily
2026-08-26,akshare_fund_scale_daily_szse,SZ,159238,沪深300增强ETF景顺,56016186.0,份,,,akshare:szse_daily
2026-08-26,akshare_fund_scale_daily_szse,SZ,159239,港股通汽车ETF富国,88780753.0,份,,,akshare:szse_daily
2026-08-26,akshare_fund_scale_daily_szse,SZ,159240,A500增强ETF天弘,20619776.0,份,,,akshare:szse_daily
2026-08-26,akshare_fund_scale_daily_szse,SZ,159241,航空航天ETF天弘,1378074265.0,份,,,akshare:szse_daily
2026-08-26,akshare_fund_scale_daily_szse,SZ,159242,创业板人工智能ETF大成,426278583.0,份,,,akshare:szse_daily
2026-08-26,akshare_fund_scale_daily_szse,SZ,159243,创业板人工智能ETF招商,150030224.0,份,,,akshare:szse_daily
2026-08-26,akshare_fund_scale_daily_szse,SZ,159245,港股通消费ETF富国,72113296.0,份,,,akshare:szse_daily
2026-08-26,akshare_fund_scale_daily_szse,SZ,159246,创业板人工智能ETF富国,3431655606.0,份,,,akshare:szse_daily
2026-08-26,akshare_fund_scale_daily_szse,SZ,159247,创业板ETF汇添富,471984966.0,份,,,akshare:szse_daily
2026-08-26,akshare_fund_scale_daily_szse,SZ,159248,人工智能ETF万家,141095652.0,份,,,akshare:szse_daily
2026-08-26,akshare_fund_scale_daily_szse,SZ,159249,A500增强ETF工银,108191923.0,份,,,akshare:szse_daily
2026-08-26,akshare_fund_scale_daily_szse,SZ,159251,港股通科技ETF万家,243787744.0,份,,,akshare:szse_daily
2026-08-26,akshare_fund_scale_daily_szse,SZ,159253,银行ETF博时,540804979.0,份,,,akshare:szse_daily
2026-08-26,akshare_fund_scale_daily_szse,SZ,159255,通用航空ETF易方达,69338868.0,份,,,akshare:szse_daily
2026-08-26,akshare_fund_scale_daily_szse,SZ,159256,创业板软件ETF华夏,604183766.0,份,,,akshare:szse_daily
2026-08-26,akshare_fund_scale_daily_szse,SZ,159257,航空ETF汇添富,149416949.0,份,,,akshare:szse_daily
2026-08-26,akshare_fund_scale_daily_szse,SZ,159258,机器人ETF南方,1342265664.0,份,,,akshare:szse_daily
2026-08-26,akshare_fund_scale_daily_szse,SZ,159259,成长ETF易方达,4519696403.0,份,,,akshare:szse_daily
2026-08-26,akshare_fund_scale_daily_szse,SZ,159260,证券ETF博时,1028713576.0,份,,,akshare:szse_daily
2026-08-26,akshare_fund_scale_daily_szse,SZ,159261,创业板新能源ETF鹏华,47814904.0,份,,,akshare:szse_daily
2026-08-26,akshare_fund_scale_daily_szse,SZ,159262,港股通科技ETF广发,5598220485.0,份,,,akshare:szse_daily
2026-08-26,akshare_fund_scale_daily_szse,SZ,159263,价值ETF易方达,6211105126.0,份,,,akshare:szse_daily
2026-08-26,akshare_fund_scale_daily_szse,SZ,159265,港股消费ETF鹏华,177950894.0,份,,,akshare:szse_daily
2026-08-26,akshare_fund_scale_daily_szse,SZ,159266,港股央企红利ETF永赢,346710088.0,份,,,akshare:szse_daily
2026-08-26,akshare_fund_scale_daily_szse,SZ,159267,航天ETF华安,2686506126.0,份,,,akshare:szse_daily
2026-08-26,akshare_fund_scale_daily_szse,SZ,159268,港股通消费ETF汇添富,391055027.0,份,,,akshare:szse_daily
2026-08-26,akshare_fund_scale_daily_szse,SZ,159269,港股通科技ETF南方,1909311712.0,份,,,akshare:szse_daily
2026-08-26,akshare_fund_scale_daily_szse,SZ,159270,创业板200ETF南方,90763649.0,份,,,akshare:szse_daily
2026-08-26,akshare_fund_scale_daily_szse,SZ,159271,恒生ETF鹏华,257386731.0,份,,,akshare:szse_daily
2026-08-26,akshare_fund_scale_daily_szse,SZ,159272,机器人ETF富国,3767164690.0,份,,,akshare:szse_daily
2026-08-26,akshare_fund_scale_daily_szse,SZ,159273,云计算ETF汇添富,695777501.0,份,,,akshare:szse_daily
2026-08-26,akshare_fund_scale_daily_szse,SZ,159275,农牧渔ETF华宝,256302909.0,份,,,akshare:szse_daily
2026-08-26,akshare_fund_scale_daily_szse,SZ,159276,现金流ETF汇添富,556696658.0,份,,,akshare:szse_daily
2026-08-26,akshare_fund_scale_daily_szse,SZ,159277,港股通红利ETF富国,37557011.0,份,,,akshare:szse_daily
2026-08-26,akshare_fund_scale_daily_szse,SZ,159278,机器人ETF鹏华,2089545853.0,份,,,akshare:szse_daily
2026-08-26,akshare_fund_scale_daily_szse,SZ,159279,创业板人工智能ETF华安,171387534.0,份,,,akshare:szse_daily
2026-08-26,akshare_fund_scale_daily_szse,SZ,159280,港股通互联网ETF汇添富,100717171.0,份,,,akshare:szse_daily
2026-08-26,akshare_fund_scale_daily_szse,SZ,159281,港股央企红利ETF天弘,246233059.0,份,,,akshare:szse_daily
2026-08-26,akshare_fund_scale_daily_szse,SZ,159283,通用航空ETF南方,298437981.0,份,,,akshare:szse_daily
2026-08-26,akshare_fund_scale_daily_szse,SZ,159285,港股通消费ETF华安,248486680.0,份,,,akshare:szse_daily
2026-08-26,akshare_fund_scale_daily_szse,SZ,159286,港股通创新药ETF鹏华,724785402.0,份,,,akshare:szse_daily
2026-08-26,akshare_fund_scale_daily_szse,SZ,159287,创业板综ETF博时,109568753.0,份,,,akshare:szse_daily
2026-08-26,akshare_fund_scale_daily_szse,SZ,159288,创业板综ETF银华,92174931.0,份,,,akshare:szse_daily
2026-08-26,akshare_fund_scale_daily_szse,SZ,159289,创业板综指ETF鹏华,38902640.0,份,,,akshare:szse_daily
2026-08-26,akshare_fund_scale_daily_szse,SZ,159290,创业板综指增强ETF东财,45100396.0,份,,,akshare:szse_daily
2026-08-26,akshare_fund_scale_daily_szse,SZ,159291,创业板综增强ETF招商,17457388.0,份,,,akshare:szse_daily
2026-08-26,akshare_fund_scale_daily_szse,SZ,159292,创业板综增强ETF华宝,175189531.0,份,,,akshare:szse_daily
2026-08-26,akshare_fund_scale_daily_szse,SZ,159293,创业板综增强ETF建信,23159397.0,份,,,akshare:szse_daily
2026-08-26,akshare_fund_scale_daily_szse,SZ,159295,创业综指ETF西部利得,82958239.0,份,,,akshare:szse_daily
2026-08-26,akshare_fund_scale_daily_szse,SZ,159296,A500红利低波ETF华宝,45042941.0,份,,,akshare:szse_daily
2026-08-26,akshare_fund_scale_daily_szse,SZ,159297,港股通创新药ETF南方,3836418642.0,份,,,akshare:szse_daily
2026-08-26,akshare_fund_scale_daily_szse,SZ,159298,创业板50ETF大成,158281082.0,份,,,akshare:szse_daily
2026-08-26,akshare_fund_scale_daily_szse,SZ,159299,金融科技ETF易方达,671472981.0,份,,,akshare:szse_daily
2026-08-26,akshare_fund_scale_daily_szse,SZ,159300,沪深300ETF富国,372658097.0,份,,,akshare:szse_daily
2026-08-26,akshare_fund_scale_daily_szse,SZ,159301,公用事业ETF华夏,121458357.0,份,,,akshare:szse_daily
2026-08-26,akshare_fund_scale_daily_szse,SZ,159302,港股高股息ETF银华,50797609.0,份,,,akshare:szse_daily
2026-08-26,akshare_fund_scale_daily_szse,SZ,159303,恒生医疗ETF大成,73991693.0,份,,,akshare:szse_daily
2026-08-26,akshare_fund_scale_daily_szse,SZ,159305,储能电池ETF广发,1172640302.0,份,,,akshare:szse_daily
2026-08-26,akshare_fund_scale_daily_szse,SZ,159306,汽车零部件ETF平安,22244616.0,份,,,akshare:szse_daily
2026-08-26,akshare_fund_scale_daily_szse,SZ,159307,红利低波100ETF博时,7122903552.0,份,,,akshare:szse_daily
2026-08-26,akshare_fund_scale_daily_szse,SZ,159309,油气ETF汇添富,530371736.0,份,,,akshare:szse_daily
2026-08-26,akshare_fund_scale_daily_szse,SZ,159310,芯片ETF天弘,498981080.0,份,,,akshare:szse_daily
2026-08-26,akshare_fund_scale_daily_szse,SZ,159311,数字经济ETF易方达,39383993.0,份,,,akshare:szse_daily
2026-08-26,akshare_fund_scale_daily_szse,SZ,159312,恒指港股通ETF广发,32224353.0,份,,,akshare:szse_daily
2026-08-26,akshare_fund_scale_daily_szse,SZ,159315,黄金股ETF工银,187089621.0,份,,,akshare:szse_daily
2026-08-26,akshare_fund_scale_daily_szse,SZ,159316,港股通创新药ETF易方达,5403336139.0,份,,,akshare:szse_daily
2026-08-26,akshare_fund_scale_daily_szse,SZ,159318,恒指港股通ETF银华,13601647.0,份,,,akshare:szse_daily
2026-08-26,akshare_fund_scale_daily_szse,SZ,159320,电网设备ETF广发,1751235519.0,份,,,akshare:szse_daily
2026-08-26,akshare_fund_scale_daily_szse,SZ,159321,黄金股ETF华安,393900397.0,份,,,akshare:szse_daily
2026-08-26,akshare_fund_scale_daily_szse,SZ,159322,黄金股ETF平安,121411691.0,份,,,akshare:szse_daily
2026-08-26,akshare_fund_scale_daily_szse,SZ,159323,港股通汽车ETF华夏,97097378.0,份,,,akshare:szse_daily
2026-08-26,akshare_fund_scale_daily_szse,SZ,159325,半导体ETF南方,530460528.0,份,,,akshare:szse_daily
2026-08-26,akshare_fund_scale_daily_szse,SZ,159326,电网设备ETF华夏,12249265525.0,份,,,akshare:szse_daily
2026-08-26,akshare_fund_scale_daily_szse,SZ,159327,半导体设备ETF万家,2878574091.0,份,,,akshare:szse_daily
2026-08-26,akshare_fund_scale_daily_szse,SZ,159328,家电ETF易方达,91556700.0,份,,,akshare:szse_daily
2026-08-26,akshare_fund_scale_daily_szse,SZ,159329,沙特ETF南方,1177189188.0,份,,,akshare:szse_daily
2026-08-26,akshare_fund_scale_daily_szse,SZ,159330,沪深300ETF东财,428801009.0,份,,,akshare:szse_daily
2026-08-26,akshare_fund_scale_daily_szse,SZ,159331,红利港股ETF国泰,148694179.0,份,,,akshare:szse_daily
2026-08-26,akshare_fund_scale_daily_szse,SZ,159332,央企红利ETF富国,89021477.0,份,,,akshare:szse_daily
2026-08-26,akshare_fund_scale_daily_szse,SZ,159333,港股央企红利ETF万家,201952835.0,份,,,akshare:szse_daily
2026-08-26,akshare_fund_scale_daily_szse,SZ,159335,央企科创ETF融通,63683689.0,份,,,akshare:szse_daily
2026-08-26,akshare_fund_scale_daily_szse,SZ,159336,央企红利ETF融通,307905090.0,份,,,akshare:szse_daily
2026-08-26,akshare_fund_scale_daily_szse,SZ,159337,中证500ETF东财,279710611.0,份,,,akshare:szse_daily
2026-08-26,akshare_fund_scale_daily_szse,SZ,159338,中证A500ETF国泰,21500086664.0,份,,,akshare:szse_daily
2026-08-26,akshare_fund_scale_daily_szse,SZ,159339,A500ETF银华,1976086841.0,份,,,akshare:szse_daily
2026-08-26,akshare_fund_scale_daily_szse,SZ,159350,深证50ETF富国,136009642.0,份,,,akshare:szse_daily
2026-08-26,akshare_fund_scale_daily_szse,SZ,159351,A500ETF嘉实,7217123357.0,份,,,akshare:szse_daily
2026-08-26,akshare_fund_scale_daily_szse,SZ,159352,A500ETF南方,27042101746.0,份,,,akshare:szse_daily
2026-08-26,akshare_fund_scale_daily_szse,SZ,159353,中证A500ETF景顺,4388161812.0,份,,,akshare:szse_daily
2026-08-26,akshare_fund_scale_daily_szse,SZ,159355,800红利低波ETF华宝,84234277.0,份,,,akshare:szse_daily
2026-08-26,akshare_fund_scale_daily_szse,SZ,159356,A500ETF万家,764120647.0,份,,,akshare:szse_daily
2026-08-26,akshare_fund_scale_daily_szse,SZ,159357,A500ETF博时,1219833841.0,份,,,akshare:szse_daily
2026-08-26,akshare_fund_scale_daily_szse,SZ,159358,中证A500ETF大成,908106420.0,份,,,akshare:szse_daily
2026-08-26,akshare_fund_scale_daily_szse,SZ,159359,A500ETF华安,686140424.0,份,,,akshare:szse_daily
2026-08-26,akshare_fund_scale_daily_szse,SZ,159360,A500ETF天弘,1310184526.0,份,,,akshare:szse_daily
2026-08-26,akshare_fund_scale_daily_szse,SZ,159361,A500ETF易方达,22952090279.0,份,,,akshare:szse_daily
2026-08-26,akshare_fund_scale_daily_szse,SZ,159362,A500ETF工银,1619180191.0,份,,,akshare:szse_daily
2026-08-26,akshare_fund_scale_daily_szse,SZ,159363,创业板人工智能ETF华宝,5788169924.0,份,,,akshare:szse_daily
2026-08-26,akshare_fund_scale_daily_szse,SZ,159365,恒指港股通ETF富国,46162398.0,份,,,akshare:szse_daily
2026-08-26,akshare_fund_scale_daily_szse,SZ,159366,港股医疗ETF永赢,307333072.0,份,,,akshare:szse_daily
2026-08-26,akshare_fund_scale_daily_szse,SZ,159367,创业板50ETF华夏,172079029.0,份,,,akshare:szse_daily
2026-08-26,akshare_fund_scale_daily_szse,SZ,159368,创业板新能源ETF华夏,1024579682.0,份,,,akshare:szse_daily
2026-08-26,akshare_fund_scale_daily_szse,SZ,159369,创业板50ETF易方达,386753492.0,份,,,akshare:szse_daily
2026-08-26,akshare_fund_scale_daily_szse,SZ,159370,创50ETF工银,229316009.0,份,,,akshare:szse_daily
2026-08-26,akshare_fund_scale_daily_szse,SZ,159371,创业板50ETF富国,182221172.0,份,,,akshare:szse_daily
2026-08-26,akshare_fund_scale_daily_szse,SZ,159372,创业板50ETF万家,62451588.0,份,,,akshare:szse_daily
2026-08-26,akshare_fund_scale_daily_szse,SZ,159373,创业板50ETF嘉实,153557494.0,份,,,akshare:szse_daily
2026-08-26,akshare_fund_scale_daily_szse,SZ,159375,创业板50ETF国泰,363595350.0,份,,,akshare:szse_daily
2026-08-26,akshare_fund_scale_daily_szse,SZ,159376,A500ETF浦银,45922317.0,份,,,akshare:szse_daily
2026-08-26,akshare_fund_scale_daily_szse,SZ,159377,创业板医药ETF国泰,129129399.0,份,,,akshare:szse_daily
2026-08-26,akshare_fund_scale_daily_szse,SZ,159378,通用航空ETF永赢,559771072.0,份,,,akshare:szse_daily
2026-08-26,akshare_fund_scale_daily_szse,SZ,159379,A500ETF融通,158821471.0,份,,,akshare:szse_daily
2026-08-26,akshare_fund_scale_daily_szse,SZ,159380,A500ETF东财,160804337.0,份,,,akshare:szse_daily
2026-08-26,akshare_fund_scale_daily_szse,SZ,159381,创业板人工智能ETF华夏,1775153206.0,份,,,akshare:szse_daily
2026-08-26,akshare_fund_scale_daily_szse,SZ,159382,创业板人工智能ETF南方,822055714.0,份,,,akshare:szse_daily
2026-08-26,akshare_fund_scale_daily_szse,SZ,159383,创业板50ETF华泰柏瑞,50092486.0,份,,,akshare:szse_daily
2026-08-26,akshare_fund_scale_daily_szse,SZ,159385,数字经济ETF富国,49002525.0,份,,,akshare:szse_daily
2026-08-26,akshare_fund_scale_daily_szse,SZ,159386,A500ETF永赢,60869559.0,份,,,akshare:szse_daily
2026-08-26,akshare_fund_scale_daily_szse,SZ,159387,创业板新能源ETF国泰,1511189648.0,份,,,akshare:szse_daily
2026-08-26,akshare_fund_scale_daily_szse,SZ,159388,创业板人工智能ETF国泰,906736984.0,份,,,akshare:szse_daily
2026-08-26,akshare_fund_scale_daily_szse,SZ,159389,数字经济ETF嘉实,134093364.0,份,,,akshare:szse_daily
2026-08-26,akshare_fund_scale_daily_szse,SZ,159390,中证A50ETF国联,109268771.0,份,,,akshare:szse_daily
2026-08-26,akshare_fund_scale_daily_szse,SZ,159391,大盘价值ETF博时,85076398.0,份,,,akshare:szse_daily
2026-08-26,akshare_fund_scale_daily_szse,SZ,159392,航空ETF富国,187285500.0,份,,,akshare:szse_daily
2026-08-26,akshare_fund_scale_daily_szse,SZ,159393,沪深300ETF万家,95146342.0,份,,,akshare:szse_daily
2026-08-26,akshare_fund_scale_daily_szse,SZ,159395,信用债ETF大成,134004202.0,份,,,akshare:szse_daily
2026-08-26,akshare_fund_scale_daily_szse,SZ,159396,信用债ETF博时,89725129.0,份,,,akshare:szse_daily
2026-08-26,akshare_fund_scale_daily_szse,SZ,159397,信用债ETF广发,166247657.0,份,,,akshare:szse_daily
2026-08-26,akshare_fund_scale_daily_szse,SZ,159398,信用债ETF天弘,88132310.0,份,,,akshare:szse_daily
2026-08-26,akshare_fund_scale_daily_szse,SZ,159399,现金流ETF国泰,4492194835.0,份,,,akshare:szse_daily
2026-08-26,akshare_fund_scale_daily_szse,SZ,159400,科创债ETF景顺,74277356.0,份,,,akshare:szse_daily
2026-08-26,akshare_fund_scale_daily_szse,SZ,159500,中证500ETF富国,216138865.0,份,,,akshare:szse_daily
2026-08-26,akshare_fund_scale_daily_szse,SZ,159501,纳指ETF嘉实,6770986575.0,份,,,akshare:szse_daily
2026-08-26,akshare_fund_scale_daily_szse,SZ,159502,标普生物科技ETF嘉实,1121323019.0,份,,,akshare:szse_daily
2026-08-26,akshare_fund_scale_daily_szse,SZ,159505,国证2000ETF博时,19104786.0,份,,,akshare:szse_daily
2026-08-26,akshare_fund_scale_daily_szse,SZ,159506,港股通创新药医疗ETF富国,2569536979.0,份,,,akshare:szse_daily
2026-08-26,akshare_fund_scale_daily_szse,SZ,159507,通信ETF广发,857830902.0,份,,,akshare:szse_daily
2026-08-26,akshare_fund_scale_daily_szse,SZ,159508,生物医药ETF华安,92231598.0,份,,,akshare:szse_daily
2026-08-26,akshare_fund_scale_daily_szse,SZ,159509,纳指科技ETF景顺,6621564118.0,份,,,akshare:szse_daily
2026-08-26,akshare_fund_scale_daily_szse,SZ,159510,沪深300价值ETF华夏,66128342.0,份,,,akshare:szse_daily
2026-08-26,akshare_fund_scale_daily_szse,SZ,159511,通信ETF南方,147944573.0,份,,,akshare:szse_daily
2026-08-26,akshare_fund_scale_daily_szse,SZ,159512,汽车ETF广发,105264855.0,份,,,akshare:szse_daily
2026-08-26,akshare_fund_scale_daily_szse,SZ,159513,纳斯达克100ETF大成,4537549100.0,份,,,akshare:szse_daily
2026-08-26,akshare_fund_scale_daily_szse,SZ,159515,国企红利ETF鹏扬,33386631.0,份,,,akshare:szse_daily
2026-08-26,akshare_fund_scale_daily_szse,SZ,159516,半导体设备ETF国泰,60125359972.0,份,,,akshare:szse_daily
2026-08-26,akshare_fund_scale_daily_szse,SZ,159517,中证800增强ETF银华,8742624.0,份,,,akshare:szse_daily
2026-08-26,akshare_fund_scale_daily_szse,SZ,159518,标普油气ETF嘉实,1663325369.0,份,,,akshare:szse_daily
2026-08-26,akshare_fund_scale_daily_szse,SZ,159519,港股国企ETF国泰,58157854.0,份,,,akshare:szse_daily
2026-08-26,akshare_fund_scale_daily_szse,SZ,159520,消费龙头ETF工银,153177649.0,份,,,akshare:szse_daily
2026-08-26,akshare_fund_scale_daily_szse,SZ,159521,国证2000ETF平安,18274435.0,份,,,akshare:szse_daily
2026-08-26,akshare_fund_scale_daily_szse,SZ,159523,沪深300成长ETF华夏,69517348.0,份,,,akshare:szse_daily
2026-08-26,akshare_fund_scale_daily_szse,SZ,159525,红利低波ETF富国,455743741.0,份,,,akshare:szse_daily
2026-08-26,akshare_fund_scale_daily_szse,SZ,159526,机器人ETF嘉实,588962964.0,份,,,akshare:szse_daily
2026-08-26,akshare_fund_scale_daily_szse,SZ,159527,云计算ETF广发,454301350.0,份,,,akshare:szse_daily
2026-08-26,akshare_fund_scale_daily_szse,SZ,159528,国企改革ETF富国,7320773.0,份,,,akshare:szse_daily
2026-08-26,akshare_fund_scale_daily_szse,SZ,159529,标普消费ETF景顺,811536791.0,份,,,akshare:szse_daily
2026-08-26,akshare_fund_scale_daily_szse,SZ,159530,机器人ETF易方达,12831613169.0,份,,,akshare:szse_daily
2026-08-26,akshare_fund_scale_daily_szse,SZ,159531,中证2000ETF南方,1026608406.0,份,,,akshare:szse_daily
2026-08-26,akshare_fund_scale_daily_szse,SZ,159532,中证2000ETF易方达,171564791.0,份,,,akshare:szse_daily
2026-08-26,akshare_fund_scale_daily_szse,SZ,159533,中证2000ETF博时,14458785.0,份,,,akshare:szse_daily
2026-08-26,akshare_fund_scale_daily_szse,SZ,159535,中证2000ETF嘉实,25981088.0,份,,,akshare:szse_daily
2026-08-26,akshare_fund_scale_daily_szse,SZ,159536,中证2000ETF汇添富,55261589.0,份,,,akshare:szse_daily
2026-08-26,akshare_fund_scale_daily_szse,SZ,159537,信创ETF国泰,150285204.0,份,,,akshare:szse_daily
2026-08-26,akshare_fund_scale_daily_szse,SZ,159538,信创ETF富国,220608966.0,份,,,akshare:szse_daily
2026-08-26,akshare_fund_scale_daily_szse,SZ,159539,信创ETF广发,52565182.0,份,,,akshare:szse_daily
2026-08-26,akshare_fund_scale_daily_szse,SZ,159540,信创ETF易方达,123505191.0,份,,,akshare:szse_daily
2026-08-26,akshare_fund_scale_daily_szse,SZ,159541,创业板综ETF万家,61593326.0,份,,,akshare:szse_daily
2026-08-26,akshare_fund_scale_daily_szse,SZ,159542,工程机械ETF大成,14592850.0,份,,,akshare:szse_daily
2026-08-26,akshare_fund_scale_daily_szse,SZ,159543,国证2000ETF工银,42196551.0,份,,,akshare:szse_daily
2026-08-26,akshare_fund_scale_daily_szse,SZ,159545,恒生红利低波ETF易方达,5326603689.0,份,,,akshare:szse_daily
2026-08-26,akshare_fund_scale_daily_szse,SZ,159546,集成电路ETF国泰,754927822.0,份,,,akshare:szse_daily
2026-08-26,akshare_fund_scale_daily_szse,SZ,159547,红利低波ETF华夏,1270786075.0,份,,,akshare:szse_daily
2026-08-26,akshare_fund_scale_daily_szse,SZ,159549,红利低波ETF天弘,4777523884.0,份,,,akshare:szse_daily
2026-08-26,akshare_fund_scale_daily_szse,SZ,159550,互联网ETF东财,195828785.0,份,,,akshare:szse_daily
2026-08-26,akshare_fund_scale_daily_szse,SZ,159551,机器人ETF国泰,305920923.0,份,,,akshare:szse_daily
2026-08-26,akshare_fund_scale_daily_szse,SZ,159552,中证2000增强ETF招商,687290319.0,份,,,akshare:szse_daily
2026-08-26,akshare_fund_scale_daily_szse,SZ,159553,中证2000增强ETF海富通,15326751.0,份,,,akshare:szse_daily
2026-08-26,akshare_fund_scale_daily_szse,SZ,159555,中证2000增强ETF银华,37462705.0,份,,,akshare:szse_daily
2026-08-26,akshare_fund_scale_daily_szse,SZ,159556,中证2000增强ETF平安,15556089.0,份,,,akshare:szse_daily
2026-08-26,akshare_fund_scale_daily_szse,SZ,159557,恒生医疗ETF嘉实,128894955.0,份,,,akshare:szse_daily
2026-08-26,akshare_fund_scale_daily_szse,SZ,159558,半导体设备ETF易方达,19001563923.0,份,,,akshare:szse_daily
2026-08-26,akshare_fund_scale_daily_szse,SZ,159559,机器人ETF景顺,1972576622.0,份,,,akshare:szse_daily
2026-08-26,akshare_fund_scale_daily_szse,SZ,159560,芯片ETF景顺,197916460.0,份,,,akshare:szse_daily
2026-08-26,akshare_fund_scale_daily_szse,SZ,159561,德国ETF嘉实,1321499489.0,份,,,akshare:szse_daily
2026-08-26,akshare_fund_scale_daily_szse,SZ,159562,黄金股ETF华夏,2633130504.0,份,,,akshare:szse_daily
2026-08-26,akshare_fund_scale_daily_szse,SZ,159563,创业板综ETF华夏,29360773.0,份,,,akshare:szse_daily
2026-08-26,akshare_fund_scale_daily_szse,SZ,159565,汽车零部件ETF易方达,137627231.0,份,,,akshare:szse_daily
2026-08-26,akshare_fund_scale_daily_szse,SZ,159566,储能电池ETF易方达,2734739776.0,份,,,akshare:szse_daily
2026-08-26,akshare_fund_scale_daily_szse,SZ,159567,港股创新药ETF银华,10503729726.0,份,,,akshare:szse_daily
2026-08-26,akshare_fund_scale_daily_szse,SZ,159568,港股互联网ETF博时,364857901.0,份,,,akshare:szse_daily
2026-08-26,akshare_fund_scale_daily_szse,SZ,159569,港股红利低波ETF景顺,365147241.0,份,,,akshare:szse_daily
2026-08-26,akshare_fund_scale_daily_szse,SZ,159570,港股通创新药ETF汇添富,16227597142.0,份,,,akshare:szse_daily
2026-08-26,akshare_fund_scale_daily_szse,SZ,159571,创业板200ETF富国,17981814.0,份,,,akshare:szse_daily
2026-08-26,akshare_fund_scale_daily_szse,SZ,159572,创业板200ETF易方达,189749107.0,份,,,akshare:szse_daily
2026-08-26,akshare_fund_scale_daily_szse,SZ,159573,创业板200ETF华夏,79456297.0,份,,,akshare:szse_daily
2026-08-26,akshare_fund_scale_daily_szse,SZ,159575,创业板200ETF银华,11410425.0,份,,,akshare:szse_daily
2026-08-26,akshare_fund_scale_daily_szse,SZ,159576,深证100ETF广发,37509612.0,份,,,akshare:szse_daily
2026-08-26,akshare_fund_scale_daily_szse,SZ,159577,美国50ETF汇添富,805665791.0,份,,,akshare:szse_daily
2026-08-26,akshare_fund_scale_daily_szse,SZ,159578,深证主板50ETF南方,19998831.0,份,,,akshare:szse_daily
2026-08-26,akshare_fund_scale_daily_szse,SZ,159581,红利ETF万家,1282225708.0,份,,,akshare:szse_daily
2026-08-26,akshare_fund_scale_daily_szse,SZ,159582,半导体ETF博时,1030608105.0,份,,,akshare:szse_daily
2026-08-26,akshare_fund_scale_daily_szse,SZ,159583,通信ETF富国,2560592902.0,份,,,akshare:szse_daily
2026-08-26,akshare_fund_scale_daily_szse,SZ,159586,计算机ETF南方,261025923.0,份,,,akshare:szse_daily
2026-08-26,akshare_fund_scale_daily_szse,SZ,159587,粮食ETF广发,254447031.0,份,,,akshare:szse_daily
2026-08-26,akshare_fund_scale_daily_szse,SZ,159588,石油ETF景顺,428284857.0,份,,,akshare:szse_daily
2026-08-26,akshare_fund_scale_daily_szse,SZ,159589,红利ETF广发,242590005.0,份,,,akshare:szse_daily
2026-08-26,akshare_fund_scale_daily_szse,SZ,159590,软件ETF汇添富,786861746.0,份,,,akshare:szse_daily
2026-08-26,akshare_fund_scale_daily_szse,SZ,159591,A50ETF富国,330905682.0,份,,,akshare:szse_daily
2026-08-26,akshare_fund_scale_daily_szse,SZ,159592,A50ETF银华,592310460.0,份,,,akshare:szse_daily
2026-08-26,akshare_fund_scale_daily_szse,SZ,159593,中证A50ETF平安,1850196040.0,份,,,akshare:szse_daily
2026-08-26,akshare_fund_scale_daily_szse,SZ,159595,中证A50ETF大成,911113255.0,份,,,akshare:szse_daily
2026-08-26,akshare_fund_scale_daily_szse,SZ,159596,A50ETF华宝,515683040.0,份,,,akshare:szse_daily
2026-08-26,akshare_fund_scale_daily_szse,SZ,159597,创业板成长ETF易方达,1064257137.0,份,,,akshare:szse_daily
2026-08-26,akshare_fund_scale_daily_szse,SZ,159599,芯片ETF东财,731822066.0,份,,,akshare:szse_daily
2026-08-26,akshare_fund_scale_daily_szse,SZ,159600,科创债ETF嘉实,303638913.0,份,,,akshare:szse_daily
2026-08-26,akshare_fund_scale_daily_szse,SZ,159601,A50ETF华夏,1403788073.0,份,,,akshare:szse_daily
2026-08-26,akshare_fund_scale_daily_szse,SZ,159602,中国A50ETF南方,406542944.0,份,,,akshare:szse_daily
2026-08-26,akshare_fund_scale_daily_szse,SZ,159603,科创创业ETF天弘,2622071922.0,份,,,akshare:szse_daily
2026-08-26,akshare_fund_scale_daily_szse,SZ,159605,中概互联ETF广发,4072486155.0,份,,,akshare:szse_daily
2026-08-26,akshare_fund_scale_daily_szse,SZ,159606,中证500成长ETF易方达,397222838.0,份,,,akshare:szse_daily
2026-08-26,akshare_fund_scale_daily_szse,SZ,159607,中概互联网ETF嘉实,1216829139.0,份,,,akshare:szse_daily
2026-08-26,akshare_fund_scale_daily_szse,SZ,159608,稀有金属ETF广发,3413610066.0,份,,,akshare:szse_daily
2026-08-26,akshare_fund_scale_daily_szse,SZ,159609,光伏ETF浦银,304903414.0,份,,,akshare:szse_daily
2026-08-26,akshare_fund_scale_daily_szse,SZ,159610,中证500增强ETF景顺,162568207.0,份,,,akshare:szse_daily
2026-08-26,akshare_fund_scale_daily_szse,SZ,159611,电力ETF广发,9535962900.0,份,,,akshare:szse_daily
2026-08-26,akshare_fund_scale_daily_szse,SZ,159612,标普500ETF国泰,459898651.0,份,,,akshare:szse_daily
2026-08-26,akshare_fund_scale_daily_szse,SZ,159613,信息安全ETF嘉实,110590217.0,份,,,akshare:szse_daily
2026-08-26,akshare_fund_scale_daily_szse,SZ,159615,恒生生物科技ETF南方,335054898.0,份,,,akshare:szse_daily
2026-08-26,akshare_fund_scale_daily_szse,SZ,159616,农牧ETF建信,68561112.0,份,,,akshare:szse_daily
2026-08-26,akshare_fund_scale_daily_szse,SZ,159617,中证500价值ETF华夏,30418382.0,份,,,akshare:szse_daily
2026-08-26,akshare_fund_scale_daily_szse,SZ,159618,光伏ETF华安,76131407.0,份,,,akshare:szse_daily
2026-08-26,akshare_fund_scale_daily_szse,SZ,159619,基建ETF国泰,75981007.0,份,,,akshare:szse_daily
2026-08-26,akshare_fund_scale_daily_szse,SZ,159620,中证500成长ETF华夏,28140934.0,份,,,akshare:szse_daily
2026-08-26,akshare_fund_scale_daily_szse,SZ,159621,ESGETF国泰,14434717.0,份,,,akshare:szse_daily
2026-08-26,akshare_fund_scale_daily_szse,SZ,159622,创新药ETF东财,1120603238.0,份,,,akshare:szse_daily
2026-08-26,akshare_fund_scale_daily_szse,SZ,159623,成渝经济圈ETF博时,3092271695.0,份,,,akshare:szse_daily
2026-08-26,akshare_fund_scale_daily_szse,SZ,159625,绿色电力ETF嘉实,2015313777.0,份,,,akshare:szse_daily
2026-08-26,akshare_fund_scale_daily_szse,SZ,159627,A100ETF华夏,19116776.0,份,,,akshare:szse_daily
2026-08-26,akshare_fund_scale_daily_szse,SZ,159628,国证2000ETF万家,332283250.0,份,,,akshare:szse_daily
2026-08-26,akshare_fund_scale_daily_szse,SZ,159629,中证1000ETF富国,945252663.0,份,,,akshare:szse_daily
2026-08-26,akshare_fund_scale_daily_szse,SZ,159630,A100ETF汇添富,15113744.0,份,,,akshare:szse_daily
2026-08-26,akshare_fund_scale_daily_szse,SZ,159631,A100ETF招商,39332605.0,份,,,akshare:szse_daily
2026-08-26,akshare_fund_scale_daily_szse,SZ,159632,纳斯达克ETF华安,4974720640.0,份,,,akshare:szse_daily
2026-08-26,akshare_fund_scale_daily_szse,SZ,159633,中证1000ETF易方达,1082162658.0,份,,,akshare:szse_daily
2026-08-26,akshare_fund_scale_daily_szse,SZ,159635,基建ETF华夏,130846980.0,份,,,akshare:szse_daily
2026-08-26,akshare_fund_scale_daily_szse,SZ,159636,港股通科技30ETF工银,21964501206.0,份,,,akshare:szse_daily
2026-08-26,akshare_fund_scale_daily_szse,SZ,159637,新能源车ETF东财,617768094.0,份,,,akshare:szse_daily
2026-08-26,akshare_fund_scale_daily_szse,SZ,159638,高端装备ETF嘉实,1459341932.0,份,,,akshare:szse_daily
2026-08-26,akshare_fund_scale_daily_szse,SZ,159639,碳中和ETF南方,203290171.0,份,,,akshare:szse_daily
2026-08-26,akshare_fund_scale_daily_szse,SZ,159640,碳中和龙头ETF工银,59845198.0,份,,,akshare:szse_daily
2026-08-26,akshare_fund_scale_daily_szse,SZ,159641,碳中和ETF招商,86719131.0,份,,,akshare:szse_daily
2026-08-26,akshare_fund_scale_daily_szse,SZ,159642,碳中和ETF大成,22439923.0,份,,,akshare:szse_daily
2026-08-26,akshare_fund_scale_daily_szse,SZ,159643,疫苗ETF国泰,330390617.0,份,,,akshare:szse_daily
2026-08-26,akshare_fund_scale_daily_szse,SZ,159645,疫苗ETF富国,73540740.0,份,,,akshare:szse_daily
2026-08-26,akshare_fund_scale_daily_szse,SZ,159647,中药ETF鹏华,1019961752.0,份,,,akshare:szse_daily
2026-08-26,akshare_fund_scale_daily_szse,SZ,159649,国开债ETF华安,38451877.0,份,,,akshare:szse_daily
2026-08-26,akshare_fund_scale_daily_szse,SZ,159650,国开债ETF博时,49028196.0,份,,,akshare:szse_daily
2026-08-26,akshare_fund_scale_daily_szse,SZ,159651,国开债ETF平安,9622448.0,份,,,akshare:szse_daily
2026-08-26,akshare_fund_scale_daily_szse,SZ,159652,有色ETF汇添富,1777320287.0,份,,,akshare:szse_daily
2026-08-26,akshare_fund_scale_daily_szse,SZ,159653,ESG300ETF国联安,52972068.0,份,,,akshare:szse_daily
2026-08-26,akshare_fund_scale_daily_szse,SZ,159655,标普500ETF华夏,2165143045.0,份,,,akshare:szse_daily
2026-08-26,akshare_fund_scale_daily_szse,SZ,159656,沪深300成长ETF万家,228238451.0,份,,,akshare:szse_daily
2026-08-26,akshare_fund_scale_daily_szse,SZ,159657,疫苗ETF鹏华,168514819.0,份,,,akshare:szse_daily
2026-08-26,akshare_fund_scale_daily_szse,SZ,159658,数字经济ETF华安,44394877.0,份,,,akshare:szse_daily
2026-08-26,akshare_fund_scale_daily_szse,SZ,159659,纳斯达克100ETF招商,4555744064.0,份,,,akshare:szse_daily
2026-08-26,akshare_fund_scale_daily_szse,SZ,159660,纳指ETF汇添富,2259151363.0,份,,,akshare:szse_daily
2026-08-26,akshare_fund_scale_daily_szse,SZ,159661,A100ETF嘉实,27208213.0,份,,,akshare:szse_daily
2026-08-26,akshare_fund_scale_daily_szse,SZ,159662,交运ETF南方,85113946.0,份,,,akshare:szse_daily
2026-08-26,akshare_fund_scale_daily_szse,SZ,159663,机床ETF华夏,427035170.0,份,,,akshare:szse_daily
2026-08-26,akshare_fund_scale_daily_szse,SZ,159665,半导体龙头ETF工银,251576860.0,份,,,akshare:szse_daily
2026-08-26,akshare_fund_scale_daily_szse,SZ,159666,交通运输ETF华夏,139832905.0,份,,,akshare:szse_daily
2026-08-26,akshare_fund_scale_daily_szse,SZ,159667,工业母机ETF国泰,3624050718.0,份,,,akshare:szse_daily
2026-08-26,akshare_fund_scale_daily_szse,SZ,159669,绿色电力ETF国泰,202754781.0,份,,,akshare:szse_daily
2026-08-26,akshare_fund_scale_daily_szse,SZ,159670,消费50ETF国联安,55706921.0,份,,,akshare:szse_daily
2026-08-26,akshare_fund_scale_daily_szse,SZ,159671,稀有金属ETF工银,897551737.0,份,,,akshare:szse_daily
2026-08-26,akshare_fund_scale_daily_szse,SZ,159672,消费ETF博时,129887409.0,份,,,akshare:szse_daily
2026-08-26,akshare_fund_scale_daily_szse,SZ,159673,沪深300ETF鹏华,1777528385.0,份,,,akshare:szse_daily
2026-08-26,akshare_fund_scale_daily_szse,SZ,159675,创业板增强ETF嘉实,63846691.0,份,,,akshare:szse_daily
2026-08-26,akshare_fund_scale_daily_szse,SZ,159676,创业板增强ETF富国,132564183.0,份,,,akshare:szse_daily
2026-08-26,akshare_fund_scale_daily_szse,SZ,159677,中证1000增强ETF银华,26904091.0,份,,,akshare:szse_daily
2026-08-26,akshare_fund_scale_daily_szse,SZ,159678,500增强ETF博时,89143694.0,份,,,akshare:szse_daily
2026-08-26,akshare_fund_scale_daily_szse,SZ,159679,中证1000增强ETF国泰,55289156.0,份,,,akshare:szse_daily
2026-08-26,akshare_fund_scale_daily_szse,SZ,159680,中证1000增强ETF招商,1008438087.0,份,,,akshare:szse_daily
2026-08-26,akshare_fund_scale_daily_szse,SZ,159681,创业板50ETF鹏华,1045772337.0,份,,,akshare:szse_daily
2026-08-26,akshare_fund_scale_daily_szse,SZ,159682,创业板50ETF景顺,3319307670.0,份,,,akshare:szse_daily
2026-08-26,akshare_fund_scale_daily_szse,SZ,159685,1000增强ETF天弘,19440067.0,份,,,akshare:szse_daily
2026-08-26,akshare_fund_scale_daily_szse,SZ,159686,A100ETF易方达,77815386.0,份,,,akshare:szse_daily
2026-08-26,akshare_fund_scale_daily_szse,SZ,159687,亚太精选ETF南方,1631228658.0,份,,,akshare:szse_daily
2026-08-26,akshare_fund_scale_daily_szse,SZ,159688,恒生互联网ETF华安,1338278480.0,份,,,akshare:szse_daily
2026-08-26,akshare_fund_scale_daily_szse,SZ,159689,消费ETF南方,88147787.0,份,,,akshare:szse_daily
2026-08-26,akshare_fund_scale_daily_szse,SZ,159690,有色矿业ETF招商,275163978.0,份,,,akshare:szse_daily
2026-08-26,akshare_fund_scale_daily_szse,SZ,159691,港股红利ETF工银,3841301386.0,份,,,akshare:szse_daily
2026-08-26,akshare_fund_scale_daily_szse,SZ,159692,证券ETF东财,1515455969.0,份,,,akshare:szse_daily
2026-08-26,akshare_fund_scale_daily_szse,SZ,159695,通信ETF嘉实,853436258.0,份,,,akshare:szse_daily
2026-08-26,akshare_fund_scale_daily_szse,SZ,159696,纳指ETF易方达,2817824034.0,份,,,akshare:szse_daily
2026-08-26,akshare_fund_scale_daily_szse,SZ,159697,石油ETF鹏华,1020022006.0,份,,,akshare:szse_daily
2026-08-26,akshare_fund_scale_daily_szse,SZ,159698,粮食ETF鹏华,1525444378.0,份,,,akshare:szse_daily
2026-08-26,akshare_fund_scale_daily_szse,SZ,159699,恒生消费ETF广发,492664255.0,份,,,akshare:szse_daily
2026-08-26,akshare_fund_scale_daily_szse,SZ,159700,科创债ETF南方,139629191.0,份,,,akshare:szse_daily
2026-08-26,akshare_fund_scale_daily_szse,SZ,159701,物联网ETF招商,5705601.0,份,,,akshare:szse_daily
2026-08-26,akshare_fund_scale_daily_szse,SZ,159703,新材料ETF天弘,57181591.0,份,,,akshare:szse_daily
2026-08-26,akshare_fund_scale_daily_szse,SZ,159706,深证100ETF华安,40386800.0,份,,,akshare:szse_daily
2026-08-26,akshare_fund_scale_daily_szse,SZ,159707,地产ETF华宝,1127548214.0,份,,,akshare:szse_daily
2026-08-26,akshare_fund_scale_daily_szse,SZ,159708,红利ETF西部利得,178528306.0,份,,,akshare:szse_daily
2026-08-26,akshare_fund_scale_daily_szse,SZ,159709,物联网ETF工银,20484060.0,份,,,akshare:szse_daily
2026-08-26,akshare_fund_scale_daily_szse,SZ,159711,港股通50ETF华夏,30465157.0,份,,,akshare:szse_daily
2026-08-26,akshare_fund_scale_daily_szse,SZ,159712,港股通50ETF国泰,84778813.0,份,,,akshare:szse_daily
2026-08-26,akshare_fund_scale_daily_szse,SZ,159713,稀土ETF富国,518255051.0,份,,,akshare:szse_daily
2026-08-26,akshare_fund_scale_daily_szse,SZ,159715,稀土ETF易方达,512030274.0,份,,,akshare:szse_daily
2026-08-26,akshare_fund_scale_daily_szse,SZ,159716,深证100ETF华宝,55666732.0,份,,,akshare:szse_daily
2026-08-26,akshare_fund_scale_daily_szse,SZ,159717,ESGETF鹏华,27873183.0,份,,,akshare:szse_daily
2026-08-26,akshare_fund_scale_daily_szse,SZ,159718,港股医药ETF平安,183832634.0,份,,,akshare:szse_daily
2026-08-26,akshare_fund_scale_daily_szse,SZ,159719,国企ETF平安,25195986.0,份,,,akshare:szse_daily
2026-08-26,akshare_fund_scale_daily_szse,SZ,159720,智能车ETF泰康,45812357.0,份,,,akshare:szse_daily
2026-08-26,akshare_fund_scale_daily_szse,SZ,159721,深证100ETF永赢,67431696.0,份,,,akshare:szse_daily
2026-08-26,akshare_fund_scale_daily_szse,SZ,159723,科技龙头ETF汇添富,29025575.0,份,,,akshare:szse_daily
2026-08-26,akshare_fund_scale_daily_szse,SZ,159725,线上消费ETF工银,124424924.0,份,,,akshare:szse_daily
2026-08-26,akshare_fund_scale_daily_szse,SZ,159726,港股通高股息ETF华夏,253411380.0,份,,,akshare:szse_daily
2026-08-26,akshare_fund_scale_daily_szse,SZ,159728,在线消费ETF南方,48410129.0,份,,,akshare:szse_daily
2026-08-26,akshare_fund_scale_daily_szse,SZ,159729,互联网ETF汇添富,66760633.0,份,,,akshare:szse_daily
2026-08-26,akshare_fund_scale_daily_szse,SZ,159730,家电ETF博时,42571340.0,份,,,akshare:szse_daily
2026-08-26,akshare_fund_scale_daily_szse,SZ,159731,石化ETF华夏,734375802.0,份,,,akshare:szse_daily
2026-08-26,akshare_fund_scale_daily_szse,SZ,159732,消费电子ETF华夏,2288447904.0,份,,,akshare:szse_daily
2026-08-26,akshare_fund_scale_daily_szse,SZ,159735,港股消费ETF银华,627561371.0,份,,,akshare:szse_daily
2026-08-26,akshare_fund_scale_daily_szse,SZ,159736,食品饮料ETF天弘,7504394457.0,份,,,akshare:szse_daily
2026-08-26,akshare_fund_scale_daily_szse,SZ,159738,云计算ETF华泰柏瑞,130992667.0,份,,,akshare:szse_daily
2026-08-26,akshare_fund_scale_daily_szse,SZ,159739,云计算ETF鹏华,417161230.0,份,,,akshare:szse_daily
2026-08-26,akshare_fund_scale_daily_szse,SZ,159740,恒生科技ETF大成,25314120448.0,份,,,akshare:szse_daily
2026-08-26,akshare_fund_scale_daily_szse,SZ,159741,恒生科技ETF嘉实,1372796712.0,份,,,akshare:szse_daily
2026-08-26,akshare_fund_scale_daily_szse,SZ,159742,恒生科技ETF博时,6274928292.0,份,,,akshare:szse_daily
2026-08-26,akshare_fund_scale_daily_szse,SZ,159743,湖北ETF博时,109941100.0,份,,,akshare:szse_daily
2026-08-26,akshare_fund_scale_daily_szse,SZ,159745,建材ETF国泰,1359688265.0,份,,,akshare:szse_daily
2026-08-26,akshare_fund_scale_daily_szse,SZ,159747,香港科技ETF南方,312712278.0,份,,,akshare:szse_daily
2026-08-26,akshare_fund_scale_daily_szse,SZ,159748,创新药ETF富国,1469692128.0,份,,,akshare:szse_daily
2026-08-26,akshare_fund_scale_daily_szse,SZ,159750,港股科技50ETF招商,1247618251.0,份,,,akshare:szse_daily
2026-08-26,akshare_fund_scale_daily_szse,SZ,159751,港股通科技ETF鹏华,882629628.0,份,,,akshare:szse_daily
2026-08-26,akshare_fund_scale_daily_szse,SZ,159752,新能源ETF申万菱信,407958917.0,份,,,akshare:szse_daily
2026-08-26,akshare_fund_scale_daily_szse,SZ,159755,电池ETF广发,8081646746.0,份,,,akshare:szse_daily
2026-08-26,akshare_fund_scale_daily_szse,SZ,159757,电池ETF景顺,246931891.0,份,,,akshare:szse_daily
2026-08-26,akshare_fund_scale_daily_szse,SZ,159758,红利质量ETF华夏,1334290777.0,份,,,akshare:szse_daily
2026-08-26,akshare_fund_scale_daily_szse,SZ,159760,医疗健康ETF泰康,132360223.0,份,,,akshare:szse_daily
2026-08-26,akshare_fund_scale_daily_szse,SZ,159761,新材料ETF国泰,197734117.0,份,,,akshare:szse_daily
2026-08-26,akshare_fund_scale_daily_szse,SZ,159763,新材料ETF建信,89707747.0,份,,,akshare:szse_daily
2026-08-26,akshare_fund_scale_daily_szse,SZ,159766,旅游ETF富国,5439140963.0,份,,,akshare:szse_daily
2026-08-26,akshare_fund_scale_daily_szse,SZ,159767,电池龙头ETF兴银,240873672.0,份,,,akshare:szse_daily
2026-08-26,akshare_fund_scale_daily_szse,SZ,159768,房地产ETF银华,807950311.0,份,,,akshare:szse_daily
2026-08-26,akshare_fund_scale_daily_szse,SZ,159770,机器人ETF天弘,6136087762.0,份,,,akshare:szse_daily
2026-08-26,akshare_fund_scale_daily_szse,SZ,159773,创业板科技ETF华泰柏瑞,152303120.0,份,,,akshare:szse_daily
2026-08-26,akshare_fund_scale_daily_szse,SZ,159775,电池ETF建信,676648961.0,份,,,akshare:szse_daily
2026-08-26,akshare_fund_scale_daily_szse,SZ,159776,港股医药ETF银华,81968765.0,份,,,akshare:szse_daily
2026-08-26,akshare_fund_scale_daily_szse,SZ,159777,创科技ETF国联安,28280565.0,份,,,akshare:szse_daily
2026-08-26,akshare_fund_scale_daily_szse,SZ,159778,工业互联网ETF鹏华,40255382.0,份,,,akshare:szse_daily
2026-08-26,akshare_fund_scale_daily_szse,SZ,159779,消费电子ETF招商,135869337.0,份,,,akshare:szse_daily
2026-08-26,akshare_fund_scale_daily_szse,SZ,159780,科创创业50ETF南方,3561448583.0,份,,,akshare:szse_daily
2026-08-26,akshare_fund_scale_daily_szse,SZ,159781,科创创业ETF易方达,15811860533.0,份,,,akshare:szse_daily
2026-08-26,akshare_fund_scale_daily_szse,SZ,159782,双创50ETF银华,573190267.0,份,,,akshare:szse_daily
2026-08-26,akshare_fund_scale_daily_szse,SZ,159783,科创创业50ETF华夏,5243859442.0,份,,,akshare:szse_daily
2026-08-26,akshare_fund_scale_daily_szse,SZ,159786,VRETF银华,86701174.0,份,,,akshare:szse_daily
2026-08-26,akshare_fund_scale_daily_szse,SZ,159787,建材ETF易方达,131021633.0,份,,,akshare:szse_daily
2026-08-26,akshare_fund_scale_daily_szse,SZ,159788,港股通100ETF易方达,70424965.0,份,,,akshare:szse_daily
2026-08-26,akshare_fund_scale_daily_szse,SZ,159790,碳中和ETF华夏,1538528485.0,份,,,akshare:szse_daily
2026-08-26,akshare_fund_scale_daily_szse,SZ,159791,300ESGETF华夏,31083347.0,份,,,akshare:szse_daily
2026-08-26,akshare_fund_scale_daily_szse,SZ,159792,港股通互联网ETF富国,66149855237.0,份,,,akshare:szse_daily
2026-08-26,akshare_fund_scale_daily_szse,SZ,159793,线上消费ETF平安,43758908.0,份,,,akshare:szse_daily
2026-08-26,akshare_fund_scale_daily_szse,SZ,159795,智能汽车ETF汇添富,28169473.0,份,,,akshare:szse_daily
2026-08-26,akshare_fund_scale_daily_szse,SZ,159796,电池ETF汇添富,6286467550.0,份,,,akshare:szse_daily
2026-08-26,akshare_fund_scale_daily_szse,SZ,159797,医疗器械ETF汇添富,394989247.0,份,,,akshare:szse_daily
2026-08-26,akshare_fund_scale_daily_szse,SZ,159798,消费ETF易方达,174245390.0,份,,,akshare:szse_daily
2026-08-26,akshare_fund_scale_daily_szse,SZ,159800,中证800ETF鹏华,26736802.0,份,,,akshare:szse_daily
2026-08-26,akshare_fund_scale_daily_szse,SZ,159801,芯片ETF广发,4568120172.0,份,,,akshare:szse_daily
2026-08-26,akshare_fund_scale_daily_szse,SZ,159804,创中盘88ETF国寿,15899676.0,份,,,akshare:szse_daily
2026-08-26,akshare_fund_scale_daily_szse,SZ,159805,传媒ETF鹏华,247452480.0,份,,,akshare:szse_daily
2026-08-26,akshare_fund_scale_daily_szse,SZ,159806,新能源车ETF国泰,866089446.0,份,,,akshare:szse_daily
2026-08-26,akshare_fund_scale_daily_szse,SZ,159807,科技ETF易方达,919051428.0,份,,,akshare:szse_daily
2026-08-26,akshare_fund_scale_daily_szse,SZ,159808,创100ETF融通,49484790.0,份,,,akshare:szse_daily
2026-08-26,akshare_fund_scale_daily_szse,SZ,159810,创业板ETF浦银,56475458.0,份,,,akshare:szse_daily
2026-08-26,akshare_fund_scale_daily_szse,SZ,159811,5GETF博时,75543393.0,份,,,akshare:szse_daily
2026-08-26,akshare_fund_scale_daily_szse,SZ,159812,黄金ETF前海开源,164413149.0,份,,,akshare:szse_daily
2026-08-26,akshare_fund_scale_daily_szse,SZ,159813,半导体ETF鹏华,9081724820.0,份,,,akshare:szse_daily
2026-08-26,akshare_fund_scale_daily_szse,SZ,159814,创业大盘ETF西部利得,522246520.0,份,,,akshare:szse_daily
2026-08-26,akshare_fund_scale_daily_szse,SZ,159816,0-4年地方债ETF鹏华,97097484.0,份,,,akshare:szse_daily
2026-08-26,akshare_fund_scale_daily_szse,SZ,159819,人工智能ETF易方达,12183229669.0,份,,,akshare:szse_daily
2026-08-26,akshare_fund_scale_daily_szse,SZ,159820,中证500ETF天弘,1361408470.0,份,,,akshare:szse_daily
2026-08-26,akshare_fund_scale_daily_szse,SZ,159821,创业板ETF中银证券,64620000.0,份,,,akshare:szse_daily
2026-08-26,akshare_fund_scale_daily_szse,SZ,159822,新经济ETF银华,294834315.0,份,,,akshare:szse_daily
2026-08-26,akshare_fund_scale_daily_szse,SZ,159824,新能源车ETF博时,82135070.0,份,,,akshare:szse_daily
2026-08-26,akshare_fund_scale_daily_szse,SZ,159825,农业ETF富国,2458077407.0,份,,,akshare:szse_daily
2026-08-26,akshare_fund_scale_daily_szse,SZ,159827,农业ETF银华,90716463.0,份,,,akshare:szse_daily
2026-08-26,akshare_fund_scale_daily_szse,SZ,159828,医疗ETF国泰,4670439464.0,份,,,akshare:szse_daily
2026-08-26,akshare_fund_scale_daily_szse,SZ,159830,金ETF天弘,350914066.0,份,,,akshare:szse_daily
2026-08-26,akshare_fund_scale_daily_szse,SZ,159831,金ETF嘉实,236456243.0,份,,,akshare:szse_daily
2026-08-26,akshare_fund_scale_daily_szse,SZ,159834,金ETF南方,228261376.0,份,,,akshare:szse_daily
2026-08-26,akshare_fund_scale_daily_szse,SZ,159835,创新药ETF建信,362504143.0,份,,,akshare:szse_daily
2026-08-26,akshare_fund_scale_daily_szse,SZ,159836,创业板300ETF天弘,117747113.0,份,,,akshare:szse_daily
2026-08-26,akshare_fund_scale_daily_szse,SZ,159837,生物科技ETF易方达,2798152837.0,份,,,akshare:szse_daily
2026-08-26,akshare_fund_scale_daily_szse,SZ,159838,医药50ETF博时,225763462.0,份,,,akshare:szse_daily
2026-08-26,akshare_fund_scale_daily_szse,SZ,159839,生物医药ETF汇添富,2543235165.0,份,,,akshare:szse_daily
2026-08-26,akshare_fund_scale_daily_szse,SZ,159840,锂电池ETF工银,1977574851.0,份,,,akshare:szse_daily
2026-08-26,akshare_fund_scale_daily_szse,SZ,159841,证券ETF天弘,12173838465.0,份,,,akshare:szse_daily
2026-08-26,akshare_fund_scale_daily_szse,SZ,159842,券商ETF银华,9155250631.0,份,,,akshare:szse_daily
2026-08-26,akshare_fund_scale_daily_szse,SZ,159843,食品饮料ETF招商,608955141.0,份,,,akshare:szse_daily
2026-08-26,akshare_fund_scale_daily_szse,SZ,159845,中证1000ETF华夏,2145425606.0,份,,,akshare:szse_daily
2026-08-26,akshare_fund_scale_daily_szse,SZ,159847,医疗ETF易方达,3828825354.0,份,,,akshare:szse_daily
2026-08-26,akshare_fund_scale_daily_szse,SZ,159848,证券ETF国联安,155811239.0,份,,,akshare:szse_daily
2026-08-26,akshare_fund_scale_daily_szse,SZ,159849,生物科技ETF招商,156372396.0,份,,,akshare:szse_daily
2026-08-26,akshare_fund_scale_daily_szse,SZ,159850,恒生国企ETF华夏,421706498.0,份,,,akshare:szse_daily
2026-08-26,akshare_fund_scale_daily_szse,SZ,159851,金融科技ETF华宝,9994904148.0,份,,,akshare:szse_daily
2026-08-26,akshare_fund_scale_daily_szse,SZ,159852,软件ETF嘉实,14116623921.0,份,,,akshare:szse_daily
2026-08-26,akshare_fund_scale_daily_szse,SZ,159855,影视ETF银华,184925236.0,份,,,akshare:szse_daily
2026-08-26,akshare_fund_scale_daily_szse,SZ,159856,互联网龙头ETF工银,347372474.0,份,,,akshare:szse_daily
2026-08-26,akshare_fund_scale_daily_szse,SZ,159857,光伏ETF天弘,2211515725.0,份,,,akshare:szse_daily
2026-08-26,akshare_fund_scale_daily_szse,SZ,159858,创新药ETF南方,1017098318.0,份,,,akshare:szse_daily
2026-08-26,akshare_fund_scale_daily_szse,SZ,159859,生物医药ETF天弘,10161440054.0,份,,,akshare:szse_daily
2026-08-26,akshare_fund_scale_daily_szse,SZ,159861,碳中和50ETF国泰,97117535.0,份,,,akshare:szse_daily
2026-08-26,akshare_fund_scale_daily_szse,SZ,159862,食品饮料ETF银华,307500623.0,份,,,akshare:szse_daily
2026-08-26,akshare_fund_scale_daily_szse,SZ,159863,光伏ETF鹏华,293729352.0,份,,,akshare:szse_daily
2026-08-26,akshare_fund_scale_daily_szse,SZ,159864,光伏ETF国泰,633526827.0,份,,,akshare:szse_daily
2026-08-26,akshare_fund_scale_daily_szse,SZ,159865,养殖ETF国泰,12242455659.0,份,,,akshare:szse_daily
2026-08-26,akshare_fund_scale_daily_szse,SZ,159866,日经ETF工银,1109979377.0,份,,,akshare:szse_daily
2026-08-26,akshare_fund_scale_daily_szse,SZ,159867,养殖ETF鹏华,1607643594.0,份,,,akshare:szse_daily
2026-08-26,akshare_fund_scale_daily_szse,SZ,159869,游戏ETF华夏,8020082127.0,份,,,akshare:szse_daily
2026-08-26,akshare_fund_scale_daily_szse,SZ,159870,化工ETF鹏华,16447607019.0,份,,,akshare:szse_daily
2026-08-26,akshare_fund_scale_daily_szse,SZ,159871,有色ETF银华,1147232506.0,份,,,akshare:szse_daily
2026-08-26,akshare_fund_scale_daily_szse,SZ,159872,智能网联汽车ETF鹏华,58799732.0,份,,,akshare:szse_daily
2026-08-26,akshare_fund_scale_daily_szse,SZ,159873,医疗设备ETF天弘,474920000.0,份,,,akshare:szse_daily
2026-08-26,akshare_fund_scale_daily_szse,SZ,159875,新能源ETF嘉实,2479662899.0,份,,,akshare:szse_daily
2026-08-26,akshare_fund_scale_daily_szse,SZ,159876,有色ETF华宝,1724377018.0,份,,,akshare:szse_daily
2026-08-26,akshare_fund_scale_daily_szse,SZ,159877,医疗ETF南方,249792292.0,份,,,akshare:szse_daily
2026-08-26,akshare_fund_scale_daily_szse,SZ,159880,有色ETF鹏华,1273103036.0,份,,,akshare:szse_daily
2026-08-26,akshare_fund_scale_daily_szse,SZ,159881,有色金属ETF国泰,201499166.0,份,,,akshare:szse_daily
2026-08-26,akshare_fund_scale_daily_szse,SZ,159883,医疗器械ETF永赢,9052037843.0,份,,,akshare:szse_daily
2026-08-26,akshare_fund_scale_daily_szse,SZ,159885,碳中和ETF鹏华,246467316.0,份,,,akshare:szse_daily
2026-08-26,akshare_fund_scale_daily_szse,SZ,159886,机械ETF富国,66642555.0,份,,,akshare:szse_daily
2026-08-26,akshare_fund_scale_daily_szse,SZ,159887,银行ETF富国,584115950.0,份,,,akshare:szse_daily
2026-08-26,akshare_fund_scale_daily_szse,SZ,159888,智能汽车ETF华夏,68446068.0,份,,,akshare:szse_daily
2026-08-26,akshare_fund_scale_daily_szse,SZ,159889,智能汽车ETF国泰,27400796.0,份,,,akshare:szse_daily
2026-08-26,akshare_fund_scale_daily_szse,SZ,159890,云计算ETF招商,234590688.0,份,,,akshare:szse_daily
2026-08-26,akshare_fund_scale_daily_szse,SZ,159891,医疗ETF建信,348024837.0,份,,,akshare:szse_daily
2026-08-26,akshare_fund_scale_daily_szse,SZ,159892,恒生医药ETF华夏,5499266022.0,份,,,akshare:szse_daily
2026-08-26,akshare_fund_scale_daily_szse,SZ,159895,物联网ETF易方达,78241864.0,份,,,akshare:szse_daily
2026-08-26,akshare_fund_scale_daily_szse,SZ,159896,物联网ETF南方,38055960.0,份,,,akshare:szse_daily
2026-08-26,akshare_fund_scale_daily_szse,SZ,159898,医疗器械ETF招商,902098825.0,份,,,akshare:szse_daily
2026-08-26,akshare_fund_scale_daily_szse,SZ,159899,软件ETF招商,974977729.0,份,,,akshare:szse_daily
2026-08-26,akshare_fund_scale_daily_szse,SZ,159901,深证100ETF易方达,972934930.0,份,,,akshare:szse_daily
2026-08-26,akshare_fund_scale_daily_szse,SZ,159902,中小100ETF华夏,75960849.0,份,,,akshare:szse_daily
2026-08-26,akshare_fund_scale_daily_szse,SZ,159903,深成ETF南方,451154507.0,份,,,akshare:szse_daily
2026-08-26,akshare_fund_scale_daily_szse,SZ,159905,红利ETF工银,989443951.0,份,,,akshare:szse_daily
2026-08-26,akshare_fund_scale_daily_szse,SZ,159906,深成长ETF大成,146639725.0,份,,,akshare:szse_daily
2026-08-26,akshare_fund_scale_daily_szse,SZ,159907,国证2000ETF广发,173197694.0,份,,,akshare:szse_daily
2026-08-26,akshare_fund_scale_daily_szse,SZ,159908,创业板ETF博时,317229029.0,份,,,akshare:szse_daily
2026-08-26,akshare_fund_scale_daily_szse,SZ,159909,TMT50ETF招商,531561992.0,份,,,akshare:szse_daily
2026-08-26,akshare_fund_scale_daily_szse,SZ,159910,基本面120ETF嘉实,82906143.0,份,,,akshare:szse_daily
2026-08-26,akshare_fund_scale_daily_szse,SZ,159912,深300ETF汇添富,68448991.0,份,,,akshare:szse_daily
2026-08-26,akshare_fund_scale_daily_szse,SZ,159913,深价值ETF交银,22329693.0,份,,,akshare:szse_daily
2026-08-26,akshare_fund_scale_daily_szse,SZ,159915,创业板ETF易方达,18722454936.0,份,,,akshare:szse_daily
2026-08-26,akshare_fund_scale_daily_szse,SZ,159916,基本面ETF建信,42566039.0,份,,,akshare:szse_daily
2026-08-26,akshare_fund_scale_daily_szse,SZ,159918,中创400ETF嘉实,30561264.0,份,,,akshare:szse_daily
2026-08-26,akshare_fund_scale_daily_szse,SZ,159919,沪深300ETF嘉实,6303816676.0,份,,,akshare:szse_daily
2026-08-26,akshare_fund_scale_daily_szse,SZ,159920,恒生ETF华夏,5779559219.0,份,,,akshare:szse_daily
2026-08-26,akshare_fund_scale_daily_szse,SZ,159922,中证500ETF嘉实,2796676765.0,份,,,akshare:szse_daily
2026-08-26,akshare_fund_scale_daily_szse,SZ,159923,中证A100ETF大成,12285812.0,份,,,akshare:szse_daily
2026-08-26,akshare_fund_scale_daily_szse,SZ,159925,沪深300ETF南方,627620856.0,份,,,akshare:szse_daily
2026-08-26,akshare_fund_scale_daily_szse,SZ,159928,消费ETF汇添富,23036629040.0,份,,,akshare:szse_daily
2026-08-26,akshare_fund_scale_daily_szse,SZ,159929,医药ETF汇添富,1668204203.0,份,,,akshare:szse_daily
2026-08-26,akshare_fund_scale_daily_szse,SZ,159930,能源ETF汇添富,520898150.0,份,,,akshare:szse_daily
2026-08-26,akshare_fund_scale_daily_szse,SZ,159931,金融地产ETF汇添富,17828511.0,份,,,akshare:szse_daily
2026-08-26,akshare_fund_scale_daily_szse,SZ,159933,金融地产ETF国投瑞银,36378943.0,份,,,akshare:szse_daily
2026-08-26,akshare_fund_scale_daily_szse,SZ,159934,黄金ETF易方达,3914608998.0,份,,,akshare:szse_daily
2026-08-26,akshare_fund_scale_daily_szse,SZ,159935,中证500ETF景顺,26572956.0,份,,,akshare:szse_daily
2026-08-26,akshare_fund_scale_daily_szse,SZ,159936,可选消费ETF广发,108156094.0,份,,,akshare:szse_daily
2026-08-26,akshare_fund_scale_daily_szse,SZ,159937,黄金ETF博时,4749321977.0,份,,,akshare:szse_daily
2026-08-26,akshare_fund_scale_daily_szse,SZ,159938,医药ETF广发,7239567236.0,份,,,akshare:szse_daily
2026-08-26,akshare_fund_scale_daily_szse,SZ,159939,信息技术ETF广发,777656106.0,份,,,akshare:szse_daily
2026-08-26,akshare_fund_scale_daily_szse,SZ,159940,金融地产ETF广发,285059983.0,份,,,akshare:szse_daily
2026-08-26,akshare_fund_scale_daily_szse,SZ,159941,纳指ETF广发,22537110164.0,份,,,akshare:szse_daily
2026-08-26,akshare_fund_scale_daily_szse,SZ,159943,深证成指ETF大成,203229922.0,份,,,akshare:szse_daily
2026-08-26,akshare_fund_scale_daily_szse,SZ,159944,材料ETF广发,31608342.0,份,,,akshare:szse_daily
2026-08-26,akshare_fund_scale_daily_szse,SZ,159945,能源ETF广发,60572327.0,份,,,akshare:szse_daily
2026-08-26,akshare_fund_scale_daily_szse,SZ,159948,创业板ETF南方,1159697720.0,份,,,akshare:szse_daily
2026-08-26,akshare_fund_scale_daily_szse,SZ,159949,创业板50ETF华安,15280785113.0,份,,,akshare:szse_daily
2026-08-26,akshare_fund_scale_daily_szse,SZ,159952,创业板ETF广发,5524484929.0,份,,,akshare:szse_daily
2026-08-26,akshare_fund_scale_daily_szse,SZ,159954,恒生中国企业ETF南方,189105083.0,份,,,akshare:szse_daily
2026-08-26,akshare_fund_scale_daily_szse,SZ,159956,创业板ETF建信,47978674.0,份,,,akshare:szse_daily
2026-08-26,akshare_fund_scale_daily_szse,SZ,159957,创业板ETF华夏,1171784560.0,份,,,akshare:szse_daily
2026-08-26,akshare_fund_scale_daily_szse,SZ,159958,创业板ETF工银,237111448.0,份,,,akshare:szse_daily
2026-08-26,akshare_fund_scale_daily_szse,SZ,159959,央企ETF银华,1826891780.0,份,,,akshare:szse_daily
2026-08-26,akshare_fund_scale_daily_szse,SZ,159960,恒生中国企业ETF平安,73573960.0,份,,,akshare:szse_daily
2026-08-26,akshare_fund_scale_daily_szse,SZ,159961,深100ETF方正富邦,99245196.0,份,,,akshare:szse_daily
2026-08-26,akshare_fund_scale_daily_szse,SZ,159964,创业板ETF平安,165481881.0,份,,,akshare:szse_daily
2026-08-26,akshare_fund_scale_daily_szse,SZ,159965,央视50ETF国联,21426953.0,份,,,akshare:szse_daily
2026-08-26,akshare_fund_scale_daily_szse,SZ,159966,创业板价值ETF华夏,638699521.0,份,,,akshare:szse_daily
2026-08-26,akshare_fund_scale_daily_szse,SZ,159967,创业板成长ETF华夏,7493705811.0,份,,,akshare:szse_daily
2026-08-26,akshare_fund_scale_daily_szse,SZ,159968,中证500ETF博时,65295098.0,份,,,akshare:szse_daily
2026-08-26,akshare_fund_scale_daily_szse,SZ,159970,深100ETF工银,10468704.0,份,,,akshare:szse_daily
2026-08-26,akshare_fund_scale_daily_szse,SZ,159971,创业板ETF富国,1678020288.0,份,,,akshare:szse_daily
2026-08-26,akshare_fund_scale_daily_szse,SZ,159972,5年地方债ETF鹏华,66425910.0,份,,,akshare:szse_daily
2026-08-26,akshare_fund_scale_daily_szse,SZ,159973,民企ETF弘毅远方,199976423.0,份,,,akshare:szse_daily
2026-08-26,akshare_fund_scale_daily_szse,SZ,159974,央企创新ETF富国,40432422.0,份,,,akshare:szse_daily
2026-08-26,akshare_fund_scale_daily_szse,SZ,159975,深100ETF招商,49437760.0,份,,,akshare:szse_daily
2026-08-26,akshare_fund_scale_daily_szse,SZ,159976,湾创ETF工银,63885872.0,份,,,akshare:szse_daily
2026-08-26,akshare_fund_scale_daily_szse,SZ,159977,创业板ETF天弘,3651872820.0,份,,,akshare:szse_daily
2026-08-26,akshare_fund_scale_daily_szse,SZ,159980,有色ETF大成,2951824777.0,份,,,akshare:szse_daily
2026-08-26,akshare_fund_scale_daily_szse,SZ,159981,能源化工ETF建信,1852536957.0,份,,,akshare:szse_daily
2026-08-26,akshare_fund_scale_daily_szse,SZ,159982,中证500ETF鹏华,204211253.0,份,,,akshare:szse_daily
2026-08-26,akshare_fund_scale_daily_szse,SZ,159985,豆粕ETF华夏,1558324066.0,份,,,akshare:szse_daily
2026-08-26,akshare_fund_scale_daily_szse,SZ,159991,创业板大盘ETF招商,102663172.0,份,,,akshare:szse_daily
2026-08-26,akshare_fund_scale_daily_szse,SZ,159992,创新药ETF银华,19079981217.0,份,,,akshare:szse_daily
2026-08-26,akshare_fund_scale_daily_szse,SZ,159993,证券ETF鹏华,3258697982.0,份,,,akshare:szse_daily
2026-08-26,akshare_fund_scale_daily_szse,SZ,159994,通信ETF银华,3944003358.0,份,,,akshare:szse_daily
2026-08-26,akshare_fund_scale_daily_szse,SZ,159995,芯片ETF华夏,24331126012.0,份,,,akshare:szse_daily
2026-08-26,akshare_fund_scale_daily_szse,SZ,159996,家电ETF国泰,486554846.0,份,,,akshare:szse_daily
2026-08-26,akshare_fund_scale_daily_szse,SZ,159997,电子ETF天弘,691306634.0,份,,,akshare:szse_daily
2026-08-26,akshare_fund_scale_daily_szse,SZ,159998,计算机ETF天弘,1589855354.0,份,,,akshare:szse_daily
2026-08-25,akshare_fund_scale_daily_szse,SZ,158000,港股通金融ETF鹏华,219925835.0,份,,,akshare:szse_daily
2026-08-25,akshare_fund_scale_daily_szse,SZ,158003,港股通医疗ETF嘉实,144654396.0,份,,,akshare:szse_daily
2026-08-25,akshare_fund_scale_daily_szse,SZ,158005,工程机械ETF博时,197061376.0,份,,,akshare:szse_daily
2026-08-25,akshare_fund_scale_daily_szse,SZ,158006,化工ETF博时,41046012.0,份,,,akshare:szse_daily
2026-08-25,akshare_fund_scale_daily_szse,SZ,158009,航空航天ETF南方,46373819.0,份,,,akshare:szse_daily
2026-08-25,akshare_fund_scale_daily_szse,SZ,158012,云计算ETF南方,289825566.0,份,,,akshare:szse_daily
2026-08-25,akshare_fund_scale_daily_szse,SZ,159001,货币ETF易方达,27696456.0,份,,,akshare:szse_daily
2026-08-25,akshare_fund_scale_daily_szse,SZ,159003,招商快线ETF,2218194.0,份,,,akshare:szse_daily
2026-08-25,akshare_fund_scale_daily_szse,SZ,159005,快钱ETF汇添富,1150917.0,份,,,akshare:szse_daily
2026-08-25,akshare_fund_scale_daily_szse,SZ,159007,养殖ETF华泰柏瑞,188603274.0,份,,,akshare:szse_daily
2026-08-25,akshare_fund_scale_daily_szse,SZ,159008,证券ETF景顺,115284531.0,份,,,akshare:szse_daily
2026-08-25,akshare_fund_scale_daily_szse,SZ,159009,创业板新能源ETF易方达,59392703.0,份,,,akshare:szse_daily
2026-08-25,akshare_fund_scale_daily_szse,SZ,159010,港股通科技ETF博时,200097611.0,份,,,akshare:szse_daily
2026-08-25,akshare_fund_scale_daily_szse,SZ,159011,养殖ETF华安,28505168.0,份,,,akshare:szse_daily
2026-08-25,akshare_fund_scale_daily_szse,SZ,159012,科创创业50ETF鹏华,116881148.0,份,,,akshare:szse_daily
2026-08-25,akshare_fund_scale_daily_szse,SZ,159013,工业互联网ETF大成,40578881.0,份,,,akshare:szse_daily
2026-08-25,akshare_fund_scale_daily_szse,SZ,159015,恒生港股通科技ETF国联,110352934.0,份,,,akshare:szse_daily
2026-08-25,akshare_fund_scale_daily_szse,SZ,159016,证券ETF广发,384040154.0,份,,,akshare:szse_daily
2026-08-25,akshare_fund_scale_daily_szse,SZ,159017,石油ETF工银,151256813.0,份,,,akshare:szse_daily
2026-08-25,akshare_fund_scale_daily_szse,SZ,159018,石油ETF广发,25904203.0,份,,,akshare:szse_daily
2026-08-25,akshare_fund_scale_daily_szse,SZ,159019,石油ETF华宝,48327711.0,份,,,akshare:szse_daily
2026-08-25,akshare_fund_scale_daily_szse,SZ,159020,养殖ETF易方达,136567082.0,份,,,akshare:szse_daily
2026-08-25,akshare_fund_scale_daily_szse,SZ,159021,大盘价值ETF华夏,95907712.0,份,,,akshare:szse_daily
2026-08-25,akshare_fund_scale_daily_szse,SZ,159022,科创创业人工智能ETF富国,177630967.0,份,,,akshare:szse_daily
2026-08-25,akshare_fund_scale_daily_szse,SZ,159023,养殖ETF万家,37777943.0,份,,,akshare:szse_daily
2026-08-25,akshare_fund_scale_daily_szse,SZ,159026,石油ETF南方,45513446.0,份,,,akshare:szse_daily
2026-08-25,akshare_fund_scale_daily_szse,SZ,159027,畜牧养殖ETF大成,112472283.0,份,,,akshare:szse_daily
2026-08-25,akshare_fund_scale_daily_szse,SZ,159028,港股汽车ETF天弘,125449016.0,份,,,akshare:szse_daily
2026-08-25,akshare_fund_scale_daily_szse,SZ,159029,有色ETF广发,308127717.0,份,,,akshare:szse_daily
2026-08-25,akshare_fund_scale_daily_szse,SZ,159030,粮食ETF华夏,365968176.0,份,,,akshare:szse_daily
2026-08-25,akshare_fund_scale_daily_szse,SZ,159031,粮食ETF博时,552028624.0,份,,,akshare:szse_daily
2026-08-25,akshare_fund_scale_daily_szse,SZ,159032,工业有色ETF易方达,258845019.0,份,,,akshare:szse_daily
2026-08-25,akshare_fund_scale_daily_szse,SZ,159033,粮食ETF国泰,129323473.0,份,,,akshare:szse_daily
2026-08-25,akshare_fund_scale_daily_szse,SZ,159035,软件ETF天弘,600859726.0,份,,,akshare:szse_daily
2026-08-25,akshare_fund_scale_daily_szse,SZ,159036,软件开发ETF华宝,283740164.0,份,,,akshare:szse_daily
2026-08-25,akshare_fund_scale_daily_szse,SZ,159037,价值ETF鹏华,72249832.0,份,,,akshare:szse_daily
2026-08-25,akshare_fund_scale_daily_szse,SZ,159038,粮食ETF易方达,207026939.0,份,,,akshare:szse_daily
2026-08-25,akshare_fund_scale_daily_szse,SZ,159039,机器人ETF华安,968461422.0,份,,,akshare:szse_daily
2026-08-25,akshare_fund_scale_daily_szse,SZ,159040,港股通互联网ETF鹏华,34481087.0,份,,,akshare:szse_daily
2026-08-25,akshare_fund_scale_daily_szse,SZ,159041,农业ETF鹏华,66471832.0,份,,,akshare:szse_daily
2026-08-25,akshare_fund_scale_daily_szse,SZ,159042,价值ETF汇添富,99801105.0,份,,,akshare:szse_daily
2026-08-25,akshare_fund_scale_daily_szse,SZ,159043,食品ETF华安,123770695.0,份,,,akshare:szse_daily
2026-08-25,akshare_fund_scale_daily_szse,SZ,159045,稀有金属ETF大成,169330213.0,份,,,akshare:szse_daily
2026-08-25,akshare_fund_scale_daily_szse,SZ,159046,绿电ETF天弘,474976854.0,份,,,akshare:szse_daily
2026-08-25,akshare_fund_scale_daily_szse,SZ,159048,机器人ETF大成,200803897.0,份,,,akshare:szse_daily
2026-08-25,akshare_fund_scale_daily_szse,SZ,159049,有色ETF工银,41073319.0,份,,,akshare:szse_daily
2026-08-25,akshare_fund_scale_daily_szse,SZ,159050,机器人ETF广发,677703612.0,份,,,akshare:szse_daily
2026-08-25,akshare_fund_scale_daily_szse,SZ,159051,医疗器械ETF易方达,88117894.0,份,,,akshare:szse_daily
2026-08-25,akshare_fund_scale_daily_szse,SZ,159052,新能源电池ETF嘉实,193926092.0,份,,,akshare:szse_daily
2026-08-25,akshare_fund_scale_daily_szse,SZ,159053,稀有金属ETF华夏,164698132.0,份,,,akshare:szse_daily
2026-08-25,akshare_fund_scale_daily_szse,SZ,159055,稀有金属ETF富国,122293952.0,份,,,akshare:szse_daily
2026-08-25,akshare_fund_scale_daily_szse,SZ,159056,医疗器械ETF富国,67934358.0,份,,,akshare:szse_daily
2026-08-25,akshare_fund_scale_daily_szse,SZ,159057,医疗器械ETF鹏华,30715334.0,份,,,akshare:szse_daily
2026-08-25,akshare_fund_scale_daily_szse,SZ,159058,证券ETF大成,121331247.0,份,,,akshare:szse_daily
2026-08-25,akshare_fund_scale_daily_szse,SZ,159059,电力ETF大成,56830063.0,份,,,akshare:szse_daily
2026-08-25,akshare_fund_scale_daily_szse,SZ,159060,粮食ETF浦银,34483423.0,份,,,akshare:szse_daily
2026-08-25,akshare_fund_scale_daily_szse,SZ,159061,绿色电力ETF南方,216040230.0,份,,,akshare:szse_daily
2026-08-25,akshare_fund_scale_daily_szse,SZ,159062,稀有金属ETF南方,113701256.0,份,,,akshare:szse_daily
2026-08-25,akshare_fund_scale_daily_szse,SZ,159063,粮食ETF南方,55486647.0,份,,,akshare:szse_daily
2026-08-25,akshare_fund_scale_daily_szse,SZ,159065,工程机械ETF景顺,109350818.0,份,,,akshare:szse_daily
2026-08-25,akshare_fund_scale_daily_szse,SZ,159066,A股ETF建信,212733027.0,份,,,akshare:szse_daily
2026-08-25,akshare_fund_scale_daily_szse,SZ,159067,绿色电力ETF鹏华,20908737.0,份,,,akshare:szse_daily
2026-08-25,akshare_fund_scale_daily_szse,SZ,159068,软件ETF华夏,64336570.0,份,,,akshare:szse_daily
2026-08-25,akshare_fund_scale_daily_szse,SZ,159069,创业板新能源ETF华泰柏瑞,40770440.0,份,,,akshare:szse_daily
2026-08-25,akshare_fund_scale_daily_szse,SZ,159070,工程机械ETF嘉实,104366883.0,份,,,akshare:szse_daily
2026-08-25,akshare_fund_scale_daily_szse,SZ,159071,新能源电池ETF华宝,118911738.0,份,,,akshare:szse_daily
2026-08-25,akshare_fund_scale_daily_szse,SZ,159072,粮食ETF景顺,43285157.0,份,,,akshare:szse_daily
2026-08-25,akshare_fund_scale_daily_szse,SZ,159073,粮食ETF汇添富,125173864.0,份,,,akshare:szse_daily
2026-08-25,akshare_fund_scale_daily_szse,SZ,159075,工业互联网ETF华夏,182197165.0,份,,,akshare:szse_daily
2026-08-25,akshare_fund_scale_daily_szse,SZ,159076,创业板新能源ETF华宝,252373015.0,份,,,akshare:szse_daily
2026-08-25,akshare_fund_scale_daily_szse,SZ,159077,电池ETF鑫元,41242574.0,份,,,akshare:szse_daily
2026-08-25,akshare_fund_scale_daily_szse,SZ,159078,A股ETF富国,177262460.0,份,,,akshare:szse_daily
2026-08-25,akshare_fund_scale_daily_szse,SZ,159079,价值ETF兴全,100806830.0,份,,,akshare:szse_daily
2026-08-25,akshare_fund_scale_daily_szse,SZ,159082,化工ETF华夏,128531212.0,份,,,akshare:szse_daily
2026-08-25,akshare_fund_scale_daily_szse,SZ,159083,红利低波100ETF嘉实,234370472.0,份,,,akshare:szse_daily
2026-08-25,akshare_fund_scale_daily_szse,SZ,159085,价值ETF永赢,36535454.0,份,,,akshare:szse_daily
2026-08-25,akshare_fund_scale_daily_szse,SZ,159086,金融科技ETF广发,31399823.0,份,,,akshare:szse_daily
2026-08-25,akshare_fund_scale_daily_szse,SZ,159087,化工ETF万家,43992150.0,份,,,akshare:szse_daily
2026-08-25,akshare_fund_scale_daily_szse,SZ,159091,港股通金融ETF易方达,28374196.0,份,,,akshare:szse_daily
2026-08-25,akshare_fund_scale_daily_szse,SZ,159093,化工ETF汇添富,29681470.0,份,,,akshare:szse_daily
2026-08-25,akshare_fund_scale_daily_szse,SZ,159095,云计算ETF银华,232468139.0,份,,,akshare:szse_daily
2026-08-25,akshare_fund_scale_daily_szse,SZ,159098,价值ETF招商,146891589.0,份,,,akshare:szse_daily
2026-08-25,akshare_fund_scale_daily_szse,SZ,159099,云计算ETF华宝,109610546.0,份,,,akshare:szse_daily
2026-08-25,akshare_fund_scale_daily_szse,SZ,159100,巴西ETF华夏,472046935.0,份,,,akshare:szse_daily
2026-08-25,akshare_fund_scale_daily_szse,SZ,159101,港股通科技ETF华夏,2874311457.0,份,,,akshare:szse_daily
2026-08-25,akshare_fund_scale_daily_szse,SZ,159102,港股通生物科技ETF华安,667622004.0,份,,,akshare:szse_daily
2026-08-25,akshare_fund_scale_daily_szse,SZ,159103,金融科技ETF汇添富,320406771.0,份,,,akshare:szse_daily
2026-08-25,akshare_fund_scale_daily_szse,SZ,159105,恒生生物科技ETF易方达,185272984.0,份,,,akshare:szse_daily
2026-08-25,akshare_fund_scale_daily_szse,SZ,159106,民企300ETF前海开源,39579488.0,份,,,akshare:szse_daily
2026-08-25,akshare_fund_scale_daily_szse,SZ,159107,创业板软件ETF富国,789823006.0,份,,,akshare:szse_daily
2026-08-25,akshare_fund_scale_daily_szse,SZ,159108,工业软件ETF博时,123738511.0,份,,,akshare:szse_daily
2026-08-25,akshare_fund_scale_daily_szse,SZ,159109,恒生50ETF景顺,581163854.0,份,,,akshare:szse_daily
2026-08-25,akshare_fund_scale_daily_szse,SZ,159110,科创债ETF万家,22627093.0,份,,,akshare:szse_daily
2026-08-25,akshare_fund_scale_daily_szse,SZ,159111,科创债ETF天弘,144276676.0,份,,,akshare:szse_daily
2026-08-25,akshare_fund_scale_daily_szse,SZ,159112,科创债ETF银华,221987830.0,份,,,akshare:szse_daily
2026-08-25,akshare_fund_scale_daily_szse,SZ,159113,科创债ETF大成,86896237.0,份,,,akshare:szse_daily
2026-08-25,akshare_fund_scale_daily_szse,SZ,159115,科创债ETF华安,52533487.0,份,,,akshare:szse_daily
2026-08-25,akshare_fund_scale_daily_szse,SZ,159116,科创债ETF工银,113952743.0,份,,,akshare:szse_daily
2026-08-25,akshare_fund_scale_daily_szse,SZ,159117,港股通红利低波ETF鹏华,61401153.0,份,,,akshare:szse_daily
2026-08-25,akshare_fund_scale_daily_szse,SZ,159118,港股通红利低波ETF华夏,69677020.0,份,,,akshare:szse_daily
2026-08-25,akshare_fund_scale_daily_szse,SZ,159119,800现金流ETF招商,154054229.0,份,,,akshare:szse_daily
2026-08-25,akshare_fund_scale_daily_szse,SZ,159120,港股通科技ETF国联安,148024466.0,份,,,akshare:szse_daily
2026-08-25,akshare_fund_scale_daily_szse,SZ,159121,港股通汽车ETF易方达,145481127.0,份,,,akshare:szse_daily
2026-08-25,akshare_fund_scale_daily_szse,SZ,159122,创业板新能源ETF富国,67160935.0,份,,,akshare:szse_daily
2026-08-25,akshare_fund_scale_daily_szse,SZ,159123,光伏ETF嘉实,387047026.0,份,,,akshare:szse_daily
2026-08-25,akshare_fund_scale_daily_szse,SZ,159125,港股通科技ETF招商,840245883.0,份,,,akshare:szse_daily
2026-08-25,akshare_fund_scale_daily_szse,SZ,159126,港股通50ETF南方,227616546.0,份,,,akshare:szse_daily
2026-08-25,akshare_fund_scale_daily_szse,SZ,159127,港股通红利ETF南方,153844268.0,份,,,akshare:szse_daily
2026-08-25,akshare_fund_scale_daily_szse,SZ,159128,港股科技ETF天弘,1891760841.0,份,,,akshare:szse_daily
2026-08-25,akshare_fund_scale_daily_szse,SZ,159129,化工ETF嘉实,1144906595.0,份,,,akshare:szse_daily
2026-08-25,akshare_fund_scale_daily_szse,SZ,159130,恒生生物科技ETF鹏华,206389466.0,份,,,akshare:szse_daily
2026-08-25,akshare_fund_scale_daily_szse,SZ,159131,港股通信息技术ETF华宝,2320919902.0,份,,,akshare:szse_daily
2026-08-25,akshare_fund_scale_daily_szse,SZ,159132,恒生生物科技ETF富国,123963558.0,份,,,akshare:szse_daily
2026-08-25,akshare_fund_scale_daily_szse,SZ,159133,化工ETF天弘,1577413345.0,份,,,akshare:szse_daily
2026-08-25,akshare_fund_scale_daily_szse,SZ,159135,港股通科技ETF前海开源,618466376.0,份,,,akshare:szse_daily
2026-08-25,akshare_fund_scale_daily_szse,SZ,159136,A50ETF广发,109414074.0,份,,,akshare:szse_daily
2026-08-25,akshare_fund_scale_daily_szse,SZ,159137,港股通医疗ETF华宝,157632607.0,份,,,akshare:szse_daily
2026-08-25,akshare_fund_scale_daily_szse,SZ,159138,工程机械ETF易方达,294767924.0,份,,,akshare:szse_daily
2026-08-25,akshare_fund_scale_daily_szse,SZ,159139,科创创业人工智能ETF华泰柏瑞,198109210.0,份,,,akshare:szse_daily
2026-08-25,akshare_fund_scale_daily_szse,SZ,159140,科创创业人工智能ETF易方达,525936834.0,份,,,akshare:szse_daily
2026-08-25,akshare_fund_scale_daily_szse,SZ,159141,科创创业人工智能ETF永赢,1335060730.0,份,,,akshare:szse_daily
2026-08-25,akshare_fund_scale_daily_szse,SZ,159142,科创创业人工智能ETF景顺,1205260142.0,份,,,akshare:szse_daily
2026-08-25,akshare_fund_scale_daily_szse,SZ,159143,港股通央企红利ETF平安,55554456.0,份,,,akshare:szse_daily
2026-08-25,akshare_fund_scale_daily_szse,SZ,159145,工业软件ETF广发,67581845.0,份,,,akshare:szse_daily
2026-08-25,akshare_fund_scale_daily_szse,SZ,159146,电力ETF华宝,728940849.0,份,,,akshare:szse_daily
2026-08-25,akshare_fund_scale_daily_szse,SZ,159147,电池ETF南方,2081409552.0,份,,,akshare:szse_daily
2026-08-25,akshare_fund_scale_daily_szse,SZ,159148,石油ETF富国,240466601.0,份,,,akshare:szse_daily
2026-08-25,akshare_fund_scale_daily_szse,SZ,159149,创业板新能源ETF工银,52515298.0,份,,,akshare:szse_daily
2026-08-25,akshare_fund_scale_daily_szse,SZ,159150,深证50ETF易方达,97997623.0,份,,,akshare:szse_daily
2026-08-25,akshare_fund_scale_daily_szse,SZ,159151,食品ETF华夏,189451063.0,份,,,akshare:szse_daily
2026-08-25,akshare_fund_scale_daily_szse,SZ,159152,港股通科技ETF平安,818556093.0,份,,,akshare:szse_daily
2026-08-25,akshare_fund_scale_daily_szse,SZ,159153,消费电子ETF鹏华,92725988.0,份,,,akshare:szse_daily
2026-08-25,akshare_fund_scale_daily_szse,SZ,159155,电池ETF大成,495513298.0,份,,,akshare:szse_daily
2026-08-25,akshare_fund_scale_daily_szse,SZ,159156,电池ETF万家,214461253.0,份,,,akshare:szse_daily
2026-08-25,akshare_fund_scale_daily_szse,SZ,159157,有色金属ETF天弘,8073758760.0,份,,,akshare:szse_daily
2026-08-25,akshare_fund_scale_daily_szse,SZ,159158,电力ETF景顺,892035344.0,份,,,akshare:szse_daily
2026-08-25,akshare_fund_scale_daily_szse,SZ,159159,公用事业ETF国投瑞银,120318582.0,份,,,akshare:szse_daily
2026-08-25,akshare_fund_scale_daily_szse,SZ,159160,电池ETF东财,215819254.0,份,,,akshare:szse_daily
2026-08-25,akshare_fund_scale_daily_szse,SZ,159161,工程机械ETF东财,68331260.0,份,,,akshare:szse_daily
2026-08-25,akshare_fund_scale_daily_szse,SZ,159162,工业有色ETF鹏华,429939837.0,份,,,akshare:szse_daily
2026-08-25,akshare_fund_scale_daily_szse,SZ,159163,有色ETF泰康,265807013.0,份,,,akshare:szse_daily
2026-08-25,akshare_fund_scale_daily_szse,SZ,159165,养殖ETF永赢,110571257.0,份,,,akshare:szse_daily
2026-08-25,akshare_fund_scale_daily_szse,SZ,159166,现金流ETF长城,559816059.0,份,,,akshare:szse_daily
2026-08-25,akshare_fund_scale_daily_szse,SZ,159167,港股通医疗ETF工银,187549164.0,份,,,akshare:szse_daily
2026-08-25,akshare_fund_scale_daily_szse,SZ,159168,有色ETF富国,531455060.0,份,,,akshare:szse_daily
2026-08-25,akshare_fund_scale_daily_szse,SZ,159169,恒生生物科技ETF广发,131874485.0,份,,,akshare:szse_daily
2026-08-25,akshare_fund_scale_daily_szse,SZ,159170,港股通互联网ETF永赢,399638357.0,份,,,akshare:szse_daily
2026-08-25,akshare_fund_scale_daily_szse,SZ,159171,工业有色ETF博时,217532934.0,份,,,akshare:szse_daily
2026-08-25,akshare_fund_scale_daily_szse,SZ,159172,养殖ETF汇添富,392829293.0,份,,,akshare:szse_daily
2026-08-25,akshare_fund_scale_daily_szse,SZ,159173,农牧ETF南方,49455388.0,份,,,akshare:szse_daily
2026-08-25,akshare_fund_scale_daily_szse,SZ,159175,电池ETF易方达,486270382.0,份,,,akshare:szse_daily
2026-08-25,akshare_fund_scale_daily_szse,SZ,159176,家电ETF华宝,23303341.0,份,,,akshare:szse_daily
2026-08-25,akshare_fund_scale_daily_szse,SZ,159177,工程机械ETF鹏华,47619279.0,份,,,akshare:szse_daily
2026-08-25,akshare_fund_scale_daily_szse,SZ,159178,消费电子ETF汇添富,86432994.0,份,,,akshare:szse_daily
2026-08-25,akshare_fund_scale_daily_szse,SZ,159179,港股通互联网ETF工银,102903568.0,份,,,akshare:szse_daily
2026-08-25,akshare_fund_scale_daily_szse,SZ,159180,软件ETF银华,35155926.0,份,,,akshare:szse_daily
2026-08-25,akshare_fund_scale_daily_szse,SZ,159181,石油ETF易方达,130405335.0,份,,,akshare:szse_daily
2026-08-25,akshare_fund_scale_daily_szse,SZ,159182,家电ETF南方,36485663.0,份,,,akshare:szse_daily
2026-08-25,akshare_fund_scale_daily_szse,SZ,159183,新能源车ETF招商,45387793.0,份,,,akshare:szse_daily
2026-08-25,akshare_fund_scale_daily_szse,SZ,159185,港股通信息技术ETF鹏华,195099035.0,份,,,akshare:szse_daily
2026-08-25,akshare_fund_scale_daily_szse,SZ,159186,港股通汽车ETF鹏华,84869245.0,份,,,akshare:szse_daily
2026-08-25,akshare_fund_scale_daily_szse,SZ,159187,创业板新能源ETF景顺,60176266.0,份,,,akshare:szse_daily
2026-08-25,akshare_fund_scale_daily_szse,SZ,159188,红利100ETF景顺,66601882.0,份,,,akshare:szse_daily
2026-08-25,akshare_fund_scale_daily_szse,SZ,159189,石油ETF华夏,110083187.0,份,,,akshare:szse_daily
2026-08-25,akshare_fund_scale_daily_szse,SZ,159190,创业板新能源ETF天弘,72069299.0,份,,,akshare:szse_daily
2026-08-25,akshare_fund_scale_daily_szse,SZ,159191,港股通科技ETF易方达,69104851.0,份,,,akshare:szse_daily
2026-08-25,akshare_fund_scale_daily_szse,SZ,159192,家电ETF汇添富,16987065.0,份,,,akshare:szse_daily
2026-08-25,akshare_fund_scale_daily_szse,SZ,159193,新能源电池ETF银华,222080335.0,份,,,akshare:szse_daily
2026-08-25,akshare_fund_scale_daily_szse,SZ,159195,石油ETF华安,76490164.0,份,,,akshare:szse_daily
2026-08-25,akshare_fund_scale_daily_szse,SZ,159196,港股通信息技术ETF易方达,222530324.0,份,,,akshare:szse_daily
2026-08-25,akshare_fund_scale_daily_szse,SZ,159197,石油ETF招商,43388290.0,份,,,akshare:szse_daily
2026-08-25,akshare_fund_scale_daily_szse,SZ,159198,港股通信息技术ETF富国,89344347.0,份,,,akshare:szse_daily
2026-08-25,akshare_fund_scale_daily_szse,SZ,159199,石油ETF平安,66154938.0,份,,,akshare:szse_daily
2026-08-25,akshare_fund_scale_daily_szse,SZ,159200,科创债ETF富国,151592633.0,份,,,akshare:szse_daily
2026-08-25,akshare_fund_scale_daily_szse,SZ,159201,自由现金流ETF华夏,13768275939.0,份,,,akshare:szse_daily
2026-08-25,akshare_fund_scale_daily_szse,SZ,159202,恒生互联网ETF万家,1219401900.0,份,,,akshare:szse_daily
2026-08-25,akshare_fund_scale_daily_szse,SZ,159203,大盘成长ETF博时,9791913.0,份,,,akshare:szse_daily
2026-08-25,akshare_fund_scale_daily_szse,SZ,159205,创业板ETF东财,607056064.0,份,,,akshare:szse_daily
2026-08-25,akshare_fund_scale_daily_szse,SZ,159206,卫星ETF永赢,9649953365.0,份,,,akshare:szse_daily
2026-08-25,akshare_fund_scale_daily_szse,SZ,159207,高股息ETF广发,2196983345.0,份,,,akshare:szse_daily
2026-08-25,akshare_fund_scale_daily_szse,SZ,159208,航空航天ETF万家,339462783.0,份,,,akshare:szse_daily
2026-08-25,akshare_fund_scale_daily_szse,SZ,159209,红利质量ETF招商,2196635053.0,份,,,akshare:szse_daily
2026-08-25,akshare_fund_scale_daily_szse,SZ,159210,港股通汽车ETF汇添富,34549802.0,份,,,akshare:szse_daily
2026-08-25,akshare_fund_scale_daily_szse,SZ,159211,深证100ETF富国,21683294.0,份,,,akshare:szse_daily
2026-08-25,akshare_fund_scale_daily_szse,SZ,159212,深100ETF南方,71204367.0,份,,,akshare:szse_daily
2026-08-25,akshare_fund_scale_daily_szse,SZ,159213,机器人ETF汇添富,494737566.0,份,,,akshare:szse_daily
2026-08-25,akshare_fund_scale_daily_szse,SZ,159215,A500ETF平安,973582803.0,份,,,akshare:szse_daily
2026-08-25,akshare_fund_scale_daily_szse,SZ,159216,深证100ETF大成,11048250.0,份,,,akshare:szse_daily
2026-08-25,akshare_fund_scale_daily_szse,SZ,159217,港股通创新药ETF工银,5957157596.0,份,,,akshare:szse_daily
2026-08-25,akshare_fund_scale_daily_szse,SZ,159218,卫星ETF招商,2083616390.0,份,,,akshare:szse_daily
2026-08-25,akshare_fund_scale_daily_szse,SZ,159219,深证100ETF融通,8388018.0,份,,,akshare:szse_daily
2026-08-25,akshare_fund_scale_daily_szse,SZ,159220,港股通红利低波ETF华宝,487569526.0,份,,,akshare:szse_daily
2026-08-25,akshare_fund_scale_daily_szse,SZ,159221,现金流ETF嘉实,1135013233.0,份,,,akshare:szse_daily
2026-08-25,akshare_fund_scale_daily_szse,SZ,159222,自由现金流ETF易方达,1731370402.0,份,,,akshare:szse_daily
2026-08-25,akshare_fund_scale_daily_szse,SZ,159223,现金流ETF永赢,180844755.0,份,,,akshare:szse_daily
2026-08-25,akshare_fund_scale_daily_szse,SZ,159225,现金流ETF银华,264744804.0,份,,,akshare:szse_daily
2026-08-25,akshare_fund_scale_daily_szse,SZ,159226,中证A500增强ETF国泰,87094840.0,份,,,akshare:szse_daily
2026-08-25,akshare_fund_scale_daily_szse,SZ,159227,航空航天ETF华夏,4830911199.0,份,,,akshare:szse_daily
2026-08-25,akshare_fund_scale_daily_szse,SZ,159228,红利低波ETF长城,105212692.0,份,,,akshare:szse_daily
2026-08-25,akshare_fund_scale_daily_szse,SZ,159229,自由现金流ETF广发,146056022.0,份,,,akshare:szse_daily
2026-08-25,akshare_fund_scale_daily_szse,SZ,159230,通用航空ETF华夏,312304228.0,份,,,akshare:szse_daily
2026-08-25,akshare_fund_scale_daily_szse,SZ,159231,通用航空ETF华宝,341091860.0,份,,,akshare:szse_daily
2026-08-25,akshare_fund_scale_daily_szse,SZ,159232,自由现金流ETF南方,2082948566.0,份,,,akshare:szse_daily
2026-08-25,akshare_fund_scale_daily_szse,SZ,159233,自由现金流ETF平安,624623418.0,份,,,akshare:szse_daily
2026-08-25,akshare_fund_scale_daily_szse,SZ,159235,中证现金流ETF大成,1895729545.0,份,,,akshare:szse_daily
2026-08-25,akshare_fund_scale_daily_szse,SZ,159236,自由现金流ETF工银,39722161.0,份,,,akshare:szse_daily
2026-08-25,akshare_fund_scale_daily_szse,SZ,159237,港股汽车ETF工银,43334226.0,份,,,akshare:szse_daily
2026-08-25,akshare_fund_scale_daily_szse,SZ,159238,沪深300增强ETF景顺,56016186.0,份,,,akshare:szse_daily
2026-08-25,akshare_fund_scale_daily_szse,SZ,159239,港股通汽车ETF富国,88780753.0,份,,,akshare:szse_daily
2026-08-25,akshare_fund_scale_daily_szse,SZ,159240,A500增强ETF天弘,20619776.0,份,,,akshare:szse_daily
2026-08-25,akshare_fund_scale_daily_szse,SZ,159241,航空航天ETF天弘,1379074265.0,份,,,akshare:szse_daily
2026-08-25,akshare_fund_scale_daily_szse,SZ,159242,创业板人工智能ETF大成,425278583.0,份,,,akshare:szse_daily
2026-08-25,akshare_fund_scale_daily_szse,SZ,159243,创业板人工智能ETF招商,147030224.0,份,,,akshare:szse_daily
2026-08-25,akshare_fund_scale_daily_szse,SZ,159245,港股通消费ETF富国,73113296.0,份,,,akshare:szse_daily
2026-08-25,akshare_fund_scale_daily_szse,SZ,159246,创业板人工智能ETF富国,3419655606.0,份,,,akshare:szse_daily
2026-08-25,akshare_fund_scale_daily_szse,SZ,159247,创业板ETF汇添富,477984966.0,份,,,akshare:szse_daily
2026-08-25,akshare_fund_scale_daily_szse,SZ,159248,人工智能ETF万家,141095652.0,份,,,akshare:szse_daily
2026-08-25,akshare_fund_scale_daily_szse,SZ,159249,A500增强ETF工银,108191923.0,份,,,akshare:szse_daily
2026-08-25,akshare_fund_scale_daily_szse,SZ,159251,港股通科技ETF万家,244787744.0,份,,,akshare:szse_daily
2026-08-25,akshare_fund_scale_daily_szse,SZ,159253,银行ETF博时,543804979.0,份,,,akshare:szse_daily
2026-08-25,akshare_fund_scale_daily_szse,SZ,159255,通用航空ETF易方达,69338868.0,份,,,akshare:szse_daily
2026-08-25,akshare_fund_scale_daily_szse,SZ,159256,创业板软件ETF华夏,618183766.0,份,,,akshare:szse_daily
2026-08-25,akshare_fund_scale_daily_szse,SZ,159257,航空ETF汇添富,149416949.0,份,,,akshare:szse_daily
2026-08-25,akshare_fund_scale_daily_szse,SZ,159258,机器人ETF南方,1342265664.0,份,,,akshare:szse_daily
2026-08-25,akshare_fund_scale_daily_szse,SZ,159259,成长ETF易方达,4393696403.0,份,,,akshare:szse_daily
2026-08-25,akshare_fund_scale_daily_szse,SZ,159260,证券ETF博时,1035213576.0,份,,,akshare:szse_daily
2026-08-25,akshare_fund_scale_daily_szse,SZ,159261,创业板新能源ETF鹏华,47814904.0,份,,,akshare:szse_daily
2026-08-25,akshare_fund_scale_daily_szse,SZ,159262,港股通科技ETF广发,5601220485.0,份,,,akshare:szse_daily
2026-08-25,akshare_fund_scale_daily_szse,SZ,159263,价值ETF易方达,6208105126.0,份,,,akshare:szse_daily
2026-08-25,akshare_fund_scale_daily_szse,SZ,159265,港股消费ETF鹏华,177950894.0,份,,,akshare:szse_daily
2026-08-25,akshare_fund_scale_daily_szse,SZ,159266,港股央企红利ETF永赢,347710088.0,份,,,akshare:szse_daily
2026-08-25,akshare_fund_scale_daily_szse,SZ,159267,航天ETF华安,2686506126.0,份,,,akshare:szse_daily
2026-08-25,akshare_fund_scale_daily_szse,SZ,159268,港股通消费ETF汇添富,393055027.0,份,,,akshare:szse_daily
2026-08-25,akshare_fund_scale_daily_szse,SZ,159269,港股通科技ETF南方,1910311712.0,份,,,akshare:szse_daily
2026-08-25,akshare_fund_scale_daily_szse,SZ,159270,创业板200ETF南方,90763649.0,份,,,akshare:szse_daily
2026-08-25,akshare_fund_scale_daily_szse,SZ,159271,恒生ETF鹏华,258386731.0,份,,,akshare:szse_daily
2026-08-25,akshare_fund_scale_daily_szse,SZ,159272,机器人ETF富国,3763164690.0,份,,,akshare:szse_daily
2026-08-25,akshare_fund_scale_daily_szse,SZ,159273,云计算ETF汇添富,695777501.0,份,,,akshare:szse_daily
2026-08-25,akshare_fund_scale_daily_szse,SZ,159275,农牧渔ETF华宝,261302909.0,份,,,akshare:szse_daily
2026-08-25,akshare_fund_scale_daily_szse,SZ,159276,现金流ETF汇添富,556696658.0,份,,,akshare:szse_daily
2026-08-25,akshare_fund_scale_daily_szse,SZ,159277,港股通红利ETF富国,38557011.0,份,,,akshare:szse_daily
2026-08-25,akshare_fund_scale_daily_szse,SZ,159278,机器人ETF鹏华,2106545853.0,份,,,akshare:szse_daily
2026-08-25,akshare_fund_scale_daily_szse,SZ,159279,创业板人工智能ETF华安,169387534.0,份,,,akshare:szse_daily
2026-08-25,akshare_fund_scale_daily_szse,SZ,159280,港股通互联网ETF汇添富,100717171.0,份,,,akshare:szse_daily
2026-08-25,akshare_fund_scale_daily_szse,SZ,159281,港股央企红利ETF天弘,246233059.0,份,,,akshare:szse_daily
2026-08-25,akshare_fund_scale_daily_szse,SZ,159283,通用航空ETF南方,304437981.0,份,,,akshare:szse_daily
2026-08-25,akshare_fund_scale_daily_szse,SZ,159285,港股通消费ETF华安,248486680.0,份,,,akshare:szse_daily
2026-08-25,akshare_fund_scale_daily_szse,SZ,159286,港股通创新药ETF鹏华,734785402.0,份,,,akshare:szse_daily
2026-08-25,akshare_fund_scale_daily_szse,SZ,159287,创业板综ETF博时,109568753.0,份,,,akshare:szse_daily
2026-08-25,akshare_fund_scale_daily_szse,SZ,159288,创业板综ETF银华,92174931.0,份,,,akshare:szse_daily
2026-08-25,akshare_fund_scale_daily_szse,SZ,159289,创业板综指ETF鹏华,38902640.0,份,,,akshare:szse_daily
2026-08-25,akshare_fund_scale_daily_szse,SZ,159290,创业板综指增强ETF东财,45100396.0,份,,,akshare:szse_daily
2026-08-25,akshare_fund_scale_daily_szse,SZ,159291,创业板综增强ETF招商,17457388.0,份,,,akshare:szse_daily
2026-08-25,akshare_fund_scale_daily_szse,SZ,159292,创业板综增强ETF华宝,175189531.0,份,,,akshare:szse_daily
2026-08-25,akshare_fund_scale_daily_szse,SZ,159293,创业板综增强ETF建信,25159397.0,份,,,akshare:szse_daily
2026-08-25,akshare_fund_scale_daily_szse,SZ,159295,创业综指ETF西部利得,82958239.0,份,,,akshare:szse_daily
2026-08-25,akshare_fund_scale_daily_szse,SZ,159296,A500红利低波ETF华宝,45042941.0,份,,,akshare:szse_daily
2026-08-25,akshare_fund_scale_daily_szse,SZ,159297,港股通创新药ETF南方,3836418642.0,份,,,akshare:szse_daily
2026-08-25,akshare_fund_scale_daily_szse,SZ,159298,创业板50ETF大成,158281082.0,份,,,akshare:szse_daily
2026-08-25,akshare_fund_scale_daily_szse,SZ,159299,金融科技ETF易方达,669472981.0,份,,,akshare:szse_daily
2026-08-25,akshare_fund_scale_daily_szse,SZ,159300,沪深300ETF富国,371758097.0,份,,,akshare:szse_daily
2026-08-25,akshare_fund_scale_daily_szse,SZ,159301,公用事业ETF华夏,121958357.0,份,,,akshare:szse_daily
2026-08-25,akshare_fund_scale_daily_szse,SZ,159302,港股高股息ETF银华,51797609.0,份,,,akshare:szse_daily
2026-08-25,akshare_fund_scale_daily_szse,SZ,159303,恒生医疗ETF大成,73991693.0,份,,,akshare:szse_daily
2026-08-25,akshare_fund_scale_daily_szse,SZ,159305,储能电池ETF广发,1186640302.0,份,,,akshare:szse_daily
2026-08-25,akshare_fund_scale_daily_szse,SZ,159306,汽车零部件ETF平安,22244616.0,份,,,akshare:szse_daily
2026-08-25,akshare_fund_scale_daily_szse,SZ,159307,红利低波100ETF博时,7135903552.0,份,,,akshare:szse_daily
2026-08-25,akshare_fund_scale_daily_szse,SZ,159309,油气ETF汇添富,530371736.0,份,,,akshare:szse_daily
2026-08-25,akshare_fund_scale_daily_szse,SZ,159310,芯片ETF天弘,498981080.0,份,,,akshare:szse_daily
2026-08-25,akshare_fund_scale_daily_szse,SZ,159311,数字经济ETF易方达,39383993.0,份,,,akshare:szse_daily
2026-08-25,akshare_fund_scale_daily_szse,SZ,159312,恒指港股通ETF广发,32224353.0,份,,,akshare:szse_daily
2026-08-25,akshare_fund_scale_daily_szse,SZ,159315,黄金股ETF工银,185089621.0,份,,,akshare:szse_daily
2026-08-25,akshare_fund_scale_daily_szse,SZ,159316,港股通创新药ETF易方达,5492336139.0,份,,,akshare:szse_daily
2026-08-25,akshare_fund_scale_daily_szse,SZ,159318,恒指港股通ETF银华,14601647.0,份,,,akshare:szse_daily
2026-08-25,akshare_fund_scale_daily_szse,SZ,159320,电网设备ETF广发,1760235519.0,份,,,akshare:szse_daily
2026-08-25,akshare_fund_scale_daily_szse,SZ,159321,黄金股ETF华安,400900397.0,份,,,akshare:szse_daily
2026-08-25,akshare_fund_scale_daily_szse,SZ,159322,黄金股ETF平安,114411691.0,份,,,akshare:szse_daily
2026-08-25,akshare_fund_scale_daily_szse,SZ,159323,港股通汽车ETF华夏,97097378.0,份,,,akshare:szse_daily
2026-08-25,akshare_fund_scale_daily_szse,SZ,159325,半导体ETF南方,540460528.0,份,,,akshare:szse_daily
2026-08-25,akshare_fund_scale_daily_szse,SZ,159326,电网设备ETF华夏,12273265525.0,份,,,akshare:szse_daily
2026-08-25,akshare_fund_scale_daily_szse,SZ,159327,半导体设备ETF万家,2917574091.0,份,,,akshare:szse_daily
2026-08-25,akshare_fund_scale_daily_szse,SZ,159328,家电ETF易方达,91556700.0,份,,,akshare:szse_daily
2026-08-25,akshare_fund_scale_daily_szse,SZ,159329,沙特ETF南方,1178189188.0,份,,,akshare:szse_daily
2026-08-25,akshare_fund_scale_daily_szse,SZ,159330,沪深300ETF东财,428801009.0,份,,,akshare:szse_daily
2026-08-25,akshare_fund_scale_daily_szse,SZ,159331,红利港股ETF国泰,150694179.0,份,,,akshare:szse_daily
2026-08-25,akshare_fund_scale_daily_szse,SZ,159332,央企红利ETF富国,89021477.0,份,,,akshare:szse_daily
2026-08-25,akshare_fund_scale_daily_szse,SZ,159333,港股央企红利ETF万家,204952835.0,份,,,akshare:szse_daily
2026-08-25,akshare_fund_scale_daily_szse,SZ,159335,央企科创ETF融通,63683689.0,份,,,akshare:szse_daily
2026-08-25,akshare_fund_scale_daily_szse,SZ,159336,央企红利ETF融通,307905090.0,份,,,akshare:szse_daily
2026-08-25,akshare_fund_scale_daily_szse,SZ,159337,中证500ETF东财,279710611.0,份,,,akshare:szse_daily
2026-08-25,akshare_fund_scale_daily_szse,SZ,159338,中证A500ETF国泰,21302086664.0,份,,,akshare:szse_daily
2026-08-25,akshare_fund_scale_daily_szse,SZ,159339,A500ETF银华,1955086841.0,份,,,akshare:szse_daily
2026-08-25,akshare_fund_scale_daily_szse,SZ,159350,深证50ETF富国,136009642.0,份,,,akshare:szse_daily
2026-08-25,akshare_fund_scale_daily_szse,SZ,159351,A500ETF嘉实,7190123357.0,份,,,akshare:szse_daily
2026-08-25,akshare_fund_scale_daily_szse,SZ,159352,A500ETF南方,27078101746.0,份,,,akshare:szse_daily
2026-08-25,akshare_fund_scale_daily_szse,SZ,159353,中证A500ETF景顺,4349161812.0,份,,,akshare:szse_daily
2026-08-25,akshare_fund_scale_daily_szse,SZ,159355,800红利低波ETF华宝,85234277.0,份,,,akshare:szse_daily
2026-08-25,akshare_fund_scale_daily_szse,SZ,159356,A500ETF万家,764120647.0,份,,,akshare:szse_daily
2026-08-25,akshare_fund_scale_daily_szse,SZ,159357,A500ETF博时,1216833841.0,份,,,akshare:szse_daily
2026-08-25,akshare_fund_scale_daily_szse,SZ,159358,中证A500ETF大成,899106420.0,份,,,akshare:szse_daily
2026-08-25,akshare_fund_scale_daily_szse,SZ,159359,A500ETF华安,683140424.0,份,,,akshare:szse_daily
2026-08-25,akshare_fund_scale_daily_szse,SZ,159360,A500ETF天弘,1310184526.0,份,,,akshare:szse_daily
2026-08-25,akshare_fund_scale_daily_szse,SZ,159361,A500ETF易方达,22832090279.0,份,,,akshare:szse_daily
2026-08-25,akshare_fund_scale_daily_szse,SZ,159362,A500ETF工银,1643180191.0,份,,,akshare:szse_daily
2026-08-25,akshare_fund_scale_daily_szse,SZ,159363,创业板人工智能ETF华宝,5810169924.0,份,,,akshare:szse_daily
2026-08-25,akshare_fund_scale_daily_szse,SZ,159365,恒指港股通ETF富国,46162398.0,份,,,akshare:szse_daily
2026-08-25,akshare_fund_scale_daily_szse,SZ,159366,港股医疗ETF永赢,271333072.0,份,,,akshare:szse_daily
2026-08-25,akshare_fund_scale_daily_szse,SZ,159367,创业板50ETF华夏,174079029.0,份,,,akshare:szse_daily
2026-08-25,akshare_fund_scale_daily_szse,SZ,159368,创业板新能源ETF华夏,1024579682.0,份,,,akshare:szse_daily
2026-08-25,akshare_fund_scale_daily_szse,SZ,159369,创业板50ETF易方达,385753492.0,份,,,akshare:szse_daily
2026-08-25,akshare_fund_scale_daily_szse,SZ,159370,创50ETF工银,227316009.0,份,,,akshare:szse_daily
2026-08-25,akshare_fund_scale_daily_szse,SZ,159371,创业板50ETF富国,182221172.0,份,,,akshare:szse_daily
2026-08-25,akshare_fund_scale_daily_szse,SZ,159372,创业板50ETF万家,62451588.0,份,,,akshare:szse_daily
2026-08-25,akshare_fund_scale_daily_szse,SZ,159373,创业板50ETF嘉实,150557494.0,份,,,akshare:szse_daily
2026-08-25,akshare_fund_scale_daily_szse,SZ,159375,创业板50ETF国泰,359595350.0,份,,,akshare:szse_daily
2026-08-25,akshare_fund_scale_daily_szse,SZ,159376,A500ETF浦银,45922317.0,份,,,akshare:szse_daily
2026-08-25,akshare_fund_scale_daily_szse,SZ,159377,创业板医药ETF国泰,127129399.0,份,,,akshare:szse_daily
2026-08-25,akshare_fund_scale_daily_szse,SZ,159378,通用航空ETF永赢,559771072.0,份,,,akshare:szse_daily
2026-08-25,akshare_fund_scale_daily_szse,SZ,159379,A500ETF融通,158821471.0,份,,,akshare:szse_daily
2026-08-25,akshare_fund_scale_daily_szse,SZ,159380,A500ETF东财,163804337.0,份,,,akshare:szse_daily
2026-08-25,akshare_fund_scale_daily_szse,SZ,159381,创业板人工智能ETF华夏,1763153206.0,份,,,akshare:szse_daily
2026-08-25,akshare_fund_scale_daily_szse,SZ,159382,创业板人工智能ETF南方,814055714.0,份,,,akshare:szse_daily
2026-08-25,akshare_fund_scale_daily_szse,SZ,159383,创业板50ETF华泰柏瑞,51092486.0,份,,,akshare:szse_daily
2026-08-25,akshare_fund_scale_daily_szse,SZ,159385,数字经济ETF富国,49002525.0,份,,,akshare:szse_daily
2026-08-25,akshare_fund_scale_daily_szse,SZ,159386,A500ETF永赢,60869559.0,份,,,akshare:szse_daily
2026-08-25,akshare_fund_scale_daily_szse,SZ,159387,创业板新能源ETF国泰,1489189648.0,份,,,akshare:szse_daily
2026-08-25,akshare_fund_scale_daily_szse,SZ,159388,创业板人工智能ETF国泰,894736984.0,份,,,akshare:szse_daily
2026-08-25,akshare_fund_scale_daily_szse,SZ,159389,数字经济ETF嘉实,134093364.0,份,,,akshare:szse_daily
2026-08-25,akshare_fund_scale_daily_szse,SZ,159390,中证A50ETF国联,109268771.0,份,,,akshare:szse_daily
2026-08-25,akshare_fund_scale_daily_szse,SZ,159391,大盘价值ETF博时,85076398.0,份,,,akshare:szse_daily
2026-08-25,akshare_fund_scale_daily_szse,SZ,159392,航空ETF富国,186785500.0,份,,,akshare:szse_daily
2026-08-25,akshare_fund_scale_daily_szse,SZ,159393,沪深300ETF万家,94246342.0,份,,,akshare:szse_daily
2026-08-25,akshare_fund_scale_daily_szse,SZ,159395,信用债ETF大成,134004202.0,份,,,akshare:szse_daily
2026-08-25,akshare_fund_scale_daily_szse,SZ,159396,信用债ETF博时,89725129.0,份,,,akshare:szse_daily
2026-08-25,akshare_fund_scale_daily_szse,SZ,159397,信用债ETF广发,165247657.0,份,,,akshare:szse_daily
2026-08-25,akshare_fund_scale_daily_szse,SZ,159398,信用债ETF天弘,92632310.0,份,,,akshare:szse_daily
2026-08-25,akshare_fund_scale_daily_szse,SZ,159399,现金流ETF国泰,4463194835.0,份,,,akshare:szse_daily
2026-08-25,akshare_fund_scale_daily_szse,SZ,159400,科创债ETF景顺,74277356.0,份,,,akshare:szse_daily
2026-08-25,akshare_fund_scale_daily_szse,SZ,159500,中证500ETF富国,216138865.0,份,,,akshare:szse_daily
2026-08-25,akshare_fund_scale_daily_szse,SZ,159501,纳指ETF嘉实,6769986575.0,份,,,akshare:szse_daily
2026-08-25,akshare_fund_scale_daily_szse,SZ,159502,标普生物科技ETF嘉实,1120323019.0,份,,,akshare:szse_daily
2026-08-25,akshare_fund_scale_daily_szse,SZ,159505,国证2000ETF博时,19104786.0,份,,,akshare:szse_daily
2026-08-25,akshare_fund_scale_daily_szse,SZ,159506,港股通创新药医疗ETF富国,2528536979.0,份,,,akshare:szse_daily
2026-08-25,akshare_fund_scale_daily_szse,SZ,159507,通信ETF广发,872830902.0,份,,,akshare:szse_daily
2026-08-25,akshare_fund_scale_daily_szse,SZ,159508,生物医药ETF华安,92831598.0,份,,,akshare:szse_daily
2026-08-25,akshare_fund_scale_daily_szse,SZ,159509,纳指科技ETF景顺,6621564118.0,份,,,akshare:szse_daily
2026-08-25,akshare_fund_scale_daily_szse,SZ,159510,沪深300价值ETF华夏,66128342.0,份,,,akshare:szse_daily
2026-08-25,akshare_fund_scale_daily_szse,SZ,159511,通信ETF南方,147944573.0,份,,,akshare:szse_daily
2026-08-25,akshare_fund_scale_daily_szse,SZ,159512,汽车ETF广发,103264855.0,份,,,akshare:szse_daily
2026-08-25,akshare_fund_scale_daily_szse,SZ,159513,纳斯达克100ETF大成,4531549100.0,份,,,akshare:szse_daily
2026-08-25,akshare_fund_scale_daily_szse,SZ,159515,国企红利ETF鹏扬,33386631.0,份,,,akshare:szse_daily
2026-08-25,akshare_fund_scale_daily_szse,SZ,159516,半导体设备ETF国泰,60722359972.0,份,,,akshare:szse_daily
2026-08-25,akshare_fund_scale_daily_szse,SZ,159517,中证800增强ETF银华,8742624.0,份,,,akshare:szse_daily
2026-08-25,akshare_fund_scale_daily_szse,SZ,159518,标普油气ETF嘉实,1662325369.0,份,,,akshare:szse_daily
2026-08-25,akshare_fund_scale_daily_szse,SZ,159519,港股国企ETF国泰,58157854.0,份,,,akshare:szse_daily
2026-08-25,akshare_fund_scale_daily_szse,SZ,159520,消费龙头ETF工银,153177649.0,份,,,akshare:szse_daily
2026-08-25,akshare_fund_scale_daily_szse,SZ,159521,国证2000ETF平安,18274435.0,份,,,akshare:szse_daily
2026-08-25,akshare_fund_scale_daily_szse,SZ,159523,沪深300成长ETF华夏,69517348.0,份,,,akshare:szse_daily
2026-08-25,akshare_fund_scale_daily_szse,SZ,159525,红利低波ETF富国,455243741.0,份,,,akshare:szse_daily
2026-08-25,akshare_fund_scale_daily_szse,SZ,159526,机器人ETF嘉实,588962964.0,份,,,akshare:szse_daily
2026-08-25,akshare_fund_scale_daily_szse,SZ,159527,云计算ETF广发,454301350.0,份,,,akshare:szse_daily
2026-08-25,akshare_fund_scale_daily_szse,SZ,159528,国企改革ETF富国,7320773.0,份,,,akshare:szse_daily
2026-08-25,akshare_fund_scale_daily_szse,SZ,159529,标普消费ETF景顺,811536791.0,份,,,akshare:szse_daily
2026-08-25,akshare_fund_scale_daily_szse,SZ,159530,机器人ETF易方达,12830613169.0,份,,,akshare:szse_daily
2026-08-25,akshare_fund_scale_daily_szse,SZ,159531,中证2000ETF南方,968608406.0,份,,,akshare:szse_daily
2026-08-25,akshare_fund_scale_daily_szse,SZ,159532,中证2000ETF易方达,169564791.0,份,,,akshare:szse_daily
2026-08-25,akshare_fund_scale_daily_szse,SZ,159533,中证2000ETF博时,14458785.0,份,,,akshare:szse_daily
2026-08-25,akshare_fund_scale_daily_szse,SZ,159535,中证2000ETF嘉实,25981088.0,份,,,akshare:szse_daily
2026-08-25,akshare_fund_scale_daily_szse,SZ,159536,中证2000ETF汇添富,45261589.0,份,,,akshare:szse_daily
2026-08-25,akshare_fund_scale_daily_szse,SZ,159537,信创ETF国泰,150285204.0,份,,,akshare:szse_daily
2026-08-25,akshare_fund_scale_daily_szse,SZ,159538,信创ETF富国,224608966.0,份,,,akshare:szse_daily
2026-08-25,akshare_fund_scale_daily_szse,SZ,159539,信创ETF广发,52565182.0,份,,,akshare:szse_daily
2026-08-25,akshare_fund_scale_daily_szse,SZ,159540,信创ETF易方达,128505191.0,份,,,akshare:szse_daily
2026-08-25,akshare_fund_scale_daily_szse,SZ,159541,创业板综ETF万家,61593326.0,份,,,akshare:szse_daily
2026-08-25,akshare_fund_scale_daily_szse,SZ,159542,工程机械ETF大成,15592850.0,份,,,akshare:szse_daily
2026-08-25,akshare_fund_scale_daily_szse,SZ,159543,国证2000ETF工银,42196551.0,份,,,akshare:szse_daily
2026-08-25,akshare_fund_scale_daily_szse,SZ,159545,恒生红利低波ETF易方达,5290603689.0,份,,,akshare:szse_daily
2026-08-25,akshare_fund_scale_daily_szse,SZ,159546,集成电路ETF国泰,754927822.0,份,,,akshare:szse_daily
2026-08-25,akshare_fund_scale_daily_szse,SZ,159547,红利低波ETF华夏,1273286075.0,份,,,akshare:szse_daily
2026-08-25,akshare_fund_scale_daily_szse,SZ,159549,红利低波ETF天弘,4778523884.0,份,,,akshare:szse_daily
2026-08-25,akshare_fund_scale_daily_szse,SZ,159550,互联网ETF东财,195828785.0,份,,,akshare:szse_daily
2026-08-25,akshare_fund_scale_daily_szse,SZ,159551,机器人ETF国泰,307920923.0,份,,,akshare:szse_daily
2026-08-25,akshare_fund_scale_daily_szse,SZ,159552,中证2000增强ETF招商,646790319.0,份,,,akshare:szse_daily
2026-08-25,akshare_fund_scale_daily_szse,SZ,159553,中证2000增强ETF海富通,15326751.0,份,,,akshare:szse_daily
2026-08-25,akshare_fund_scale_daily_szse,SZ,159555,中证2000增强ETF银华,37462705.0,份,,,akshare:szse_daily
2026-08-25,akshare_fund_scale_daily_szse,SZ,159556,中证2000增强ETF平安,15556089.0,份,,,akshare:szse_daily
2026-08-25,akshare_fund_scale_daily_szse,SZ,159557,恒生医疗ETF嘉实,128894955.0,份,,,akshare:szse_daily
2026-08-25,akshare_fund_scale_daily_szse,SZ,159558,半导体设备ETF易方达,19313563923.0,份,,,akshare:szse_daily
2026-08-25,akshare_fund_scale_daily_szse,SZ,159559,机器人ETF景顺,1984576622.0,份,,,akshare:szse_daily
2026-08-25,akshare_fund_scale_daily_szse,SZ,159560,芯片ETF景顺,197916460.0,份,,,akshare:szse_daily
2026-08-25,akshare_fund_scale_daily_szse,SZ,159561,德国ETF嘉实,1320499489.0,份,,,akshare:szse_daily
2026-08-25,akshare_fund_scale_daily_szse,SZ,159562,黄金股ETF华夏,2584130504.0,份,,,akshare:szse_daily
2026-08-25,akshare_fund_scale_daily_szse,SZ,159563,创业板综ETF华夏,29360773.0,份,,,akshare:szse_daily
2026-08-25,akshare_fund_scale_daily_szse,SZ,159565,汽车零部件ETF易方达,137627231.0,份,,,akshare:szse_daily
2026-08-25,akshare_fund_scale_daily_szse,SZ,159566,储能电池ETF易方达,2719739776.0,份,,,akshare:szse_daily
2026-08-25,akshare_fund_scale_daily_szse,SZ,159567,港股创新药ETF银华,10595729726.0,份,,,akshare:szse_daily
2026-08-25,akshare_fund_scale_daily_szse,SZ,159568,港股互联网ETF博时,374857901.0,份,,,akshare:szse_daily
2026-08-25,akshare_fund_scale_daily_szse,SZ,159569,港股红利低波ETF景顺,365147241.0,份,,,akshare:szse_daily
2026-08-25,akshare_fund_scale_daily_szse,SZ,159570,港股通创新药ETF汇添富,16493597142.0,份,,,akshare:szse_daily
2026-08-25,akshare_fund_scale_daily_szse,SZ,159571,创业板200ETF富国,17981814.0,份,,,akshare:szse_daily
2026-08-25,akshare_fund_scale_daily_szse,SZ,159572,创业板200ETF易方达,187749107.0,份,,,akshare:szse_daily
2026-08-25,akshare_fund_scale_daily_szse,SZ,159573,创业板200ETF华夏,79456297.0,份,,,akshare:szse_daily
2026-08-25,akshare_fund_scale_daily_szse,SZ,159575,创业板200ETF银华,11410425.0,份,,,akshare:szse_daily
2026-08-25,akshare_fund_scale_daily_szse,SZ,159576,深证100ETF广发,37509612.0,份,,,akshare:szse_daily
2026-08-25,akshare_fund_scale_daily_szse,SZ,159577,美国50ETF汇添富,802665791.0,份,,,akshare:szse_daily
2026-08-25,akshare_fund_scale_daily_szse,SZ,159578,深证主板50ETF南方,19998831.0,份,,,akshare:szse_daily
2026-08-25,akshare_fund_scale_daily_szse,SZ,159581,红利ETF万家,1284225708.0,份,,,akshare:szse_daily
2026-08-25,akshare_fund_scale_daily_szse,SZ,159582,半导体ETF博时,1055608105.0,份,,,akshare:szse_daily
2026-08-25,akshare_fund_scale_daily_szse,SZ,159583,通信ETF富国,2554592902.0,份,,,akshare:szse_daily
2026-08-25,akshare_fund_scale_daily_szse,SZ,159586,计算机ETF南方,262525923.0,份,,,akshare:szse_daily
2026-08-25,akshare_fund_scale_daily_szse,SZ,159587,粮食ETF广发,262447031.0,份,,,akshare:szse_daily
2026-08-25,akshare_fund_scale_daily_szse,SZ,159588,石油ETF景顺,429284857.0,份,,,akshare:szse_daily
2026-08-25,akshare_fund_scale_daily_szse,SZ,159589,红利ETF广发,241590005.0,份,,,akshare:szse_daily
2026-08-25,akshare_fund_scale_daily_szse,SZ,159590,软件ETF汇添富,784361746.0,份,,,akshare:szse_daily
2026-08-25,akshare_fund_scale_daily_szse,SZ,159591,A50ETF富国,330905682.0,份,,,akshare:szse_daily
2026-08-25,akshare_fund_scale_daily_szse,SZ,159592,A50ETF银华,594310460.0,份,,,akshare:szse_daily
2026-08-25,akshare_fund_scale_daily_szse,SZ,159593,中证A50ETF平安,1851696040.0,份,,,akshare:szse_daily
2026-08-25,akshare_fund_scale_daily_szse,SZ,159595,中证A50ETF大成,916113255.0,份,,,akshare:szse_daily
2026-08-25,akshare_fund_scale_daily_szse,SZ,159596,A50ETF华宝,512683040.0,份,,,akshare:szse_daily
2026-08-25,akshare_fund_scale_daily_szse,SZ,159597,创业板成长ETF易方达,1074757137.0,份,,,akshare:szse_daily
2026-08-25,akshare_fund_scale_daily_szse,SZ,159599,芯片ETF东财,730322066.0,份,,,akshare:szse_daily
2026-08-25,akshare_fund_scale_daily_szse,SZ,159600,科创债ETF嘉实,303588913.0,份,,,akshare:szse_daily
2026-08-25,akshare_fund_scale_daily_szse,SZ,159601,A50ETF华夏,1406388073.0,份,,,akshare:szse_daily
2026-08-25,akshare_fund_scale_daily_szse,SZ,159602,中国A50ETF南方,406542944.0,份,,,akshare:szse_daily
2026-08-25,akshare_fund_scale_daily_szse,SZ,159603,科创创业ETF天弘,2620071922.0,份,,,akshare:szse_daily
2026-08-25,akshare_fund_scale_daily_szse,SZ,159605,中概互联ETF广发,4086486155.0,份,,,akshare:szse_daily
2026-08-25,akshare_fund_scale_daily_szse,SZ,159606,中证500成长ETF易方达,398222838.0,份,,,akshare:szse_daily
2026-08-25,akshare_fund_scale_daily_szse,SZ,159607,中概互联网ETF嘉实,1216829139.0,份,,,akshare:szse_daily
2026-08-25,akshare_fund_scale_daily_szse,SZ,159608,稀有金属ETF广发,3428810066.0,份,,,akshare:szse_daily
2026-08-25,akshare_fund_scale_daily_szse,SZ,159609,光伏ETF浦银,304903414.0,份,,,akshare:szse_daily
2026-08-25,akshare_fund_scale_daily_szse,SZ,159610,中证500增强ETF景顺,162568207.0,份,,,akshare:szse_daily
2026-08-25,akshare_fund_scale_daily_szse,SZ,159611,电力ETF广发,9535962900.0,份,,,akshare:szse_daily
2026-08-25,akshare_fund_scale_daily_szse,SZ,159612,标普500ETF国泰,454898651.0,份,,,akshare:szse_daily
2026-08-25,akshare_fund_scale_daily_szse,SZ,159613,信息安全ETF嘉实,110590217.0,份,,,akshare:szse_daily
2026-08-25,akshare_fund_scale_daily_szse,SZ,159615,恒生生物科技ETF南方,343054898.0,份,,,akshare:szse_daily
2026-08-25,akshare_fund_scale_daily_szse,SZ,159616,农牧ETF建信,68561112.0,份,,,akshare:szse_daily
2026-08-25,akshare_fund_scale_daily_szse,SZ,159617,中证500价值ETF华夏,30418382.0,份,,,akshare:szse_daily
2026-08-25,akshare_fund_scale_daily_szse,SZ,159618,光伏ETF华安,76131407.0,份,,,akshare:szse_daily
2026-08-25,akshare_fund_scale_daily_szse,SZ,159619,基建ETF国泰,75981007.0,份,,,akshare:szse_daily
2026-08-25,akshare_fund_scale_daily_szse,SZ,159620,中证500成长ETF华夏,29140934.0,份,,,akshare:szse_daily
2026-08-25,akshare_fund_scale_daily_szse,SZ,159621,ESGETF国泰,14434717.0,份,,,akshare:szse_daily
2026-08-25,akshare_fund_scale_daily_szse,SZ,159622,创新药ETF东财,1132603238.0,份,,,akshare:szse_daily
2026-08-25,akshare_fund_scale_daily_szse,SZ,159623,成渝经济圈ETF博时,3092271695.0,份,,,akshare:szse_daily
2026-08-25,akshare_fund_scale_daily_szse,SZ,159625,绿色电力ETF嘉实,2017313777.0,份,,,akshare:szse_daily
2026-08-25,akshare_fund_scale_daily_szse,SZ,159627,A100ETF华夏,19116776.0,份,,,akshare:szse_daily
2026-08-25,akshare_fund_scale_daily_szse,SZ,159628,国证2000ETF万家,350283250.0,份,,,akshare:szse_daily
2026-08-25,akshare_fund_scale_daily_szse,SZ,159629,中证1000ETF富国,995252663.0,份,,,akshare:szse_daily
2026-08-25,akshare_fund_scale_daily_szse,SZ,159630,A100ETF汇添富,15113744.0,份,,,akshare:szse_daily
2026-08-25,akshare_fund_scale_daily_szse,SZ,159631,A100ETF招商,39332605.0,份,,,akshare:szse_daily
2026-08-25,akshare_fund_scale_daily_szse,SZ,159632,纳斯达克ETF华安,4970720640.0,份,,,akshare:szse_daily
2026-08-25,akshare_fund_scale_daily_szse,SZ,159633,中证1000ETF易方达,1078162658.0,份,,,akshare:szse_daily
2026-08-25,akshare_fund_scale_daily_szse,SZ,159635,基建ETF华夏,130846980.0,份,,,akshare:szse_daily
2026-08-25,akshare_fund_scale_daily_szse,SZ,159636,港股通科技30ETF工银,22094501206.0,份,,,akshare:szse_daily
2026-08-25,akshare_fund_scale_daily_szse,SZ,159637,新能源车ETF东财,617768094.0,份,,,akshare:szse_daily
2026-08-25,akshare_fund_scale_daily_szse,SZ,159638,高端装备ETF嘉实,1460341932.0,份,,,akshare:szse_daily
2026-08-25,akshare_fund_scale_daily_szse,SZ,159639,碳中和ETF南方,203290171.0,份,,,akshare:szse_daily
2026-08-25,akshare_fund_scale_daily_szse,SZ,159640,碳中和龙头ETF工银,59845198.0,份,,,akshare:szse_daily
2026-08-25,akshare_fund_scale_daily_szse,SZ,159641,碳中和ETF招商,86719131.0,份,,,akshare:szse_daily
2026-08-25,akshare_fund_scale_daily_szse,SZ,159642,碳中和ETF大成,22439923.0,份,,,akshare:szse_daily
2026-08-25,akshare_fund_scale_daily_szse,SZ,159643,疫苗ETF国泰,339390617.0,份,,,akshare:szse_daily
2026-08-25,akshare_fund_scale_daily_szse,SZ,159645,疫苗ETF富国,75540740.0,份,,,akshare:szse_daily
2026-08-25,akshare_fund_scale_daily_szse,SZ,159647,中药ETF鹏华,1024461752.0,份,,,akshare:szse_daily
2026-08-25,akshare_fund_scale_daily_szse,SZ,159649,国开债ETF华安,38241877.0,份,,,akshare:szse_daily
2026-08-25,akshare_fund_scale_daily_szse,SZ,159650,国开债ETF博时,48844196.0,份,,,akshare:szse_daily
2026-08-25,akshare_fund_scale_daily_szse,SZ,159651,国开债ETF平安,9558448.0,份,,,akshare:szse_daily
2026-08-25,akshare_fund_scale_daily_szse,SZ,159652,有色ETF汇添富,1791320287.0,份,,,akshare:szse_daily
2026-08-25,akshare_fund_scale_daily_szse,SZ,159653,ESG300ETF国联安,52972068.0,份,,,akshare:szse_daily
2026-08-25,akshare_fund_scale_daily_szse,SZ,159655,标普500ETF华夏,2164143045.0,份,,,akshare:szse_daily
2026-08-25,akshare_fund_scale_daily_szse,SZ,159656,沪深300成长ETF万家,228238451.0,份,,,akshare:szse_daily
2026-08-25,akshare_fund_scale_daily_szse,SZ,159657,疫苗ETF鹏华,171514819.0,份,,,akshare:szse_daily
2026-08-25,akshare_fund_scale_daily_szse,SZ,159658,数字经济ETF华安,44394877.0,份,,,akshare:szse_daily
2026-08-25,akshare_fund_scale_daily_szse,SZ,159659,纳斯达克100ETF招商,4553744064.0,份,,,akshare:szse_daily
2026-08-25,akshare_fund_scale_daily_szse,SZ,159660,纳指ETF汇添富,2257151363.0,份,,,akshare:szse_daily
2026-08-25,akshare_fund_scale_daily_szse,SZ,159661,A100ETF嘉实,27208213.0,份,,,akshare:szse_daily
2026-08-25,akshare_fund_scale_daily_szse,SZ,159662,交运ETF南方,85113946.0,份,,,akshare:szse_daily
2026-08-25,akshare_fund_scale_daily_szse,SZ,159663,机床ETF华夏,455035170.0,份,,,akshare:szse_daily
2026-08-25,akshare_fund_scale_daily_szse,SZ,159665,半导体龙头ETF工银,251576860.0,份,,,akshare:szse_daily
2026-08-25,akshare_fund_scale_daily_szse,SZ,159666,交通运输ETF华夏,139832905.0,份,,,akshare:szse_daily
2026-08-25,akshare_fund_scale_daily_szse,SZ,159667,工业母机ETF国泰,3657050718.0,份,,,akshare:szse_daily
2026-08-25,akshare_fund_scale_daily_szse,SZ,159669,绿色电力ETF国泰,202754781.0,份,,,akshare:szse_daily
2026-08-25,akshare_fund_scale_daily_szse,SZ,159670,消费50ETF国联安,55706921.0,份,,,akshare:szse_daily
2026-08-25,akshare_fund_scale_daily_szse,SZ,159671,稀有金属ETF工银,908551737.0,份,,,akshare:szse_daily
2026-08-25,akshare_fund_scale_daily_szse,SZ,159672,消费ETF博时,129887409.0,份,,,akshare:szse_daily
2026-08-25,akshare_fund_scale_daily_szse,SZ,159673,沪深300ETF鹏华,1771528385.0,份,,,akshare:szse_daily
2026-08-25,akshare_fund_scale_daily_szse,SZ,159675,创业板增强ETF嘉实,63846691.0,份,,,akshare:szse_daily
2026-08-25,akshare_fund_scale_daily_szse,SZ,159676,创业板增强ETF富国,134564183.0,份,,,akshare:szse_daily
2026-08-25,akshare_fund_scale_daily_szse,SZ,159677,中证1000增强ETF银华,26904091.0,份,,,akshare:szse_daily
2026-08-25,akshare_fund_scale_daily_szse,SZ,159678,500增强ETF博时,89143694.0,份,,,akshare:szse_daily
2026-08-25,akshare_fund_scale_daily_szse,SZ,159679,中证1000增强ETF国泰,55289156.0,份,,,akshare:szse_daily
2026-08-25,akshare_fund_scale_daily_szse,SZ,159680,中证1000增强ETF招商,1011438087.0,份,,,akshare:szse_daily
2026-08-25,akshare_fund_scale_daily_szse,SZ,159681,创业板50ETF鹏华,1039772337.0,份,,,akshare:szse_daily
2026-08-25,akshare_fund_scale_daily_szse,SZ,159682,创业板50ETF景顺,3341307670.0,份,,,akshare:szse_daily
2026-08-25,akshare_fund_scale_daily_szse,SZ,159685,1000增强ETF天弘,19440067.0,份,,,akshare:szse_daily
2026-08-25,akshare_fund_scale_daily_szse,SZ,159686,A100ETF易方达,77815386.0,份,,,akshare:szse_daily
2026-08-25,akshare_fund_scale_daily_szse,SZ,159687,亚太精选ETF南方,1630828658.0,份,,,akshare:szse_daily
2026-08-25,akshare_fund_scale_daily_szse,SZ,159688,恒生互联网ETF华安,1338278480.0,份,,,akshare:szse_daily
2026-08-25,akshare_fund_scale_daily_szse,SZ,159689,消费ETF南方,88147787.0,份,,,akshare:szse_daily
2026-08-25,akshare_fund_scale_daily_szse,SZ,159690,有色矿业ETF招商,277163978.0,份,,,akshare:szse_daily
2026-08-25,akshare_fund_scale_daily_szse,SZ,159691,港股红利ETF工银,3616301386.0,份,,,akshare:szse_daily
2026-08-25,akshare_fund_scale_daily_szse,SZ,159692,证券ETF东财,1555455969.0,份,,,akshare:szse_daily
2026-08-25,akshare_fund_scale_daily_szse,SZ,159695,通信ETF嘉实,861436258.0,份,,,akshare:szse_daily
2026-08-25,akshare_fund_scale_daily_szse,SZ,159696,纳指ETF易方达,2812824034.0,份,,,akshare:szse_daily
2026-08-25,akshare_fund_scale_daily_szse,SZ,159697,石油ETF鹏华,1019022006.0,份,,,akshare:szse_daily
2026-08-25,akshare_fund_scale_daily_szse,SZ,159698,粮食ETF鹏华,1530444378.0,份,,,akshare:szse_daily
2026-08-25,akshare_fund_scale_daily_szse,SZ,159699,恒生消费ETF广发,492664255.0,份,,,akshare:szse_daily
2026-08-25,akshare_fund_scale_daily_szse,SZ,159700,科创债ETF南方,139379191.0,份,,,akshare:szse_daily
2026-08-25,akshare_fund_scale_daily_szse,SZ,159701,物联网ETF招商,5705601.0,份,,,akshare:szse_daily
2026-08-25,akshare_fund_scale_daily_szse,SZ,159703,新材料ETF天弘,57781591.0,份,,,akshare:szse_daily
2026-08-25,akshare_fund_scale_daily_szse,SZ,159706,深证100ETF华安,40386800.0,份,,,akshare:szse_daily
2026-08-25,akshare_fund_scale_daily_szse,SZ,159707,地产ETF华宝,1149548214.0,份,,,akshare:szse_daily
2026-08-25,akshare_fund_scale_daily_szse,SZ,159708,红利ETF西部利得,178528306.0,份,,,akshare:szse_daily
2026-08-25,akshare_fund_scale_daily_szse,SZ,159709,物联网ETF工银,20484060.0,份,,,akshare:szse_daily
2026-08-25,akshare_fund_scale_daily_szse,SZ,159711,港股通50ETF华夏,30465157.0,份,,,akshare:szse_daily
2026-08-25,akshare_fund_scale_daily_szse,SZ,159712,港股通50ETF国泰,84778813.0,份,,,akshare:szse_daily
2026-08-25,akshare_fund_scale_daily_szse,SZ,159713,稀土ETF富国,520755051.0,份,,,akshare:szse_daily
2026-08-25,akshare_fund_scale_daily_szse,SZ,159715,稀土ETF易方达,517530274.0,份,,,akshare:szse_daily
2026-08-25,akshare_fund_scale_daily_szse,SZ,159716,深证100ETF华宝,55666732.0,份,,,akshare:szse_daily
2026-08-25,akshare_fund_scale_daily_szse,SZ,159717,ESGETF鹏华,27873183.0,份,,,akshare:szse_daily
2026-08-25,akshare_fund_scale_daily_szse,SZ,159718,港股医药ETF平安,183832634.0,份,,,akshare:szse_daily
2026-08-25,akshare_fund_scale_daily_szse,SZ,159719,国企ETF平安,26195986.0,份,,,akshare:szse_daily
2026-08-25,akshare_fund_scale_daily_szse,SZ,159720,智能车ETF泰康,45812357.0,份,,,akshare:szse_daily
2026-08-25,akshare_fund_scale_daily_szse,SZ,159721,深证100ETF永赢,67431696.0,份,,,akshare:szse_daily
2026-08-25,akshare_fund_scale_daily_szse,SZ,159723,科技龙头ETF汇添富,29025575.0,份,,,akshare:szse_daily
2026-08-25,akshare_fund_scale_daily_szse,SZ,159725,线上消费ETF工银,124424924.0,份,,,akshare:szse_daily
2026-08-25,akshare_fund_scale_daily_szse,SZ,159726,港股通高股息ETF华夏,253911380.0,份,,,akshare:szse_daily
2026-08-25,akshare_fund_scale_daily_szse,SZ,159728,在线消费ETF南方,48910129.0,份,,,akshare:szse_daily
2026-08-25,akshare_fund_scale_daily_szse,SZ,159729,互联网ETF汇添富,66760633.0,份,,,akshare:szse_daily
2026-08-25,akshare_fund_scale_daily_szse,SZ,159730,家电ETF博时,42571340.0,份,,,akshare:szse_daily
2026-08-25,akshare_fund_scale_daily_szse,SZ,159731,石化ETF华夏,712375802.0,份,,,akshare:szse_daily
2026-08-25,akshare_fund_scale_daily_szse,SZ,159732,消费电子ETF华夏,2322447904.0,份,,,akshare:szse_daily
2026-08-25,akshare_fund_scale_daily_szse,SZ,159735,港股消费ETF银华,627561371.0,份,,,akshare:szse_daily
2026-08-25,akshare_fund_scale_daily_szse,SZ,159736,食品饮料ETF天弘,7506394457.0,份,,,akshare:szse_daily
2026-08-25,akshare_fund_scale_daily_szse,SZ,159738,云计算ETF华泰柏瑞,130992667.0,份,,,akshare:szse_daily
2026-08-25,akshare_fund_scale_daily_szse,SZ,159739,云计算ETF鹏华,413961230.0,份,,,akshare:szse_daily
2026-08-25,akshare_fund_scale_daily_szse,SZ,159740,恒生科技ETF大成,25414120448.0,份,,,akshare:szse_daily
2026-08-25,akshare_fund_scale_daily_szse,SZ,159741,恒生科技ETF嘉实,1372796712.0,份,,,akshare:szse_daily
2026-08-25,akshare_fund_scale_daily_szse,SZ,159742,恒生科技ETF博时,6279928292.0,份,,,akshare:szse_daily
2026-08-25,akshare_fund_scale_daily_szse,SZ,159743,湖北ETF博时,109941100.0,份,,,akshare:szse_daily
2026-08-25,akshare_fund_scale_daily_szse,SZ,159745,建材ETF国泰,1334688265.0,份,,,akshare:szse_daily
2026-08-25,akshare_fund_scale_daily_szse,SZ,159747,香港科技ETF南方,313712278.0,份,,,akshare:szse_daily
2026-08-25,akshare_fund_scale_daily_szse,SZ,159748,创新药ETF富国,1467692128.0,份,,,akshare:szse_daily
2026-08-25,akshare_fund_scale_daily_szse,SZ,159750,港股科技50ETF招商,1249618251.0,份,,,akshare:szse_daily
2026-08-25,akshare_fund_scale_daily_szse,SZ,159751,港股通科技ETF鹏华,883629628.0,份,,,akshare:szse_daily
2026-08-25,akshare_fund_scale_daily_szse,SZ,159752,新能源ETF申万菱信,408958917.0,份,,,akshare:szse_daily
2026-08-25,akshare_fund_scale_daily_szse,SZ,159755,电池ETF广发,8094646746.0,份,,,akshare:szse_daily
2026-08-25,akshare_fund_scale_daily_szse,SZ,159757,电池ETF景顺,243931891.0,份,,,akshare:szse_daily
2026-08-25,akshare_fund_scale_daily_szse,SZ,159758,红利质量ETF华夏,1324290777.0,份,,,akshare:szse_daily
2026-08-25,akshare_fund_scale_daily_szse,SZ,159760,医疗健康ETF泰康,130360223.0,份,,,akshare:szse_daily
2026-08-25,akshare_fund_scale_daily_szse,SZ,159761,新材料ETF国泰,197734117.0,份,,,akshare:szse_daily
2026-08-25,akshare_fund_scale_daily_szse,SZ,159763,新材料ETF建信,89707747.0,份,,,akshare:szse_daily
2026-08-25,akshare_fund_scale_daily_szse,SZ,159766,旅游ETF富国,5379640963.0,份,,,akshare:szse_daily
2026-08-25,akshare_fund_scale_daily_szse,SZ,159767,电池龙头ETF兴银,240873672.0,份,,,akshare:szse_daily
2026-08-25,akshare_fund_scale_daily_szse,SZ,159768,房地产ETF银华,809950311.0,份,,,akshare:szse_daily
2026-08-25,akshare_fund_scale_daily_szse,SZ,159770,机器人ETF天弘,6143587762.0,份,,,akshare:szse_daily
2026-08-25,akshare_fund_scale_daily_szse,SZ,159773,创业板科技ETF华泰柏瑞,166703120.0,份,,,akshare:szse_daily
2026-08-25,akshare_fund_scale_daily_szse,SZ,159775,电池ETF建信,677648961.0,份,,,akshare:szse_daily
2026-08-25,akshare_fund_scale_daily_szse,SZ,159776,港股医药ETF银华,81968765.0,份,,,akshare:szse_daily
2026-08-25,akshare_fund_scale_daily_szse,SZ,159777,创科技ETF国联安,28280565.0,份,,,akshare:szse_daily
2026-08-25,akshare_fund_scale_daily_szse,SZ,159778,工业互联网ETF鹏华,40255382.0,份,,,akshare:szse_daily
2026-08-25,akshare_fund_scale_daily_szse,SZ,159779,消费电子ETF招商,135869337.0,份,,,akshare:szse_daily
2026-08-25,akshare_fund_scale_daily_szse,SZ,159780,科创创业50ETF南方,3574448583.0,份,,,akshare:szse_daily
2026-08-25,akshare_fund_scale_daily_szse,SZ,159781,科创创业ETF易方达,15805860533.0,份,,,akshare:szse_daily
2026-08-25,akshare_fund_scale_daily_szse,SZ,159782,双创50ETF银华,576190267.0,份,,,akshare:szse_daily
2026-08-25,akshare_fund_scale_daily_szse,SZ,159783,科创创业50ETF华夏,5207459442.0,份,,,akshare:szse_daily
2026-08-25,akshare_fund_scale_daily_szse,SZ,159786,VRETF银华,86701174.0,份,,,akshare:szse_daily
2026-08-25,akshare_fund_scale_daily_szse,SZ,159787,建材ETF易方达,131521633.0,份,,,akshare:szse_daily
2026-08-25,akshare_fund_scale_daily_szse,SZ,159788,港股通100ETF易方达,70424965.0,份,,,akshare:szse_daily
2026-08-25,akshare_fund_scale_daily_szse,SZ,159790,碳中和ETF华夏,1543528485.0,份,,,akshare:szse_daily
2026-08-25,akshare_fund_scale_daily_szse,SZ,159791,300ESGETF华夏,31083347.0,份,,,akshare:szse_daily
2026-08-25,akshare_fund_scale_daily_szse,SZ,159792,港股通互联网ETF富国,66410855237.0,份,,,akshare:szse_daily
2026-08-25,akshare_fund_scale_daily_szse,SZ,159793,线上消费ETF平安,43758908.0,份,,,akshare:szse_daily
2026-08-25,akshare_fund_scale_daily_szse,SZ,159795,智能汽车ETF汇添富,28169473.0,份,,,akshare:szse_daily
2026-08-25,akshare_fund_scale_daily_szse,SZ,159796,电池ETF汇添富,6289467550.0,份,,,akshare:szse_daily
2026-08-25,akshare_fund_scale_daily_szse,SZ,159797,医疗器械ETF汇添富,388989247.0,份,,,akshare:szse_daily
2026-08-25,akshare_fund_scale_daily_szse,SZ,159798,消费ETF易方达,175245390.0,份,,,akshare:szse_daily
2026-08-25,akshare_fund_scale_daily_szse,SZ,159800,中证800ETF鹏华,26736802.0,份,,,akshare:szse_daily
2026-08-25,akshare_fund_scale_daily_szse,SZ,159801,芯片ETF广发,4574120172.0,份,,,akshare:szse_daily
2026-08-25,akshare_fund_scale_daily_szse,SZ,159804,创中盘88ETF国寿,15899676.0,份,,,akshare:szse_daily
2026-08-25,akshare_fund_scale_daily_szse,SZ,159805,传媒ETF鹏华,245952480.0,份,,,akshare:szse_daily
2026-08-25,akshare_fund_scale_daily_szse,SZ,159806,新能源车ETF国泰,868089446.0,份,,,akshare:szse_daily
2026-08-25,akshare_fund_scale_daily_szse,SZ,159807,科技ETF易方达,917051428.0,份,,,akshare:szse_daily
2026-08-25,akshare_fund_scale_daily_szse,SZ,159808,创100ETF融通,49484790.0,份,,,akshare:szse_daily
2026-08-25,akshare_fund_scale_daily_szse,SZ,159810,创业板ETF浦银,56475458.0,份,,,akshare:szse_daily
2026-08-25,akshare_fund_scale_daily_szse,SZ,159811,5GETF博时,75543393.0,份,,,akshare:szse_daily
2026-08-25,akshare_fund_scale_daily_szse,SZ,159812,黄金ETF前海开源,164113149.0,份,,,akshare:szse_daily
2026-08-25,akshare_fund_scale_daily_szse,SZ,159813,半导体ETF鹏华,9125724820.0,份,,,akshare:szse_daily
2026-08-25,akshare_fund_scale_daily_szse,SZ,159814,创业大盘ETF西部利得,516246520.0,份,,,akshare:szse_daily
2026-08-25,akshare_fund_scale_daily_szse,SZ,159816,0-4年地方债ETF鹏华,97097484.0,份,,,akshare:szse_daily
2026-08-25,akshare_fund_scale_daily_szse,SZ,159819,人工智能ETF易方达,12195229669.0,份,,,akshare:szse_daily
2026-08-25,akshare_fund_scale_daily_szse,SZ,159820,中证500ETF天弘,1361408470.0,份,,,akshare:szse_daily
2026-08-25,akshare_fund_scale_daily_szse,SZ,159821,创业板ETF中银证券,63320000.0,份,,,akshare:szse_daily
2026-08-25,akshare_fund_scale_daily_szse,SZ,159822,新经济ETF银华,295534315.0,份,,,akshare:szse_daily
2026-08-25,akshare_fund_scale_daily_szse,SZ,159824,新能源车ETF博时,82135070.0,份,,,akshare:szse_daily
2026-08-25,akshare_fund_scale_daily_szse,SZ,159825,农业ETF富国,2462077407.0,份,,,akshare:szse_daily
2026-08-25,akshare_fund_scale_daily_szse,SZ,159827,农业ETF银华,90716463.0,份,,,akshare:szse_daily
2026-08-25,akshare_fund_scale_daily_szse,SZ,159828,医疗ETF国泰,4656439464.0,份,,,akshare:szse_daily
2026-08-25,akshare_fund_scale_daily_szse,SZ,159830,金ETF天弘,351514066.0,份,,,akshare:szse_daily
2026-08-25,akshare_fund_scale_daily_szse,SZ,159831,金ETF嘉实,234056243.0,份,,,akshare:szse_daily
2026-08-25,akshare_fund_scale_daily_szse,SZ,159834,金ETF南方,224661376.0,份,,,akshare:szse_daily
2026-08-25,akshare_fund_scale_daily_szse,SZ,159835,创新药ETF建信,359504143.0,份,,,akshare:szse_daily
2026-08-25,akshare_fund_scale_daily_szse,SZ,159836,创业板300ETF天弘,115747113.0,份,,,akshare:szse_daily
2026-08-25,akshare_fund_scale_daily_szse,SZ,159837,生物科技ETF易方达,2792152837.0,份,,,akshare:szse_daily
2026-08-25,akshare_fund_scale_daily_szse,SZ,159838,医药50ETF博时,226763462.0,份,,,akshare:szse_daily
2026-08-25,akshare_fund_scale_daily_szse,SZ,159839,生物医药ETF汇添富,2601735165.0,份,,,akshare:szse_daily
2026-08-25,akshare_fund_scale_daily_szse,SZ,159840,锂电池ETF工银,1976574851.0,份,,,akshare:szse_daily
2026-08-25,akshare_fund_scale_daily_szse,SZ,159841,证券ETF天弘,12355638465.0,份,,,akshare:szse_daily
2026-08-25,akshare_fund_scale_daily_szse,SZ,159842,券商ETF银华,9189250631.0,份,,,akshare:szse_daily
2026-08-25,akshare_fund_scale_daily_szse,SZ,159843,食品饮料ETF招商,608955141.0,份,,,akshare:szse_daily
2026-08-25,akshare_fund_scale_daily_szse,SZ,159845,中证1000ETF华夏,2199425606.0,份,,,akshare:szse_daily
2026-08-25,akshare_fund_scale_daily_szse,SZ,159847,医疗ETF易方达,3831825354.0,份,,,akshare:szse_daily
2026-08-25,akshare_fund_scale_daily_szse,SZ,159848,证券ETF国联安,158811239.0,份,,,akshare:szse_daily
2026-08-25,akshare_fund_scale_daily_szse,SZ,159849,生物科技ETF招商,157372396.0,份,,,akshare:szse_daily
2026-08-25,akshare_fund_scale_daily_szse,SZ,159850,恒生国企ETF华夏,454706498.0,份,,,akshare:szse_daily
2026-08-25,akshare_fund_scale_daily_szse,SZ,159851,金融科技ETF华宝,9900904148.0,份,,,akshare:szse_daily
2026-08-25,akshare_fund_scale_daily_szse,SZ,159852,软件ETF嘉实,14074623921.0,份,,,akshare:szse_daily
2026-08-25,akshare_fund_scale_daily_szse,SZ,159855,影视ETF银华,184425236.0,份,,,akshare:szse_daily
2026-08-25,akshare_fund_scale_daily_szse,SZ,159856,互联网龙头ETF工银,347372474.0,份,,,akshare:szse_daily
2026-08-25,akshare_fund_scale_daily_szse,SZ,159857,光伏ETF天弘,2221515725.0,份,,,akshare:szse_daily
2026-08-25,akshare_fund_scale_daily_szse,SZ,159858,创新药ETF南方,1019098318.0,份,,,akshare:szse_daily
2026-08-25,akshare_fund_scale_daily_szse,SZ,159859,生物医药ETF天弘,10253240054.0,份,,,akshare:szse_daily
2026-08-25,akshare_fund_scale_daily_szse,SZ,159861,碳中和50ETF国泰,97117535.0,份,,,akshare:szse_daily
2026-08-25,akshare_fund_scale_daily_szse,SZ,159862,食品饮料ETF银华,307500623.0,份,,,akshare:szse_daily
2026-08-25,akshare_fund_scale_daily_szse,SZ,159863,光伏ETF鹏华,293729352.0,份,,,akshare:szse_daily
2026-08-25,akshare_fund_scale_daily_szse,SZ,159864,光伏ETF国泰,632526827.0,份,,,akshare:szse_daily
2026-08-25,akshare_fund_scale_daily_szse,SZ,159865,养殖ETF国泰,12225455659.0,份,,,akshare:szse_daily
2026-08-25,akshare_fund_scale_daily_szse,SZ,159866,日经ETF工银,1104979377.0,份,,,akshare:szse_daily
2026-08-25,akshare_fund_scale_daily_szse,SZ,159867,养殖ETF鹏华,1604643594.0,份,,,akshare:szse_daily
2026-08-25,akshare_fund_scale_daily_szse,SZ,159869,游戏ETF华夏,7958082127.0,份,,,akshare:szse_daily
2026-08-25,akshare_fund_scale_daily_szse,SZ,159870,化工ETF鹏华,16688107019.0,份,,,akshare:szse_daily
2026-08-25,akshare_fund_scale_daily_szse,SZ,159871,有色ETF银华,1151732506.0,份,,,akshare:szse_daily
2026-08-25,akshare_fund_scale_daily_szse,SZ,159872,智能网联汽车ETF鹏华,58799732.0,份,,,akshare:szse_daily
2026-08-25,akshare_fund_scale_daily_szse,SZ,159873,医疗设备ETF天弘,477920000.0,份,,,akshare:szse_daily
2026-08-25,akshare_fund_scale_daily_szse,SZ,159875,新能源ETF嘉实,2511162899.0,份,,,akshare:szse_daily
2026-08-25,akshare_fund_scale_daily_szse,SZ,159876,有色ETF华宝,1727377018.0,份,,,akshare:szse_daily
2026-08-25,akshare_fund_scale_daily_szse,SZ,159877,医疗ETF南方,249792292.0,份,,,akshare:szse_daily
2026-08-25,akshare_fund_scale_daily_szse,SZ,159880,有色ETF鹏华,1286103036.0,份,,,akshare:szse_daily
2026-08-25,akshare_fund_scale_daily_szse,SZ,159881,有色金属ETF国泰,202499166.0,份,,,akshare:szse_daily
2026-08-25,akshare_fund_scale_daily_szse,SZ,159883,医疗器械ETF永赢,9034037843.0,份,,,akshare:szse_daily
2026-08-25,akshare_fund_scale_daily_szse,SZ,159885,碳中和ETF鹏华,246467316.0,份,,,akshare:szse_daily
2026-08-25,akshare_fund_scale_daily_szse,SZ,159886,机械ETF富国,66642555.0,份,,,akshare:szse_daily
2026-08-25,akshare_fund_scale_daily_szse,SZ,159887,银行ETF富国,591015950.0,份,,,akshare:szse_daily
2026-08-25,akshare_fund_scale_daily_szse,SZ,159888,智能汽车ETF华夏,67446068.0,份,,,akshare:szse_daily
2026-08-25,akshare_fund_scale_daily_szse,SZ,159889,智能汽车ETF国泰,27400796.0,份,,,akshare:szse_daily
2026-08-25,akshare_fund_scale_daily_szse,SZ,159890,云计算ETF招商,236590688.0,份,,,akshare:szse_daily
2026-08-25,akshare_fund_scale_daily_szse,SZ,159891,医疗ETF建信,347024837.0,份,,,akshare:szse_daily
2026-08-25,akshare_fund_scale_daily_szse,SZ,159892,恒生医药ETF华夏,5594266022.0,份,,,akshare:szse_daily
2026-08-25,akshare_fund_scale_daily_szse,SZ,159895,物联网ETF易方达,78241864.0,份,,,akshare:szse_daily
2026-08-25,akshare_fund_scale_daily_szse,SZ,159896,物联网ETF南方,38055960.0,份,,,akshare:szse_daily
2026-08-25,akshare_fund_scale_daily_szse,SZ,159898,医疗器械ETF招商,904098825.0,份,,,akshare:szse_daily
2026-08-25,akshare_fund_scale_daily_szse,SZ,159899,软件ETF招商,969977729.0,份,,,akshare:szse_daily
2026-08-25,akshare_fund_scale_daily_szse,SZ,159901,深证100ETF易方达,972234930.0,份,,,akshare:szse_daily
2026-08-25,akshare_fund_scale_daily_szse,SZ,159902,中小100ETF华夏,75960849.0,份,,,akshare:szse_daily
2026-08-25,akshare_fund_scale_daily_szse,SZ,159903,深成ETF南方,466154507.0,份,,,akshare:szse_daily
2026-08-25,akshare_fund_scale_daily_szse,SZ,159905,红利ETF工银,989943951.0,份,,,akshare:szse_daily
2026-08-25,akshare_fund_scale_daily_szse,SZ,159906,深成长ETF大成,152639725.0,份,,,akshare:szse_daily
2026-08-25,akshare_fund_scale_daily_szse,SZ,159907,国证2000ETF广发,173197694.0,份,,,akshare:szse_daily
2026-08-25,akshare_fund_scale_daily_szse,SZ,159908,创业板ETF博时,317229029.0,份,,,akshare:szse_daily
2026-08-25,akshare_fund_scale_daily_szse,SZ,159909,TMT50ETF招商,531561992.0,份,,,akshare:szse_daily
2026-08-25,akshare_fund_scale_daily_szse,SZ,159910,基本面120ETF嘉实,82906143.0,份,,,akshare:szse_daily
2026-08-25,akshare_fund_scale_daily_szse,SZ,159912,深300ETF汇添富,68448991.0,份,,,akshare:szse_daily
2026-08-25,akshare_fund_scale_daily_szse,SZ,159913,深价值ETF交银,22629693.0,份,,,akshare:szse_daily
2026-08-25,akshare_fund_scale_daily_szse,SZ,159915,创业板ETF易方达,19004454936.0,份,,,akshare:szse_daily
2026-08-25,akshare_fund_scale_daily_szse,SZ,159916,基本面ETF建信,42566039.0,份,,,akshare:szse_daily
2026-08-25,akshare_fund_scale_daily_szse,SZ,159918,中创400ETF嘉实,30561264.0,份,,,akshare:szse_daily
2026-08-25,akshare_fund_scale_daily_szse,SZ,159919,沪深300ETF嘉实,6300216676.0,份,,,akshare:szse_daily
2026-08-25,akshare_fund_scale_daily_szse,SZ,159920,恒生ETF华夏,5779559219.0,份,,,akshare:szse_daily
2026-08-25,akshare_fund_scale_daily_szse,SZ,159922,中证500ETF嘉实,2829676765.0,份,,,akshare:szse_daily
2026-08-25,akshare_fund_scale_daily_szse,SZ,159923,中证A100ETF大成,12285812.0,份,,,akshare:szse_daily
2026-08-25,akshare_fund_scale_daily_szse,SZ,159925,沪深300ETF南方,614120856.0,份,,,akshare:szse_daily
2026-08-25,akshare_fund_scale_daily_szse,SZ,159928,消费ETF汇添富,23026629040.0,份,,,akshare:szse_daily
2026-08-25,akshare_fund_scale_daily_szse,SZ,159929,医药ETF汇添富,1668204203.0,份,,,akshare:szse_daily
2026-08-25,akshare_fund_scale_daily_szse,SZ,159930,能源ETF汇添富,519398150.0,份,,,akshare:szse_daily
2026-08-25,akshare_fund_scale_daily_szse,SZ,159931,金融地产ETF汇添富,17828511.0,份,,,akshare:szse_daily
2026-08-25,akshare_fund_scale_daily_szse,SZ,159933,金融地产ETF国投瑞银,36378943.0,份,,,akshare:szse_daily
2026-08-25,akshare_fund_scale_daily_szse,SZ,159934,黄金ETF易方达,3912408998.0,份,,,akshare:szse_daily
2026-08-25,akshare_fund_scale_daily_szse,SZ,159935,中证500ETF景顺,26572956.0,份,,,akshare:szse_daily
2026-08-25,akshare_fund_scale_daily_szse,SZ,159936,可选消费ETF广发,108156094.0,份,,,akshare:szse_daily
2026-08-25,akshare_fund_scale_daily_szse,SZ,159937,黄金ETF博时,4748521977.0,份,,,akshare:szse_daily
2026-08-25,akshare_fund_scale_daily_szse,SZ,159938,医药ETF广发,7229567236.0,份,,,akshare:szse_daily
2026-08-25,akshare_fund_scale_daily_szse,SZ,159939,信息技术ETF广发,777656106.0,份,,,akshare:szse_daily
2026-08-25,akshare_fund_scale_daily_szse,SZ,159940,金融地产ETF广发,287059983.0,份,,,akshare:szse_daily
2026-08-25,akshare_fund_scale_daily_szse,SZ,159941,纳指ETF广发,22535810164.0,份,,,akshare:szse_daily
2026-08-25,akshare_fund_scale_daily_szse,SZ,159943,深证成指ETF大成,203229922.0,份,,,akshare:szse_daily
2026-08-25,akshare_fund_scale_daily_szse,SZ,159944,材料ETF广发,31608342.0,份,,,akshare:szse_daily
2026-08-25,akshare_fund_scale_daily_szse,SZ,159945,能源ETF广发,61072327.0,份,,,akshare:szse_daily
2026-08-25,akshare_fund_scale_daily_szse,SZ,159948,创业板ETF南方,1158697720.0,份,,,akshare:szse_daily
2026-08-25,akshare_fund_scale_daily_szse,SZ,159949,创业板50ETF华安,15312785113.0,份,,,akshare:szse_daily
2026-08-25,akshare_fund_scale_daily_szse,SZ,159952,创业板ETF广发,5466684929.0,份,,,akshare:szse_daily
2026-08-25,akshare_fund_scale_daily_szse,SZ,159954,恒生中国企业ETF南方,188105083.0,份,,,akshare:szse_daily
2026-08-25,akshare_fund_scale_daily_szse,SZ,159956,创业板ETF建信,47978674.0,份,,,akshare:szse_daily
2026-08-25,akshare_fund_scale_daily_szse,SZ,159957,创业板ETF华夏,1179784560.0,份,,,akshare:szse_daily
2026-08-25,akshare_fund_scale_daily_szse,SZ,159958,创业板ETF工银,235011448.0,份,,,akshare:szse_daily
2026-08-25,akshare_fund_scale_daily_szse,SZ,159959,央企ETF银华,1826891780.0,份,,,akshare:szse_daily
2026-08-25,akshare_fund_scale_daily_szse,SZ,159960,恒生中国企业ETF平安,88573960.0,份,,,akshare:szse_daily
2026-08-25,akshare_fund_scale_daily_szse,SZ,159961,深100ETF方正富邦,99245196.0,份,,,akshare:szse_daily
2026-08-25,akshare_fund_scale_daily_szse,SZ,159964,创业板ETF平安,165481881.0,份,,,akshare:szse_daily
2026-08-25,akshare_fund_scale_daily_szse,SZ,159965,央视50ETF国联,21426953.0,份,,,akshare:szse_daily
2026-08-25,akshare_fund_scale_daily_szse,SZ,159966,创业板价值ETF华夏,641999521.0,份,,,akshare:szse_daily
2026-08-25,akshare_fund_scale_daily_szse,SZ,159967,创业板成长ETF华夏,7524305811.0,份,,,akshare:szse_daily
2026-08-25,akshare_fund_scale_daily_szse,SZ,159968,中证500ETF博时,64495098.0,份,,,akshare:szse_daily
2026-08-25,akshare_fund_scale_daily_szse,SZ,159970,深100ETF工银,10468704.0,份,,,akshare:szse_daily
2026-08-25,akshare_fund_scale_daily_szse,SZ,159971,创业板ETF富国,1692020288.0,份,,,akshare:szse_daily
2026-08-25,akshare_fund_scale_daily_szse,SZ,159972,5年地方债ETF鹏华,65425910.0,份,,,akshare:szse_daily
2026-08-25,akshare_fund_scale_daily_szse,SZ,159973,民企ETF弘毅远方,199976423.0,份,,,akshare:szse_daily
2026-08-25,akshare_fund_scale_daily_szse,SZ,159974,央企创新ETF富国,40432422.0,份,,,akshare:szse_daily
2026-08-25,akshare_fund_scale_daily_szse,SZ,159975,深100ETF招商,49437760.0,份,,,akshare:szse_daily
2026-08-25,akshare_fund_scale_daily_szse,SZ,159976,湾创ETF工银,63885872.0,份,,,akshare:szse_daily
2026-08-25,akshare_fund_scale_daily_szse,SZ,159977,创业板ETF天弘,3611872820.0,份,,,akshare:szse_daily
2026-08-25,akshare_fund_scale_daily_szse,SZ,159980,有色ETF大成,2960824777.0,份,,,akshare:szse_daily
2026-08-25,akshare_fund_scale_daily_szse,SZ,159981,能源化工ETF建信,1836536957.0,份,,,akshare:szse_daily
2026-08-25,akshare_fund_scale_daily_szse,SZ,159982,中证500ETF鹏华,200211253.0,份,,,akshare:szse_daily
2026-08-25,akshare_fund_scale_daily_szse,SZ,159985,豆粕ETF华夏,1557124066.0,份,,,akshare:szse_daily
2026-08-25,akshare_fund_scale_daily_szse,SZ,159991,创业板大盘ETF招商,102663172.0,份,,,akshare:szse_daily
2026-08-25,akshare_fund_scale_daily_szse,SZ,159992,创新药ETF银华,19305581217.0,份,,,akshare:szse_daily
2026-08-25,akshare_fund_scale_daily_szse,SZ,159993,证券ETF鹏华,3312697982.0,份,,,akshare:szse_daily
2026-08-25,akshare_fund_scale_daily_szse,SZ,159994,通信ETF银华,3966003358.0,份,,,akshare:szse_daily
2026-08-25,akshare_fund_scale_daily_szse,SZ,159995,芯片ETF华夏,24371126012.0,份,,,akshare:szse_daily
2026-08-25,akshare_fund_scale_daily_szse,SZ,159996,家电ETF国泰,466554846.0,份,,,akshare:szse_daily
2026-08-25,akshare_fund_scale_daily_szse,SZ,159997,电子ETF天弘,699306634.0,份,,,akshare:szse_daily
2026-08-25,akshare_fund_scale_daily_szse,SZ,159998,计算机ETF天弘,1594655354.0,份,,,akshare:szse_daily
2026-08-24,akshare_fund_scale_daily_szse,SZ,158003,港股通医疗ETF嘉实,154654396.0,份,,,akshare:szse_daily
2026-08-24,akshare_fund_scale_daily_szse,SZ,158005,工程机械ETF博时,203061376.0,份,,,akshare:szse_daily
2026-08-24,akshare_fund_scale_daily_szse,SZ,158006,化工ETF博时,41046012.0,份,,,akshare:szse_daily
2026-08-24,akshare_fund_scale_daily_szse,SZ,158009,航空航天ETF南方,46373819.0,份,,,akshare:szse_daily
2026-08-24,akshare_fund_scale_daily_szse,SZ,158012,云计算ETF南方,289825566.0,份,,,akshare:szse_daily
2026-08-24,akshare_fund_scale_daily_szse,SZ,159001,货币ETF易方达,29107533.0,份,,,akshare:szse_daily
2026-08-24,akshare_fund_scale_daily_szse,SZ,159003,招商快线ETF,2173627.0,份,,,akshare:szse_daily
2026-08-24,akshare_fund_scale_daily_szse,SZ,159005,快钱ETF汇添富,1130766.0,份,,,akshare:szse_daily
2026-08-24,akshare_fund_scale_daily_szse,SZ,159007,养殖ETF华泰柏瑞,190603274.0,份,,,akshare:szse_daily
2026-08-24,akshare_fund_scale_daily_szse,SZ,159008,证券ETF景顺,115284531.0,份,,,akshare:szse_daily
2026-08-24,akshare_fund_scale_daily_szse,SZ,159009,创业板新能源ETF易方达,59392703.0,份,,,akshare:szse_daily
2026-08-24,akshare_fund_scale_daily_szse,SZ,159010,港股通科技ETF博时,200097611.0,份,,,akshare:szse_daily
2026-08-24,akshare_fund_scale_daily_szse,SZ,159011,养殖ETF华安,28505168.0,份,,,akshare:szse_daily
2026-08-24,akshare_fund_scale_daily_szse,SZ,159012,科创创业50ETF鹏华,113881148.0,份,,,akshare:szse_daily
2026-08-24,akshare_fund_scale_daily_szse,SZ,159013,工业互联网ETF大成,40578881.0,份,,,akshare:szse_daily
2026-08-24,akshare_fund_scale_daily_szse,SZ,159015,恒生港股通科技ETF国联,110352934.0,份,,,akshare:szse_daily
2026-08-24,akshare_fund_scale_daily_szse,SZ,159016,证券ETF广发,384540154.0,份,,,akshare:szse_daily
2026-08-24,akshare_fund_scale_daily_szse,SZ,159017,石油ETF工银,152256813.0,份,,,akshare:szse_daily
2026-08-24,akshare_fund_scale_daily_szse,SZ,159018,石油ETF广发,26904203.0,份,,,akshare:szse_daily
2026-08-24,akshare_fund_scale_daily_szse,SZ,159019,石油ETF华宝,48327711.0,份,,,akshare:szse_daily
2026-08-24,akshare_fund_scale_daily_szse,SZ,159020,养殖ETF易方达,134567082.0,份,,,akshare:szse_daily
2026-08-24,akshare_fund_scale_daily_szse,SZ,159021,大盘价值ETF华夏,96907712.0,份,,,akshare:szse_daily
2026-08-24,akshare_fund_scale_daily_szse,SZ,159022,科创创业人工智能ETF富国,177630967.0,份,,,akshare:szse_daily
2026-08-24,akshare_fund_scale_daily_szse,SZ,159023,养殖ETF万家,37777943.0,份,,,akshare:szse_daily
2026-08-24,akshare_fund_scale_daily_szse,SZ,159026,石油ETF南方,45513446.0,份,,,akshare:szse_daily
2026-08-24,akshare_fund_scale_daily_szse,SZ,159027,畜牧养殖ETF大成,114472283.0,份,,,akshare:szse_daily
2026-08-24,akshare_fund_scale_daily_szse,SZ,159028,港股汽车ETF天弘,125449016.0,份,,,akshare:szse_daily
2026-08-24,akshare_fund_scale_daily_szse,SZ,159029,有色ETF广发,306127717.0,份,,,akshare:szse_daily
2026-08-24,akshare_fund_scale_daily_szse,SZ,159030,粮食ETF华夏,356968176.0,份,,,akshare:szse_daily
2026-08-24,akshare_fund_scale_daily_szse,SZ,159031,粮食ETF博时,552028624.0,份,,,akshare:szse_daily
2026-08-24,akshare_fund_scale_daily_szse,SZ,159032,工业有色ETF易方达,257845019.0,份,,,akshare:szse_daily
2026-08-24,akshare_fund_scale_daily_szse,SZ,159033,粮食ETF国泰,132323473.0,份,,,akshare:szse_daily
2026-08-24,akshare_fund_scale_daily_szse,SZ,159035,软件ETF天弘,595859726.0,份,,,akshare:szse_daily
2026-08-24,akshare_fund_scale_daily_szse,SZ,159036,软件开发ETF华宝,283740164.0,份,,,akshare:szse_daily
2026-08-24,akshare_fund_scale_daily_szse,SZ,159037,价值ETF鹏华,74249832.0,份,,,akshare:szse_daily
2026-08-24,akshare_fund_scale_daily_szse,SZ,159038,粮食ETF易方达,208026939.0,份,,,akshare:szse_daily
2026-08-24,akshare_fund_scale_daily_szse,SZ,159039,机器人ETF华安,960461422.0,份,,,akshare:szse_daily
2026-08-24,akshare_fund_scale_daily_szse,SZ,159040,港股通互联网ETF鹏华,35481087.0,份,,,akshare:szse_daily
2026-08-24,akshare_fund_scale_daily_szse,SZ,159041,农业ETF鹏华,67471832.0,份,,,akshare:szse_daily
2026-08-24,akshare_fund_scale_daily_szse,SZ,159042,价值ETF汇添富,100801105.0,份,,,akshare:szse_daily
2026-08-24,akshare_fund_scale_daily_szse,SZ,159043,食品ETF华安,152770695.0,份,,,akshare:szse_daily
2026-08-24,akshare_fund_scale_daily_szse,SZ,159045,稀有金属ETF大成,169330213.0,份,,,akshare:szse_daily
2026-08-24,akshare_fund_scale_daily_szse,SZ,159046,绿电ETF天弘,476976854.0,份,,,akshare:szse_daily
2026-08-24,akshare_fund_scale_daily_szse,SZ,159048,机器人ETF大成,200803897.0,份,,,akshare:szse_daily
2026-08-24,akshare_fund_scale_daily_szse,SZ,159049,有色ETF工银,40073319.0,份,,,akshare:szse_daily
2026-08-24,akshare_fund_scale_daily_szse,SZ,159050,机器人ETF广发,685703612.0,份,,,akshare:szse_daily
2026-08-24,akshare_fund_scale_daily_szse,SZ,159051,医疗器械ETF易方达,90117894.0,份,,,akshare:szse_daily
2026-08-24,akshare_fund_scale_daily_szse,SZ,159052,新能源电池ETF嘉实,194926092.0,份,,,akshare:szse_daily
2026-08-24,akshare_fund_scale_daily_szse,SZ,159053,稀有金属ETF华夏,164198132.0,份,,,akshare:szse_daily
2026-08-24,akshare_fund_scale_daily_szse,SZ,159055,稀有金属ETF富国,121293952.0,份,,,akshare:szse_daily
2026-08-24,akshare_fund_scale_daily_szse,SZ,159056,医疗器械ETF富国,72934358.0,份,,,akshare:szse_daily
2026-08-24,akshare_fund_scale_daily_szse,SZ,159057,医疗器械ETF鹏华,31715334.0,份,,,akshare:szse_daily
2026-08-24,akshare_fund_scale_daily_szse,SZ,159058,证券ETF大成,121331247.0,份,,,akshare:szse_daily
2026-08-24,akshare_fund_scale_daily_szse,SZ,159059,电力ETF大成,58830063.0,份,,,akshare:szse_daily
2026-08-24,akshare_fund_scale_daily_szse,SZ,159060,粮食ETF浦银,39483423.0,份,,,akshare:szse_daily
2026-08-24,akshare_fund_scale_daily_szse,SZ,159061,绿色电力ETF南方,219640230.0,份,,,akshare:szse_daily
2026-08-24,akshare_fund_scale_daily_szse,SZ,159062,稀有金属ETF南方,115201256.0,份,,,akshare:szse_daily
2026-08-24,akshare_fund_scale_daily_szse,SZ,159063,粮食ETF南方,54986647.0,份,,,akshare:szse_daily
2026-08-24,akshare_fund_scale_daily_szse,SZ,159065,工程机械ETF景顺,109350818.0,份,,,akshare:szse_daily
2026-08-24,akshare_fund_scale_daily_szse,SZ,159066,A股ETF建信,212733027.0,份,,,akshare:szse_daily
2026-08-24,akshare_fund_scale_daily_szse,SZ,159067,绿色电力ETF鹏华,20908737.0,份,,,akshare:szse_daily
2026-08-24,akshare_fund_scale_daily_szse,SZ,159068,软件ETF华夏,65336570.0,份,,,akshare:szse_daily
2026-08-24,akshare_fund_scale_daily_szse,SZ,159069,创业板新能源ETF华泰柏瑞,42770440.0,份,,,akshare:szse_daily
2026-08-24,akshare_fund_scale_daily_szse,SZ,159070,工程机械ETF嘉实,104366883.0,份,,,akshare:szse_daily
2026-08-24,akshare_fund_scale_daily_szse,SZ,159071,新能源电池ETF华宝,119911738.0,份,,,akshare:szse_daily
2026-08-24,akshare_fund_scale_daily_szse,SZ,159072,粮食ETF景顺,40285157.0,份,,,akshare:szse_daily
2026-08-24,akshare_fund_scale_daily_szse,SZ,159073,粮食ETF汇添富,144173864.0,份,,,akshare:szse_daily
2026-08-24,akshare_fund_scale_daily_szse,SZ,159075,工业互联网ETF华夏,182197165.0,份,,,akshare:szse_daily
2026-08-24,akshare_fund_scale_daily_szse,SZ,159076,创业板新能源ETF华宝,252373015.0,份,,,akshare:szse_daily
2026-08-24,akshare_fund_scale_daily_szse,SZ,159077,电池ETF鑫元,41242574.0,份,,,akshare:szse_daily
2026-08-24,akshare_fund_scale_daily_szse,SZ,159078,A股ETF富国,177262460.0,份,,,akshare:szse_daily
2026-08-24,akshare_fund_scale_daily_szse,SZ,159079,价值ETF兴全,104806830.0,份,,,akshare:szse_daily
2026-08-24,akshare_fund_scale_daily_szse,SZ,159082,化工ETF华夏,137531212.0,份,,,akshare:szse_daily
2026-08-24,akshare_fund_scale_daily_szse,SZ,159083,红利低波100ETF嘉实,240370472.0,份,,,akshare:szse_daily
2026-08-24,akshare_fund_scale_daily_szse,SZ,159085,价值ETF永赢,34535454.0,份,,,akshare:szse_daily
2026-08-24,akshare_fund_scale_daily_szse,SZ,159086,金融科技ETF广发,31399823.0,份,,,akshare:szse_daily
2026-08-24,akshare_fund_scale_daily_szse,SZ,159087,化工ETF万家,43992150.0,份,,,akshare:szse_daily
2026-08-24,akshare_fund_scale_daily_szse,SZ,159091,港股通金融ETF易方达,28374196.0,份,,,akshare:szse_daily
2026-08-24,akshare_fund_scale_daily_szse,SZ,159093,化工ETF汇添富,29681470.0,份,,,akshare:szse_daily
2026-08-24,akshare_fund_scale_daily_szse,SZ,159095,云计算ETF银华,233468139.0,份,,,akshare:szse_daily
2026-08-24,akshare_fund_scale_daily_szse,SZ,159098,价值ETF招商,153891589.0,份,,,akshare:szse_daily
2026-08-24,akshare_fund_scale_daily_szse,SZ,159099,云计算ETF华宝,109610546.0,份,,,akshare:szse_daily
2026-08-24,akshare_fund_scale_daily_szse,SZ,159100,巴西ETF华夏,470046935.0,份,,,akshare:szse_daily
2026-08-24,akshare_fund_scale_daily_szse,SZ,159101,港股通科技ETF华夏,2874311457.0,份,,,akshare:szse_daily
2026-08-24,akshare_fund_scale_daily_szse,SZ,159102,港股通生物科技ETF华安,668622004.0,份,,,akshare:szse_daily
2026-08-24,akshare_fund_scale_daily_szse,SZ,159103,金融科技ETF汇添富,322406771.0,份,,,akshare:szse_daily
2026-08-24,akshare_fund_scale_daily_szse,SZ,159105,恒生生物科技ETF易方达,185272984.0,份,,,akshare:szse_daily
2026-08-24,akshare_fund_scale_daily_szse,SZ,159106,民企300ETF前海开源,39579488.0,份,,,akshare:szse_daily
2026-08-24,akshare_fund_scale_daily_szse,SZ,159107,创业板软件ETF富国,790823006.0,份,,,akshare:szse_daily
2026-08-24,akshare_fund_scale_daily_szse,SZ,159108,工业软件ETF博时,123738511.0,份,,,akshare:szse_daily
2026-08-24,akshare_fund_scale_daily_szse,SZ,159109,恒生50ETF景顺,588163854.0,份,,,akshare:szse_daily
2026-08-24,akshare_fund_scale_daily_szse,SZ,159110,科创债ETF万家,22627093.0,份,,,akshare:szse_daily
2026-08-24,akshare_fund_scale_daily_szse,SZ,159111,科创债ETF天弘,144276676.0,份,,,akshare:szse_daily
2026-08-24,akshare_fund_scale_daily_szse,SZ,159112,科创债ETF银华,221887830.0,份,,,akshare:szse_daily
2026-08-24,akshare_fund_scale_daily_szse,SZ,159113,科创债ETF大成,86596237.0,份,,,akshare:szse_daily
2026-08-24,akshare_fund_scale_daily_szse,SZ,159115,科创债ETF华安,51543487.0,份,,,akshare:szse_daily
2026-08-24,akshare_fund_scale_daily_szse,SZ,159116,科创债ETF工银,113852743.0,份,,,akshare:szse_daily
2026-08-24,akshare_fund_scale_daily_szse,SZ,159117,港股通红利低波ETF鹏华,61401153.0,份,,,akshare:szse_daily
2026-08-24,akshare_fund_scale_daily_szse,SZ,159118,港股通红利低波ETF华夏,69677020.0,份,,,akshare:szse_daily
2026-08-24,akshare_fund_scale_daily_szse,SZ,159119,800现金流ETF招商,154054229.0,份,,,akshare:szse_daily
2026-08-24,akshare_fund_scale_daily_szse,SZ,159120,港股通科技ETF国联安,148024466.0,份,,,akshare:szse_daily
2026-08-24,akshare_fund_scale_daily_szse,SZ,159121,港股通汽车ETF易方达,145481127.0,份,,,akshare:szse_daily
2026-08-24,akshare_fund_scale_daily_szse,SZ,159122,创业板新能源ETF富国,67160935.0,份,,,akshare:szse_daily
2026-08-24,akshare_fund_scale_daily_szse,SZ,159123,光伏ETF嘉实,386047026.0,份,,,akshare:szse_daily
2026-08-24,akshare_fund_scale_daily_szse,SZ,159125,港股通科技ETF招商,840245883.0,份,,,akshare:szse_daily
2026-08-24,akshare_fund_scale_daily_szse,SZ,159126,港股通50ETF南方,227616546.0,份,,,akshare:szse_daily
2026-08-24,akshare_fund_scale_daily_szse,SZ,159127,港股通红利ETF南方,157344268.0,份,,,akshare:szse_daily
2026-08-24,akshare_fund_scale_daily_szse,SZ,159128,港股科技ETF天弘,1891760841.0,份,,,akshare:szse_daily
2026-08-24,akshare_fund_scale_daily_szse,SZ,159129,化工ETF嘉实,1159406595.0,份,,,akshare:szse_daily
2026-08-24,akshare_fund_scale_daily_szse,SZ,159130,恒生生物科技ETF鹏华,206389466.0,份,,,akshare:szse_daily
2026-08-24,akshare_fund_scale_daily_szse,SZ,159131,港股通信息技术ETF华宝,2331919902.0,份,,,akshare:szse_daily
2026-08-24,akshare_fund_scale_daily_szse,SZ,159132,恒生生物科技ETF富国,123963558.0,份,,,akshare:szse_daily
2026-08-24,akshare_fund_scale_daily_szse,SZ,159133,化工ETF天弘,1577413345.0,份,,,akshare:szse_daily
2026-08-24,akshare_fund_scale_daily_szse,SZ,159135,港股通科技ETF前海开源,618466376.0,份,,,akshare:szse_daily
2026-08-24,akshare_fund_scale_daily_szse,SZ,159136,A50ETF广发,109414074.0,份,,,akshare:szse_daily
2026-08-24,akshare_fund_scale_daily_szse,SZ,159137,港股通医疗ETF华宝,157632607.0,份,,,akshare:szse_daily
2026-08-24,akshare_fund_scale_daily_szse,SZ,159138,工程机械ETF易方达,294267924.0,份,,,akshare:szse_daily
2026-08-24,akshare_fund_scale_daily_szse,SZ,159139,科创创业人工智能ETF华泰柏瑞,198109210.0,份,,,akshare:szse_daily
2026-08-24,akshare_fund_scale_daily_szse,SZ,159140,科创创业人工智能ETF易方达,523936834.0,份,,,akshare:szse_daily
2026-08-24,akshare_fund_scale_daily_szse,SZ,159141,科创创业人工智能ETF永赢,1323060730.0,份,,,akshare:szse_daily
2026-08-24,akshare_fund_scale_daily_szse,SZ,159142,科创创业人工智能ETF景顺,1193260142.0,份,,,akshare:szse_daily
2026-08-24,akshare_fund_scale_daily_szse,SZ,159143,港股通央企红利ETF平安,55554456.0,份,,,akshare:szse_daily
2026-08-24,akshare_fund_scale_daily_szse,SZ,159145,工业软件ETF广发,67581845.0,份,,,akshare:szse_daily
2026-08-24,akshare_fund_scale_daily_szse,SZ,159146,电力ETF华宝,732440849.0,份,,,akshare:szse_daily
2026-08-24,akshare_fund_scale_daily_szse,SZ,159147,电池ETF南方,2069409552.0,份,,,akshare:szse_daily
2026-08-24,akshare_fund_scale_daily_szse,SZ,159148,石油ETF富国,240466601.0,份,,,akshare:szse_daily
2026-08-24,akshare_fund_scale_daily_szse,SZ,159149,创业板新能源ETF工银,52515298.0,份,,,akshare:szse_daily
2026-08-24,akshare_fund_scale_daily_szse,SZ,159150,深证50ETF易方达,95997623.0,份,,,akshare:szse_daily
2026-08-24,akshare_fund_scale_daily_szse,SZ,159151,食品ETF华夏,190051063.0,份,,,akshare:szse_daily
2026-08-24,akshare_fund_scale_daily_szse,SZ,159152,港股通科技ETF平安,818556093.0,份,,,akshare:szse_daily
2026-08-24,akshare_fund_scale_daily_szse,SZ,159153,消费电子ETF鹏华,94225988.0,份,,,akshare:szse_daily
2026-08-24,akshare_fund_scale_daily_szse,SZ,159155,电池ETF大成,487513298.0,份,,,akshare:szse_daily
2026-08-24,akshare_fund_scale_daily_szse,SZ,159156,电池ETF万家,212461253.0,份,,,akshare:szse_daily
2026-08-24,akshare_fund_scale_daily_szse,SZ,159157,有色金属ETF天弘,8035758760.0,份,,,akshare:szse_daily
2026-08-24,akshare_fund_scale_daily_szse,SZ,159158,电力ETF景顺,897035344.0,份,,,akshare:szse_daily
2026-08-24,akshare_fund_scale_daily_szse,SZ,159159,公用事业ETF国投瑞银,120318582.0,份,,,akshare:szse_daily
2026-08-24,akshare_fund_scale_daily_szse,SZ,159160,电池ETF东财,215819254.0,份,,,akshare:szse_daily
2026-08-24,akshare_fund_scale_daily_szse,SZ,159161,工程机械ETF东财,68331260.0,份,,,akshare:szse_daily
2026-08-24,akshare_fund_scale_daily_szse,SZ,159162,工业有色ETF鹏华,437939837.0,份,,,akshare:szse_daily
2026-08-24,akshare_fund_scale_daily_szse,SZ,159163,有色ETF泰康,266807013.0,份,,,akshare:szse_daily
2026-08-24,akshare_fund_scale_daily_szse,SZ,159165,养殖ETF永赢,110571257.0,份,,,akshare:szse_daily
2026-08-24,akshare_fund_scale_daily_szse,SZ,159166,现金流ETF长城,560816059.0,份,,,akshare:szse_daily
2026-08-24,akshare_fund_scale_daily_szse,SZ,159167,港股通医疗ETF工银,188549164.0,份,,,akshare:szse_daily
2026-08-24,akshare_fund_scale_daily_szse,SZ,159168,有色ETF富国,532455060.0,份,,,akshare:szse_daily
2026-08-24,akshare_fund_scale_daily_szse,SZ,159169,恒生生物科技ETF广发,134874485.0,份,,,akshare:szse_daily
2026-08-24,akshare_fund_scale_daily_szse,SZ,159170,港股通互联网ETF永赢,399638357.0,份,,,akshare:szse_daily
2026-08-24,akshare_fund_scale_daily_szse,SZ,159171,工业有色ETF博时,217532934.0,份,,,akshare:szse_daily
2026-08-24,akshare_fund_scale_daily_szse,SZ,159172,养殖ETF汇添富,394829293.0,份,,,akshare:szse_daily
2026-08-24,akshare_fund_scale_daily_szse,SZ,159173,农牧ETF南方,49455388.0,份,,,akshare:szse_daily
2026-08-24,akshare_fund_scale_daily_szse,SZ,159175,电池ETF易方达,488270382.0,份,,,akshare:szse_daily
2026-08-24,akshare_fund_scale_daily_szse,SZ,159176,家电ETF华宝,23303341.0,份,,,akshare:szse_daily
2026-08-24,akshare_fund_scale_daily_szse,SZ,159177,工程机械ETF鹏华,47619279.0,份,,,akshare:szse_daily
2026-08-24,akshare_fund_scale_daily_szse,SZ,159178,消费电子ETF汇添富,86432994.0,份,,,akshare:szse_daily
2026-08-24,akshare_fund_scale_daily_szse,SZ,159179,港股通互联网ETF工银,102903568.0,份,,,akshare:szse_daily
2026-08-24,akshare_fund_scale_daily_szse,SZ,159180,软件ETF银华,35155926.0,份,,,akshare:szse_daily
2026-08-24,akshare_fund_scale_daily_szse,SZ,159181,石油ETF易方达,130405335.0,份,,,akshare:szse_daily
2026-08-24,akshare_fund_scale_daily_szse,SZ,159182,家电ETF南方,36485663.0,份,,,akshare:szse_daily
2026-08-24,akshare_fund_scale_daily_szse,SZ,159183,新能源车ETF招商,45387793.0,份,,,akshare:szse_daily
2026-08-24,akshare_fund_scale_daily_szse,SZ,159185,港股通信息技术ETF鹏华,195099035.0,份,,,akshare:szse_daily
2026-08-24,akshare_fund_scale_daily_szse,SZ,159186,港股通汽车ETF鹏华,84869245.0,份,,,akshare:szse_daily
2026-08-24,akshare_fund_scale_daily_szse,SZ,159187,创业板新能源ETF景顺,58176266.0,份,,,akshare:szse_daily
2026-08-24,akshare_fund_scale_daily_szse,SZ,159188,红利100ETF景顺,66601882.0,份,,,akshare:szse_daily
2026-08-24,akshare_fund_scale_daily_szse,SZ,159189,石油ETF华夏,110083187.0,份,,,akshare:szse_daily
2026-08-24,akshare_fund_scale_daily_szse,SZ,159190,创业板新能源ETF天弘,74069299.0,份,,,akshare:szse_daily
2026-08-24,akshare_fund_scale_daily_szse,SZ,159191,港股通科技ETF易方达,69104851.0,份,,,akshare:szse_daily
2026-08-24,akshare_fund_scale_daily_szse,SZ,159192,家电ETF汇添富,16987065.0,份,,,akshare:szse_daily
2026-08-24,akshare_fund_scale_daily_szse,SZ,159193,新能源电池ETF银华,224080335.0,份,,,akshare:szse_daily
2026-08-24,akshare_fund_scale_daily_szse,SZ,159195,石油ETF华安,76490164.0,份,,,akshare:szse_daily
2026-08-24,akshare_fund_scale_daily_szse,SZ,159196,港股通信息技术ETF易方达,222530324.0,份,,,akshare:szse_daily
2026-08-24,akshare_fund_scale_daily_szse,SZ,159197,石油ETF招商,43388290.0,份,,,akshare:szse_daily
2026-08-24,akshare_fund_scale_daily_szse,SZ,159198,港股通信息技术ETF富国,89344347.0,份,,,akshare:szse_daily
2026-08-24,akshare_fund_scale_daily_szse,SZ,159199,石油ETF平安,66154938.0,份,,,akshare:szse_daily
2026-08-24,akshare_fund_scale_daily_szse,SZ,159200,科创债ETF富国,150542633.0,份,,,akshare:szse_daily
2026-08-24,akshare_fund_scale_daily_szse,SZ,159201,自由现金流ETF华夏,13798275939.0,份,,,akshare:szse_daily
2026-08-24,akshare_fund_scale_daily_szse,SZ,159202,恒生互联网ETF万家,1219401900.0,份,,,akshare:szse_daily
2026-08-24,akshare_fund_scale_daily_szse,SZ,159203,大盘成长ETF博时,9791913.0,份,,,akshare:szse_daily
2026-08-24,akshare_fund_scale_daily_szse,SZ,159205,创业板ETF东财,569056064.0,份,,,akshare:szse_daily
2026-08-24,akshare_fund_scale_daily_szse,SZ,159206,卫星ETF永赢,9707953365.0,份,,,akshare:szse_daily
2026-08-24,akshare_fund_scale_daily_szse,SZ,159207,高股息ETF广发,2196983345.0,份,,,akshare:szse_daily
2026-08-24,akshare_fund_scale_daily_szse,SZ,159208,航空航天ETF万家,339462783.0,份,,,akshare:szse_daily
2026-08-24,akshare_fund_scale_daily_szse,SZ,159209,红利质量ETF招商,2182635053.0,份,,,akshare:szse_daily
2026-08-24,akshare_fund_scale_daily_szse,SZ,159210,港股通汽车ETF汇添富,34549802.0,份,,,akshare:szse_daily
2026-08-24,akshare_fund_scale_daily_szse,SZ,159211,深证100ETF富国,21683294.0,份,,,akshare:szse_daily
2026-08-24,akshare_fund_scale_daily_szse,SZ,159212,深100ETF南方,71204367.0,份,,,akshare:szse_daily
2026-08-24,akshare_fund_scale_daily_szse,SZ,159213,机器人ETF汇添富,497737566.0,份,,,akshare:szse_daily
2026-08-24,akshare_fund_scale_daily_szse,SZ,159215,A500ETF平安,973582803.0,份,,,akshare:szse_daily
2026-08-24,akshare_fund_scale_daily_szse,SZ,159216,深证100ETF大成,11048250.0,份,,,akshare:szse_daily
2026-08-24,akshare_fund_scale_daily_szse,SZ,159217,港股通创新药ETF工银,5957157596.0,份,,,akshare:szse_daily
2026-08-24,akshare_fund_scale_daily_szse,SZ,159218,卫星ETF招商,2086616390.0,份,,,akshare:szse_daily
2026-08-24,akshare_fund_scale_daily_szse,SZ,159219,深证100ETF融通,8388018.0,份,,,akshare:szse_daily
2026-08-24,akshare_fund_scale_daily_szse,SZ,159220,港股通红利低波ETF华宝,487569526.0,份,,,akshare:szse_daily
2026-08-24,akshare_fund_scale_daily_szse,SZ,159221,现金流ETF嘉实,1135013233.0,份,,,akshare:szse_daily
2026-08-24,akshare_fund_scale_daily_szse,SZ,159222,自由现金流ETF易方达,1729370402.0,份,,,akshare:szse_daily
2026-08-24,akshare_fund_scale_daily_szse,SZ,159223,现金流ETF永赢,180844755.0,份,,,akshare:szse_daily
2026-08-24,akshare_fund_scale_daily_szse,SZ,159225,现金流ETF银华,264744804.0,份,,,akshare:szse_daily
2026-08-24,akshare_fund_scale_daily_szse,SZ,159226,中证A500增强ETF国泰,87094840.0,份,,,akshare:szse_daily
2026-08-24,akshare_fund_scale_daily_szse,SZ,159227,航空航天ETF华夏,4862911199.0,份,,,akshare:szse_daily
2026-08-24,akshare_fund_scale_daily_szse,SZ,159228,红利低波ETF长城,104212692.0,份,,,akshare:szse_daily
2026-08-24,akshare_fund_scale_daily_szse,SZ,159229,自由现金流ETF广发,146056022.0,份,,,akshare:szse_daily
2026-08-24,akshare_fund_scale_daily_szse,SZ,159230,通用航空ETF华夏,311304228.0,份,,,akshare:szse_daily
2026-08-24,akshare_fund_scale_daily_szse,SZ,159231,通用航空ETF华宝,340091860.0,份,,,akshare:szse_daily
2026-08-24,akshare_fund_scale_daily_szse,SZ,159232,自由现金流ETF南方,2098948566.0,份,,,akshare:szse_daily
2026-08-24,akshare_fund_scale_daily_szse,SZ,159233,自由现金流ETF平安,625623418.0,份,,,akshare:szse_daily
2026-08-24,akshare_fund_scale_daily_szse,SZ,159235,中证现金流ETF大成,1897729545.0,份,,,akshare:szse_daily
2026-08-24,akshare_fund_scale_daily_szse,SZ,159236,自由现金流ETF工银,40722161.0,份,,,akshare:szse_daily
2026-08-24,akshare_fund_scale_daily_szse,SZ,159237,港股汽车ETF工银,43334226.0,份,,,akshare:szse_daily
2026-08-24,akshare_fund_scale_daily_szse,SZ,159238,沪深300增强ETF景顺,56016186.0,份,,,akshare:szse_daily
2026-08-24,akshare_fund_scale_daily_szse,SZ,159239,港股通汽车ETF富国,88780753.0,份,,,akshare:szse_daily
2026-08-24,akshare_fund_scale_daily_szse,SZ,159240,A500增强ETF天弘,20619776.0,份,,,akshare:szse_daily
2026-08-24,akshare_fund_scale_daily_szse,SZ,159241,航空航天ETF天弘,1381074265.0,份,,,akshare:szse_daily
2026-08-24,akshare_fund_scale_daily_szse,SZ,159242,创业板人工智能ETF大成,420278583.0,份,,,akshare:szse_daily
2026-08-24,akshare_fund_scale_daily_szse,SZ,159243,创业板人工智能ETF招商,148030224.0,份,,,akshare:szse_daily
2026-08-24,akshare_fund_scale_daily_szse,SZ,159245,港股通消费ETF富国,73113296.0,份,,,akshare:szse_daily
2026-08-24,akshare_fund_scale_daily_szse,SZ,159246,创业板人工智能ETF富国,3391655606.0,份,,,akshare:szse_daily
2026-08-24,akshare_fund_scale_daily_szse,SZ,159247,创业板ETF汇添富,445984966.0,份,,,akshare:szse_daily
2026-08-24,akshare_fund_scale_daily_szse,SZ,159248,人工智能ETF万家,141095652.0,份,,,akshare:szse_daily
2026-08-24,akshare_fund_scale_daily_szse,SZ,159249,A500增强ETF工银,108191923.0,份,,,akshare:szse_daily
2026-08-24,akshare_fund_scale_daily_szse,SZ,159251,港股通科技ETF万家,244787744.0,份,,,akshare:szse_daily
2026-08-24,akshare_fund_scale_daily_szse,SZ,159253,银行ETF博时,546204979.0,份,,,akshare:szse_daily
2026-08-24,akshare_fund_scale_daily_szse,SZ,159255,通用航空ETF易方达,69338868.0,份,,,akshare:szse_daily
2026-08-24,akshare_fund_scale_daily_szse,SZ,159256,创业板软件ETF华夏,605183766.0,份,,,akshare:szse_daily
2026-08-24,akshare_fund_scale_daily_szse,SZ,159257,航空ETF汇添富,149416949.0,份,,,akshare:szse_daily
2026-08-24,akshare_fund_scale_daily_szse,SZ,159258,机器人ETF南方,1340765664.0,份,,,akshare:szse_daily
2026-08-24,akshare_fund_scale_daily_szse,SZ,159259,成长ETF易方达,4309696403.0,份,,,akshare:szse_daily
2026-08-24,akshare_fund_scale_daily_szse,SZ,159260,证券ETF博时,1035213576.0,份,,,akshare:szse_daily
2026-08-24,akshare_fund_scale_daily_szse,SZ,159261,创业板新能源ETF鹏华,47814904.0,份,,,akshare:szse_daily
2026-08-24,akshare_fund_scale_daily_szse,SZ,159262,港股通科技ETF广发,5601220485.0,份,,,akshare:szse_daily
2026-08-24,akshare_fund_scale_daily_szse,SZ,159263,价值ETF易方达,6052105126.0,份,,,akshare:szse_daily
2026-08-24,akshare_fund_scale_daily_szse,SZ,159265,港股消费ETF鹏华,177950894.0,份,,,akshare:szse_daily
2026-08-24,akshare_fund_scale_daily_szse,SZ,159266,港股央企红利ETF永赢,351710088.0,份,,,akshare:szse_daily
2026-08-24,akshare_fund_scale_daily_szse,SZ,159267,航天ETF华安,2693506126.0,份,,,akshare:szse_daily
2026-08-24,akshare_fund_scale_daily_szse,SZ,159268,港股通消费ETF汇添富,396055027.0,份,,,akshare:szse_daily
2026-08-24,akshare_fund_scale_daily_szse,SZ,159269,港股通科技ETF南方,1914311712.0,份,,,akshare:szse_daily
2026-08-24,akshare_fund_scale_daily_szse,SZ,159270,创业板200ETF南方,90763649.0,份,,,akshare:szse_daily
2026-08-24,akshare_fund_scale_daily_szse,SZ,159271,恒生ETF鹏华,258386731.0,份,,,akshare:szse_daily
2026-08-24,akshare_fund_scale_daily_szse,SZ,159272,机器人ETF富国,3787164690.0,份,,,akshare:szse_daily
2026-08-24,akshare_fund_scale_daily_szse,SZ,159273,云计算ETF汇添富,687777501.0,份,,,akshare:szse_daily
2026-08-24,akshare_fund_scale_daily_szse,SZ,159275,农牧渔ETF华宝,254302909.0,份,,,akshare:szse_daily
2026-08-24,akshare_fund_scale_daily_szse,SZ,159276,现金流ETF汇添富,557696658.0,份,,,akshare:szse_daily
2026-08-24,akshare_fund_scale_daily_szse,SZ,159277,港股通红利ETF富国,39557011.0,份,,,akshare:szse_daily
2026-08-24,akshare_fund_scale_daily_szse,SZ,159278,机器人ETF鹏华,2126545853.0,份,,,akshare:szse_daily
2026-08-24,akshare_fund_scale_daily_szse,SZ,159279,创业板人工智能ETF华安,169387534.0,份,,,akshare:szse_daily
2026-08-24,akshare_fund_scale_daily_szse,SZ,159280,港股通互联网ETF汇添富,100717171.0,份,,,akshare:szse_daily
2026-08-24,akshare_fund_scale_daily_szse,SZ,159281,港股央企红利ETF天弘,246233059.0,份,,,akshare:szse_daily
2026-08-24,akshare_fund_scale_daily_szse,SZ,159283,通用航空ETF南方,300437981.0,份,,,akshare:szse_daily
2026-08-24,akshare_fund_scale_daily_szse,SZ,159285,港股通消费ETF华安,248486680.0,份,,,akshare:szse_daily
2026-08-24,akshare_fund_scale_daily_szse,SZ,159286,港股通创新药ETF鹏华,750785402.0,份,,,akshare:szse_daily
2026-08-24,akshare_fund_scale_daily_szse,SZ,159287,创业板综ETF博时,109568753.0,份,,,akshare:szse_daily
2026-08-24,akshare_fund_scale_daily_szse,SZ,159288,创业板综ETF银华,92174931.0,份,,,akshare:szse_daily
2026-08-24,akshare_fund_scale_daily_szse,SZ,159289,创业板综指ETF鹏华,38902640.0,份,,,akshare:szse_daily
2026-08-24,akshare_fund_scale_daily_szse,SZ,159290,创业板综指增强ETF东财,45100396.0,份,,,akshare:szse_daily
2026-08-24,akshare_fund_scale_daily_szse,SZ,159291,创业板综增强ETF招商,17457388.0,份,,,akshare:szse_daily
2026-08-24,akshare_fund_scale_daily_szse,SZ,159292,创业板综增强ETF华宝,175189531.0,份,,,akshare:szse_daily
2026-08-24,akshare_fund_scale_daily_szse,SZ,159293,创业板综增强ETF建信,25159397.0,份,,,akshare:szse_daily
2026-08-24,akshare_fund_scale_daily_szse,SZ,159295,创业综指ETF西部利得,78958239.0,份,,,akshare:szse_daily
2026-08-24,akshare_fund_scale_daily_szse,SZ,159296,A500红利低波ETF华宝,45042941.0,份,,,akshare:szse_daily
2026-08-24,akshare_fund_scale_daily_szse,SZ,159297,港股通创新药ETF南方,3836418642.0,份,,,akshare:szse_daily
2026-08-24,akshare_fund_scale_daily_szse,SZ,159298,创业板50ETF大成,157281082.0,份,,,akshare:szse_daily
2026-08-24,akshare_fund_scale_daily_szse,SZ,159299,金融科技ETF易方达,670472981.0,份,,,akshare:szse_daily
2026-08-24,akshare_fund_scale_daily_szse,SZ,159300,沪深300ETF富国,368158097.0,份,,,akshare:szse_daily
2026-08-24,akshare_fund_scale_daily_szse,SZ,159301,公用事业ETF华夏,121958357.0,份,,,akshare:szse_daily
2026-08-24,akshare_fund_scale_daily_szse,SZ,159302,港股高股息ETF银华,52797609.0,份,,,akshare:szse_daily
2026-08-24,akshare_fund_scale_daily_szse,SZ,159303,恒生医疗ETF大成,73991693.0,份,,,akshare:szse_daily
2026-08-24,akshare_fund_scale_daily_szse,SZ,159305,储能电池ETF广发,1196640302.0,份,,,akshare:szse_daily
2026-08-24,akshare_fund_scale_daily_szse,SZ,159306,汽车零部件ETF平安,22244616.0,份,,,akshare:szse_daily
2026-08-24,akshare_fund_scale_daily_szse,SZ,159307,红利低波100ETF博时,7153903552.0,份,,,akshare:szse_daily
2026-08-24,akshare_fund_scale_daily_szse,SZ,159309,油气ETF汇添富,530371736.0,份,,,akshare:szse_daily
2026-08-24,akshare_fund_scale_daily_szse,SZ,159310,芯片ETF天弘,495981080.0,份,,,akshare:szse_daily
2026-08-24,akshare_fund_scale_daily_szse,SZ,159311,数字经济ETF易方达,39383993.0,份,,,akshare:szse_daily
2026-08-24,akshare_fund_scale_daily_szse,SZ,159312,恒指港股通ETF广发,32224353.0,份,,,akshare:szse_daily
2026-08-24,akshare_fund_scale_daily_szse,SZ,159315,黄金股ETF工银,186589621.0,份,,,akshare:szse_daily
2026-08-24,akshare_fund_scale_daily_szse,SZ,159316,港股通创新药ETF易方达,5515336139.0,份,,,akshare:szse_daily
2026-08-24,akshare_fund_scale_daily_szse,SZ,159318,恒指港股通ETF银华,14601647.0,份,,,akshare:szse_daily
2026-08-24,akshare_fund_scale_daily_szse,SZ,159320,电网设备ETF广发,1781235519.0,份,,,akshare:szse_daily
2026-08-24,akshare_fund_scale_daily_szse,SZ,159321,黄金股ETF华安,401900397.0,份,,,akshare:szse_daily
2026-08-24,akshare_fund_scale_daily_szse,SZ,159322,黄金股ETF平安,117411691.0,份,,,akshare:szse_daily
2026-08-24,akshare_fund_scale_daily_szse,SZ,159323,港股通汽车ETF华夏,97097378.0,份,,,akshare:szse_daily
2026-08-24,akshare_fund_scale_daily_szse,SZ,159325,半导体ETF南方,540460528.0,份,,,akshare:szse_daily
2026-08-24,akshare_fund_scale_daily_szse,SZ,159326,电网设备ETF华夏,12299265525.0,份,,,akshare:szse_daily
2026-08-24,akshare_fund_scale_daily_szse,SZ,159327,半导体设备ETF万家,2893574091.0,份,,,akshare:szse_daily
2026-08-24,akshare_fund_scale_daily_szse,SZ,159328,家电ETF易方达,91556700.0,份,,,akshare:szse_daily
2026-08-24,akshare_fund_scale_daily_szse,SZ,159329,沙特ETF南方,1192689188.0,份,,,akshare:szse_daily
2026-08-24,akshare_fund_scale_daily_szse,SZ,159330,沪深300ETF东财,425801009.0,份,,,akshare:szse_daily
2026-08-24,akshare_fund_scale_daily_szse,SZ,159331,红利港股ETF国泰,150694179.0,份,,,akshare:szse_daily
2026-08-24,akshare_fund_scale_daily_szse,SZ,159332,央企红利ETF富国,89021477.0,份,,,akshare:szse_daily
2026-08-24,akshare_fund_scale_daily_szse,SZ,159333,港股央企红利ETF万家,204952835.0,份,,,akshare:szse_daily
2026-08-24,akshare_fund_scale_daily_szse,SZ,159335,央企科创ETF融通,63683689.0,份,,,akshare:szse_daily
2026-08-24,akshare_fund_scale_daily_szse,SZ,159336,央企红利ETF融通,307905090.0,份,,,akshare:szse_daily
2026-08-24,akshare_fund_scale_daily_szse,SZ,159337,中证500ETF东财,279710611.0,份,,,akshare:szse_daily
2026-08-24,akshare_fund_scale_daily_szse,SZ,159338,中证A500ETF国泰,21149086664.0,份,,,akshare:szse_daily
2026-08-24,akshare_fund_scale_daily_szse,SZ,159339,A500ETF银华,1958086841.0,份,,,akshare:szse_daily
2026-08-24,akshare_fund_scale_daily_szse,SZ,159350,深证50ETF富国,127009642.0,份,,,akshare:szse_daily
2026-08-24,akshare_fund_scale_daily_szse,SZ,159351,A500ETF嘉实,7190123357.0,份,,,akshare:szse_daily
2026-08-24,akshare_fund_scale_daily_szse,SZ,159352,A500ETF南方,27102101746.0,份,,,akshare:szse_daily
2026-08-24,akshare_fund_scale_daily_szse,SZ,159353,中证A500ETF景顺,4337161812.0,份,,,akshare:szse_daily
2026-08-24,akshare_fund_scale_daily_szse,SZ,159355,800红利低波ETF华宝,86234277.0,份,,,akshare:szse_daily
2026-08-24,akshare_fund_scale_daily_szse,SZ,159356,A500ETF万家,761120647.0,份,,,akshare:szse_daily
2026-08-24,akshare_fund_scale_daily_szse,SZ,159357,A500ETF博时,1216833841.0,份,,,akshare:szse_daily
2026-08-24,akshare_fund_scale_daily_szse,SZ,159358,中证A500ETF大成,905106420.0,份,,,akshare:szse_daily
2026-08-24,akshare_fund_scale_daily_szse,SZ,159359,A500ETF华安,686140424.0,份,,,akshare:szse_daily
2026-08-24,akshare_fund_scale_daily_szse,SZ,159360,A500ETF天弘,1307184526.0,份,,,akshare:szse_daily
2026-08-24,akshare_fund_scale_daily_szse,SZ,159361,A500ETF易方达,22829090279.0,份,,,akshare:szse_daily
2026-08-24,akshare_fund_scale_daily_szse,SZ,159362,A500ETF工银,1643180191.0,份,,,akshare:szse_daily
2026-08-24,akshare_fund_scale_daily_szse,SZ,159363,创业板人工智能ETF华宝,5802169924.0,份,,,akshare:szse_daily
2026-08-24,akshare_fund_scale_daily_szse,SZ,159365,恒指港股通ETF富国,46162398.0,份,,,akshare:szse_daily
2026-08-24,akshare_fund_scale_daily_szse,SZ,159366,港股医疗ETF永赢,264333072.0,份,,,akshare:szse_daily
2026-08-24,akshare_fund_scale_daily_szse,SZ,159367,创业板50ETF华夏,170079029.0,份,,,akshare:szse_daily
2026-08-24,akshare_fund_scale_daily_szse,SZ,159368,创业板新能源ETF华夏,1054579682.0,份,,,akshare:szse_daily
2026-08-24,akshare_fund_scale_daily_szse,SZ,159369,创业板50ETF易方达,380753492.0,份,,,akshare:szse_daily
2026-08-24,akshare_fund_scale_daily_szse,SZ,159370,创50ETF工银,227316009.0,份,,,akshare:szse_daily
2026-08-24,akshare_fund_scale_daily_szse,SZ,159371,创业板50ETF富国,178221172.0,份,,,akshare:szse_daily
2026-08-24,akshare_fund_scale_daily_szse,SZ,159372,创业板50ETF万家,61451588.0,份,,,akshare:szse_daily
2026-08-24,akshare_fund_scale_daily_szse,SZ,159373,创业板50ETF嘉实,140557494.0,份,,,akshare:szse_daily
2026-08-24,akshare_fund_scale_daily_szse,SZ,159375,创业板50ETF国泰,357595350.0,份,,,akshare:szse_daily
2026-08-24,akshare_fund_scale_daily_szse,SZ,159376,A500ETF浦银,45922317.0,份,,,akshare:szse_daily
2026-08-24,akshare_fund_scale_daily_szse,SZ,159377,创业板医药ETF国泰,134129399.0,份,,,akshare:szse_daily
2026-08-24,akshare_fund_scale_daily_szse,SZ,159378,通用航空ETF永赢,558271072.0,份,,,akshare:szse_daily
2026-08-24,akshare_fund_scale_daily_szse,SZ,159379,A500ETF融通,158821471.0,份,,,akshare:szse_daily
2026-08-24,akshare_fund_scale_daily_szse,SZ,159380,A500ETF东财,154804337.0,份,,,akshare:szse_daily
2026-08-24,akshare_fund_scale_daily_szse,SZ,159381,创业板人工智能ETF华夏,1741153206.0,份,,,akshare:szse_daily
2026-08-24,akshare_fund_scale_daily_szse,SZ,159382,创业板人工智能ETF南方,811055714.0,份,,,akshare:szse_daily
2026-08-24,akshare_fund_scale_daily_szse,SZ,159383,创业板50ETF华泰柏瑞,51092486.0,份,,,akshare:szse_daily
2026-08-24,akshare_fund_scale_daily_szse,SZ,159385,数字经济ETF富国,49002525.0,份,,,akshare:szse_daily
2026-08-24,akshare_fund_scale_daily_szse,SZ,159386,A500ETF永赢,60869559.0,份,,,akshare:szse_daily
2026-08-24,akshare_fund_scale_daily_szse,SZ,159387,创业板新能源ETF国泰,1503189648.0,份,,,akshare:szse_daily
2026-08-24,akshare_fund_scale_daily_szse,SZ,159388,创业板人工智能ETF国泰,886736984.0,份,,,akshare:szse_daily
2026-08-24,akshare_fund_scale_daily_szse,SZ,159389,数字经济ETF嘉实,134093364.0,份,,,akshare:szse_daily
2026-08-24,akshare_fund_scale_daily_szse,SZ,159390,中证A50ETF国联,109268771.0,份,,,akshare:szse_daily
2026-08-24,akshare_fund_scale_daily_szse,SZ,159391,大盘价值ETF博时,85076398.0,份,,,akshare:szse_daily
2026-08-24,akshare_fund_scale_daily_szse,SZ,159392,航空ETF富国,186785500.0,份,,,akshare:szse_daily
2026-08-24,akshare_fund_scale_daily_szse,SZ,159393,沪深300ETF万家,93346342.0,份,,,akshare:szse_daily
2026-08-24,akshare_fund_scale_daily_szse,SZ,159395,信用债ETF大成,133504202.0,份,,,akshare:szse_daily
2026-08-24,akshare_fund_scale_daily_szse,SZ,159396,信用债ETF博时,89713129.0,份,,,akshare:szse_daily
2026-08-24,akshare_fund_scale_daily_szse,SZ,159397,信用债ETF广发,165237657.0,份,,,akshare:szse_daily
2026-08-24,akshare_fund_scale_daily_szse,SZ,159398,信用债ETF天弘,92632310.0,份,,,akshare:szse_daily
2026-08-24,akshare_fund_scale_daily_szse,SZ,159399,现金流ETF国泰,4449194835.0,份,,,akshare:szse_daily
2026-08-24,akshare_fund_scale_daily_szse,SZ,159400,科创债ETF景顺,74277356.0,份,,,akshare:szse_daily
2026-08-24,akshare_fund_scale_daily_szse,SZ,159500,中证500ETF富国,213338865.0,份,,,akshare:szse_daily
2026-08-24,akshare_fund_scale_daily_szse,SZ,159501,纳指ETF嘉实,6768986575.0,份,,,akshare:szse_daily
2026-08-24,akshare_fund_scale_daily_szse,SZ,159502,标普生物科技ETF嘉实,1119323019.0,份,,,akshare:szse_daily
2026-08-24,akshare_fund_scale_daily_szse,SZ,159505,国证2000ETF博时,19104786.0,份,,,akshare:szse_daily
2026-08-24,akshare_fund_scale_daily_szse,SZ,159506,港股通创新药医疗ETF富国,2528536979.0,份,,,akshare:szse_daily
2026-08-24,akshare_fund_scale_daily_szse,SZ,159507,通信ETF广发,857830902.0,份,,,akshare:szse_daily
2026-08-24,akshare_fund_scale_daily_szse,SZ,159508,生物医药ETF华安,95231598.0,份,,,akshare:szse_daily
2026-08-24,akshare_fund_scale_daily_szse,SZ,159509,纳指科技ETF景顺,6621564118.0,份,,,akshare:szse_daily
2026-08-24,akshare_fund_scale_daily_szse,SZ,159510,沪深300价值ETF华夏,66128342.0,份,,,akshare:szse_daily
2026-08-24,akshare_fund_scale_daily_szse,SZ,159511,通信ETF南方,146444573.0,份,,,akshare:szse_daily
2026-08-24,akshare_fund_scale_daily_szse,SZ,159512,汽车ETF广发,103264855.0,份,,,akshare:szse_daily
2026-08-24,akshare_fund_scale_daily_szse,SZ,159513,纳斯达克100ETF大成,4525549100.0,份,,,akshare:szse_daily
2026-08-24,akshare_fund_scale_daily_szse,SZ,159515,国企红利ETF鹏扬,33386631.0,份,,,akshare:szse_daily
2026-08-24,akshare_fund_scale_daily_szse,SZ,159516,半导体设备ETF国泰,59990359972.0,份,,,akshare:szse_daily
2026-08-24,akshare_fund_scale_daily_szse,SZ,159517,中证800增强ETF银华,8742624.0,份,,,akshare:szse_daily
2026-08-24,akshare_fund_scale_daily_szse,SZ,159518,标普油气ETF嘉实,1661325369.0,份,,,akshare:szse_daily
2026-08-24,akshare_fund_scale_daily_szse,SZ,159519,港股国企ETF国泰,58157854.0,份,,,akshare:szse_daily
2026-08-24,akshare_fund_scale_daily_szse,SZ,159520,消费龙头ETF工银,153177649.0,份,,,akshare:szse_daily
2026-08-24,akshare_fund_scale_daily_szse,SZ,159521,国证2000ETF平安,18274435.0,份,,,akshare:szse_daily
2026-08-24,akshare_fund_scale_daily_szse,SZ,159523,沪深300成长ETF华夏,69517348.0,份,,,akshare:szse_daily
2026-08-24,akshare_fund_scale_daily_szse,SZ,159525,红利低波ETF富国,456743741.0,份,,,akshare:szse_daily
2026-08-24,akshare_fund_scale_daily_szse,SZ,159526,机器人ETF嘉实,590462964.0,份,,,akshare:szse_daily
2026-08-24,akshare_fund_scale_daily_szse,SZ,159527,云计算ETF广发,456301350.0,份,,,akshare:szse_daily
2026-08-24,akshare_fund_scale_daily_szse,SZ,159528,国企改革ETF富国,7320773.0,份,,,akshare:szse_daily
2026-08-24,akshare_fund_scale_daily_szse,SZ,159529,标普消费ETF景顺,811536791.0,份,,,akshare:szse_daily
2026-08-24,akshare_fund_scale_daily_szse,SZ,159530,机器人ETF易方达,12935613169.0,份,,,akshare:szse_daily
2026-08-24,akshare_fund_scale_daily_szse,SZ,159531,中证2000ETF南方,958608406.0,份,,,akshare:szse_daily
2026-08-24,akshare_fund_scale_daily_szse,SZ,159532,中证2000ETF易方达,167564791.0,份,,,akshare:szse_daily
2026-08-24,akshare_fund_scale_daily_szse,SZ,159533,中证2000ETF博时,14458785.0,份,,,akshare:szse_daily
2026-08-24,akshare_fund_scale_daily_szse,SZ,159535,中证2000ETF嘉实,25981088.0,份,,,akshare:szse_daily
2026-08-24,akshare_fund_scale_daily_szse,SZ,159536,中证2000ETF汇添富,45261589.0,份,,,akshare:szse_daily
2026-08-24,akshare_fund_scale_daily_szse,SZ,159537,信创ETF国泰,150285204.0,份,,,akshare:szse_daily
2026-08-24,akshare_fund_scale_daily_szse,SZ,159538,信创ETF富国,228608966.0,份,,,akshare:szse_daily
2026-08-24,akshare_fund_scale_daily_szse,SZ,159539,信创ETF广发,52565182.0,份,,,akshare:szse_daily
2026-08-24,akshare_fund_scale_daily_szse,SZ,159540,信创ETF易方达,128505191.0,份,,,akshare:szse_daily
2026-08-24,akshare_fund_scale_daily_szse,SZ,159541,创业板综ETF万家,61593326.0,份,,,akshare:szse_daily
2026-08-24,akshare_fund_scale_daily_szse,SZ,159542,工程机械ETF大成,15592850.0,份,,,akshare:szse_daily
2026-08-24,akshare_fund_scale_daily_szse,SZ,159543,国证2000ETF工银,42196551.0,份,,,akshare:szse_daily
2026-08-24,akshare_fund_scale_daily_szse,SZ,159545,恒生红利低波ETF易方达,5291203689.0,份,,,akshare:szse_daily
2026-08-24,akshare_fund_scale_daily_szse,SZ,159546,集成电路ETF国泰,744927822.0,份,,,akshare:szse_daily
2026-08-24,akshare_fund_scale_daily_szse,SZ,159547,红利低波ETF华夏,1275286075.0,份,,,akshare:szse_daily
2026-08-24,akshare_fund_scale_daily_szse,SZ,159549,红利低波ETF天弘,4790523884.0,份,,,akshare:szse_daily
2026-08-24,akshare_fund_scale_daily_szse,SZ,159550,互联网ETF东财,195828785.0,份,,,akshare:szse_daily
2026-08-24,akshare_fund_scale_daily_szse,SZ,159551,机器人ETF国泰,309920923.0,份,,,akshare:szse_daily
2026-08-24,akshare_fund_scale_daily_szse,SZ,159552,中证2000增强ETF招商,616790319.0,份,,,akshare:szse_daily
2026-08-24,akshare_fund_scale_daily_szse,SZ,159553,中证2000增强ETF海富通,15326751.0,份,,,akshare:szse_daily
2026-08-24,akshare_fund_scale_daily_szse,SZ,159555,中证2000增强ETF银华,37462705.0,份,,,akshare:szse_daily
2026-08-24,akshare_fund_scale_daily_szse,SZ,159556,中证2000增强ETF平安,15556089.0,份,,,akshare:szse_daily
2026-08-24,akshare_fund_scale_daily_szse,SZ,159557,恒生医疗ETF嘉实,127894955.0,份,,,akshare:szse_daily
2026-08-24,akshare_fund_scale_daily_szse,SZ,159558,半导体设备ETF易方达,18974563923.0,份,,,akshare:szse_daily
2026-08-24,akshare_fund_scale_daily_szse,SZ,159559,机器人ETF景顺,1991576622.0,份,,,akshare:szse_daily
2026-08-24,akshare_fund_scale_daily_szse,SZ,159560,芯片ETF景顺,199416460.0,份,,,akshare:szse_daily
2026-08-24,akshare_fund_scale_daily_szse,SZ,159561,德国ETF嘉实,1319499489.0,份,,,akshare:szse_daily
2026-08-24,akshare_fund_scale_daily_szse,SZ,159562,黄金股ETF华夏,2533130504.0,份,,,akshare:szse_daily
2026-08-24,akshare_fund_scale_daily_szse,SZ,159563,创业板综ETF华夏,27360773.0,份,,,akshare:szse_daily
2026-08-24,akshare_fund_scale_daily_szse,SZ,159565,汽车零部件ETF易方达,137627231.0,份,,,akshare:szse_daily
2026-08-24,akshare_fund_scale_daily_szse,SZ,159566,储能电池ETF易方达,2723739776.0,份,,,akshare:szse_daily
2026-08-24,akshare_fund_scale_daily_szse,SZ,159567,港股创新药ETF银华,10628729726.0,份,,,akshare:szse_daily
2026-08-24,akshare_fund_scale_daily_szse,SZ,159568,港股互联网ETF博时,375857901.0,份,,,akshare:szse_daily
2026-08-24,akshare_fund_scale_daily_szse,SZ,159569,港股红利低波ETF景顺,365147241.0,份,,,akshare:szse_daily
2026-08-24,akshare_fund_scale_daily_szse,SZ,159570,港股通创新药ETF汇添富,16550597142.0,份,,,akshare:szse_daily
2026-08-24,akshare_fund_scale_daily_szse,SZ,159571,创业板200ETF富国,17981814.0,份,,,akshare:szse_daily
2026-08-24,akshare_fund_scale_daily_szse,SZ,159572,创业板200ETF易方达,187749107.0,份,,,akshare:szse_daily
2026-08-24,akshare_fund_scale_daily_szse,SZ,159573,创业板200ETF华夏,79456297.0,份,,,akshare:szse_daily
2026-08-24,akshare_fund_scale_daily_szse,SZ,159575,创业板200ETF银华,11410425.0,份,,,akshare:szse_daily
2026-08-24,akshare_fund_scale_daily_szse,SZ,159576,深证100ETF广发,37509612.0,份,,,akshare:szse_daily
2026-08-24,akshare_fund_scale_daily_szse,SZ,159577,美国50ETF汇添富,799665791.0,份,,,akshare:szse_daily
2026-08-24,akshare_fund_scale_daily_szse,SZ,159578,深证主板50ETF南方,19998831.0,份,,,akshare:szse_daily
2026-08-24,akshare_fund_scale_daily_szse,SZ,159581,红利ETF万家,1288225708.0,份,,,akshare:szse_daily
2026-08-24,akshare_fund_scale_daily_szse,SZ,159582,半导体ETF博时,1030608105.0,份,,,akshare:szse_daily
2026-08-24,akshare_fund_scale_daily_szse,SZ,159583,通信ETF富国,2496592902.0,份,,,akshare:szse_daily
2026-08-24,akshare_fund_scale_daily_szse,SZ,159586,计算机ETF南方,262525923.0,份,,,akshare:szse_daily
2026-08-24,akshare_fund_scale_daily_szse,SZ,159587,粮食ETF广发,261447031.0,份,,,akshare:szse_daily
2026-08-24,akshare_fund_scale_daily_szse,SZ,159588,石油ETF景顺,429284857.0,份,,,akshare:szse_daily
2026-08-24,akshare_fund_scale_daily_szse,SZ,159589,红利ETF广发,243590005.0,份,,,akshare:szse_daily
2026-08-24,akshare_fund_scale_daily_szse,SZ,159590,软件ETF汇添富,786861746.0,份,,,akshare:szse_daily
2026-08-24,akshare_fund_scale_daily_szse,SZ,159591,A50ETF富国,327905682.0,份,,,akshare:szse_daily
2026-08-24,akshare_fund_scale_daily_szse,SZ,159592,A50ETF银华,596310460.0,份,,,akshare:szse_daily
2026-08-24,akshare_fund_scale_daily_szse,SZ,159593,中证A50ETF平安,1845696040.0,份,,,akshare:szse_daily
2026-08-24,akshare_fund_scale_daily_szse,SZ,159595,中证A50ETF大成,917113255.0,份,,,akshare:szse_daily
2026-08-24,akshare_fund_scale_daily_szse,SZ,159596,A50ETF华宝,515683040.0,份,,,akshare:szse_daily
2026-08-24,akshare_fund_scale_daily_szse,SZ,159597,创业板成长ETF易方达,1043257137.0,份,,,akshare:szse_daily
2026-08-24,akshare_fund_scale_daily_szse,SZ,159599,芯片ETF东财,730322066.0,份,,,akshare:szse_daily
2026-08-24,akshare_fund_scale_daily_szse,SZ,159600,科创债ETF嘉实,303278913.0,份,,,akshare:szse_daily
2026-08-24,akshare_fund_scale_daily_szse,SZ,159601,A50ETF华夏,1414188073.0,份,,,akshare:szse_daily
2026-08-24,akshare_fund_scale_daily_szse,SZ,159602,中国A50ETF南方,408542944.0,份,,,akshare:szse_daily
2026-08-24,akshare_fund_scale_daily_szse,SZ,159603,科创创业ETF天弘,2600071922.0,份,,,akshare:szse_daily
2026-08-24,akshare_fund_scale_daily_szse,SZ,159605,中概互联ETF广发,4057486155.0,份,,,akshare:szse_daily
2026-08-24,akshare_fund_scale_daily_szse,SZ,159606,中证500成长ETF易方达,400222838.0,份,,,akshare:szse_daily
2026-08-24,akshare_fund_scale_daily_szse,SZ,159607,中概互联网ETF嘉实,1187829139.0,份,,,akshare:szse_daily
2026-08-24,akshare_fund_scale_daily_szse,SZ,159608,稀有金属ETF广发,3444810066.0,份,,,akshare:szse_daily
2026-08-24,akshare_fund_scale_daily_szse,SZ,159609,光伏ETF浦银,304903414.0,份,,,akshare:szse_daily
2026-08-24,akshare_fund_scale_daily_szse,SZ,159610,中证500增强ETF景顺,163568207.0,份,,,akshare:szse_daily
2026-08-24,akshare_fund_scale_daily_szse,SZ,159611,电力ETF广发,9535962900.0,份,,,akshare:szse_daily
2026-08-24,akshare_fund_scale_daily_szse,SZ,159612,标普500ETF国泰,449898651.0,份,,,akshare:szse_daily
2026-08-24,akshare_fund_scale_daily_szse,SZ,159613,信息安全ETF嘉实,110590217.0,份,,,akshare:szse_daily
2026-08-24,akshare_fund_scale_daily_szse,SZ,159615,恒生生物科技ETF南方,357054898.0,份,,,akshare:szse_daily
2026-08-24,akshare_fund_scale_daily_szse,SZ,159616,农牧ETF建信,68561112.0,份,,,akshare:szse_daily
2026-08-24,akshare_fund_scale_daily_szse,SZ,159617,中证500价值ETF华夏,30418382.0,份,,,akshare:szse_daily
2026-08-24,akshare_fund_scale_daily_szse,SZ,159618,光伏ETF华安,74131407.0,份,,,akshare:szse_daily
2026-08-24,akshare_fund_scale_daily_szse,SZ,159619,基建ETF国泰,75981007.0,份,,,akshare:szse_daily
2026-08-24,akshare_fund_scale_daily_szse,SZ,159620,中证500成长ETF华夏,29140934.0,份,,,akshare:szse_daily
2026-08-24,akshare_fund_scale_daily_szse,SZ,159621,ESGETF国泰,14434717.0,份,,,akshare:szse_daily
2026-08-24,akshare_fund_scale_daily_szse,SZ,159622,创新药ETF东财,1144603238.0,份,,,akshare:szse_daily
2026-08-24,akshare_fund_scale_daily_szse,SZ,159623,成渝经济圈ETF博时,3094271695.0,份,,,akshare:szse_daily
2026-08-24,akshare_fund_scale_daily_szse,SZ,159625,绿色电力ETF嘉实,2017713777.0,份,,,akshare:szse_daily
2026-08-24,akshare_fund_scale_daily_szse,SZ,159627,A100ETF华夏,19116776.0,份,,,akshare:szse_daily
2026-08-24,akshare_fund_scale_daily_szse,SZ,159628,国证2000ETF万家,350283250.0,份,,,akshare:szse_daily
2026-08-24,akshare_fund_scale_daily_szse,SZ,159629,中证1000ETF富国,963252663.0,份,,,akshare:szse_daily
2026-08-24,akshare_fund_scale_daily_szse,SZ,159630,A100ETF汇添富,15113744.0,份,,,akshare:szse_daily
2026-08-24,akshare_fund_scale_daily_szse,SZ,159631,A100ETF招商,39332605.0,份,,,akshare:szse_daily
2026-08-24,akshare_fund_scale_daily_szse,SZ,159632,纳斯达克ETF华安,4966720640.0,份,,,akshare:szse_daily
2026-08-24,akshare_fund_scale_daily_szse,SZ,159633,中证1000ETF易方达,1014162658.0,份,,,akshare:szse_daily
2026-08-24,akshare_fund_scale_daily_szse,SZ,159635,基建ETF华夏,130846980.0,份,,,akshare:szse_daily
2026-08-24,akshare_fund_scale_daily_szse,SZ,159636,港股通科技30ETF工银,22104501206.0,份,,,akshare:szse_daily
2026-08-24,akshare_fund_scale_daily_szse,SZ,159637,新能源车ETF东财,617768094.0,份,,,akshare:szse_daily
2026-08-24,akshare_fund_scale_daily_szse,SZ,159638,高端装备ETF嘉实,1459341932.0,份,,,akshare:szse_daily
2026-08-24,akshare_fund_scale_daily_szse,SZ,159639,碳中和ETF南方,203290171.0,份,,,akshare:szse_daily
2026-08-24,akshare_fund_scale_daily_szse,SZ,159640,碳中和龙头ETF工银,59845198.0,份,,,akshare:szse_daily
2026-08-24,akshare_fund_scale_daily_szse,SZ,159641,碳中和ETF招商,86719131.0,份,,,akshare:szse_daily
2026-08-24,akshare_fund_scale_daily_szse,SZ,159642,碳中和ETF大成,22439923.0,份,,,akshare:szse_daily
2026-08-24,akshare_fund_scale_daily_szse,SZ,159643,疫苗ETF国泰,379390617.0,份,,,akshare:szse_daily
2026-08-24,akshare_fund_scale_daily_szse,SZ,159645,疫苗ETF富国,82540740.0,份,,,akshare:szse_daily
2026-08-24,akshare_fund_scale_daily_szse,SZ,159647,中药ETF鹏华,1024461752.0,份,,,akshare:szse_daily
2026-08-24,akshare_fund_scale_daily_szse,SZ,159649,国开债ETF华安,38081877.0,份,,,akshare:szse_daily
2026-08-24,akshare_fund_scale_daily_szse,SZ,159650,国开债ETF博时,48834196.0,份,,,akshare:szse_daily
2026-08-24,akshare_fund_scale_daily_szse,SZ,159651,国开债ETF平安,9518448.0,份,,,akshare:szse_daily
2026-08-24,akshare_fund_scale_daily_szse,SZ,159652,有色ETF汇添富,1794320287.0,份,,,akshare:szse_daily
2026-08-24,akshare_fund_scale_daily_szse,SZ,159653,ESG300ETF国联安,52972068.0,份,,,akshare:szse_daily
2026-08-24,akshare_fund_scale_daily_szse,SZ,159655,标普500ETF华夏,2163143045.0,份,,,akshare:szse_daily
2026-08-24,akshare_fund_scale_daily_szse,SZ,159656,沪深300成长ETF万家,228238451.0,份,,,akshare:szse_daily
2026-08-24,akshare_fund_scale_daily_szse,SZ,159657,疫苗ETF鹏华,175514819.0,份,,,akshare:szse_daily
2026-08-24,akshare_fund_scale_daily_szse,SZ,159658,数字经济ETF华安,44394877.0,份,,,akshare:szse_daily
2026-08-24,akshare_fund_scale_daily_szse,SZ,159659,纳斯达克100ETF招商,4551744064.0,份,,,akshare:szse_daily
2026-08-24,akshare_fund_scale_daily_szse,SZ,159660,纳指ETF汇添富,2255151363.0,份,,,akshare:szse_daily
2026-08-24,akshare_fund_scale_daily_szse,SZ,159661,A100ETF嘉实,27208213.0,份,,,akshare:szse_daily
2026-08-24,akshare_fund_scale_daily_szse,SZ,159662,交运ETF南方,82113946.0,份,,,akshare:szse_daily
2026-08-24,akshare_fund_scale_daily_szse,SZ,159663,机床ETF华夏,427035170.0,份,,,akshare:szse_daily
2026-08-24,akshare_fund_scale_daily_szse,SZ,159665,半导体龙头ETF工银,253576860.0,份,,,akshare:szse_daily
2026-08-24,akshare_fund_scale_daily_szse,SZ,159666,交通运输ETF华夏,139832905.0,份,,,akshare:szse_daily
2026-08-24,akshare_fund_scale_daily_szse,SZ,159667,工业母机ETF国泰,3687050718.0,份,,,akshare:szse_daily
2026-08-24,akshare_fund_scale_daily_szse,SZ,159669,绿色电力ETF国泰,202754781.0,份,,,akshare:szse_daily
2026-08-24,akshare_fund_scale_daily_szse,SZ,159670,消费50ETF国联安,55706921.0,份,,,akshare:szse_daily
2026-08-24,akshare_fund_scale_daily_szse,SZ,159671,稀有金属ETF工银,895051737.0,份,,,akshare:szse_daily
2026-08-24,akshare_fund_scale_daily_szse,SZ,159672,消费ETF博时,129887409.0,份,,,akshare:szse_daily
2026-08-24,akshare_fund_scale_daily_szse,SZ,159673,沪深300ETF鹏华,1769528385.0,份,,,akshare:szse_daily
2026-08-24,akshare_fund_scale_daily_szse,SZ,159675,创业板增强ETF嘉实,63846691.0,份,,,akshare:szse_daily
2026-08-24,akshare_fund_scale_daily_szse,SZ,159676,创业板增强ETF富国,122564183.0,份,,,akshare:szse_daily
2026-08-24,akshare_fund_scale_daily_szse,SZ,159677,中证1000增强ETF银华,26904091.0,份,,,akshare:szse_daily
2026-08-24,akshare_fund_scale_daily_szse,SZ,159678,500增强ETF博时,89143694.0,份,,,akshare:szse_daily
2026-08-24,akshare_fund_scale_daily_szse,SZ,159679,中证1000增强ETF国泰,55289156.0,份,,,akshare:szse_daily
2026-08-24,akshare_fund_scale_daily_szse,SZ,159680,中证1000增强ETF招商,1017438087.0,份,,,akshare:szse_daily
2026-08-24,akshare_fund_scale_daily_szse,SZ,159681,创业板50ETF鹏华,1013772337.0,份,,,akshare:szse_daily
2026-08-24,akshare_fund_scale_daily_szse,SZ,159682,创业板50ETF景顺,3300307670.0,份,,,akshare:szse_daily
2026-08-24,akshare_fund_scale_daily_szse,SZ,159685,1000增强ETF天弘,19440067.0,份,,,akshare:szse_daily
2026-08-24,akshare_fund_scale_daily_szse,SZ,159686,A100ETF易方达,79815386.0,份,,,akshare:szse_daily
2026-08-24,akshare_fund_scale_daily_szse,SZ,159687,亚太精选ETF南方,1630928658.0,份,,,akshare:szse_daily
2026-08-24,akshare_fund_scale_daily_szse,SZ,159688,恒生互联网ETF华安,1338278480.0,份,,,akshare:szse_daily
2026-08-24,akshare_fund_scale_daily_szse,SZ,159689,消费ETF南方,90147787.0,份,,,akshare:szse_daily
2026-08-24,akshare_fund_scale_daily_szse,SZ,159690,有色矿业ETF招商,277163978.0,份,,,akshare:szse_daily
2026-08-24,akshare_fund_scale_daily_szse,SZ,159691,港股红利ETF工银,3616301386.0,份,,,akshare:szse_daily
2026-08-24,akshare_fund_scale_daily_szse,SZ,159692,证券ETF东财,1555455969.0,份,,,akshare:szse_daily
2026-08-24,akshare_fund_scale_daily_szse,SZ,159695,通信ETF嘉实,855436258.0,份,,,akshare:szse_daily
2026-08-24,akshare_fund_scale_daily_szse,SZ,159696,纳指ETF易方达,2807824034.0,份,,,akshare:szse_daily
2026-08-24,akshare_fund_scale_daily_szse,SZ,159697,石油ETF鹏华,1029022006.0,份,,,akshare:szse_daily
2026-08-24,akshare_fund_scale_daily_szse,SZ,159698,粮食ETF鹏华,1508944378.0,份,,,akshare:szse_daily
2026-08-24,akshare_fund_scale_daily_szse,SZ,159699,恒生消费ETF广发,492664255.0,份,,,akshare:szse_daily
2026-08-24,akshare_fund_scale_daily_szse,SZ,159700,科创债ETF南方,135309191.0,份,,,akshare:szse_daily
2026-08-24,akshare_fund_scale_daily_szse,SZ,159701,物联网ETF招商,5705601.0,份,,,akshare:szse_daily
2026-08-24,akshare_fund_scale_daily_szse,SZ,159703,新材料ETF天弘,57181591.0,份,,,akshare:szse_daily
2026-08-24,akshare_fund_scale_daily_szse,SZ,159706,深证100ETF华安,40386800.0,份,,,akshare:szse_daily
2026-08-24,akshare_fund_scale_daily_szse,SZ,159707,地产ETF华宝,1138548214.0,份,,,akshare:szse_daily
2026-08-24,akshare_fund_scale_daily_szse,SZ,159708,红利ETF西部利得,179528306.0,份,,,akshare:szse_daily
2026-08-24,akshare_fund_scale_daily_szse,SZ,159709,物联网ETF工银,21484060.0,份,,,akshare:szse_daily
2026-08-24,akshare_fund_scale_daily_szse,SZ,159711,港股通50ETF华夏,30465157.0,份,,,akshare:szse_daily
2026-08-24,akshare_fund_scale_daily_szse,SZ,159712,港股通50ETF国泰,84778813.0,份,,,akshare:szse_daily
2026-08-24,akshare_fund_scale_daily_szse,SZ,159713,稀土ETF富国,520255051.0,份,,,akshare:szse_daily
2026-08-24,akshare_fund_scale_daily_szse,SZ,159715,稀土ETF易方达,511030274.0,份,,,akshare:szse_daily
2026-08-24,akshare_fund_scale_daily_szse,SZ,159716,深证100ETF华宝,55666732.0,份,,,akshare:szse_daily
2026-08-24,akshare_fund_scale_daily_szse,SZ,159717,ESGETF鹏华,27873183.0,份,,,akshare:szse_daily
2026-08-24,akshare_fund_scale_daily_szse,SZ,159718,港股医药ETF平安,183832634.0,份,,,akshare:szse_daily
2026-08-24,akshare_fund_scale_daily_szse,SZ,159719,国企ETF平安,26195986.0,份,,,akshare:szse_daily
2026-08-24,akshare_fund_scale_daily_szse,SZ,159720,智能车ETF泰康,45812357.0,份,,,akshare:szse_daily
2026-08-24,akshare_fund_scale_daily_szse,SZ,159721,深证100ETF永赢,67431696.0,份,,,akshare:szse_daily
2026-08-24,akshare_fund_scale_daily_szse,SZ,159723,科技龙头ETF汇添富,29025575.0,份,,,akshare:szse_daily
2026-08-24,akshare_fund_scale_daily_szse,SZ,159725,线上消费ETF工银,125424924.0,份,,,akshare:szse_daily
2026-08-24,akshare_fund_scale_daily_szse,SZ,159726,港股通高股息ETF华夏,257911380.0,份,,,akshare:szse_daily
2026-08-24,akshare_fund_scale_daily_szse,SZ,159728,在线消费ETF南方,47410129.0,份,,,akshare:szse_daily
2026-08-24,akshare_fund_scale_daily_szse,SZ,159729,互联网ETF汇添富,66760633.0,份,,,akshare:szse_daily
2026-08-24,akshare_fund_scale_daily_szse,SZ,159730,家电ETF博时,42571340.0,份,,,akshare:szse_daily
2026-08-24,akshare_fund_scale_daily_szse,SZ,159731,石化ETF华夏,715375802.0,份,,,akshare:szse_daily
2026-08-24,akshare_fund_scale_daily_szse,SZ,159732,消费电子ETF华夏,2294447904.0,份,,,akshare:szse_daily
2026-08-24,akshare_fund_scale_daily_szse,SZ,159735,港股消费ETF银华,627561371.0,份,,,akshare:szse_daily
2026-08-24,akshare_fund_scale_daily_szse,SZ,159736,食品饮料ETF天弘,7506394457.0,份,,,akshare:szse_daily
2026-08-24,akshare_fund_scale_daily_szse,SZ,159738,云计算ETF华泰柏瑞,130992667.0,份,,,akshare:szse_daily
2026-08-24,akshare_fund_scale_daily_szse,SZ,159739,云计算ETF鹏华,412361230.0,份,,,akshare:szse_daily
2026-08-24,akshare_fund_scale_daily_szse,SZ,159740,恒生科技ETF大成,25430120448.0,份,,,akshare:szse_daily
2026-08-24,akshare_fund_scale_daily_szse,SZ,159741,恒生科技ETF嘉实,1373796712.0,份,,,akshare:szse_daily
2026-08-24,akshare_fund_scale_daily_szse,SZ,159742,恒生科技ETF博时,6279928292.0,份,,,akshare:szse_daily
2026-08-24,akshare_fund_scale_daily_szse,SZ,159743,湖北ETF博时,109941100.0,份,,,akshare:szse_daily
2026-08-24,akshare_fund_scale_daily_szse,SZ,159745,建材ETF国泰,1307688265.0,份,,,akshare:szse_daily
2026-08-24,akshare_fund_scale_daily_szse,SZ,159747,香港科技ETF南方,313712278.0,份,,,akshare:szse_daily
2026-08-24,akshare_fund_scale_daily_szse,SZ,159748,创新药ETF富国,1487692128.0,份,,,akshare:szse_daily
2026-08-24,akshare_fund_scale_daily_szse,SZ,159750,港股科技50ETF招商,1249618251.0,份,,,akshare:szse_daily
2026-08-24,akshare_fund_scale_daily_szse,SZ,159751,港股通科技ETF鹏华,883629628.0,份,,,akshare:szse_daily
2026-08-24,akshare_fund_scale_daily_szse,SZ,159752,新能源ETF申万菱信,408958917.0,份,,,akshare:szse_daily
2026-08-24,akshare_fund_scale_daily_szse,SZ,159755,电池ETF广发,8153646746.0,份,,,akshare:szse_daily
2026-08-24,akshare_fund_scale_daily_szse,SZ,159757,电池ETF景顺,243931891.0,份,,,akshare:szse_daily
2026-08-24,akshare_fund_scale_daily_szse,SZ,159758,红利质量ETF华夏,1326290777.0,份,,,akshare:szse_daily
2026-08-24,akshare_fund_scale_daily_szse,SZ,159760,医疗健康ETF泰康,132360223.0,份,,,akshare:szse_daily
2026-08-24,akshare_fund_scale_daily_szse,SZ,159761,新材料ETF国泰,197734117.0,份,,,akshare:szse_daily
2026-08-24,akshare_fund_scale_daily_szse,SZ,159763,新材料ETF建信,89707747.0,份,,,akshare:szse_daily
2026-08-24,akshare_fund_scale_daily_szse,SZ,159766,旅游ETF富国,5394140963.0,份,,,akshare:szse_daily
2026-08-24,akshare_fund_scale_daily_szse,SZ,159767,电池龙头ETF兴银,239873672.0,份,,,akshare:szse_daily
2026-08-24,akshare_fund_scale_daily_szse,SZ,159768,房地产ETF银华,805450311.0,份,,,akshare:szse_daily
2026-08-24,akshare_fund_scale_daily_szse,SZ,159770,机器人ETF天弘,6157087762.0,份,,,akshare:szse_daily
2026-08-24,akshare_fund_scale_daily_szse,SZ,159773,创业板科技ETF华泰柏瑞,181903120.0,份,,,akshare:szse_daily
2026-08-24,akshare_fund_scale_daily_szse,SZ,159775,电池ETF建信,676648961.0,份,,,akshare:szse_daily
2026-08-24,akshare_fund_scale_daily_szse,SZ,159776,港股医药ETF银华,81968765.0,份,,,akshare:szse_daily
2026-08-24,akshare_fund_scale_daily_szse,SZ,159777,创科技ETF国联安,28280565.0,份,,,akshare:szse_daily
2026-08-24,akshare_fund_scale_daily_szse,SZ,159778,工业互联网ETF鹏华,40255382.0,份,,,akshare:szse_daily
2026-08-24,akshare_fund_scale_daily_szse,SZ,159779,消费电子ETF招商,135869337.0,份,,,akshare:szse_daily
2026-08-24,akshare_fund_scale_daily_szse,SZ,159780,科创创业50ETF南方,3548448583.0,份,,,akshare:szse_daily
2026-08-24,akshare_fund_scale_daily_szse,SZ,159781,科创创业ETF易方达,15760860533.0,份,,,akshare:szse_daily
2026-08-24,akshare_fund_scale_daily_szse,SZ,159782,双创50ETF银华,573190267.0,份,,,akshare:szse_daily
2026-08-24,akshare_fund_scale_daily_szse,SZ,159783,科创创业50ETF华夏,5160659442.0,份,,,akshare:szse_daily
2026-08-24,akshare_fund_scale_daily_szse,SZ,159786,VRETF银华,87701174.0,份,,,akshare:szse_daily
2026-08-24,akshare_fund_scale_daily_szse,SZ,159787,建材ETF易方达,133521633.0,份,,,akshare:szse_daily
2026-08-24,akshare_fund_scale_daily_szse,SZ,159788,港股通100ETF易方达,70424965.0,份,,,akshare:szse_daily
2026-08-24,akshare_fund_scale_daily_szse,SZ,159790,碳中和ETF华夏,1537528485.0,份,,,akshare:szse_daily
2026-08-24,akshare_fund_scale_daily_szse,SZ,159791,300ESGETF华夏,31083347.0,份,,,akshare:szse_daily
2026-08-24,akshare_fund_scale_daily_szse,SZ,159792,港股通互联网ETF富国,66894855237.0,份,,,akshare:szse_daily
2026-08-24,akshare_fund_scale_daily_szse,SZ,159793,线上消费ETF平安,43758908.0,份,,,akshare:szse_daily
2026-08-24,akshare_fund_scale_daily_szse,SZ,159795,智能汽车ETF汇添富,28169473.0,份,,,akshare:szse_daily
2026-08-24,akshare_fund_scale_daily_szse,SZ,159796,电池ETF汇添富,6325467550.0,份,,,akshare:szse_daily
2026-08-24,akshare_fund_scale_daily_szse,SZ,159797,医疗器械ETF汇添富,388989247.0,份,,,akshare:szse_daily
2026-08-24,akshare_fund_scale_daily_szse,SZ,159798,消费ETF易方达,174245390.0,份,,,akshare:szse_daily
2026-08-24,akshare_fund_scale_daily_szse,SZ,159800,中证800ETF鹏华,26736802.0,份,,,akshare:szse_daily
2026-08-24,akshare_fund_scale_daily_szse,SZ,159801,芯片ETF广发,4532120172.0,份,,,akshare:szse_daily
2026-08-24,akshare_fund_scale_daily_szse,SZ,159804,创中盘88ETF国寿,15899676.0,份,,,akshare:szse_daily
2026-08-24,akshare_fund_scale_daily_szse,SZ,159805,传媒ETF鹏华,245952480.0,份,,,akshare:szse_daily
2026-08-24,akshare_fund_scale_daily_szse,SZ,159806,新能源车ETF国泰,871089446.0,份,,,akshare:szse_daily
2026-08-24,akshare_fund_scale_daily_szse,SZ,159807,科技ETF易方达,921051428.0,份,,,akshare:szse_daily
2026-08-24,akshare_fund_scale_daily_szse,SZ,159808,创100ETF融通,49484790.0,份,,,akshare:szse_daily
2026-08-24,akshare_fund_scale_daily_szse,SZ,159810,创业板ETF浦银,56475458.0,份,,,akshare:szse_daily
2026-08-24,akshare_fund_scale_daily_szse,SZ,159811,5GETF博时,75543393.0,份,,,akshare:szse_daily
2026-08-24,akshare_fund_scale_daily_szse,SZ,159812,黄金ETF前海开源,162913149.0,份,,,akshare:szse_daily
2026-08-24,akshare_fund_scale_daily_szse,SZ,159813,半导体ETF鹏华,9109724820.0,份,,,akshare:szse_daily
2026-08-24,akshare_fund_scale_daily_szse,SZ,159814,创业大盘ETF西部利得,512246520.0,份,,,akshare:szse_daily
2026-08-24,akshare_fund_scale_daily_szse,SZ,159816,0-4年地方债ETF鹏华,96797484.0,份,,,akshare:szse_daily
2026-08-24,akshare_fund_scale_daily_szse,SZ,159819,人工智能ETF易方达,12201229669.0,份,,,akshare:szse_daily
2026-08-24,akshare_fund_scale_daily_szse,SZ,159820,中证500ETF天弘,1356408470.0,份,,,akshare:szse_daily
2026-08-24,akshare_fund_scale_daily_szse,SZ,159821,创业板ETF中银证券,60720000.0,份,,,akshare:szse_daily
2026-08-24,akshare_fund_scale_daily_szse,SZ,159822,新经济ETF银华,295534315.0,份,,,akshare:szse_daily
2026-08-24,akshare_fund_scale_daily_szse,SZ,159824,新能源车ETF博时,82135070.0,份,,,akshare:szse_daily
2026-08-24,akshare_fund_scale_daily_szse,SZ,159825,农业ETF富国,2461077407.0,份,,,akshare:szse_daily
2026-08-24,akshare_fund_scale_daily_szse,SZ,159827,农业ETF银华,90716463.0,份,,,akshare:szse_daily
2026-08-24,akshare_fund_scale_daily_szse,SZ,159828,医疗ETF国泰,4676439464.0,份,,,akshare:szse_daily
2026-08-24,akshare_fund_scale_daily_szse,SZ,159830,金ETF天弘,352114066.0,份,,,akshare:szse_daily
2026-08-24,akshare_fund_scale_daily_szse,SZ,159831,金ETF嘉实,231356243.0,份,,,akshare:szse_daily
2026-08-24,akshare_fund_scale_daily_szse,SZ,159834,金ETF南方,222661376.0,份,,,akshare:szse_daily
2026-08-24,akshare_fund_scale_daily_szse,SZ,159835,创新药ETF建信,359504143.0,份,,,akshare:szse_daily
2026-08-24,akshare_fund_scale_daily_szse,SZ,159836,创业板300ETF天弘,115747113.0,份,,,akshare:szse_daily
2026-08-24,akshare_fund_scale_daily_szse,SZ,159837,生物科技ETF易方达,2758152837.0,份,,,akshare:szse_daily
2026-08-24,akshare_fund_scale_daily_szse,SZ,159838,医药50ETF博时,226763462.0,份,,,akshare:szse_daily
2026-08-24,akshare_fund_scale_daily_szse,SZ,159839,生物医药ETF汇添富,2591235165.0,份,,,akshare:szse_daily
2026-08-24,akshare_fund_scale_daily_szse,SZ,159840,锂电池ETF工银,1971574851.0,份,,,akshare:szse_daily
2026-08-24,akshare_fund_scale_daily_szse,SZ,159841,证券ETF天弘,12374238465.0,份,,,akshare:szse_daily
2026-08-24,akshare_fund_scale_daily_szse,SZ,159842,券商ETF银华,9206250631.0,份,,,akshare:szse_daily
2026-08-24,akshare_fund_scale_daily_szse,SZ,159843,食品饮料ETF招商,608955141.0,份,,,akshare:szse_daily
2026-08-24,akshare_fund_scale_daily_szse,SZ,159845,中证1000ETF华夏,2091425606.0,份,,,akshare:szse_daily
2026-08-24,akshare_fund_scale_daily_szse,SZ,159847,医疗ETF易方达,3829825354.0,份,,,akshare:szse_daily
2026-08-24,akshare_fund_scale_daily_szse,SZ,159848,证券ETF国联安,158811239.0,份,,,akshare:szse_daily
2026-08-24,akshare_fund_scale_daily_szse,SZ,159849,生物科技ETF招商,157372396.0,份,,,akshare:szse_daily
2026-08-24,akshare_fund_scale_daily_szse,SZ,159850,恒生国企ETF华夏,454706498.0,份,,,akshare:szse_daily
2026-08-24,akshare_fund_scale_daily_szse,SZ,159851,金融科技ETF华宝,9896904148.0,份,,,akshare:szse_daily
2026-08-24,akshare_fund_scale_daily_szse,SZ,159852,软件ETF嘉实,14050623921.0,份,,,akshare:szse_daily
2026-08-24,akshare_fund_scale_daily_szse,SZ,159855,影视ETF银华,181925236.0,份,,,akshare:szse_daily
2026-08-24,akshare_fund_scale_daily_szse,SZ,159856,互联网龙头ETF工银,347372474.0,份,,,akshare:szse_daily
2026-08-24,akshare_fund_scale_daily_szse,SZ,159857,光伏ETF天弘,2219515725.0,份,,,akshare:szse_daily
2026-08-24,akshare_fund_scale_daily_szse,SZ,159858,创新药ETF南方,1011098318.0,份,,,akshare:szse_daily
2026-08-24,akshare_fund_scale_daily_szse,SZ,159859,生物医药ETF天弘,10265840054.0,份,,,akshare:szse_daily
2026-08-24,akshare_fund_scale_daily_szse,SZ,159861,碳中和50ETF国泰,97117535.0,份,,,akshare:szse_daily
2026-08-24,akshare_fund_scale_daily_szse,SZ,159862,食品饮料ETF银华,307500623.0,份,,,akshare:szse_daily
2026-08-24,akshare_fund_scale_daily_szse,SZ,159863,光伏ETF鹏华,292729352.0,份,,,akshare:szse_daily
2026-08-24,akshare_fund_scale_daily_szse,SZ,159864,光伏ETF国泰,631526827.0,份,,,akshare:szse_daily
2026-08-24,akshare_fund_scale_daily_szse,SZ,159865,养殖ETF国泰,12301455659.0,份,,,akshare:szse_daily
2026-08-24,akshare_fund_scale_daily_szse,SZ,159866,日经ETF工银,1099979377.0,份,,,akshare:szse_daily
2026-08-24,akshare_fund_scale_daily_szse,SZ,159867,养殖ETF鹏华,1609643594.0,份,,,akshare:szse_daily
2026-08-24,akshare_fund_scale_daily_szse,SZ,159869,游戏ETF华夏,7986082127.0,份,,,akshare:szse_daily
2026-08-24,akshare_fund_scale_daily_szse,SZ,159870,化工ETF鹏华,16757607019.0,份,,,akshare:szse_daily
2026-08-24,akshare_fund_scale_daily_szse,SZ,159871,有色ETF银华,1156732506.0,份,,,akshare:szse_daily
2026-08-24,akshare_fund_scale_daily_szse,SZ,159872,智能网联汽车ETF鹏华,58799732.0,份,,,akshare:szse_daily
2026-08-24,akshare_fund_scale_daily_szse,SZ,159873,医疗设备ETF天弘,476920000.0,份,,,akshare:szse_daily
2026-08-24,akshare_fund_scale_daily_szse,SZ,159875,新能源ETF嘉实,2526162899.0,份,,,akshare:szse_daily
2026-08-24,akshare_fund_scale_daily_szse,SZ,159876,有色ETF华宝,1723177018.0,份,,,akshare:szse_daily
2026-08-24,akshare_fund_scale_daily_szse,SZ,159877,医疗ETF南方,249792292.0,份,,,akshare:szse_daily
2026-08-24,akshare_fund_scale_daily_szse,SZ,159880,有色ETF鹏华,1277103036.0,份,,,akshare:szse_daily
2026-08-24,akshare_fund_scale_daily_szse,SZ,159881,有色金属ETF国泰,202499166.0,份,,,akshare:szse_daily
2026-08-24,akshare_fund_scale_daily_szse,SZ,159883,医疗器械ETF永赢,9028037843.0,份,,,akshare:szse_daily
2026-08-24,akshare_fund_scale_daily_szse,SZ,159885,碳中和ETF鹏华,246467316.0,份,,,akshare:szse_daily
2026-08-24,akshare_fund_scale_daily_szse,SZ,159886,机械ETF富国,67842555.0,份,,,akshare:szse_daily
2026-08-24,akshare_fund_scale_daily_szse,SZ,159887,银行ETF富国,597015950.0,份,,,akshare:szse_daily
2026-08-24,akshare_fund_scale_daily_szse,SZ,159888,智能汽车ETF华夏,67446068.0,份,,,akshare:szse_daily
2026-08-24,akshare_fund_scale_daily_szse,SZ,159889,智能汽车ETF国泰,27400796.0,份,,,akshare:szse_daily
2026-08-24,akshare_fund_scale_daily_szse,SZ,159890,云计算ETF招商,236590688.0,份,,,akshare:szse_daily
2026-08-24,akshare_fund_scale_daily_szse,SZ,159891,医疗ETF建信,347024837.0,份,,,akshare:szse_daily
2026-08-24,akshare_fund_scale_daily_szse,SZ,159892,恒生医药ETF华夏,5615266022.0,份,,,akshare:szse_daily
2026-08-24,akshare_fund_scale_daily_szse,SZ,159895,物联网ETF易方达,82241864.0,份,,,akshare:szse_daily
2026-08-24,akshare_fund_scale_daily_szse,SZ,159896,物联网ETF南方,38055960.0,份,,,akshare:szse_daily
2026-08-24,akshare_fund_scale_daily_szse,SZ,159898,医疗器械ETF招商,903098825.0,份,,,akshare:szse_daily
2026-08-24,akshare_fund_scale_daily_szse,SZ,159899,软件ETF招商,966977729.0,份,,,akshare:szse_daily
2026-08-24,akshare_fund_scale_daily_szse,SZ,159901,深证100ETF易方达,968734930.0,份,,,akshare:szse_daily
2026-08-24,akshare_fund_scale_daily_szse,SZ,159902,中小100ETF华夏,75960849.0,份,,,akshare:szse_daily
2026-08-24,akshare_fund_scale_daily_szse,SZ,159903,深成ETF南方,463154507.0,份,,,akshare:szse_daily
2026-08-24,akshare_fund_scale_daily_szse,SZ,159905,红利ETF工银,1003443951.0,份,,,akshare:szse_daily
2026-08-24,akshare_fund_scale_daily_szse,SZ,159906,深成长ETF大成,149639725.0,份,,,akshare:szse_daily
2026-08-24,akshare_fund_scale_daily_szse,SZ,159907,国证2000ETF广发,173197694.0,份,,,akshare:szse_daily
2026-08-24,akshare_fund_scale_daily_szse,SZ,159908,创业板ETF博时,314229029.0,份,,,akshare:szse_daily
2026-08-24,akshare_fund_scale_daily_szse,SZ,159909,TMT50ETF招商,531561992.0,份,,,akshare:szse_daily
2026-08-24,akshare_fund_scale_daily_szse,SZ,159910,基本面120ETF嘉实,82906143.0,份,,,akshare:szse_daily
2026-08-24,akshare_fund_scale_daily_szse,SZ,159912,深300ETF汇添富,65948991.0,份,,,akshare:szse_daily
2026-08-24,akshare_fund_scale_daily_szse,SZ,159913,深价值ETF交银,22329693.0,份,,,akshare:szse_daily
2026-08-24,akshare_fund_scale_daily_szse,SZ,159915,创业板ETF易方达,18316454936.0,份,,,akshare:szse_daily
2026-08-24,akshare_fund_scale_daily_szse,SZ,159916,基本面ETF建信,42566039.0,份,,,akshare:szse_daily
2026-08-24,akshare_fund_scale_daily_szse,SZ,159918,中创400ETF嘉实,30561264.0,份,,,akshare:szse_daily
2026-08-24,akshare_fund_scale_daily_szse,SZ,159919,沪深300ETF嘉实,6278616676.0,份,,,akshare:szse_daily
2026-08-24,akshare_fund_scale_daily_szse,SZ,159920,恒生ETF华夏,5779559219.0,份,,,akshare:szse_daily
2026-08-24,akshare_fund_scale_daily_szse,SZ,159922,中证500ETF嘉实,2693676765.0,份,,,akshare:szse_daily
2026-08-24,akshare_fund_scale_daily_szse,SZ,159923,中证A100ETF大成,11285812.0,份,,,akshare:szse_daily
2026-08-24,akshare_fund_scale_daily_szse,SZ,159925,沪深300ETF南方,608720856.0,份,,,akshare:szse_daily
2026-08-24,akshare_fund_scale_daily_szse,SZ,159928,消费ETF汇添富,23084629040.0,份,,,akshare:szse_daily
2026-08-24,akshare_fund_scale_daily_szse,SZ,159929,医药ETF汇添富,1666704203.0,份,,,akshare:szse_daily
2026-08-24,akshare_fund_scale_daily_szse,SZ,159930,能源ETF汇添富,528398150.0,份,,,akshare:szse_daily
2026-08-24,akshare_fund_scale_daily_szse,SZ,159931,金融地产ETF汇添富,17828511.0,份,,,akshare:szse_daily
2026-08-24,akshare_fund_scale_daily_szse,SZ,159933,金融地产ETF国投瑞银,36378943.0,份,,,akshare:szse_daily
2026-08-24,akshare_fund_scale_daily_szse,SZ,159934,黄金ETF易方达,3901408998.0,份,,,akshare:szse_daily
2026-08-24,akshare_fund_scale_daily_szse,SZ,159935,中证500ETF景顺,26572956.0,份,,,akshare:szse_daily
2026-08-24,akshare_fund_scale_daily_szse,SZ,159936,可选消费ETF广发,108156094.0,份,,,akshare:szse_daily
2026-08-24,akshare_fund_scale_daily_szse,SZ,159937,黄金ETF博时,4741221977.0,份,,,akshare:szse_daily
2026-08-24,akshare_fund_scale_daily_szse,SZ,159938,医药ETF广发,7239567236.0,份,,,akshare:szse_daily
2026-08-24,akshare_fund_scale_daily_szse,SZ,159939,信息技术ETF广发,781656106.0,份,,,akshare:szse_daily
2026-08-24,akshare_fund_scale_daily_szse,SZ,159940,金融地产ETF广发,287059983.0,份,,,akshare:szse_daily
2026-08-24,akshare_fund_scale_daily_szse,SZ,159941,纳指ETF广发,22534510164.0,份,,,akshare:szse_daily
2026-08-24,akshare_fund_scale_daily_szse,SZ,159943,深证成指ETF大成,197229922.0,份,,,akshare:szse_daily
2026-08-24,akshare_fund_scale_daily_szse,SZ,159944,材料ETF广发,31608342.0,份,,,akshare:szse_daily
2026-08-24,akshare_fund_scale_daily_szse,SZ,159945,能源ETF广发,64072327.0,份,,,akshare:szse_daily
2026-08-24,akshare_fund_scale_daily_szse,SZ,159948,创业板ETF南方,1155697720.0,份,,,akshare:szse_daily
2026-08-24,akshare_fund_scale_daily_szse,SZ,159949,创业板50ETF华安,14976785113.0,份,,,akshare:szse_daily
2026-08-24,akshare_fund_scale_daily_szse,SZ,159952,创业板ETF广发,5344284929.0,份,,,akshare:szse_daily
2026-08-24,akshare_fund_scale_daily_szse,SZ,159954,恒生中国企业ETF南方,186105083.0,份,,,akshare:szse_daily
2026-08-24,akshare_fund_scale_daily_szse,SZ,159956,创业板ETF建信,47978674.0,份,,,akshare:szse_daily
2026-08-24,akshare_fund_scale_daily_szse,SZ,159957,创业板ETF华夏,1162784560.0,份,,,akshare:szse_daily
2026-08-24,akshare_fund_scale_daily_szse,SZ,159958,创业板ETF工银,234311448.0,份,,,akshare:szse_daily
2026-08-24,akshare_fund_scale_daily_szse,SZ,159959,央企ETF银华,1826891780.0,份,,,akshare:szse_daily
2026-08-24,akshare_fund_scale_daily_szse,SZ,159960,恒生中国企业ETF平安,103573960.0,份,,,akshare:szse_daily
2026-08-24,akshare_fund_scale_daily_szse,SZ,159961,深100ETF方正富邦,99245196.0,份,,,akshare:szse_daily
2026-08-24,akshare_fund_scale_daily_szse,SZ,159964,创业板ETF平安,163481881.0,份,,,akshare:szse_daily
2026-08-24,akshare_fund_scale_daily_szse,SZ,159965,央视50ETF国联,21426953.0,份,,,akshare:szse_daily
2026-08-24,akshare_fund_scale_daily_szse,SZ,159966,创业板价值ETF华夏,645299521.0,份,,,akshare:szse_daily
2026-08-24,akshare_fund_scale_daily_szse,SZ,159967,创业板成长ETF华夏,7330505811.0,份,,,akshare:szse_daily
2026-08-24,akshare_fund_scale_daily_szse,SZ,159968,中证500ETF博时,64495098.0,份,,,akshare:szse_daily
2026-08-24,akshare_fund_scale_daily_szse,SZ,159970,深100ETF工银,10468704.0,份,,,akshare:szse_daily
2026-08-24,akshare_fund_scale_daily_szse,SZ,159971,创业板ETF富国,1662020288.0,份,,,akshare:szse_daily
2026-08-24,akshare_fund_scale_daily_szse,SZ,159972,5年地方债ETF鹏华,64655910.0,份,,,akshare:szse_daily
2026-08-24,akshare_fund_scale_daily_szse,SZ,159973,民企ETF弘毅远方,199976423.0,份,,,akshare:szse_daily
2026-08-24,akshare_fund_scale_daily_szse,SZ,159974,央企创新ETF富国,40432422.0,份,,,akshare:szse_daily
2026-08-24,akshare_fund_scale_daily_szse,SZ,159975,深100ETF招商,49437760.0,份,,,akshare:szse_daily
2026-08-24,akshare_fund_scale_daily_szse,SZ,159976,湾创ETF工银,63885872.0,份,,,akshare:szse_daily
2026-08-24,akshare_fund_scale_daily_szse,SZ,159977,创业板ETF天弘,3511872820.0,份,,,akshare:szse_daily
2026-08-24,akshare_fund_scale_daily_szse,SZ,159980,有色ETF大成,2966824777.0,份,,,akshare:szse_daily
2026-08-24,akshare_fund_scale_daily_szse,SZ,159981,能源化工ETF建信,1766536957.0,份,,,akshare:szse_daily
2026-08-24,akshare_fund_scale_daily_szse,SZ,159982,中证500ETF鹏华,196211253.0,份,,,akshare:szse_daily
2026-08-24,akshare_fund_scale_daily_szse,SZ,159985,豆粕ETF华夏,1555924066.0,份,,,akshare:szse_daily
2026-08-24,akshare_fund_scale_daily_szse,SZ,159991,创业板大盘ETF招商,108263172.0,份,,,akshare:szse_daily
2026-08-24,akshare_fund_scale_daily_szse,SZ,159992,创新药ETF银华,19516181217.0,份,,,akshare:szse_daily
2026-08-24,akshare_fund_scale_daily_szse,SZ,159993,证券ETF鹏华,3312697982.0,份,,,akshare:szse_daily
2026-08-24,akshare_fund_scale_daily_szse,SZ,159994,通信ETF银华,3948003358.0,份,,,akshare:szse_daily
2026-08-24,akshare_fund_scale_daily_szse,SZ,159995,芯片ETF华夏,24211126012.0,份,,,akshare:szse_daily
2026-08-24,akshare_fund_scale_daily_szse,SZ,159996,家电ETF国泰,448554846.0,份,,,akshare:szse_daily
2026-08-24,akshare_fund_scale_daily_szse,SZ,159997,电子ETF天弘,679306634.0,份,,,akshare:szse_daily
2026-08-24,akshare_fund_scale_daily_szse,SZ,159998,计算机ETF天弘,1597055354.0,份,,,akshare:szse_daily
